EXPLAIN
TAG	CORPOT
TITLE	LABEL	Open Circuit Potential	Test Identifier
DATE	LABEL	2/4/2026	Date
TIME	LABEL	11:39:09	Time
NOTES	NOTES	1	Notes...
	Periodo de circuito abierto para degrada
PSTAT	PSTAT	REF3000-46189	Potentiostat
TIMEOUT	QUANT	4,32000E+004	Total Time (s)
SAMPLETIME	QUANT	1,00000E+001	Sample Period (s)
STABILITY	QUANT	0,00000E+000	Stability (mV/s)
AREA	QUANT	2,50000E+001	Sample Area (cm^2)
SEQUENCER	TOGGLE	TRUE	Run as Sequence
PSTATMODEL	IQUANT	6	Pstat Model
PSTATSECTION	LABEL	REF30K-46189	Pstat Section
PSTATSERIALNO	LABEL	46189	Pstat Serial Number
CTRLMODE	IQUANT	1	Control Mode
ELECTROMETER	IQUANT	0	RE=0 or CS=1
IESTAB	IQUANT	2	I/E Stability
CASPEED	IQUANT	4	Control Amp Speed
CONVENTION	IQUANT	1	Current Convention
ICHRANGE	IQUANT	2	Ich Range
ICHRANGEMODE	TOGGLE	T	Ich Auto Range
ICHOFFSETENABLE	TOGGLE	F	Ich Offset Enable
ICHOFFSET	QUANT	0	Ich Offset (V)
ICHFILTER	IQUANT	3	Ich Filter
VCHRANGE	IQUANT	3	Vch Range
VCHRANGEMODE	TOGGLE	T	Vch Auto Range
VCHOFFSETENABLE	TOGGLE	F	Vch Offset Enable
VCHOFFSET	QUANT	0	Vch Offset (V)
VCHFILTER	IQUANT	3	Vch Filter
ACHRANGE	IQUANT	2	Ach Range
ACHOFFSETENABLE	TOGGLE	F	Ach Offset Enable
ACHOFFSET	QUANT	0	Ach Offset (V)
ACHFILTER	IQUANT	1	Ach Filter
IERANGELOWERLIMIT	IQUANT	13	I/E Range Lower Limit
IERANGEMODE	TOGGLE	F	I/E AutoRange
IERANGE	IQUANT	13	I/E Range
POSFEEDENABLE	TOGGLE	F	Positive Feedback IR Comp
POSFEEDRESISTANCE	QUANT	0	Positive Feedback Resistance (ohm)
ACHSELECT	IQUANT	4	Ach Select
SENSECABLEID	IQUANT	14	Sense Cable ID
PWRCABLEID	IQUANT	8	Power Cable ID
DCCALDATE	LABEL	10/1/2025	DC Calibration Date
ACCALDATE	LABEL	10/1/2025	AC Calibration Date
THERMOSELECT	IQUANT	1	Thermo Select
FRAMEWORKVERSION	LABEL	7.10.1	Framework Version
INSTRUMENTVERSION	LABEL	4.80	Instrument Version
COMMVERSION	LABEL	5.10	Communications Version
CPUPLDVERSION	LABEL	6.00	CPU PLD Version
CTRLPLDVERSION	LABEL	3.21	CTRL PLD Version
PSTATPLDVERSION	LABEL	0.00	PSTAT PLD Version
BOOSTERDCCALDATE	LABEL	10/1/2025	Booster DC Calibration Date
CURVE	TABLE	4316
	Pt	T	Vf	Vm	Ach	Over	Temp
	#	s	V vs. Ref.	V	V	bits	deg C
	0	10,01	5,73269E-002	5,73269E-002	5,88316E-005	...........	76,46
	1	20,02	5,67532E-002	2,72932E-002	6,04699E-005	...........	76,15
	2	30,03	5,36228E-002	1,93902E-002	6,02482E-005	...........	75,79
	3	40,04	4,61485E-002	1,57461E-002	5,85066E-005	...........	75,42
	4	50,05	3,56634E-002	1,38481E-002	5,92199E-005	...........	75,12
	5	60,06	2,57409E-002	1,27529E-002	5,12299E-005	...........	74,90
	6	70,07	1,87623E-002	1,21882E-002	5,64582E-005	...........	74,66
	7	80,08	1,48407E-002	1,19124E-002	5,75182E-005	...........	74,44
	8	90,09	1,29858E-002	1,17047E-002	5,38049E-005	...........	74,30
	9	100,1	1,22010E-002	1,14552E-002	5,62399E-005	...........	74,15
	10	110,11	1,18579E-002	1,12947E-002	5,65116E-005	...........	74,07
	11	120,12	1,16542E-002	1,11369E-002	5,69416E-005	...........	73,99
	12	130,13	1,14807E-002	1,09765E-002	5,76266E-005	...........	73,93
	13	140,14	1,13133E-002	1,08328E-002	6,09682E-005	...........	73,83
	14	150,15	1,11518E-002	1,07197E-002	5,55382E-005	...........	73,69
	15	160,16	1,09992E-002	1,05714E-002	6,09349E-005	...........	73,60
	16	170,17	1,08567E-002	1,04774E-002	5,71016E-005	...........	73,55
	17	180,18	1,07239E-002	1,03677E-002	5,81382E-005	...........	73,46
	18	190,19	1,06003E-002	1,02529E-002	5,91482E-005	...........	73,40
	19	200,2	1,04836E-002	1,01056E-002	5,89832E-005	...........	73,40
	20	210,21	1,03675E-002	9,96653E-003	5,65132E-005	...........	73,39
	21	220,22	1,02455E-002	9,83531E-003	6,32482E-005	...........	73,37
	22	230,23	1,01156E-002	9,68538E-003	5,54116E-005	...........	73,37
	23	240,24	9,98005E-003	9,55860E-003	6,21482E-005	...........	73,36
	24	250,25	9,84135E-003	9,38593E-003	5,83649E-005	...........	73,30
	25	260,26	9,69976E-003	9,24247E-003	5,79249E-005	...........	73,23
	26	270,27	9,55445E-003	9,10611E-003	5,87949E-005	...........	73,15
	27	280,28	9,40682E-003	8,96028E-003	5,65682E-005	...........	73,07
	28	290,29	9,25986E-003	8,81460E-003	6,23832E-005	...........	72,98
	29	300,3	9,11484E-003	8,67952E-003	5,45482E-005	...........	72,94
	30	310,31	8,97139E-003	8,53301E-003	6,33232E-005	...........	72,90
	31	320,32	8,82916E-003	8,40098E-003	6,09432E-005	...........	72,87
	32	330,33	8,68870E-003	8,28946E-003	6,59816E-005	...........	72,85
	33	340,34	8,55207E-003	8,16439E-003	5,97466E-005	...........	72,82
	34	350,35	8,42168E-003	8,06151E-003	6,05582E-005	...........	72,81
	35	360,36	8,29815E-003	7,94129E-003	5,97532E-005	...........	72,85
	36	370,37	8,17987E-003	7,81667E-003	6,15216E-005	...........	72,84
	37	380,38	8,06341E-003	7,68767E-003	5,75832E-005	...........	72,80
	38	390,39	7,94579E-003	7,59865E-003	5,73482E-005	...........	72,78
	39	400,4	7,82814E-003	7,50247E-003	6,13799E-005	...........	72,77
	40	410,41	7,71503E-003	7,40651E-003	5,84166E-005	...........	72,79
	41	420,42	7,60911E-003	7,30223E-003	6,17149E-005	...........	72,82
	42	430,43	7,50851E-003	7,20123E-003	6,08382E-005	...........	72,85
	43	440,44	7,40959E-003	7,10441E-003	5,89032E-005	...........	72,84
	44	450,45	7,31015E-003	6,99193E-003	6,13866E-005	...........	72,81
	45	460,46	7,20932E-003	6,88796E-003	5,84966E-005	...........	72,78
	46	470,47	7,10684E-003	6,79787E-003	5,92499E-005	...........	72,75
	47	480,48	7,00403E-003	6,70365E-003	5,92182E-005	...........	72,73
	48	490,49	6,90309E-003	6,59976E-003	5,65532E-005	...........	72,69
	49	500,5	6,80461E-003	6,50844E-003	6,04032E-005	...........	72,67
	50	510,51	6,70766E-003	6,42065E-003	5,91266E-005	...........	72,67
	51	520,52	6,61184E-003	6,31485E-003	5,71266E-005	...........	72,64
	52	530,53	6,51685E-003	6,22475E-003	6,32616E-005	...........	72,62
	53	540,54	6,42214E-003	6,14288E-003	5,66266E-005	...........	72,57
	54	550,55	6,32838E-003	6,05443E-003	5,69782E-005	...........	72,51
	55	560,56	6,23704E-003	5,96874E-003	5,94299E-005	...........	72,46
	56	570,57	6,14822E-003	5,87471E-003	5,53366E-005	...........	72,38
	57	580,58	6,06066E-003	5,79818E-003	5,75482E-005	...........	72,36
	58	590,59	5,97423E-003	5,74258E-003	5,97199E-005	...........	72,37
	59	600,6	5,89172E-003	5,68611E-003	5,76282E-005	...........	72,42
	60	610,61	5,81654E-003	5,61486E-003	5,54332E-005	...........	72,43
	61	620,62	5,74836E-003	5,54055E-003	5,33732E-005	...........	72,39
	62	630,63	5,68308E-003	5,48021E-003	5,79399E-005	...........	72,34
	63	640,64	5,61740E-003	5,41667E-003	5,56649E-005	...........	72,31
	64	650,65	5,55126E-003	5,35180E-003	5,42316E-005	...........	72,29
	65	660,66	5,48576E-003	5,28942E-003	5,44616E-005	...........	72,25
	66	670,67	5,42145E-003	5,23640E-003	5,80566E-005	...........	72,24
	67	680,68	5,35893E-003	5,18584E-003	5,79016E-005	...........	72,23
	68	690,69	5,29908E-003	5,12175E-003	5,46566E-005	...........	72,22
	69	700,7	5,24148E-003	5,05966E-003	5,39632E-005	...........	72,22
	70	710,71	5,18418E-003	5,00326E-003	5,41549E-005	...........	72,22
	71	720,72	5,12598E-003	4,95126E-003	5,90282E-005	...........	72,22
	72	730,73	5,06774E-003	4,90082E-003	5,48916E-005	...........	72,26
	73	740,74	5,01103E-003	4,84347E-003	5,19766E-005	...........	72,29
	74	750,75	4,95621E-003	4,79223E-003	5,34816E-005	...........	72,30
	75	760,76	4,90245E-003	4,73708E-003	5,44732E-005	...........	72,24
	76	770,77	4,84866E-003	4,66888E-003	5,46932E-005	...........	72,18
	77	780,78	4,79363E-003	4,61657E-003	5,25932E-005	...........	72,13
	78	790,79	4,73690E-003	4,56816E-003	5,30166E-005	...........	72,12
	79	800,8	4,67979E-003	4,51051E-003	5,22382E-005	...........	72,07
	80	810,81	4,62376E-003	4,44909E-003	5,46716E-005	...........	72,01
	81	820,82	4,56842E-003	4,39734E-003	5,60716E-005	...........	71,97
	82	830,83	4,51292E-003	4,34860E-003	5,23366E-005	...........	71,93
	83	840,84	4,45800E-003	4,30920E-003	5,46032E-005	...........	71,90
	84	850,85	4,40559E-003	4,26219E-003	5,22616E-005	...........	71,90
	85	860,86	4,35675E-003	4,22176E-003	5,34882E-005	...........	71,91
	86	870,87	4,31099E-003	4,17799E-003	5,86232E-005	...........	71,88
	87	880,88	4,26711E-003	4,13487E-003	5,54899E-005	...........	71,90
	88	890,89	4,22397E-003	4,08786E-003	5,32382E-005	...........	71,90
	89	900,9	4,18093E-003	4,05738E-003	5,40366E-005	...........	71,92
	90	910,91	4,13864E-003	4,02895E-003	5,36199E-005	...........	71,95
	91	920,92	4,09898E-003	3,99883E-003	5,44749E-005	...........	71,97
	92	930,93	4,06319E-003	3,96379E-003	5,48132E-005	...........	72,00
	93	940,94	4,03035E-003	3,93049E-003	5,97599E-005	...........	72,01
	94	950,95	3,99830E-003	3,89013E-003	5,73349E-005	...........	71,96
	95	960,96	3,96507E-003	3,84619E-003	5,55899E-005	...........	71,87
	96	970,97	3,92951E-003	3,81217E-003	5,47666E-005	...........	71,76
	97	980,98	3,89189E-003	3,78023E-003	5,63232E-005	...........	71,69
	98	990,99	3,85393E-003	3,74505E-003	5,65432E-005	...........	71,63
	99	1001	3,81729E-003	3,71314E-003	5,55299E-005	...........	71,58
	100	1011,01	3,78249E-003	3,68969E-003	5,81099E-005	...........	71,54
	101	1021,02	3,74997E-003	3,67277E-003	5,95682E-005	...........	71,53
	102	1031,03	3,72074E-003	3,65034E-003	5,66382E-005	...........	71,53
	103	1041,04	3,69499E-003	3,61192E-003	5,47499E-005	...........	71,49
	104	1051,05	3,67067E-003	3,58755E-003	5,30716E-005	...........	71,52
	105	1061,06	3,64541E-003	3,57138E-003	5,35632E-005	...........	71,56
	106	1071,07	3,61950E-003	3,55214E-003	5,16866E-005	...........	71,61
	107	1081,08	3,59518E-003	3,53827E-003	5,40632E-005	...........	71,64
	108	1091,09	3,57384E-003	3,51964E-003	5,27566E-005	...........	71,64
	109	1101,1	3,55498E-003	3,49487E-003	5,25432E-005	...........	71,62
	110	1111,11	3,53675E-003	3,46909E-003	5,42099E-005	...........	71,60
	111	1121,12	3,51714E-003	3,44623E-003	5,47916E-005	...........	71,61
	112	1131,13	3,49552E-003	3,42885E-003	5,77566E-005	...........	71,62
	113	1141,14	3,47290E-003	3,40547E-003	5,76932E-005	...........	71,64
	114	1151,15	3,45054E-003	3,38412E-003	5,54266E-005	...........	71,64
	115	1161,16	3,42887E-003	3,36725E-003	5,46616E-005	...........	71,63
	116	1171,17	3,40756E-003	3,33147E-003	5,40316E-005	...........	71,60
	117	1181,18	3,38551E-003	3,30069E-003	5,43249E-005	...........	71,58
	118	1191,19	3,36136E-003	3,28626E-003	5,60466E-005	...........	71,56
	119	1201,2	3,33555E-003	3,26356E-003	5,27082E-005	...........	71,57
	120	1211,21	3,31053E-003	3,25500E-003	5,26599E-005	...........	71,58
	121	1221,22	3,28849E-003	3,23833E-003	5,24399E-005	...........	71,59
	122	1231,23	3,26997E-003	3,22345E-003	5,63116E-005	...........	71,60
	123	1241,24	3,25391E-003	3,20432E-003	5,53266E-005	...........	71,59
	124	1251,25	3,23855E-003	3,18600E-003	5,80449E-005	...........	71,59
	125	1261,26	3,22258E-003	3,16981E-003	6,15816E-005	...........	71,59
	126	1271,27	3,20561E-003	3,14739E-003	5,67516E-005	...........	71,61
	127	1281,28	3,18793E-003	3,13803E-003	5,84149E-005	...........	71,61
	128	1291,29	3,17024E-003	3,12087E-003	5,61899E-005	...........	71,59
	129	1301,3	3,15335E-003	3,10549E-003	5,58349E-005	...........	71,55
	130	1311,31	3,13732E-003	3,08523E-003	5,34882E-005	...........	71,52
	131	1321,32	3,12129E-003	3,06361E-003	5,30066E-005	...........	71,49
	132	1331,33	3,10423E-003	3,04628E-003	5,13399E-005	...........	71,45
	133	1341,34	3,08568E-003	3,01666E-003	5,29966E-005	...........	71,36
	134	1351,35	3,06556E-003	2,99681E-003	5,44266E-005	...........	71,29
	135	1361,36	3,04404E-003	2,98044E-003	5,54899E-005	...........	71,25
	136	1371,37	3,02231E-003	2,97045E-003	5,49566E-005	...........	71,26
	137	1381,38	3,00235E-003	2,95861E-003	5,51882E-005	...........	71,32
	138	1391,39	2,98545E-003	2,94588E-003	5,50966E-005	...........	71,37
	139	1401,4	2,97133E-003	2,93406E-003	5,63366E-005	...........	71,41
	140	1411,41	2,95875E-003	2,92038E-003	5,92482E-005	...........	71,44
	141	1421,42	2,94655E-003	2,90617E-003	5,95199E-005	...........	71,44
	142	1431,43	2,93407E-003	2,89476E-003	5,82282E-005	...........	71,42
	143	1441,44	2,92107E-003	2,87345E-003	5,56449E-005	...........	71,37
	144	1451,45	2,90727E-003	2,85915E-003	5,54699E-005	...........	71,36
	145	1461,46	2,89237E-003	2,84245E-003	5,55166E-005	...........	71,36
	146	1471,47	2,87653E-003	2,82673E-003	5,42349E-005	...........	71,34
	147	1481,48	2,86028E-003	2,81034E-003	5,07966E-005	...........	71,30
	148	1491,49	2,84401E-003	2,79433E-003	5,24782E-005	...........	71,26
	149	1501,5	2,82780E-003	2,77697E-003	5,35182E-005	...........	71,22
	150	1511,51	2,81153E-003	2,76049E-003	5,40882E-005	...........	71,17
	151	1521,52	2,79503E-003	2,74079E-003	5,48332E-005	...........	71,12
	152	1531,53	2,77817E-003	2,72599E-003	5,43216E-005	...........	71,07
	153	1541,54	2,76111E-003	2,71477E-003	5,42849E-005	...........	71,04
	154	1551,55	2,74442E-003	2,69191E-003	5,70182E-005	...........	70,98
	155	1561,56	2,72824E-003	2,67930E-003	5,63382E-005	...........	70,95
	156	1571,57	2,71218E-003	2,66277E-003	5,94349E-005	...........	70,95
	157	1581,58	2,69612E-003	2,65189E-003	5,99132E-005	...........	70,96
	158	1591,59	2,68065E-003	2,64177E-003	5,87016E-005	...........	70,98
	159	1601,6	2,66641E-003	2,62776E-003	5,70116E-005	...........	70,98
	160	1611,61	2,65348E-003	2,61780E-003	5,44932E-005	...........	70,99
	161	1621,62	2,64153E-003	2,61278E-003	5,63049E-005	...........	71,00
	162	1631,63	2,63045E-003	2,59663E-003	5,71099E-005	...........	71,00
	163	1641,64	2,62000E-003	2,58497E-003	5,49732E-005	...........	71,00
	164	1651,65	2,60951E-003	2,57810E-003	5,70616E-005	...........	70,99
	165	1661,66	2,59890E-003	2,57707E-003	5,63616E-005	...........	71,01
	166	1671,67	2,58930E-003	2,56975E-003	5,37949E-005	...........	71,04
	167	1681,68	2,58143E-003	2,55437E-003	5,05382E-005	...........	71,04
	168	1691,69	2,57436E-003	2,54992E-003	5,30366E-005	...........	71,05
	169	1701,7	2,56690E-003	2,54855E-003	5,37482E-005	...........	71,06
	170	1711,71	2,55934E-003	2,53994E-003	5,14449E-005	...........	71,10
	171	1721,72	2,55262E-003	2,53746E-003	5,16032E-005	...........	71,15
	172	1731,73	2,54685E-003	2,52832E-003	5,26582E-005	...........	71,19
	173	1741,74	2,54134E-003	2,51978E-003	5,37732E-005	...........	71,22
	174	1751,75	2,53526E-003	2,50869E-003	5,30416E-005	...........	71,20
	175	1761,76	2,52782E-003	2,49096E-003	5,13899E-005	...........	71,16
	176	1771,77	2,51831E-003	2,47491E-003	5,01016E-005	...........	71,10
	177	1781,78	2,50633E-003	2,46045E-003	5,29066E-005	...........	71,03
	178	1791,79	2,49238E-003	2,45108E-003	5,56832E-005	...........	70,99
	179	1801,8	2,47791E-003	2,44008E-003	5,29116E-005	...........	70,97
	180	1811,81	2,46428E-003	2,42730E-003	5,01932E-005	...........	70,93
	181	1821,82	2,45184E-003	2,41716E-003	5,47182E-005	...........	70,93
	182	1831,83	2,44028E-003	2,41034E-003	5,44499E-005	...........	70,95
	183	1841,84	2,42956E-003	2,40608E-003	5,55016E-005	...........	70,96
	184	1851,85	2,42019E-003	2,39979E-003	5,69966E-005	...........	70,96
	185	1861,86	2,41233E-003	2,38842E-003	6,07432E-005	...........	70,96
	186	1871,87	2,40522E-003	2,37876E-003	5,68932E-005	...........	70,96
	187	1881,88	2,39770E-003	2,37189E-003	5,71099E-005	...........	70,97
	188	1891,89	2,38946E-003	2,36558E-003	5,50599E-005	...........	70,96
	189	1901,9	2,38101E-003	2,35359E-003	5,57832E-005	...........	70,94
	190	1911,91	2,37264E-003	2,34598E-003	5,51516E-005	...........	70,93
	191	1921,92	2,36414E-003	2,33662E-003	5,57132E-005	...........	70,90
	192	1931,93	2,35536E-003	2,32781E-003	5,64232E-005	...........	70,87
	193	1941,94	2,34629E-003	2,31206E-003	5,51199E-005	...........	70,80
	194	1951,95	2,33659E-003	2,30009E-003	5,16199E-005	...........	70,74
	195	1961,96	2,32585E-003	2,29227E-003	5,48349E-005	...........	70,70
	196	1971,97	2,31447E-003	2,28415E-003	5,23899E-005	...........	70,67
	197	1981,98	2,30341E-003	2,27036E-003	5,40366E-005	...........	70,64
	198	1991,99	2,29305E-003	2,26535E-003	5,58482E-005	...........	70,64
	199	2002	2,28320E-003	2,25400E-003	5,42482E-005	...........	70,62
	200	2012,01	2,27373E-003	2,24696E-003	5,53299E-005	...........	70,60
	201	2022,02	2,26470E-003	2,24275E-003	5,58666E-005	...........	70,60
	202	2032,03	2,25647E-003	2,23954E-003	5,39016E-005	...........	70,58
	203	2042,04	2,24942E-003	2,23045E-003	5,46232E-005	...........	70,57
	204	2052,05	2,24331E-003	2,22116E-003	5,24232E-005	...........	70,55
	205	2062,06	2,23716E-003	2,21427E-003	5,40116E-005	...........	70,53
	206	2072,07	2,23018E-003	2,20255E-003	5,46532E-005	...........	70,49
	207	2082,08	2,22216E-003	2,19147E-003	5,59366E-005	...........	70,48
	208	2092,09	2,21327E-003	2,18915E-003	5,56966E-005	...........	70,48
	209	2102,1	2,20420E-003	2,18215E-003	5,67216E-005	...........	70,49
	210	2112,11	2,19595E-003	2,17705E-003	5,61549E-005	...........	70,47
	211	2122,12	2,18882E-003	2,16433E-003	5,78699E-005	...........	70,41
	212	2132,13	2,18198E-003	2,15488E-003	6,02266E-005	...........	70,37
	213	2142,14	2,17424E-003	2,14095E-003	6,07716E-005	...........	70,29
	214	2152,15	2,16515E-003	2,13869E-003	5,90766E-005	...........	70,25
	215	2162,16	2,15552E-003	2,13606E-003	6,07266E-005	...........	70,24
	216	2172,17	2,14685E-003	2,12561E-003	5,77916E-005	...........	70,24
	217	2182,18	2,13975E-003	2,12147E-003	5,62816E-005	...........	70,23
	218	2192,19	2,13350E-003	2,11242E-003	5,78549E-005	...........	70,22
	219	2202,2	2,12727E-003	2,10798E-003	5,52099E-005	...........	70,24
	220	2212,21	2,12081E-003	2,10021E-003	5,85366E-005	...........	70,26
	221	2222,22	2,11435E-003	2,09979E-003	5,84149E-005	...........	70,29
	222	2232,23	2,10831E-003	2,09161E-003	5,55182E-005	...........	70,33
	223	2242,24	2,10296E-003	2,09174E-003	5,70449E-005	...........	70,36
	224	2252,25	2,09831E-003	2,08548E-003	5,79149E-005	...........	70,35
	225	2262,26	2,09391E-003	2,06911E-003	5,83232E-005	...........	70,31
	226	2272,27	2,08866E-003	2,06293E-003	5,77982E-005	...........	70,28
	227	2282,28	2,08159E-003	2,05471E-003	5,48199E-005	...........	70,27
	228	2292,29	2,07316E-003	2,05251E-003	5,61366E-005	...........	70,27
	229	2302,3	2,06490E-003	2,04756E-003	5,40816E-005	...........	70,29
	230	2312,31	2,05803E-003	2,04686E-003	5,37932E-005	...........	70,32
	231	2322,32	2,05285E-003	2,04147E-003	5,25516E-005	...........	70,32
	232	2332,33	2,04880E-003	2,03270E-003	5,48299E-005	...........	70,33
	233	2342,34	2,04482E-003	2,02920E-003	5,42516E-005	...........	70,32
	234	2352,35	2,04014E-003	2,02314E-003	5,42182E-005	...........	70,29
	235	2362,36	2,03475E-003	2,01486E-003	5,47782E-005	...........	70,28
	236	2372,37	2,02890E-003	2,00895E-003	5,52716E-005	...........	70,28
	237	2382,38	2,02268E-003	2,00420E-003	5,67349E-005	...........	70,29
	238	2392,39	2,01641E-003	2,00259E-003	5,88816E-005	...........	70,31
	239	2402,4	2,01077E-003	2,00093E-003	5,65199E-005	...........	70,34
	240	2412,41	2,00632E-003	1,99743E-003	5,44949E-005	...........	70,39
	241	2422,42	2,00297E-003	1,99346E-003	5,35732E-005	...........	70,44
	242	2432,43	2,00006E-003	1,98833E-003	5,44916E-005	...........	70,46
	243	2442,44	1,99688E-003	1,98320E-003	5,44799E-005	...........	70,47
	244	2452,45	1,99308E-003	1,98073E-003	5,18466E-005	...........	70,49
	245	2462,46	1,98892E-003	1,97902E-003	5,16549E-005	...........	70,51
	246	2472,47	1,98494E-003	1,97390E-003	5,47282E-005	...........	70,55
	247	2482,48	1,98143E-003	1,97400E-003	5,53699E-005	...........	70,61
	248	2492,49	1,97837E-003	1,97025E-003	5,55082E-005	...........	70,65
	249	2502,5	1,97562E-003	1,96632E-003	5,29916E-005	...........	70,67
	250	2512,51	1,97292E-003	1,96285E-003	5,26266E-005	...........	70,66
	251	2522,52	1,96987E-003	1,95430E-003	5,66399E-005	...........	70,62
	252	2532,53	1,96607E-003	1,94998E-003	5,52582E-005	...........	70,57
	253	2542,54	1,96132E-003	1,94269E-003	5,69549E-005	...........	70,52
	254	2552,55	1,95577E-003	1,93636E-003	5,79582E-005	...........	70,47
	255	2562,56	1,94982E-003	1,93572E-003	5,79066E-005	...........	70,48
	256	2572,57	1,94412E-003	1,93237E-003	5,54932E-005	...........	70,51
	257	2582,58	1,93929E-003	1,92779E-003	5,45949E-005	...........	70,56
	258	2592,59	1,93532E-003	1,92299E-003	5,73166E-005	...........	70,57
	259	2602,6	1,93160E-003	1,91692E-003	5,38432E-005	...........	70,56
	260	2612,61	1,92752E-003	1,91342E-003	5,41032E-005	...........	70,56
	261	2622,62	1,92301E-003	1,90970E-003	5,65549E-005	...........	70,58
	262	2632,63	1,91841E-003	1,90633E-003	5,95516E-005	...........	70,59
	263	2642,64	1,91404E-003	1,89942E-003	5,96166E-005	...........	70,57
	264	2652,65	1,90976E-003	1,89440E-003	6,09716E-005	...........	70,55
	265	2662,66	1,90526E-003	1,89304E-003	6,15032E-005	...........	70,55
	266	2672,67	1,90060E-003	1,88515E-003	6,04632E-005	...........	70,52
	267	2682,68	1,89596E-003	1,88077E-003	5,94966E-005	...........	70,46
	268	2692,69	1,89117E-003	1,87253E-003	5,95449E-005	...........	70,42
	269	2702,7	1,88594E-003	1,86881E-003	5,72832E-005	...........	70,40
	270	2712,71	1,88032E-003	1,86551E-003	5,65782E-005	...........	70,38
	271	2722,72	1,87479E-003	1,85925E-003	5,68299E-005	...........	70,34
	272	2732,73	1,86965E-003	1,85403E-003	5,41866E-005	...........	70,29
	273	2742,74	1,86469E-003	1,84841E-003	5,67232E-005	...........	70,25
	274	2752,75	1,85962E-003	1,84256E-003	5,73049E-005	...........	70,22
	275	2762,76	1,85438E-003	1,84162E-003	5,60649E-005	...........	70,20
	276	2772,77	1,84937E-003	1,83972E-003	5,57082E-005	...........	70,20
	277	2782,78	1,84520E-003	1,83771E-003	5,44149E-005	...........	70,19
	278	2792,79	1,84201E-003	1,83247E-003	5,64716E-005	...........	70,18
	279	2802,8	1,83932E-003	1,82954E-003	5,60582E-005	...........	70,21
	280	2812,81	1,83649E-003	1,82674E-003	5,50099E-005	...........	70,24
	281	2822,82	1,83338E-003	1,82469E-003	5,59216E-005	...........	70,27
	282	2832,83	1,83012E-003	1,81515E-003	5,44682E-005	...........	70,26
	283	2842,84	1,82660E-003	1,81540E-003	5,54616E-005	...........	70,23
	284	2852,85	1,82265E-003	1,80983E-003	5,52299E-005	...........	70,17
	285	2862,86	1,81848E-003	1,80499E-003	5,27749E-005	...........	70,14
	286	2872,87	1,81426E-003	1,80012E-003	5,32732E-005	...........	70,13
	287	2882,88	1,80993E-003	1,79662E-003	5,30632E-005	...........	70,12
	288	2892,89	1,80545E-003	1,79096E-003	5,27799E-005	...........	70,08
	289	2902,9	1,80089E-003	1,78569E-003	5,30482E-005	...........	70,05
	290	2912,91	1,79626E-003	1,78446E-003	5,38016E-005	...........	70,01
	291	2922,92	1,79176E-003	1,78065E-003	5,51866E-005	...........	69,96
	292	2932,93	1,78774E-003	1,78009E-003	5,45816E-005	...........	69,97
	293	2942,94	1,78444E-003	1,77661E-003	5,43916E-005	...........	70,00
	294	2952,95	1,78169E-003	1,77194E-003	5,25882E-005	...........	70,00
	295	2962,96	1,77895E-003	1,76467E-003	5,65132E-005	...........	69,98
	296	2972,97	1,77557E-003	1,76234E-003	5,59899E-005	...........	69,98
	297	2982,98	1,77151E-003	1,76368E-003	5,60282E-005	...........	70,04
	298	2992,99	1,76762E-003	1,76320E-003	5,60399E-005	...........	70,09
	299	3003	1,76488E-003	1,76138E-003	5,59532E-005	...........	70,13
	300	3013,01	1,76327E-003	1,75713E-003	5,53099E-005	...........	70,14
	301	3023,02	1,76201E-003	1,75701E-003	5,37399E-005	...........	70,17
	302	3033,03	1,76046E-003	1,75439E-003	5,48516E-005	...........	70,19
	303	3043,04	1,75843E-003	1,74383E-003	5,61382E-005	...........	70,15
	304	3053,05	1,75564E-003	1,74338E-003	5,60782E-005	...........	70,14
	305	3063,06	1,75191E-003	1,74250E-003	5,64999E-005	...........	70,14
	306	3073,07	1,74797E-003	1,74078E-003	5,43232E-005	...........	70,16
	307	3083,08	1,74472E-003	1,73766E-003	5,47382E-005	...........	70,15
	308	3093,09	1,74214E-003	1,72890E-003	5,33682E-005	...........	70,12
	309	3103,1	1,73927E-003	1,72217E-003	5,11016E-005	...........	70,08
	310	3113,11	1,73528E-003	1,72358E-003	5,14199E-005	...........	70,07
	311	3123,12	1,73054E-003	1,71945E-003	5,50416E-005	...........	70,05
	312	3133,13	1,72618E-003	1,71806E-003	5,60199E-005	...........	70,06
	313	3143,14	1,72282E-003	1,71745E-003	5,58632E-005	...........	70,08
	314	3153,15	1,72033E-003	1,71272E-003	5,75832E-005	...........	70,06
	315	3163,16	1,71825E-003	1,71185E-003	5,48449E-005	...........	70,08
	316	3173,17	1,71615E-003	1,70817E-003	5,28266E-005	...........	70,09
	317	3183,18	1,71380E-003	1,70429E-003	5,35616E-005	...........	70,07
	318	3193,19	1,71105E-003	1,69690E-003	5,65616E-005	...........	70,02
	319	3203,2	1,70766E-003	1,69685E-003	5,73949E-005	...........	70,00
	320	3213,21	1,70378E-003	1,69400E-003	5,54049E-005	...........	69,98
	321	3223,22	1,69986E-003	1,68314E-003	5,85149E-005	...........	69,91
	322	3233,23	1,69583E-003	1,68031E-003	5,71116E-005	...........	69,89
	323	3243,24	1,69131E-003	1,68141E-003	5,83499E-005	...........	69,91
	324	3253,25	1,68677E-003	1,67925E-003	5,77832E-005	...........	69,92
	325	3263,26	1,68315E-003	1,67496E-003	5,69782E-005	...........	69,87
	326	3273,27	1,68038E-003	1,66675E-003	5,58399E-005	...........	69,82
	327	3283,28	1,67739E-003	1,66237E-003	5,48216E-005	...........	69,79
	328	3293,29	1,67344E-003	1,66219E-003	5,21849E-005	...........	69,83
	329	3303,3	1,66900E-003	1,65967E-003	5,21099E-005	...........	69,86
	330	3313,31	1,66506E-003	1,65674E-003	5,43766E-005	...........	69,85
	331	3323,32	1,66192E-003	1,65185E-003	5,73682E-005	...........	69,84
	332	3333,33	1,65918E-003	1,65333E-003	5,65182E-005	...........	69,88
	333	3343,34	1,65666E-003	1,65471E-003	5,60716E-005	...........	69,93
	334	3353,35	1,65476E-003	1,65105E-003	5,89682E-005	...........	69,94
	335	3363,36	1,65351E-003	1,64510E-003	5,75799E-005	...........	69,94
	336	3373,37	1,65207E-003	1,64235E-003	5,77416E-005	...........	69,90
	337	3383,38	1,64965E-003	1,63694E-003	6,04599E-005	...........	69,89
	338	3393,39	1,64625E-003	1,63612E-003	6,05049E-005	...........	69,89
	339	3403,4	1,64251E-003	1,63392E-003	6,00516E-005	...........	69,92
	340	3413,41	1,63905E-003	1,62961E-003	6,04116E-005	...........	69,92
	341	3423,42	1,63599E-003	1,62496E-003	6,09799E-005	...........	69,91
	342	3433,43	1,63296E-003	1,62384E-003	6,12866E-005	...........	69,92
	343	3443,44	1,62982E-003	1,62339E-003	6,15966E-005	...........	69,90
	344	3453,45	1,62696E-003	1,62246E-003	6,32899E-005	...........	69,89
	345	3463,46	1,62478E-003	1,61884E-003	6,03699E-005	...........	69,90
	346	3473,47	1,62304E-003	1,61553E-003	5,99782E-005	...........	69,89
	347	3483,48	1,62107E-003	1,60791E-003	5,81266E-005	...........	69,84
	348	3493,49	1,61817E-003	1,60248E-003	5,73332E-005	...........	69,78
	349	3503,5	1,61411E-003	1,60133E-003	5,71499E-005	...........	69,77
	350	3513,51	1,60949E-003	1,60102E-003	5,58149E-005	...........	69,77
	351	3523,52	1,60534E-003	1,59550E-003	5,37849E-005	...........	69,74
	352	3533,53	1,60205E-003	1,59280E-003	5,65449E-005	...........	69,73
	353	3543,54	1,59918E-003	1,59036E-003	5,79382E-005	...........	69,71
	354	3553,55	1,59624E-003	1,58435E-003	5,60649E-005	...........	69,64
	355	3563,56	1,59299E-003	1,58062E-003	5,37916E-005	...........	69,58
	356	3573,57	1,58946E-003	1,58464E-003	5,60832E-005	...........	69,58
	357	3583,58	1,58634E-003	1,58673E-003	5,80499E-005	...........	69,60
	358	3593,59	1,58457E-003	1,58386E-003	5,70816E-005	...........	69,61
	359	3603,6	1,58421E-003	1,58431E-003	5,59249E-005	...........	69,62
	360	3613,61	1,58429E-003	1,57786E-003	5,59849E-005	...........	69,57
	361	3623,62	1,58374E-003	1,57794E-003	5,73482E-005	...........	69,55
	362	3633,63	1,58228E-003	1,57865E-003	5,68316E-005	...........	69,56
	363	3643,64	1,58043E-003	1,57527E-003	5,78732E-005	...........	69,58
	364	3653,65	1,57877E-003	1,57399E-003	5,73499E-005	...........	69,60
	365	3663,66	1,57724E-003	1,57064E-003	5,64516E-005	...........	69,62
	366	3673,67	1,57559E-003	1,57102E-003	5,65299E-005	...........	69,60
	367	3683,68	1,57367E-003	1,56304E-003	5,49949E-005	...........	69,56
	368	3693,69	1,57138E-003	1,56177E-003	5,60499E-005	...........	69,54
	369	3703,7	1,56853E-003	1,55916E-003	5,76499E-005	...........	69,56
	370	3713,71	1,56535E-003	1,55752E-003	5,90499E-005	...........	69,56
	371	3723,72	1,56232E-003	1,55403E-003	5,87766E-005	...........	69,52
	372	3733,73	1,55957E-003	1,55036E-003	5,63132E-005	...........	69,49
	373	3743,74	1,55682E-003	1,54453E-003	5,59282E-005	...........	69,44
	374	3753,75	1,55370E-003	1,54534E-003	5,42982E-005	...........	69,41
	375	3763,76	1,55045E-003	1,54707E-003	5,48849E-005	...........	69,39
	376	3773,77	1,54780E-003	1,54233E-003	5,58599E-005	...........	69,36
	377	3783,78	1,54603E-003	1,54051E-003	5,49249E-005	...........	69,35
	378	3793,79	1,54456E-003	1,53861E-003	5,50316E-005	...........	69,34
	379	3803,8	1,54282E-003	1,53455E-003	5,38332E-005	...........	69,28
	380	3813,81	1,54067E-003	1,53414E-003	5,20449E-005	...........	69,26
	381	3823,82	1,53831E-003	1,53170E-003	5,14516E-005	...........	69,31
	382	3833,83	1,53611E-003	1,53565E-003	5,36382E-005	...........	69,36
	383	3843,84	1,53450E-003	1,53024E-003	5,37332E-005	...........	69,36
	384	3853,85	1,53343E-003	1,52687E-003	5,41299E-005	...........	69,35
	385	3863,86	1,53218E-003	1,52350E-003	5,62199E-005	...........	69,37
	386	3873,87	1,53014E-003	1,52183E-003	5,63332E-005	...........	69,36
	387	3883,88	1,52741E-003	1,51789E-003	5,29832E-005	...........	69,34
	388	3893,89	1,52442E-003	1,51449E-003	5,19649E-005	...........	69,31
	389	3903,9	1,52139E-003	1,51404E-003	5,16032E-005	...........	69,31
	390	3913,91	1,51847E-003	1,51110E-003	5,25849E-005	...........	69,27
	391	3923,92	1,51580E-003	1,50599E-003	5,38016E-005	...........	69,23
	392	3933,93	1,51326E-003	1,50833E-003	5,40366E-005	...........	69,22
	393	3943,94	1,51089E-003	1,50780E-003	5,61849E-005	...........	69,20
	394	3953,95	1,50894E-003	1,50076E-003	5,38232E-005	...........	69,13
	395	3963,96	1,50720E-003	1,49671E-003	5,43366E-005	...........	69,08
	396	3973,97	1,50483E-003	1,49277E-003	5,61616E-005	...........	69,07
	397	3983,98	1,50163E-003	1,49747E-003	5,40999E-005	...........	69,07
	398	3993,99	1,49853E-003	1,49593E-003	5,53282E-005	...........	69,09
	399	4004	1,49655E-003	1,49392E-003	5,70232E-005	...........	69,11
	400	4014,01	1,49568E-003	1,49554E-003	5,52116E-005	...........	69,16
	401	4024,02	1,49532E-003	1,49529E-003	5,62599E-005	...........	69,17
	402	4034,03	1,49510E-003	1,49214E-003	5,66099E-005	...........	69,14
	403	4044,04	1,49467E-003	1,48666E-003	5,43899E-005	...........	69,11
	404	4054,05	1,49344E-003	1,48388E-003	5,28182E-005	...........	69,08
	405	4064,06	1,49112E-003	1,48331E-003	5,39982E-005	...........	69,04
	406	4074,07	1,48814E-003	1,47739E-003	5,50349E-005	...........	69,02
	407	4084,08	1,48506E-003	1,47783E-003	5,38116E-005	...........	68,96
	408	4094,09	1,48211E-003	1,47253E-003	5,20399E-005	...........	68,93
	409	4104,1	1,47928E-003	1,47106E-003	5,22616E-005	...........	68,93
	410	4114,11	1,47656E-003	1,47130E-003	5,16599E-005	...........	68,94
	411	4124,12	1,47407E-003	1,46614E-003	5,15316E-005	...........	68,94
	412	4134,13	1,47182E-003	1,46438E-003	5,27182E-005	...........	68,95
	413	4144,14	1,46964E-003	1,46591E-003	5,20599E-005	...........	68,98
	414	4154,15	1,46762E-003	1,46422E-003	5,32799E-005	...........	69,01
	415	4164,16	1,46609E-003	1,46352E-003	5,32999E-005	...........	69,02
	416	4174,17	1,46507E-003	1,46256E-003	5,45649E-005	...........	68,99
	417	4184,18	1,46426E-003	1,46077E-003	5,50449E-005	...........	68,98
	418	4194,19	1,46327E-003	1,45426E-003	5,21599E-005	...........	68,94
	419	4204,2	1,46165E-003	1,45236E-003	5,02766E-005	...........	68,89
	420	4214,21	1,45911E-003	1,44790E-003	5,21199E-005	...........	68,88
	421	4224,22	1,45589E-003	1,44775E-003	5,33766E-005	...........	68,89
	422	4234,23	1,45265E-003	1,44804E-003	5,29216E-005	...........	68,93
	423	4244,24	1,45016E-003	1,45059E-003	5,01816E-005	...........	68,94
	424	4254,25	1,44886E-003	1,44750E-003	5,16949E-005	...........	68,92
	425	4264,26	1,44845E-003	1,44426E-003	5,42799E-005	...........	68,91
	426	4274,27	1,44805E-003	1,44481E-003	5,55516E-005	...........	68,90
	427	4284,28	1,44711E-003	1,44303E-003	5,47899E-005	...........	68,88
	428	4294,29	1,44582E-003	1,44204E-003	5,57182E-005	...........	68,89
	429	4304,3	1,44450E-003	1,44113E-003	5,37782E-005	...........	68,91
	430	4314,31	1,44335E-003	1,44290E-003	5,52532E-005	...........	68,94
	431	4324,32	1,44253E-003	1,44169E-003	5,60149E-005	...........	68,96
	432	4334,33	1,44210E-003	1,44073E-003	5,43882E-005	...........	69,00
	433	4344,34	1,44183E-003	1,43960E-003	5,52766E-005	...........	69,04
	434	4354,35	1,44138E-003	1,43769E-003	5,35832E-005	...........	69,06
	435	4364,36	1,44056E-003	1,43647E-003	5,29466E-005	...........	69,08
	436	4374,37	1,43934E-003	1,43188E-003	5,56516E-005	...........	69,07
	437	4384,38	1,43767E-003	1,43070E-003	5,51132E-005	...........	69,01
	438	4394,39	1,43561E-003	1,43208E-003	5,49016E-005	...........	69,01
	439	4404,4	1,43366E-003	1,43289E-003	5,42949E-005	...........	69,07
	440	4414,41	1,43246E-003	1,43293E-003	5,54049E-005	...........	69,11
	441	4424,42	1,43210E-003	1,43034E-003	5,65799E-005	...........	69,12
	442	4434,43	1,43195E-003	1,42493E-003	5,69699E-005	...........	69,09
	443	4444,44	1,43102E-003	1,41858E-003	5,39199E-005	...........	69,02
	444	4454,45	1,42855E-003	1,41227E-003	5,32716E-005	...........	68,98
	445	4464,46	1,42445E-003	1,40869E-003	5,25182E-005	...........	68,95
	446	4474,47	1,41939E-003	1,40658E-003	5,13099E-005	...........	68,95
	447	4484,48	1,41450E-003	1,40970E-003	5,38199E-005	...........	68,99
	448	4494,49	1,41084E-003	1,40615E-003	5,29816E-005	...........	68,99
	449	4504,5	1,40868E-003	1,40420E-003	5,05182E-005	...........	68,95
	450	4514,51	1,40733E-003	1,40131E-003	5,30749E-005	...........	68,91
	451	4524,52	1,40591E-003	1,40005E-003	5,23132E-005	...........	68,88
	452	4534,53	1,40414E-003	1,39948E-003	5,34349E-005	...........	68,85
	453	4544,54	1,40218E-003	1,39230E-003	5,53082E-005	...........	68,83
	454	4554,55	1,39997E-003	1,38979E-003	5,45399E-005	...........	68,84
	455	4564,56	1,39719E-003	1,38695E-003	5,44382E-005	...........	68,83
	456	4574,57	1,39391E-003	1,38495E-003	5,61982E-005	...........	68,80
	457	4584,58	1,39074E-003	1,38887E-003	5,55499E-005	...........	68,80
	458	4594,59	1,38856E-003	1,39421E-003	5,60599E-005	...........	68,84
	459	4604,6	1,38808E-003	1,38976E-003	5,65566E-005	...........	68,89
	460	4614,61	1,38888E-003	1,38500E-003	5,69049E-005	...........	68,92
	461	4624,62	1,38939E-003	1,38222E-003	6,00549E-005	...........	68,93
	462	4634,63	1,38842E-003	1,38127E-003	5,83966E-005	...........	68,94
	463	4644,64	1,38618E-003	1,37765E-003	6,00999E-005	...........	68,94
	464	4654,65	1,38357E-003	1,38011E-003	5,93649E-005	...........	68,97
	465	4664,66	1,38140E-003	1,38109E-003	5,86532E-005	...........	69,01
	466	4674,67	1,38010E-003	1,37538E-003	5,83282E-005	...........	69,00
	467	4684,68	1,37931E-003	1,37347E-003	6,04966E-005	...........	69,00
	468	4694,69	1,37820E-003	1,37259E-003	5,80899E-005	...........	68,99
	469	4704,7	1,37651E-003	1,37303E-003	5,83999E-005	...........	69,02
	470	4714,71	1,37476E-003	1,37177E-003	5,78149E-005	...........	69,06
	471	4724,72	1,37341E-003	1,36926E-003	5,90032E-005	...........	69,04
	472	4734,73	1,37229E-003	1,36677E-003	6,07232E-005	...........	69,03
	473	4744,74	1,37100E-003	1,36629E-003	6,15066E-005	...........	69,06
	474	4754,75	1,36949E-003	1,36872E-003	6,00199E-005	...........	69,07
	475	4764,76	1,36817E-003	1,36391E-003	6,13682E-005	...........	69,08
	476	4774,77	1,36727E-003	1,36697E-003	6,08516E-005	...........	69,12
	477	4784,78	1,36659E-003	1,36314E-003	6,25082E-005	...........	69,16
	478	4794,79	1,36579E-003	1,35659E-003	5,80482E-005	...........	69,17
	479	4804,8	1,36429E-003	1,35351E-003	5,72266E-005	...........	69,15
	480	4814,81	1,36167E-003	1,35165E-003	5,61932E-005	...........	69,15
	481	4824,82	1,35820E-003	1,34505E-003	5,60016E-005	...........	69,15
	482	4834,83	1,35432E-003	1,33827E-003	5,45216E-005	...........	69,10
	483	4844,84	1,35001E-003	1,33611E-003	5,42782E-005	...........	69,06
	484	4854,85	1,34523E-003	1,32894E-003	5,51782E-005	...........	69,02
	485	4864,86	1,34015E-003	1,32126E-003	5,46416E-005	...........	69,01
	486	4874,87	1,33472E-003	1,31531E-003	5,66082E-005	...........	68,99
	487	4884,88	1,32882E-003	1,31185E-003	5,57866E-005	...........	68,96
	488	4894,89	1,32314E-003	1,32615E-003	5,56599E-005	...........	68,93
	489	4904,9	1,31954E-003	1,33005E-003	5,66299E-005	...........	68,91
	490	4914,91	1,31959E-003	1,32962E-003	5,45566E-005	...........	68,94
	491	4924,92	1,32246E-003	1,32492E-003	5,44282E-005	...........	69,01
	492	4934,93	1,32525E-003	1,31089E-003	5,45249E-005	...........	69,05
	493	4944,94	1,32521E-003	1,31115E-003	5,51332E-005	...........	69,09
	494	4954,95	1,32216E-003	1,32468E-003	5,55416E-005	...........	69,10
	495	4964,96	1,31869E-003	1,31521E-003	5,48616E-005	...........	69,11
	496	4974,97	1,31725E-003	1,32453E-003	5,59616E-005	...........	69,09
	497	4984,98	1,31777E-003	1,31724E-003	5,71332E-005	...........	69,07
	498	4994,99	1,31868E-003	1,30895E-003	5,56666E-005	...........	69,05
	499	5005	1,31861E-003	1,32495E-003	5,58299E-005	...........	69,04
	500	5015,01	1,31781E-003	1,31735E-003	5,65499E-005	...........	69,02
	501	5025,02	1,31727E-003	1,30380E-003	5,80332E-005	...........	69,00
	502	5035,03	1,31670E-003	1,32621E-003	5,57799E-005	...........	69,00
	503	5045,04	1,31595E-003	1,31727E-003	5,63182E-005	...........	69,03
	504	5055,05	1,31610E-003	1,31968E-003	5,62066E-005	...........	69,07
	505	5065,06	1,31745E-003	1,32814E-003	5,64766E-005	...........	69,09
	506	5075,07	1,31935E-003	1,31944E-003	5,71532E-005	...........	69,11
	507	5085,08	1,32080E-003	1,30438E-003	5,72732E-005	...........	69,11
	508	5095,09	1,31995E-003	1,29791E-003	5,68399E-005	...........	69,09
	509	5105,1	1,31559E-003	1,29897E-003	5,64066E-005	...........	69,07
	510	5115,11	1,30955E-003	1,31808E-003	5,72866E-005	...........	69,07
	511	5125,12	1,30563E-003	1,30842E-003	5,57682E-005	...........	69,08
	512	5135,13	1,30537E-003	1,29867E-003	5,80699E-005	...........	69,11
	513	5145,14	1,30626E-003	1,29795E-003	5,76782E-005	...........	69,13
	514	5155,15	1,30552E-003	1,30520E-003	5,69566E-005	...........	69,12
	515	5165,16	1,30353E-003	1,29931E-003	5,75349E-005	...........	69,14
	516	5175,17	1,30192E-003	1,29816E-003	5,68599E-005	...........	69,13
	517	5185,18	1,30109E-003	1,30650E-003	5,67882E-005	...........	69,12
	518	5195,19	1,30085E-003	1,29853E-003	5,72599E-005	...........	69,10
	519	5205,2	1,30095E-003	1,29508E-003	5,62699E-005	...........	69,08
	520	5215,21	1,30052E-003	1,29318E-003	5,55966E-005	...........	69,04
	521	5225,22	1,29889E-003	1,29185E-003	5,46782E-005	...........	69,02
	522	5235,23	1,29640E-003	1,28514E-003	5,47149E-005	...........	69,01
	523	5245,24	1,29389E-003	1,30391E-003	5,61582E-005	...........	69,04
	524	5255,25	1,29269E-003	1,29941E-003	5,77882E-005	...........	69,07
	525	5265,26	1,29359E-003	1,29034E-003	5,49099E-005	...........	69,13
	526	5275,27	1,29547E-003	1,30694E-003	5,69966E-005	...........	69,16
	527	5285,28	1,29688E-003	1,28953E-003	5,51499E-005	...........	69,14
	528	5295,29	1,29725E-003	1,28648E-003	5,46999E-005	...........	69,17
	529	5305,3	1,29601E-003	1,28955E-003	5,45682E-005	...........	69,16
	530	5315,31	1,29332E-003	1,28679E-003	5,58299E-005	...........	69,16
	531	5325,32	1,29050E-003	1,28537E-003	5,52232E-005	...........	69,14
	532	5335,33	1,28863E-003	1,29620E-003	5,71116E-005	...........	69,15
	533	5345,34	1,28810E-003	1,28537E-003	5,45916E-005	...........	69,15
	534	5355,35	1,28843E-003	1,28181E-003	5,54866E-005	...........	69,18
	535	5365,36	1,28818E-003	1,28173E-003	5,45366E-005	...........	69,23
	536	5375,37	1,28671E-003	1,28780E-003	5,38282E-005	...........	69,25
	537	5385,38	1,28499E-003	1,27924E-003	5,42399E-005	...........	69,22
	538	5395,39	1,28374E-003	1,27529E-003	5,27149E-005	...........	69,22
	539	5405,4	1,28242E-003	1,28137E-003	5,40316E-005	...........	69,19
	540	5415,41	1,28068E-003	1,27196E-003	5,36382E-005	...........	69,12
	541	5425,42	1,27881E-003	1,27273E-003	5,28082E-005	...........	69,03
	542	5435,43	1,27686E-003	1,27148E-003	5,27932E-005	...........	68,97
	543	5445,44	1,27481E-003	1,26859E-003	5,48966E-005	...........	68,98
	544	5455,45	1,27296E-003	1,27375E-003	5,28466E-005	...........	69,00
	545	5465,46	1,27179E-003	1,27458E-003	5,27899E-005	...........	69,01
	546	5475,47	1,27157E-003	1,26837E-003	5,59816E-005	...........	69,02
	547	5485,48	1,27189E-003	1,27572E-003	5,26049E-005	...........	69,01
	548	5495,49	1,27227E-003	1,27615E-003	5,34416E-005	...........	69,02
	549	5505,5	1,27270E-003	1,26476E-003	5,67316E-005	...........	68,96
	550	5515,51	1,27300E-003	1,28325E-003	5,45599E-005	...........	68,90
	551	5525,52	1,27320E-003	1,27205E-003	5,55216E-005	...........	68,87
	552	5535,53	1,27344E-003	1,25729E-003	5,43582E-005	...........	68,80
	553	5545,54	1,27247E-003	1,26056E-003	5,22666E-005	...........	68,73
	554	5555,55	1,26899E-003	1,24658E-003	5,34416E-005	...........	68,66
	555	5565,56	1,26363E-003	1,25512E-003	5,26232E-005	...........	68,63
	556	5575,57	1,25850E-003	1,26279E-003	5,34566E-005	...........	68,64
	557	5585,58	1,25560E-003	1,24934E-003	5,52866E-005	...........	68,63
	558	5595,59	1,25475E-003	1,24455E-003	5,31366E-005	...........	68,62
	559	5605,6	1,25402E-003	1,26124E-003	5,47016E-005	...........	68,61
	560	5615,61	1,25311E-003	1,25987E-003	5,48216E-005	...........	68,63
	561	5625,62	1,25324E-003	1,24095E-003	5,54866E-005	...........	68,60
	562	5635,63	1,25346E-003	1,24057E-003	5,56199E-005	...........	68,59
	563	5645,64	1,25175E-003	1,25356E-003	5,46032E-005	...........	68,61
	564	5655,65	1,24903E-003	1,25042E-003	5,51566E-005	...........	68,64
	565	5665,66	1,24767E-003	1,24404E-003	5,34166E-005	...........	68,65
	566	5675,67	1,24796E-003	1,25916E-003	5,25682E-005	...........	68,66
	567	5685,68	1,24888E-003	1,24434E-003	5,21749E-005	...........	68,66
	568	5695,69	1,24991E-003	1,25686E-003	5,17982E-005	...........	68,65
	569	5705,7	1,25067E-003	1,24431E-003	5,20699E-005	...........	68,65
	570	5715,71	1,25092E-003	1,25675E-003	5,04066E-005	...........	68,63
	571	5725,72	1,25080E-003	1,24203E-003	5,42116E-005	...........	68,61
	572	5735,73	1,24994E-003	1,22941E-003	5,31049E-005	...........	68,56
	573	5745,74	1,24720E-003	1,23570E-003	5,61032E-005	...........	68,55
	574	5755,75	1,24283E-003	1,24673E-003	5,40332E-005	...........	68,56
	575	5765,76	1,23961E-003	1,24900E-003	5,48866E-005	...........	68,56
	576	5775,77	1,23962E-003	1,23694E-003	5,55032E-005	...........	68,54
	577	5785,78	1,24146E-003	1,24460E-003	5,39066E-005	...........	68,54
	578	5795,79	1,24258E-003	1,23505E-003	5,76732E-005	...........	68,56
	579	5805,8	1,24220E-003	1,24254E-003	5,41949E-005	...........	68,60
	580	5815,81	1,24116E-003	1,24164E-003	5,37566E-005	...........	68,66
	581	5825,82	1,24089E-003	1,26077E-003	5,28382E-005	...........	68,69
	582	5835,83	1,24294E-003	1,26238E-003	5,28299E-005	...........	68,72
	583	5845,84	1,24751E-003	1,24853E-003	5,39532E-005	...........	68,77
	584	5855,85	1,25214E-003	1,24734E-003	5,24799E-005	...........	68,84
	585	5865,86	1,25392E-003	1,25029E-003	5,49099E-005	...........	68,91
	586	5875,87	1,25281E-003	1,24926E-003	5,22849E-005	...........	68,96
	587	5885,88	1,25092E-003	1,24696E-003	5,49382E-005	...........	68,99
	588	5895,89	1,24975E-003	1,26006E-003	5,35616E-005	...........	69,00
	589	5905,9	1,24976E-003	1,24366E-003	5,44016E-005	...........	68,97
	590	5915,91	1,25016E-003	1,23737E-003	5,60116E-005	...........	68,93
	591	5925,92	1,24929E-003	1,24946E-003	5,53449E-005	...........	68,91
	592	5935,93	1,24713E-003	1,24445E-003	5,37399E-005	...........	68,89
	593	5945,94	1,24545E-003	1,24744E-003	5,42882E-005	...........	68,85
	594	5955,95	1,24496E-003	1,23716E-003	5,78099E-005	...........	68,82
	595	5965,96	1,24483E-003	1,25320E-003	5,50066E-005	...........	68,86
	596	5975,97	1,24473E-003	1,24359E-003	5,42866E-005	...........	68,85
	597	5985,98	1,24484E-003	1,23413E-003	5,72032E-005	...........	68,81
	598	5995,99	1,24459E-003	1,25242E-003	5,59599E-005	...........	68,82
	599	6006	1,24388E-003	1,24231E-003	5,60166E-005	...........	68,82
	600	6016,01	1,24345E-003	1,23175E-003	5,58999E-005	...........	68,78
	601	6026,02	1,24250E-003	1,22650E-003	5,55116E-005	...........	68,69
	602	6036,03	1,23940E-003	1,22164E-003	5,69716E-005	...........	68,63
	603	6046,04	1,23467E-003	1,24167E-003	5,60866E-005	...........	68,58
	604	6056,05	1,23101E-003	1,22812E-003	5,61466E-005	...........	68,55
	605	6066,06	1,22995E-003	1,22575E-003	5,46516E-005	...........	68,58
	606	6076,07	1,22980E-003	1,21421E-003	5,37232E-005	...........	68,58
	607	6086,08	1,22806E-003	1,22033E-003	5,46266E-005	...........	68,58
	608	6096,09	1,22466E-003	1,21806E-003	5,61732E-005	...........	68,59
	609	6106,1	1,22169E-003	1,23749E-003	5,74999E-005	...........	68,64
	610	6116,11	1,22137E-003	1,22790E-003	5,54599E-005	...........	68,71
	611	6126,12	1,22371E-003	1,22389E-003	5,57849E-005	...........	68,78
	612	6136,13	1,22640E-003	1,22850E-003	5,53449E-005	...........	68,84
	613	6146,14	1,22746E-003	1,22115E-003	5,61049E-005	...........	68,89
	614	6156,15	1,22705E-003	1,23007E-003	5,54899E-005	...........	68,91
	615	6166,16	1,22640E-003	1,22994E-003	5,65266E-005	...........	68,93
	616	6176,17	1,22645E-003	1,22408E-003	5,48749E-005	...........	68,95
	617	6186,18	1,22677E-003	1,21672E-003	5,51666E-005	...........	68,97
	618	6196,19	1,22585E-003	1,21155E-003	5,39099E-005	...........	68,96
	619	6206,2	1,22332E-003	1,23509E-003	5,64666E-005	...........	68,92
	620	6216,21	1,22131E-003	1,22553E-003	5,43966E-005	...........	68,86
	621	6226,22	1,22146E-003	1,20586E-003	5,43449E-005	...........	68,79
	622	6236,23	1,22183E-003	1,21698E-003	5,36949E-005	...........	68,74
	623	6246,24	1,21997E-003	1,20557E-003	5,53599E-005	...........	68,77
	624	6256,25	1,21629E-003	1,20531E-003	5,30066E-005	...........	68,80
	625	6266,26	1,21239E-003	1,20826E-003	5,21632E-005	...........	68,83
	626	6276,27	1,20961E-003	1,22241E-003	5,51116E-005	...........	68,87
	627	6286,28	1,20920E-003	1,21166E-003	5,34016E-005	...........	68,91
	628	6296,29	1,21090E-003	1,20879E-003	5,27316E-005	...........	68,91
	629	6306,3	1,21227E-003	1,19899E-003	5,25982E-005	...........	68,88
	630	6316,31	1,21146E-003	1,21468E-003	5,30032E-005	...........	68,86
	631	6326,32	1,20929E-003	1,20060E-003	5,50516E-005	...........	68,83
	632	6336,33	1,20728E-003	1,19649E-003	5,14016E-005	...........	68,83
	633	6346,34	1,20546E-003	1,21003E-003	5,21049E-005	...........	68,81
	634	6356,35	1,20411E-003	1,21363E-003	5,31549E-005	...........	68,83
	635	6366,36	1,20437E-003	1,20103E-003	5,36216E-005	...........	68,85
	636	6376,37	1,20563E-003	1,19803E-003	5,31099E-005	...........	68,84
	637	6386,38	1,20558E-003	1,19538E-003	5,11966E-005	...........	68,85
	638	6396,39	1,20353E-003	1,20594E-003	5,49982E-005	...........	68,84
	639	6406,4	1,20122E-003	1,19788E-003	5,46266E-005	...........	68,87
	640	6416,41	1,20033E-003	1,21011E-003	5,31099E-005	...........	68,93
	641	6426,42	1,20098E-003	1,19878E-003	5,39482E-005	...........	68,98
	642	6436,43	1,20197E-003	1,19314E-003	5,28966E-005	...........	68,95
	643	6446,44	1,20171E-003	1,19458E-003	5,17932E-005	...........	68,92
	644	6456,45	1,19974E-003	1,19633E-003	5,24699E-005	...........	68,88
	645	6466,46	1,19725E-003	1,18947E-003	5,29216E-005	...........	68,85
	646	6476,47	1,19516E-003	1,18821E-003	5,38632E-005	...........	68,83
	647	6486,48	1,19336E-003	1,19575E-003	5,16132E-005	...........	68,77
	648	6496,49	1,19178E-003	1,17732E-003	5,48132E-005	...........	68,69
	649	6506,5	1,19007E-003	1,18198E-003	5,55132E-005	...........	68,64
	650	6516,51	1,18749E-003	1,17678E-003	5,50149E-005	...........	68,66
	651	6526,52	1,18426E-003	1,18198E-003	5,56399E-005	...........	68,71
	652	6536,53	1,18161E-003	1,18075E-003	5,52166E-005	...........	68,77
	653	6546,54	1,18070E-003	1,20017E-003	5,38632E-005	...........	68,85
	654	6556,55	1,18237E-003	1,19428E-003	5,25216E-005	...........	68,89
	655	6566,56	1,18602E-003	1,17838E-003	5,58949E-005	...........	68,91
	656	6576,57	1,18906E-003	1,19398E-003	5,19899E-005	...........	68,92
	657	6586,58	1,18964E-003	1,18034E-003	5,56216E-005	...........	68,92
	658	6596,59	1,18842E-003	1,18274E-003	5,64782E-005	...........	68,96
	659	6606,6	1,18679E-003	1,19527E-003	5,31499E-005	...........	69,00
	660	6616,61	1,18581E-003	1,17624E-003	5,50949E-005	...........	68,99
	661	6626,62	1,18547E-003	1,18076E-003	5,61116E-005	...........	68,95
	662	6636,63	1,18467E-003	1,18455E-003	5,68532E-005	...........	68,91
	663	6646,64	1,18334E-003	1,18085E-003	5,60816E-005	...........	68,87
	664	6656,65	1,18227E-003	1,17631E-003	5,67499E-005	...........	68,86
	665	6666,66	1,18116E-003	1,16694E-003	5,69032E-005	...........	68,86
	666	6676,67	1,17917E-003	1,18264E-003	5,67249E-005	...........	68,87
	667	6686,68	1,17700E-003	1,17895E-003	5,53882E-005	...........	68,88
	668	6696,69	1,17603E-003	1,16740E-003	5,75349E-005	...........	68,88
	669	6706,7	1,17600E-003	1,18372E-003	5,72566E-005	...........	68,89
	670	6716,71	1,17628E-003	1,18867E-003	5,66682E-005	...........	68,93
	671	6726,72	1,17772E-003	1,18371E-003	5,73432E-005	...........	68,92
	672	6736,73	1,18023E-003	1,17066E-003	5,87732E-005	...........	68,87
	673	6746,74	1,18127E-003	1,16066E-003	5,61582E-005	...........	68,87
	674	6756,75	1,17901E-003	1,18356E-003	5,68866E-005	...........	68,88
	675	6766,76	1,17529E-003	1,16962E-003	5,87316E-005	...........	68,92
	676	6776,77	1,17318E-003	1,17831E-003	5,67016E-005	...........	68,95
	677	6786,78	1,17321E-003	1,17375E-003	5,73332E-005	...........	68,98
	678	6796,79	1,17374E-003	1,15861E-003	5,56782E-005	...........	68,98
	679	6806,8	1,17300E-003	1,17024E-003	5,69299E-005	...........	68,95
	680	6816,81	1,17085E-003	1,17293E-003	5,85832E-005	...........	68,97
	681	6826,82	1,16904E-003	1,16720E-003	5,67182E-005	...........	69,03
	682	6836,83	1,16880E-003	1,17650E-003	5,70482E-005	...........	69,10
	683	6846,84	1,16957E-003	1,16380E-003	5,56866E-005	...........	69,11
	684	6856,85	1,17017E-003	1,16861E-003	5,76266E-005	...........	69,08
	685	6866,86	1,16968E-003	1,15767E-003	5,58832E-005	...........	69,07
	686	6876,87	1,16788E-003	1,16320E-003	5,54149E-005	...........	69,04
	687	6886,88	1,16534E-003	1,15833E-003	5,46982E-005	...........	69,01
	688	6896,89	1,16279E-003	1,15253E-003	5,72866E-005	...........	68,98
	689	6906,9	1,16029E-003	1,15066E-003	5,64416E-005	...........	68,93
	690	6916,91	1,15771E-003	1,16321E-003	5,60366E-005	...........	68,90
	691	6926,92	1,15609E-003	1,16296E-003	5,63599E-005	...........	68,91
	692	6936,93	1,15653E-003	1,15868E-003	5,73066E-005	...........	68,92
	693	6946,94	1,15831E-003	1,15977E-003	5,65949E-005	...........	68,96
	694	6956,95	1,15973E-003	1,16024E-003	5,70216E-005	...........	68,98
	695	6966,96	1,16008E-003	1,15386E-003	5,69182E-005	...........	69,00
	696	6976,97	1,15985E-003	1,17464E-003	5,82899E-005	...........	69,02
	697	6986,98	1,16009E-003	1,15520E-003	5,58466E-005	...........	69,00
	698	6996,99	1,16116E-003	1,16446E-003	5,61482E-005	...........	68,95
	699	7007	1,16220E-003	1,16558E-003	5,45882E-005	...........	68,89
	700	7017,01	1,16256E-003	1,15113E-003	5,42232E-005	...........	68,87
	701	7027,02	1,16191E-003	1,15364E-003	5,53532E-005	...........	68,90
	702	7037,03	1,15978E-003	1,14957E-003	5,41816E-005	...........	68,91
	703	7047,04	1,15695E-003	1,16807E-003	5,81666E-005	...........	68,95
	704	7057,05	1,15541E-003	1,15240E-003	5,70549E-005	...........	68,95
	705	7067,06	1,15561E-003	1,14646E-003	5,47682E-005	...........	68,94
	706	7077,07	1,15574E-003	1,16035E-003	5,59749E-005	...........	68,93
	707	7087,08	1,15500E-003	1,15487E-003	5,62116E-005	...........	68,95
	708	7097,09	1,15453E-003	1,15593E-003	5,49066E-005	...........	69,02
	709	7107,1	1,15475E-003	1,14929E-003	5,35532E-005	...........	69,08
	710	7117,11	1,15479E-003	1,15683E-003	5,59549E-005	...........	69,12
	711	7127,12	1,15431E-003	1,15106E-003	5,45899E-005	...........	69,10
	712	7137,13	1,15401E-003	1,16766E-003	5,86616E-005	...........	69,10
	713	7147,14	1,15486E-003	1,15888E-003	5,68382E-005	...........	69,10
	714	7157,15	1,15681E-003	1,15316E-003	5,53649E-005	...........	69,09
	715	7167,16	1,15847E-003	1,16498E-003	5,61766E-005	...........	69,09
	716	7177,17	1,15895E-003	1,15015E-003	5,51482E-005	...........	69,08
	717	7187,18	1,15867E-003	1,16532E-003	5,47849E-005	...........	69,06
	718	7197,19	1,15819E-003	1,14763E-003	5,44699E-005	...........	69,02
	719	7207,2	1,15740E-003	1,15115E-003	5,21232E-005	...........	69,00
	720	7217,21	1,15585E-003	1,15289E-003	5,54632E-005	...........	69,04
	721	7227,22	1,15389E-003	1,15065E-003	5,46382E-005	...........	69,10
	722	7237,23	1,15243E-003	1,15379E-003	5,56516E-005	...........	69,11
	723	7247,24	1,15206E-003	1,16121E-003	5,56482E-005	...........	69,09
	724	7257,25	1,15275E-003	1,14649E-003	5,55632E-005	...........	69,10
	725	7267,26	1,15373E-003	1,15686E-003	5,65916E-005	...........	69,12
	726	7277,27	1,15395E-003	1,14633E-003	5,57399E-005	...........	69,13
	727	7287,28	1,15325E-003	1,15492E-003	5,62782E-005	...........	69,06
	728	7297,29	1,15204E-003	1,13530E-003	5,72966E-005	...........	69,01
	729	7307,3	1,15020E-003	1,14945E-003	5,35632E-005	...........	68,99
	730	7317,31	1,14768E-003	1,13467E-003	5,93049E-005	...........	68,94
	731	7327,32	1,14503E-003	1,14460E-003	5,56499E-005	...........	68,93
	732	7337,33	1,14277E-003	1,13352E-003	5,91482E-005	...........	68,95
	733	7347,34	1,14109E-003	1,14659E-003	5,44299E-005	...........	68,98
	734	7357,35	1,14018E-003	1,13768E-003	5,86049E-005	...........	68,98
	735	7367,36	1,14019E-003	1,14718E-003	5,45499E-005	...........	69,00
	736	7377,37	1,14092E-003	1,14077E-003	5,78149E-005	...........	69,01
	737	7387,38	1,14160E-003	1,12922E-003	5,97482E-005	...........	69,02
	738	7397,39	1,14103E-003	1,13606E-003	5,85666E-005	...........	69,03
	739	7407,4	1,13882E-003	1,13034E-003	6,03882E-005	...........	69,03
	740	7417,41	1,13603E-003	1,13194E-003	5,90116E-005	...........	69,05
	741	7427,42	1,13391E-003	1,13804E-003	5,86216E-005	...........	69,07
	742	7437,43	1,13302E-003	1,12973E-003	5,88616E-005	...........	69,08
	743	7447,44	1,13299E-003	1,13045E-003	6,01766E-005	...........	69,10
	744	7457,45	1,13306E-003	1,14337E-003	5,62182E-005	...........	69,11
	745	7467,46	1,13326E-003	1,12506E-003	6,07732E-005	...........	69,12
	746	7477,47	1,13369E-003	1,13822E-003	5,86049E-005	...........	69,06
	747	7487,48	1,13375E-003	1,12528E-003	5,97099E-005	...........	68,99
	748	7497,49	1,13279E-003	1,11715E-003	6,05516E-005	...........	68,92
	749	7507,5	1,13042E-003	1,12760E-003	5,85232E-005	...........	68,88
	750	7517,51	1,12710E-003	1,11417E-003	5,95632E-005	...........	68,83
	751	7527,52	1,12385E-003	1,11586E-003	6,06432E-005	...........	68,80
	752	7537,53	1,12091E-003	1,11216E-003	6,10649E-005	...........	68,78
	753	7547,54	1,11813E-003	1,11521E-003	6,01082E-005	...........	68,76
	754	7557,55	1,11576E-003	1,10698E-003	6,05366E-005	...........	68,74
	755	7567,56	1,11382E-003	1,10949E-003	6,03699E-005	...........	68,71
	756	7577,57	1,11210E-003	1,11279E-003	6,02449E-005	...........	68,69
	757	7587,58	1,11076E-003	1,10373E-003	5,89032E-005	...........	68,69
	758	7597,59	1,10994E-003	1,11631E-003	6,00832E-005	...........	68,70
	759	7607,6	1,10970E-003	1,11019E-003	6,10016E-005	...........	68,74
	760	7617,61	1,11019E-003	1,11569E-003	6,06216E-005	...........	68,75
	761	7627,62	1,11115E-003	1,10658E-003	5,94616E-005	...........	68,72
	762	7637,63	1,11160E-003	1,10355E-003	6,03266E-005	...........	68,69
	763	7647,64	1,11058E-003	1,10138E-003	5,85199E-005	...........	68,68
	764	7657,65	1,10837E-003	1,11361E-003	6,07766E-005	...........	68,66
	765	7667,66	1,10666E-003	1,10957E-003	5,90966E-005	...........	68,65
	766	7677,67	1,10661E-003	1,10310E-003	5,81466E-005	...........	68,66
	767	7687,68	1,10744E-003	1,11342E-003	6,00332E-005	...........	68,71
	768	7697,69	1,10797E-003	1,10273E-003	5,76582E-005	...........	68,77
	769	7707,7	1,10834E-003	1,12610E-003	5,98316E-005	...........	68,83
	770	7717,71	1,10957E-003	1,11443E-003	5,79432E-005	...........	68,87
	771	7727,72	1,11186E-003	1,10421E-003	5,81966E-005	...........	68,87
	772	7737,73	1,11349E-003	1,11472E-003	5,99649E-005	...........	68,88
	773	7747,74	1,11316E-003	1,10516E-003	5,99182E-005	...........	68,92
	774	7757,75	1,11188E-003	1,12259E-003	6,23399E-005	...........	68,95
	775	7767,76	1,11160E-003	1,11978E-003	6,03866E-005	...........	68,93
	776	7777,77	1,11293E-003	1,10259E-003	5,84282E-005	...........	68,90
	777	7787,78	1,11411E-003	1,10834E-003	6,08866E-005	...........	68,88
	778	7797,79	1,11302E-003	1,09864E-003	5,71116E-005	...........	68,85
	779	7807,8	1,10989E-003	1,10592E-003	6,10032E-005	...........	68,80
	780	7817,81	1,10632E-003	1,09136E-003	5,84782E-005	...........	68,69
	781	7827,82	1,10313E-003	1,09916E-003	5,92116E-005	...........	68,62
	782	7837,83	1,10023E-003	1,08890E-003	5,69532E-005	...........	68,62
	783	7847,84	1,09778E-003	1,10735E-003	6,13932E-005	...........	68,64
	784	7857,85	1,09664E-003	1,09802E-003	5,74932E-005	...........	68,62
	785	7867,86	1,09713E-003	1,09418E-003	5,84016E-005	...........	68,61
	786	7877,87	1,09784E-003	1,08897E-003	5,68182E-005	...........	68,64
	787	7887,88	1,09713E-003	1,09451E-003	5,86182E-005	...........	68,67
	788	7897,89	1,09566E-003	1,11453E-003	6,05366E-005	...........	68,72
	789	7907,9	1,09586E-003	1,09717E-003	5,75316E-005	...........	68,77
	790	7917,91	1,09849E-003	1,11233E-003	6,03966E-005	...........	68,81
	791	7927,92	1,10182E-003	1,09972E-003	5,80516E-005	...........	68,83
	792	7937,93	1,10422E-003	1,11347E-003	6,10482E-005	...........	68,80
	793	7947,94	1,10569E-003	1,10706E-003	6,05399E-005	...........	68,80
	794	7957,95	1,10697E-003	1,11493E-003	6,06782E-005	...........	68,82
	795	7967,96	1,10824E-003	1,09815E-003	5,64399E-005	...........	68,80
	796	7977,97	1,10849E-003	1,09641E-003	5,68216E-005	...........	68,72
	797	7987,98	1,10664E-003	1,10035E-003	5,88016E-005	...........	68,63
	798	7997,99	1,10340E-003	1,09776E-003	5,76599E-005	...........	68,59
	799	8008	1,10057E-003	1,09893E-003	5,75166E-005	...........	68,60
	800	8018,01	1,09897E-003	1,09471E-003	5,69866E-005	...........	68,63
	801	8028,02	1,09820E-003	1,10173E-003	5,78032E-005	...........	68,63
	802	8038,03	1,09784E-003	1,09408E-003	5,76266E-005	...........	68,65
	803	8048,04	1,09778E-003	1,10298E-003	5,98132E-005	...........	68,68
	804	8058,05	1,09805E-003	1,10003E-003	5,88982E-005	...........	68,72
	805	8068,06	1,09879E-003	1,10459E-003	5,94016E-005	...........	68,76
	806	8078,07	1,09991E-003	1,09763E-003	5,69082E-005	...........	68,77
	807	8088,08	1,10076E-003	1,09811E-003	5,85716E-005	...........	68,78
	808	8098,09	1,10084E-003	1,10622E-003	6,07666E-005	...........	68,79
	809	8108,1	1,10058E-003	1,09450E-003	5,76916E-005	...........	68,79
	810	8118,11	1,10056E-003	1,10941E-003	6,13399E-005	...........	68,80
	811	8128,12	1,10091E-003	1,09764E-003	5,82332E-005	...........	68,85
	812	8138,13	1,10145E-003	1,10291E-003	6,02449E-005	...........	68,89
	813	8148,14	1,10189E-003	1,10499E-003	6,07066E-005	...........	68,93
	814	8158,15	1,10240E-003	1,11248E-003	6,21599E-005	...........	68,94
	815	8168,16	1,10354E-003	1,09833E-003	5,83682E-005	...........	68,97
	816	8178,17	1,10475E-003	1,10297E-003	5,91732E-005	...........	68,96
	817	8188,18	1,10483E-003	1,10064E-003	5,91499E-005	...........	68,94
	818	8198,19	1,10371E-003	1,09852E-003	5,90382E-005	...........	68,93
	819	8208,2	1,10211E-003	1,09625E-003	5,77682E-005	...........	68,89
	820	8218,21	1,10043E-003	1,09657E-003	5,66732E-005	...........	68,88
	821	8228,22	1,09875E-003	1,09217E-003	5,79532E-005	...........	68,89
	822	8238,23	1,09714E-003	1,09650E-003	5,77682E-005	...........	68,90
	823	8248,24	1,09577E-003	1,09113E-003	5,76616E-005	...........	68,90
	824	8258,25	1,09472E-003	1,09305E-003	5,91466E-005	...........	68,93
	825	8268,26	1,09409E-003	1,10348E-003	5,98099E-005	...........	68,96
	826	8278,27	1,09438E-003	1,09674E-003	5,84332E-005	...........	69,02
	827	8288,28	1,09563E-003	1,09287E-003	6,02099E-005	...........	69,06
	828	8298,29	1,09676E-003	1,10098E-003	5,96366E-005	...........	69,09
	829	8308,3	1,09730E-003	1,10495E-003	6,06399E-005	...........	69,07
	830	8318,31	1,09795E-003	1,09064E-003	5,83182E-005	...........	69,05
	831	8328,32	1,09874E-003	1,10566E-003	6,15616E-005	...........	69,02
	832	8338,33	1,09899E-003	1,08973E-003	5,64266E-005	...........	69,00
	833	8348,34	1,09855E-003	1,09963E-003	5,91232E-005	...........	69,03
	834	8358,35	1,09759E-003	1,08896E-003	5,79549E-005	...........	69,04
	835	8368,36	1,09617E-003	1,08986E-003	5,79949E-005	...........	69,07
	836	8378,37	1,09441E-003	1,09526E-003	5,84382E-005	...........	69,09
	837	8388,38	1,09279E-003	1,08505E-003	5,62316E-005	...........	69,11
	838	8398,39	1,09149E-003	1,08618E-003	5,54816E-005	...........	69,11
	839	8408,4	1,09030E-003	1,09828E-003	5,83516E-005	...........	69,11
	840	8418,41	1,08972E-003	1,09124E-003	5,67116E-005	...........	69,06
	841	8428,42	1,09033E-003	1,08971E-003	5,76516E-005	...........	69,02
	842	8438,43	1,09112E-003	1,08212E-003	5,53566E-005	...........	68,96
	843	8448,44	1,09059E-003	1,08526E-003	5,54349E-005	...........	68,88
	844	8458,45	1,08852E-003	1,07687E-003	5,73599E-005	...........	68,81
	845	8468,46	1,08574E-003	1,08235E-003	5,75566E-005	...........	68,76
	846	8478,47	1,08320E-003	1,08146E-003	5,64599E-005	...........	68,77
	847	8488,48	1,08152E-003	1,07658E-003	5,63766E-005	...........	68,79
	848	8498,49	1,08049E-003	1,07530E-003	5,73632E-005	...........	68,81
	849	8508,5	1,07939E-003	1,07782E-003	5,64566E-005	...........	68,85
	850	8518,51	1,07828E-003	1,08335E-003	5,63399E-005	...........	68,89
	851	8528,52	1,07786E-003	1,07383E-003	5,81116E-005	...........	68,92
	852	8538,53	1,07805E-003	1,07667E-003	5,87816E-005	...........	68,93
	853	8548,54	1,07816E-003	1,08687E-003	5,64049E-005	...........	68,95
	854	8558,55	1,07844E-003	1,07809E-003	5,88616E-005	...........	69,00
	855	8568,56	1,07922E-003	1,07514E-003	5,79999E-005	...........	68,99
	856	8578,57	1,07966E-003	1,07899E-003	5,63632E-005	...........	68,98
	857	8588,58	1,07911E-003	1,07436E-003	5,66499E-005	...........	68,99
	858	8598,59	1,07802E-003	1,07550E-003	5,66849E-005	...........	69,02
	859	8608,6	1,07701E-003	1,07955E-003	5,54332E-005	...........	69,02
	860	8618,61	1,07644E-003	1,07276E-003	5,55282E-005	...........	69,03
	861	8628,62	1,07637E-003	1,08286E-003	5,51032E-005	...........	69,03
	862	8638,63	1,07681E-003	1,08109E-003	5,65932E-005	...........	69,04
	863	8648,64	1,07777E-003	1,07591E-003	5,70899E-005	...........	69,05
	864	8658,65	1,07885E-003	1,08495E-003	5,57116E-005	...........	69,04
	865	8668,66	1,07956E-003	1,07546E-003	5,69499E-005	...........	69,06
	866	8678,67	1,07998E-003	1,08763E-003	5,65916E-005	...........	69,08
	867	8688,68	1,08029E-003	1,07080E-003	5,77032E-005	...........	69,09
	868	8698,69	1,08015E-003	1,07594E-003	5,80449E-005	...........	69,08
	869	8708,7	1,07895E-003	1,07068E-003	5,78249E-005	...........	69,11
	870	8718,71	1,07710E-003	1,08679E-003	5,79016E-005	...........	69,14
	871	8728,72	1,07615E-003	1,07714E-003	5,74916E-005	...........	69,15
	872	8738,73	1,07684E-003	1,07733E-003	5,69249E-005	...........	69,19
	873	8748,74	1,07801E-003	1,07702E-003	5,73532E-005	...........	69,20
	874	8758,75	1,07852E-003	1,08369E-003	5,64766E-005	...........	69,16
	875	8768,76	1,07847E-003	1,06582E-003	5,57582E-005	...........	69,09
	876	8778,77	1,07762E-003	1,06438E-003	5,80066E-005	...........	69,04
	877	8788,78	1,07489E-003	1,05570E-003	5,61832E-005	...........	68,97
	878	8798,79	1,07040E-003	1,07188E-003	5,69649E-005	...........	68,95
	879	8808,8	1,06632E-003	1,06359E-003	5,70466E-005	...........	68,89
	880	8818,81	1,06438E-003	1,05935E-003	5,65182E-005	...........	68,86
	881	8828,82	1,06380E-003	1,06074E-003	5,64699E-005	...........	68,87
	882	8838,83	1,06315E-003	1,06508E-003	5,66766E-005	...........	68,86
	883	8848,84	1,06248E-003	1,06457E-003	5,69732E-005	...........	68,88
	884	8858,85	1,06253E-003	1,06376E-003	5,76849E-005	...........	68,86
	885	8868,86	1,06304E-003	1,05791E-003	5,61416E-005	...........	68,79
	886	8878,87	1,06297E-003	1,05508E-003	5,61566E-005	...........	68,73
	887	8888,88	1,06156E-003	1,05253E-003	5,59232E-005	...........	68,68
	888	8898,89	1,05900E-003	1,05048E-003	5,72932E-005	...........	68,65
	889	8908,9	1,05604E-003	1,04900E-003	5,75666E-005	...........	68,69
	890	8918,91	1,05340E-003	1,05278E-003	5,61049E-005	...........	68,75
	891	8928,92	1,05168E-003	1,05231E-003	5,74082E-005	...........	68,81
	892	8938,93	1,05119E-003	1,05559E-003	5,79116E-005	...........	68,85
	893	8948,94	1,05174E-003	1,05328E-003	5,60232E-005	...........	68,85
	894	8958,95	1,05262E-003	1,04913E-003	5,70816E-005	...........	68,85
	895	8968,96	1,05302E-003	1,05363E-003	5,63932E-005	...........	68,87
	896	8978,97	1,05290E-003	1,06048E-003	5,78416E-005	...........	68,85
	897	8988,98	1,05314E-003	1,05075E-003	5,80382E-005	...........	68,85
	898	8998,99	1,05386E-003	1,05043E-003	5,77266E-005	...........	68,78
	899	9009	1,05408E-003	1,05503E-003	5,69916E-005	...........	68,75
	900	9019,01	1,05348E-003	1,04771E-003	5,89649E-005	...........	68,74
	901	9029,02	1,05262E-003	1,05333E-003	5,77199E-005	...........	68,75
	902	9039,03	1,05184E-003	1,04861E-003	5,80649E-005	...........	68,78
	903	9049,04	1,05115E-003	1,04673E-003	5,78582E-005	...........	68,77
	904	9059,05	1,05021E-003	1,04256E-003	5,86732E-005	...........	68,77
	905	9069,06	1,04860E-003	1,04023E-003	5,82782E-005	...........	68,79
	906	9079,07	1,04636E-003	1,04371E-003	5,82849E-005	...........	68,77
	907	9089,08	1,04427E-003	1,04578E-003	5,79916E-005	...........	68,76
	908	9099,09	1,04319E-003	1,04101E-003	5,71216E-005	...........	68,79
	909	9109,1	1,04310E-003	1,04601E-003	5,74849E-005	...........	68,82
	910	9119,11	1,04352E-003	1,05104E-003	5,73016E-005	...........	68,83
	911	9129,12	1,04436E-003	1,03939E-003	5,75599E-005	...........	68,86
	912	9139,13	1,04521E-003	1,04729E-003	5,86532E-005	...........	68,89
	913	9149,14	1,04537E-003	1,03991E-003	5,91382E-005	...........	68,90
	914	9159,15	1,04505E-003	1,05938E-003	5,84299E-005	...........	68,88
	915	9169,16	1,04545E-003	1,04471E-003	5,82416E-005	...........	68,85
	916	9179,17	1,04682E-003	1,04368E-003	5,74666E-005	...........	68,86
	917	9189,18	1,04773E-003	1,04392E-003	5,94249E-005	...........	68,87
	918	9199,19	1,04715E-003	1,04477E-003	5,85532E-005	...........	68,86
	919	9209,2	1,04576E-003	1,04028E-003	5,83466E-005	...........	68,81
	920	9219,21	1,04429E-003	1,03648E-003	5,66132E-005	...........	68,78
	921	9229,22	1,04262E-003	1,03866E-003	5,75416E-005	...........	68,72
	922	9239,23	1,04069E-003	1,03408E-003	5,66149E-005	...........	68,70
	923	9249,24	1,03869E-003	1,03099E-003	5,56116E-005	...........	68,69
	924	9259,25	1,03673E-003	1,03496E-003	5,69832E-005	...........	68,67
	925	9269,26	1,03496E-003	1,03149E-003	5,67882E-005	...........	68,65
	926	9279,27	1,03358E-003	1,02582E-003	5,39666E-005	...........	68,59
	927	9289,28	1,03225E-003	1,02832E-003	5,54266E-005	...........	68,57
	928	9299,29	1,03061E-003	1,02704E-003	5,55149E-005	...........	68,57
	929	9309,3	1,02895E-003	1,02308E-003	5,42066E-005	...........	68,55
	930	9319,31	1,02746E-003	1,02307E-003	5,36466E-005	...........	68,53
	931	9329,32	1,02590E-003	1,01770E-003	5,42732E-005	...........	68,49
	932	9339,33	1,02427E-003	1,03132E-003	5,47282E-005	...........	68,44
	933	9349,34	1,02325E-003	1,01945E-003	5,45466E-005	...........	68,43
	934	9359,35	1,02322E-003	1,02625E-003	5,56749E-005	...........	68,47
	935	9369,36	1,02365E-003	1,02331E-003	5,37116E-005	...........	68,53
	936	9379,37	1,02388E-003	1,02049E-003	5,26782E-005	...........	68,56
	937	9389,38	1,02357E-003	1,01693E-003	5,29682E-005	...........	68,53
	938	9399,39	1,02243E-003	1,01670E-003	5,30266E-005	...........	68,49
	939	9409,4	1,02070E-003	1,02150E-003	5,22532E-005	...........	68,47
	940	9419,41	1,01915E-003	1,01203E-003	5,74299E-005	...........	68,45
	941	9429,42	1,01811E-003	1,01846E-003	5,32799E-005	...........	68,42
	942	9439,43	1,01718E-003	1,00892E-003	5,53782E-005	...........	68,35
	943	9449,44	1,01584E-003	1,00652E-003	5,46216E-005	...........	68,32
	944	9459,45	1,01370E-003	1,00409E-003	5,37099E-005	...........	68,31
	945	9469,46	1,01105E-003	1,01726E-003	5,40949E-005	...........	68,32
	946	9479,47	1,00918E-003	1,00350E-003	5,37182E-005	...........	68,31
	947	9489,48	1,00857E-003	1,00420E-003	5,37216E-005	...........	68,30
	948	9499,49	1,00815E-003	1,00793E-003	5,45999E-005	...........	68,33
	949	9509,5	1,00743E-003	1,01284E-003	5,53882E-005	...........	68,36
	950	9519,5	1,00729E-003	1,00831E-003	5,59732E-005	...........	68,37
	951	9529,5	1,00792E-003	1,00175E-003	5,53016E-005	...........	68,37
	952	9539,5	1,00826E-003	1,01137E-003	5,74432E-005	...........	68,35
	953	9549,5	1,00782E-003	1,00375E-003	5,48532E-005	...........	68,36
	954	9559,5	1,00733E-003	1,01426E-003	5,68032E-005	...........	68,39
	955	9569,6	1,00737E-003	1,00130E-003	5,56782E-005	...........	68,39
	956	9579,6	1,00752E-003	1,00453E-003	5,62032E-005	...........	68,39
	957	9589,6	1,00691E-003	9,98141E-004	5,65499E-005	...........	68,37
	958	9599,6	1,00519E-003	9,98803E-004	5,57349E-005	...........	68,34
	959	9609,6	1,00282E-003	9,94817E-004	5,50016E-005	...........	68,29
	960	9619,6	1,00057E-003	1,00703E-003	5,66749E-005	...........	68,28
	961	9629,6	9,99377E-004	9,97511E-004	5,54582E-005	...........	68,27
	962	9639,6	9,99413E-004	9,97250E-004	5,78316E-005	...........	68,28
	963	9649,6	9,99769E-004	1,00421E-003	5,50916E-005	...........	68,27
	964	9659,7	9,99895E-004	9,97902E-004	5,68049E-005	...........	68,30
	965	9669,7	9,99889E-004	9,94201E-004	5,61616E-005	...........	68,30
	966	9679,7	9,99446E-004	9,97573E-004	5,49549E-005	...........	68,30
	967	9689,7	9,98361E-004	9,94348E-004	5,66482E-005	...........	68,30
	968	9699,7	9,97166E-004	9,98408E-004	5,64732E-005	...........	68,30
	969	9709,7	9,96439E-004	9,95220E-004	5,79366E-005	...........	68,29
	970	9719,7	9,96253E-004	9,97526E-004	5,65732E-005	...........	68,30
	971	9729,7	9,96292E-004	9,92951E-004	5,68932E-005	...........	68,27
	972	9739,7	9,96198E-004	9,97869E-004	5,69949E-005	...........	68,23
	973	9749,7	9,95887E-004	9,91359E-004	5,67132E-005	...........	68,21
	974	9759,8	9,95195E-004	9,83275E-004	5,83882E-005	...........	68,14
	975	9769,8	9,93622E-004	9,90725E-004	5,74049E-005	...........	68,06
	976	9779,8	9,91266E-004	9,84559E-004	5,60516E-005	...........	68,02
	977	9789,8	9,88882E-004	9,77844E-004	5,77432E-005	...........	68,00
	978	9799,8	9,86603E-004	9,82719E-004	5,75916E-005	...........	67,98
	979	9809,8	9,84260E-004	9,78911E-004	5,84049E-005	...........	68,00
	980	9819,8	9,82254E-004	9,80556E-004	5,79966E-005	...........	68,04
	981	9829,8	9,80991E-004	9,81418E-004	5,97199E-005	...........	68,07
	982	9839,8	9,80670E-004	9,91039E-004	5,65782E-005	...........	68,09
	983	9849,8	9,81783E-004	9,95563E-004	5,57882E-005	...........	68,10
	984	9859,9	9,84645E-004	9,93434E-004	5,80616E-005	...........	68,11
	985	9869,9	9,88403E-004	9,93149E-004	5,67416E-005	...........	68,11
	986	9879,9	9,91800E-004	1,00977E-003	5,62849E-005	...........	68,13
	987	9889,9	9,94931E-004	1,00407E-003	5,62366E-005	...........	68,10
	988	9899,9	9,98320E-004	9,97060E-004	5,70949E-005	...........	68,08
	989	9909,9	1,00087E-003	9,95072E-004	5,65932E-005	...........	68,08
	990	9919,9	1,00115E-003	9,97136E-004	5,73549E-005	...........	68,06
	991	9929,9	9,99583E-004	9,94649E-004	5,75316E-005	...........	68,06
	992	9939,9	9,97612E-004	9,91608E-004	5,83032E-005	...........	68,08
	993	9949,9	9,95979E-004	9,96665E-004	5,61566E-005	...........	68,14
	994	9960	9,94937E-004	9,97468E-004	5,37199E-005	...........	68,15
	995	9970	9,94768E-004	9,95323E-004	5,52949E-005	...........	68,13
	996	9980	9,95246E-004	9,94786E-004	5,39882E-005	...........	68,12
	997	9990	9,95606E-004	9,92528E-004	5,53582E-005	...........	68,14
	998	10000	9,95577E-004	1,00529E-003	5,52516E-005	...........	68,14
	999	10010	9,95718E-004	9,88956E-004	5,48316E-005	...........	68,09
	1000	10020	9,95971E-004	9,87890E-004	5,59699E-005	...........	68,06
	1001	10030	9,95119E-004	9,86540E-004	5,56416E-005	...........	68,06
	1002	10040	9,92745E-004	9,87126E-004	5,38716E-005	...........	68,07
	1003	10050	9,90072E-004	9,90463E-004	5,58899E-005	...........	68,12
	1004	10060	9,88428E-004	9,87802E-004	5,63599E-005	...........	68,17
	1005	10070,1	9,87964E-004	9,85380E-004	5,80399E-005	...........	68,18
	1006	10080,1	9,87818E-004	9,84312E-004	5,86232E-005	...........	68,16
	1007	10090,1	9,87323E-004	9,89914E-004	5,54132E-005	...........	68,16
	1008	10100,1	9,86724E-004	9,83243E-004	5,78566E-005	...........	68,15
	1009	10110,1	9,86494E-004	9,92213E-004	5,52649E-005	...........	68,13
	1010	10120,1	9,86770E-004	9,87793E-004	5,52749E-005	...........	68,15
	1011	10130,1	9,87418E-004	9,86513E-004	5,54149E-005	...........	68,13
	1012	10140,1	9,87951E-004	9,87311E-004	5,61182E-005	...........	68,09
	1013	10150,1	9,88049E-004	9,91706E-004	5,61382E-005	...........	68,07
	1014	10160,2	9,87921E-004	9,78553E-004	5,74199E-005	...........	68,02
	1015	10170,2	9,87393E-004	9,82439E-004	5,63182E-005	...........	67,98
	1016	10180,2	9,85967E-004	9,81027E-004	5,71949E-005	...........	67,94
	1017	10190,2	9,83962E-004	9,78929E-004	5,75032E-005	...........	67,95
	1018	10200,2	9,82116E-004	9,77876E-004	5,81382E-005	...........	67,99
	1019	10210,2	9,80748E-004	9,84068E-004	5,61849E-005	...........	68,01
	1020	10220,2	9,80052E-004	9,78271E-004	6,00949E-005	...........	68,03
	1021	10230,2	9,79987E-004	9,78656E-004	5,80149E-005	...........	68,06
	1022	10240,2	9,80080E-004	9,83868E-004	5,81916E-005	...........	68,09
	1023	10250,2	9,80107E-004	9,75984E-004	5,79366E-005	...........	68,11
	1024	10260,2	9,80055E-004	9,79091E-004	5,86432E-005	...........	68,14
	1025	10270,3	9,79758E-004	9,80373E-004	5,89282E-005	...........	68,19
	1026	10280,3	9,79370E-004	9,79284E-004	5,76416E-005	...........	68,24
	1027	10290,3	9,79380E-004	9,86483E-004	5,71149E-005	...........	68,28
	1028	10300,3	9,80064E-004	9,80568E-004	5,78999E-005	...........	68,33
	1029	10310,3	9,81103E-004	9,79455E-004	5,79682E-005	...........	68,37
	1030	10320,3	9,81801E-004	9,86190E-004	5,68482E-005	...........	68,40
	1031	10330,3	9,82002E-004	9,78523E-004	5,93649E-005	...........	68,42
	1032	10340,3	9,81940E-004	9,78439E-004	5,70282E-005	...........	68,40
	1033	10350,3	9,81450E-004	9,78693E-004	5,79366E-005	...........	68,37
	1034	10360,4	9,80406E-004	9,74903E-004	5,68382E-005	...........	68,34
	1035	10370,4	9,79081E-004	9,76412E-004	5,82782E-005	...........	68,27
	1036	10380,4	9,77717E-004	9,72263E-004	5,59199E-005	...........	68,22
	1037	10390,4	9,76208E-004	9,64629E-004	5,41382E-005	...........	68,18
	1038	10400,4	9,74116E-004	9,66992E-004	5,70299E-005	...........	68,16
	1039	10410,4	9,71539E-004	9,73612E-004	5,69432E-005	...........	68,16
	1040	10420,4	9,69567E-004	9,66137E-004	5,57366E-005	...........	68,15
	1041	10430,4	9,68762E-004	9,65038E-004	5,52682E-005	...........	68,16
	1042	10440,4	9,68312E-004	9,66111E-004	5,58699E-005	...........	68,14
	1043	10450,4	9,67682E-004	9,74657E-004	5,64616E-005	...........	68,11
	1044	10460,5	9,67453E-004	9,63081E-004	5,54716E-005	...........	68,07
	1045	10470,5	9,67631E-004	9,60159E-004	5,44716E-005	...........	68,08
	1046	10480,5	9,67051E-004	9,62085E-004	5,59116E-005	...........	68,08
	1047	10490,5	9,65264E-004	9,59867E-004	5,52316E-005	...........	68,05
	1048	10500,5	9,63031E-004	9,53342E-004	5,45266E-005	...........	68,01
	1049	10510,5	9,60858E-004	9,58028E-004	5,62832E-005	...........	68,04
	1050	10520,5	9,58868E-004	9,56445E-004	5,48899E-005	...........	68,07
	1051	10530,5	9,57443E-004	9,56883E-004	5,43099E-005	...........	68,11
	1052	10540,5	9,56813E-004	9,57990E-004	5,46099E-005	...........	68,17
	1053	10550,5	9,56813E-004	9,59053E-004	5,46766E-005	...........	68,25
	1054	10560,5	9,57346E-004	9,65299E-004	5,59432E-005	...........	68,32
	1055	10570,6	9,58481E-004	9,59426E-004	5,52082E-005	...........	68,37
	1056	10580,6	9,59896E-004	9,60811E-004	5,71732E-005	...........	68,35
	1057	10590,6	9,60846E-004	9,59727E-004	5,59866E-005	...........	68,28
	1058	10600,6	9,60841E-004	9,51902E-004	5,62749E-005	...........	68,20
	1059	10610,6	9,59663E-004	9,49384E-004	5,69782E-005	...........	68,11
	1060	10620,6	9,57294E-004	9,51520E-004	5,58266E-005	...........	68,09
	1061	10630,6	9,54455E-004	9,50600E-004	5,60999E-005	...........	68,08
	1062	10640,6	9,52149E-004	9,45712E-004	5,58382E-005	...........	68,09
	1063	10650,6	9,50591E-004	9,50722E-004	5,67816E-005	...........	68,14
	1064	10660,7	9,49630E-004	9,53209E-004	5,50882E-005	...........	68,19
	1065	10670,7	9,49545E-004	9,54105E-004	5,43849E-005	...........	68,23
	1066	10680,7	9,50432E-004	9,51065E-004	5,59766E-005	...........	68,27
	1067	10690,7	9,51542E-004	9,49828E-004	5,61049E-005	...........	68,28
	1068	10700,7	9,51975E-004	9,50419E-004	5,69099E-005	...........	68,25
	1069	10710,7	9,51593E-004	9,49283E-004	5,64682E-005	...........	68,24
	1070	10720,7	9,50929E-004	9,52924E-004	5,40482E-005	...........	68,22
	1071	10730,7	9,50427E-004	9,43398E-004	5,49866E-005	...........	68,20
	1072	10740,7	9,49811E-004	9,44018E-004	5,47199E-005	...........	68,21
	1073	10750,7	9,48564E-004	9,47025E-004	5,57782E-005	...........	68,18
	1074	10760,7	9,46908E-004	9,39710E-004	5,36982E-005	...........	68,13
	1075	10770,8	9,45213E-004	9,35116E-004	5,43166E-005	...........	68,09
	1076	10780,8	9,43022E-004	9,30011E-004	5,59466E-005	...........	68,04
	1077	10790,8	9,39928E-004	9,35082E-004	5,47516E-005	...........	67,99
	1078	10800,8	9,36601E-004	9,28953E-004	5,72966E-005	...........	67,97
	1079	10810,8	9,33896E-004	9,26690E-004	5,56582E-005	...........	67,97
	1080	10820,8	9,31748E-004	9,26146E-004	5,73299E-005	...........	68,02
	1081	10830,8	9,29852E-004	9,30973E-004	5,83532E-005	...........	68,08
	1082	10840,8	9,28623E-004	9,31918E-004	5,80299E-005	...........	68,16
	1083	10850,8	9,28727E-004	9,37736E-004	5,51516E-005	...........	68,23
	1084	10860,9	9,30179E-004	9,32670E-004	5,65932E-005	...........	68,27
	1085	10870,9	9,32092E-004	9,31596E-004	5,72816E-005	...........	68,29
	1086	10880,9	9,33361E-004	9,36456E-004	5,45366E-005	...........	68,33
	1087	10890,9	9,33761E-004	9,31717E-004	5,56566E-005	...........	68,37
	1088	10900,9	9,33732E-004	9,31615E-004	5,71866E-005	...........	68,36
	1089	10910,9	9,33406E-004	9,31055E-004	5,69932E-005	...........	68,36
	1090	10920,9	9,32830E-004	9,34857E-004	5,48382E-005	...........	68,36
	1091	10930,9	9,32424E-004	9,32531E-004	5,64416E-005	...........	68,33
	1092	10940,9	9,32483E-004	9,33039E-004	5,64949E-005	...........	68,29
	1093	10950,9	9,32704E-004	9,29288E-004	5,87866E-005	...........	68,29
	1094	10961	9,32515E-004	9,28184E-004	5,88166E-005	...........	68,27
	1095	10971	9,31645E-004	9,28207E-004	5,81549E-005	...........	68,26
	1096	10981	9,30266E-004	9,22923E-004	5,80099E-005	...........	68,22
	1097	10991	9,28703E-004	9,28581E-004	5,89182E-005	...........	68,21
	1098	11001	9,27272E-004	9,21996E-004	5,82416E-005	...........	68,15
	1099	11011	9,26067E-004	9,20130E-004	5,85032E-005	...........	68,15
	1100	11021	9,24712E-004	9,17970E-004	5,99932E-005	...........	68,15
	1101	11031	9,22920E-004	9,19592E-004	5,83199E-005	...........	68,13
	1102	11041	9,21104E-004	9,20063E-004	5,91999E-005	...........	68,13
	1103	11051	9,19891E-004	9,18717E-004	5,93782E-005	...........	68,13
	1104	11061	9,19352E-004	9,17366E-004	5,89582E-005	...........	68,07
	1105	11071,1	9,19023E-004	9,17097E-004	5,92332E-005	...........	68,02
	1106	11081,1	9,18388E-004	9,09207E-004	5,83316E-005	...........	67,96
	1107	11091,1	9,16999E-004	9,08441E-004	5,88449E-005	...........	67,92
	1108	11101,1	9,14659E-004	9,06175E-004	5,72432E-005	...........	67,86
	1109	11111,1	9,11780E-004	9,05017E-004	5,80132E-005	...........	67,83
	1110	11121,1	9,09054E-004	9,03362E-004	5,69849E-005	...........	67,81
	1111	11131,1	9,06924E-004	9,07033E-004	5,64649E-005	...........	67,83
	1112	11141,1	9,05688E-004	9,08261E-004	5,68516E-005	...........	67,83
	1113	11151,1	9,05464E-004	9,03638E-004	5,63666E-005	...........	67,85
	1114	11161,2	9,05845E-004	9,09983E-004	5,66732E-005	...........	67,89
	1115	11171,2	9,06355E-004	9,08050E-004	5,70466E-005	...........	67,94
	1116	11181,2	9,06976E-004	9,09384E-004	5,68866E-005	...........	67,97
	1117	11191,2	9,07739E-004	9,09620E-004	5,74032E-005	...........	68,02
	1118	11201,2	9,08609E-004	9,16986E-004	5,91249E-005	...........	68,06
	1119	11211,2	9,09948E-004	9,19353E-004	5,77882E-005	...........	68,08
	1120	11221,2	9,12279E-004	9,25290E-004	5,80866E-005	...........	68,09
	1121	11231,2	9,15691E-004	9,29294E-004	5,84716E-005	...........	68,12
	1122	11241,2	9,19671E-004	9,24517E-004	5,80249E-005	...........	68,14
	1123	11251,2	9,23161E-004	9,24354E-004	5,81632E-005	...........	68,15
	1124	11261,3	9,25174E-004	9,26349E-004	5,80499E-005	...........	68,14
	1125	11271,3	9,25820E-004	9,29005E-004	5,75282E-005	...........	68,11
	1126	11281,3	9,25955E-004	9,19666E-004	5,75732E-005	...........	68,08
	1127	11291,3	9,25713E-004	9,19530E-004	5,78232E-005	...........	68,10
	1128	11301,3	9,24682E-004	9,25636E-004	5,69599E-005	...........	68,13
	1129	11311,3	9,23272E-004	9,18447E-004	5,74032E-005	...........	68,16
	1130	11321,3	9,22207E-004	9,19906E-004	5,73932E-005	...........	68,20
	1131	11331,3	9,21473E-004	9,21979E-004	5,66299E-005	...........	68,21
	1132	11341,3	9,20900E-004	9,18935E-004	5,64866E-005	...........	68,21
	1133	11351,3	9,20555E-004	9,20852E-004	5,60449E-005	...........	68,20
	1134	11361,4	9,20250E-004	9,13239E-004	5,79399E-005	...........	68,17
	1135	11371,4	9,19596E-004	9,19808E-004	5,67416E-005	...........	68,16
	1136	11381,4	9,18497E-004	9,09938E-004	5,72366E-005	...........	68,10
	1137	11391,4	9,17020E-004	9,09934E-004	5,72316E-005	...........	68,01
	1138	11401,4	9,14963E-004	9,03153E-004	5,62849E-005	...........	67,90
	1139	11411,4	9,12120E-004	9,01728E-004	5,76532E-005	...........	67,85
	1140	11421,4	9,08801E-004	9,03797E-004	5,57916E-005	...........	67,83
	1141	11431,4	9,05917E-004	9,07541E-004	5,59066E-005	...........	67,87
	1142	11441,4	9,04407E-004	9,04144E-004	5,48166E-005	...........	67,92
	1143	11451,4	9,04351E-004	9,08562E-004	5,60266E-005	...........	68,02
	1144	11461,5	9,05180E-004	9,12468E-004	5,89332E-005	...........	68,10
	1145	11471,5	9,06615E-004	9,12309E-004	5,86432E-005	...........	68,14
	1146	11481,5	9,08564E-004	9,14824E-004	5,93232E-005	...........	68,15
	1147	11491,5	9,10515E-004	9,07459E-004	5,66666E-005	...........	68,14
	1148	11501,5	9,11602E-004	9,07968E-004	5,70999E-005	...........	68,08
	1149	11511,5	9,11312E-004	9,07466E-004	5,62849E-005	...........	68,06
	1150	11521,5	9,10115E-004	9,10206E-004	5,78666E-005	...........	68,09
	1151	11531,5	9,09037E-004	9,08034E-004	5,68599E-005	...........	68,09
	1152	11541,5	9,08469E-004	9,02355E-004	5,56416E-005	...........	68,07
	1153	11551,5	9,07888E-004	9,06624E-004	5,62282E-005	...........	68,07
	1154	11561,5	9,06973E-004	9,07096E-004	5,67649E-005	...........	68,07
	1155	11571,6	9,06198E-004	9,05244E-004	5,74616E-005	...........	68,09
	1156	11581,6	9,05841E-004	9,01509E-004	5,72549E-005	...........	68,08
	1157	11591,6	9,05484E-004	9,06309E-004	5,71216E-005	...........	68,09
	1158	11601,6	9,04915E-004	9,02914E-004	5,75466E-005	...........	68,06
	1159	11611,6	9,04394E-004	9,02911E-004	5,82982E-005	...........	68,04
	1160	11621,6	9,03979E-004	9,02084E-004	5,65432E-005	...........	68,02
	1161	11631,6	9,03454E-004	8,99688E-004	5,71082E-005	...........	67,98
	1162	11641,6	9,02658E-004	8,98689E-004	5,68416E-005	...........	67,97
	1163	11651,6	9,01526E-004	8,96091E-004	5,70882E-005	...........	67,95
	1164	11661,7	9,00130E-004	8,97680E-004	5,80416E-005	...........	67,94
	1165	11671,7	8,98737E-004	8,95542E-004	5,64766E-005	...........	67,95
	1166	11681,7	8,97688E-004	8,99866E-004	5,66716E-005	...........	67,99
	1167	11691,7	8,97300E-004	9,00802E-004	5,70716E-005	...........	68,05
	1168	11701,7	8,97841E-004	9,06070E-004	5,62249E-005	...........	68,10
	1169	11711,7	8,99228E-004	8,97879E-004	5,67566E-005	...........	68,11
	1170	11721,7	9,00613E-004	8,97856E-004	5,69099E-005	...........	68,12
	1171	11731,7	9,01064E-004	9,04133E-004	5,78982E-005	...........	68,15
	1172	11741,7	9,00797E-004	8,99738E-004	5,73416E-005	...........	68,20
	1173	11751,7	9,00646E-004	9,00811E-004	5,77482E-005	...........	68,21
	1174	11761,8	9,00664E-004	8,96466E-004	5,78732E-005	...........	68,20
	1175	11771,8	9,00351E-004	8,99030E-004	5,74882E-005	...........	68,18
	1176	11781,8	8,99493E-004	8,91271E-004	5,76666E-005	...........	68,18
	1177	11791,8	8,98092E-004	8,92469E-004	5,50749E-005	...........	68,16
	1178	11801,8	8,96200E-004	8,90229E-004	5,77449E-005	...........	68,14
	1179	11811,8	8,94201E-004	8,93667E-004	5,47132E-005	...........	68,15
	1180	11821,8	8,92708E-004	8,90255E-004	5,57982E-005	...........	68,17
	1181	11831,8	8,91897E-004	8,89293E-004	5,63416E-005	...........	68,19
	1182	11841,8	8,91343E-004	8,89065E-004	5,59899E-005	...........	68,18
	1183	11851,8	8,90695E-004	8,90464E-004	5,60349E-005	...........	68,16
	1184	11861,9	8,90039E-004	8,86398E-004	5,84216E-005	...........	68,15
	1185	11871,9	8,89447E-004	8,88230E-004	5,49649E-005	...........	68,14
	1186	11881,9	8,88763E-004	8,83962E-004	5,93699E-005	...........	68,13
	1187	11891,9	8,87857E-004	8,85276E-004	5,78132E-005	...........	68,08
	1188	11901,9	8,86681E-004	8,78718E-004	6,04616E-005	...........	68,06
	1189	11911,9	8,85148E-004	8,80115E-004	5,93716E-005	...........	68,01
	1190	11921,9	8,83355E-004	8,82140E-004	5,91816E-005	...........	67,98
	1191	11931,9	8,81813E-004	8,79218E-004	5,96399E-005	...........	67,92
	1192	11941,9	8,80814E-004	8,75256E-004	6,00882E-005	...........	67,86
	1193	11951,9	8,79841E-004	8,72641E-004	6,10499E-005	...........	67,83
	1194	11962	8,78271E-004	8,73219E-004	6,05466E-005	...........	67,82
	1195	11972	8,76290E-004	8,73864E-004	6,21266E-005	...........	67,83
	1196	11982	8,74607E-004	8,71949E-004	6,27516E-005	...........	67,87
	1197	11992	8,73629E-004	8,75643E-004	5,89666E-005	...........	67,96
	1198	12002	8,73407E-004	8,77568E-004	5,92082E-005	...........	68,04
	1199	12012	8,74031E-004	8,81163E-004	5,80932E-005	...........	68,10
	1200	12022	8,75510E-004	8,80424E-004	5,99499E-005	...........	68,18
	1201	12032	8,77496E-004	8,84272E-004	5,85316E-005	...........	68,25
	1202	12042	8,79456E-004	8,80168E-004	5,93966E-005	...........	68,29
	1203	12052	8,80899E-004	8,81029E-004	5,94366E-005	...........	68,28
	1204	12062	8,81519E-004	8,80198E-004	6,16016E-005	...........	68,21
	1205	12072,1	8,81268E-004	8,72560E-004	6,15966E-005	...........	68,14
	1206	12082,1	8,80017E-004	8,68981E-004	6,27566E-005	...........	68,05
	1207	12092,1	8,77515E-004	8,66106E-004	6,47216E-005	...........	68,02
	1208	12102,1	8,74125E-004	8,69363E-004	6,26866E-005	...........	68,01
	1209	12112,1	8,71024E-004	8,70647E-004	6,21882E-005	...........	68,01
	1210	12122,1	8,69211E-004	8,65494E-004	6,38299E-005	...........	68,00
	1211	12132,1	8,68470E-004	8,65116E-004	6,43282E-005	...........	68,01
	1212	12142,1	8,67883E-004	8,67614E-004	6,32132E-005	...........	68,03
	1213	12152,1	8,67207E-004	8,68324E-004	6,21732E-005	...........	68,04
	1214	12162,2	8,66882E-004	8,67085E-004	6,36449E-005	...........	68,03
	1215	12172,2	8,66994E-004	8,65770E-004	6,30449E-005	...........	68,04
	1216	12182,2	8,67136E-004	8,68062E-004	6,20516E-005	...........	68,05
	1217	12192,2	8,67140E-004	8,68421E-004	6,25982E-005	...........	68,07
	1218	12202,2	8,67262E-004	8,69315E-004	6,22532E-005	...........	68,08
	1219	12212,2	8,67637E-004	8,66734E-004	6,38849E-005	...........	68,07
	1220	12222,2	8,67981E-004	8,66820E-004	6,19799E-005	...........	68,09
	1221	12232,2	8,67933E-004	8,65769E-004	6,47232E-005	...........	68,09
	1222	12242,2	8,67462E-004	8,65619E-004	6,27949E-005	...........	68,13
	1223	12252,2	8,66823E-004	8,66349E-004	6,12999E-005	...........	68,17
	1224	12262,2	8,66275E-004	8,64381E-004	6,26699E-005	...........	68,14
	1225	12272,3	8,65875E-004	8,65229E-004	6,29616E-005	...........	68,09
	1226	12282,3	8,65453E-004	8,60411E-004	6,07299E-005	...........	68,08
	1227	12292,3	8,64818E-004	8,65502E-004	6,39749E-005	...........	68,13
	1228	12302,3	8,64122E-004	8,64479E-004	6,20049E-005	...........	68,16
	1229	12312,3	8,63746E-004	8,61950E-004	6,14899E-005	...........	68,15
	1230	12322,3	8,63609E-004	8,60534E-004	6,01899E-005	...........	68,12
	1231	12332,3	8,63210E-004	8,60918E-004	6,10999E-005	...........	68,11
	1232	12342,3	8,62324E-004	8,55601E-004	5,96566E-005	...........	68,07
	1233	12352,3	8,60941E-004	8,52776E-004	5,96532E-005	...........	68,03
	1234	12362,4	8,59061E-004	8,57087E-004	6,10416E-005	...........	67,99
	1235	12372,4	8,57076E-004	8,51539E-004	6,05032E-005	...........	67,96
	1236	12382,4	8,55419E-004	8,49178E-004	5,95932E-005	...........	67,95
	1237	12392,4	8,53922E-004	8,50487E-004	5,91999E-005	...........	67,97
	1238	12402,4	8,52365E-004	8,48884E-004	5,93316E-005	...........	68,01
	1239	12412,4	8,51127E-004	8,56658E-004	5,97066E-005	...........	68,06
	1240	12422,4	8,50882E-004	8,55529E-004	5,89016E-005	...........	68,13
	1241	12432,4	8,51888E-004	8,56760E-004	5,97732E-005	...........	68,16
	1242	12442,4	8,53539E-004	8,54138E-004	6,00466E-005	...........	68,19
	1243	12452,4	8,54872E-004	8,55930E-004	6,05116E-005	...........	68,20
	1244	12462,5	8,55454E-004	8,54771E-004	6,17882E-005	...........	68,23
	1245	12472,5	8,55486E-004	8,54751E-004	6,03332E-005	...........	68,28
	1246	12482,5	8,55380E-004	8,59056E-004	6,00582E-005	...........	68,34
	1247	12492,5	8,55524E-004	8,56258E-004	6,06332E-005	...........	68,37
	1248	12502,5	8,56047E-004	8,57953E-004	5,98432E-005	...........	68,38
	1249	12512,5	8,56642E-004	8,55229E-004	5,96232E-005	...........	68,37
	1250	12522,5	8,56898E-004	8,55508E-004	6,00332E-005	...........	68,38
	1251	12532,5	8,56641E-004	8,53027E-004	6,09082E-005	...........	68,41
	1252	12542,5	8,55925E-004	8,52855E-004	6,13582E-005	...........	68,41
	1253	12552,5	8,54880E-004	8,49505E-004	6,03282E-005	...........	68,36
	1254	12562,5	8,53537E-004	8,46773E-004	6,01866E-005	...........	68,33
	1255	12572,6	8,51822E-004	8,45575E-004	5,86182E-005	...........	68,30
	1256	12582,6	8,49848E-004	8,47024E-004	5,85132E-005	...........	68,32
	1257	12592,6	8,48054E-004	8,44599E-004	5,74299E-005	...........	68,37
	1258	12602,6	8,46808E-004	8,46761E-004	5,98282E-005	...........	68,42
	1259	12612,6	8,46173E-004	8,47542E-004	5,91382E-005	...........	68,45
	1260	12622,6	8,46162E-004	8,50520E-004	5,90532E-005	...........	68,46
	1261	12632,6	8,46874E-004	8,53469E-004	6,07732E-005	...........	68,50
	1262	12642,6	8,48229E-004	8,49038E-004	6,14316E-005	...........	68,54
	1263	12652,6	8,49596E-004	8,47144E-004	5,88416E-005	...........	68,55
	1264	12662,7	8,50084E-004	8,46404E-004	5,84766E-005	...........	68,56
	1265	12672,7	8,49456E-004	8,47211E-004	5,97016E-005	...........	68,57
	1266	12682,7	8,48392E-004	8,49458E-004	6,09049E-005	...........	68,58
	1267	12692,7	8,47733E-004	8,48016E-004	5,92566E-005	...........	68,55
	1268	12702,7	8,47608E-004	8,42337E-004	5,80332E-005	...........	68,50
	1269	12712,7	8,47198E-004	8,36924E-004	5,84549E-005	...........	68,45
	1270	12722,7	8,45541E-004	8,35632E-004	5,77332E-005	...........	68,40
	1271	12732,7	8,42619E-004	8,34286E-004	5,81999E-005	...........	68,40
	1272	12742,7	8,39421E-004	8,36777E-004	5,83966E-005	...........	68,39
	1273	12752,7	8,37032E-004	8,34913E-004	5,87866E-005	...........	68,35
	1274	12762,8	8,35680E-004	8,28336E-004	5,66232E-005	...........	68,31
	1275	12772,8	8,34641E-004	8,31773E-004	5,78899E-005	...........	68,31
	1276	12782,8	8,33275E-004	8,28092E-004	5,72066E-005	...........	68,26
	1277	12792,8	8,31586E-004	8,21493E-004	5,79849E-005	...........	68,16
	1278	12802,8	8,29512E-004	8,20993E-004	5,87566E-005	...........	68,12
	1279	12812,8	8,26889E-004	8,19745E-004	5,75899E-005	...........	68,08
	1280	12822,8	8,24133E-004	8,20469E-004	5,60466E-005	...........	68,10
	1281	12832,8	8,21945E-004	8,18687E-004	5,58549E-005	...........	68,11
	1282	12842,8	8,20501E-004	8,15690E-004	5,68566E-005	...........	68,08
	1283	12852,8	8,19296E-004	8,11468E-004	5,61832E-005	...........	68,00
	1284	12862,9	8,17695E-004	8,11954E-004	5,56749E-005	...........	67,98
	1285	12872,9	8,15603E-004	8,09141E-004	5,59682E-005	...........	67,95
	1286	12882,9	8,13372E-004	8,05949E-004	5,74266E-005	...........	67,92
	1287	12892,9	8,11192E-004	8,04947E-004	5,58232E-005	...........	67,94
	1288	12902,9	8,09135E-004	8,08515E-004	5,56382E-005	...........	67,98
	1289	12912,9	8,07673E-004	8,11427E-004	5,45716E-005	...........	68,00
	1290	12922,9	8,07352E-004	8,07369E-004	5,47882E-005	...........	68,04
	1291	12932,9	8,07932E-004	8,09811E-004	5,62399E-005	...........	68,10
	1292	12942,9	8,08651E-004	8,10791E-004	5,57666E-005	...........	68,16
	1293	12952,9	8,09217E-004	8,11484E-004	5,53899E-005	...........	68,19
	1294	12963	8,09745E-004	8,08241E-004	5,68882E-005	...........	68,16
	1295	12973	8,10061E-004	8,07597E-004	5,58466E-005	...........	68,12
	1296	12983	8,09820E-004	8,07236E-004	5,55316E-005	...........	68,13
	1297	12993	8,09139E-004	8,10718E-004	5,57099E-005	...........	68,19
	1298	13003	8,08584E-004	8,07672E-004	5,64166E-005	...........	68,24
	1299	13013	8,08490E-004	8,10101E-004	5,55982E-005	...........	68,27
	1300	13023	8,08797E-004	8,14110E-004	5,63299E-005	...........	68,32
	1301	13033	8,09543E-004	8,13176E-004	5,57232E-005	...........	68,37
	1302	13043	8,10681E-004	8,10003E-004	5,61916E-005	...........	68,41
	1303	13053	8,11670E-004	8,13046E-004	5,53016E-005	...........	68,45
	1304	13063,1	8,12032E-004	8,09267E-004	5,64449E-005	...........	68,40
	1305	13073,1	8,11735E-004	8,05729E-004	5,60849E-005	...........	68,38
	1306	13083,1	8,10765E-004	8,05853E-004	5,56982E-005	...........	68,34
	1307	13093,1	8,09075E-004	7,98293E-004	5,38982E-005	...........	68,26
	1308	13103,1	8,06680E-004	7,95953E-004	5,54982E-005	...........	68,21
	1309	13113,1	8,03693E-004	7,97590E-004	5,71499E-005	...........	68,20
	1310	13123,1	8,00632E-004	7,94143E-004	5,62266E-005	...........	68,20
	1311	13133,1	7,98207E-004	7,97260E-004	5,53399E-005	...........	68,18
	1312	13143,1	7,96729E-004	7,95521E-004	5,58666E-005	...........	68,15
	1313	13153,1	7,96034E-004	7,93833E-004	5,78266E-005	...........	68,08
	1314	13163,2	7,95519E-004	7,86849E-004	5,73766E-005	...........	68,04
	1315	13173,2	7,94343E-004	7,86487E-004	5,70632E-005	...........	68,00
	1316	13183,2	7,92159E-004	7,84598E-004	5,66949E-005	...........	67,94
	1317	13193,2	7,89452E-004	7,82264E-004	5,47899E-005	...........	67,92
	1318	13203,2	7,86943E-004	7,84664E-004	5,63349E-005	...........	67,92
	1319	13213,2	7,85136E-004	7,85321E-004	5,74666E-005	...........	67,94
	1320	13223,2	7,84271E-004	7,83828E-004	5,57949E-005	...........	67,98
	1321	13233,2	7,84124E-004	7,83211E-004	5,62182E-005	...........	68,06
	1322	13243,2	7,84215E-004	7,87922E-004	5,73249E-005	...........	68,17
	1323	13253,2	7,84567E-004	7,91675E-004	5,78182E-005	...........	68,26
	1324	13263,3	7,85707E-004	7,93610E-004	5,64582E-005	...........	68,31
	1325	13273,3	7,87699E-004	7,89172E-004	5,65632E-005	...........	68,33
	1326	13283,3	7,89660E-004	7,89798E-004	5,74182E-005	...........	68,35
	1327	13293,3	7,90636E-004	7,89051E-004	5,74716E-005	...........	68,36
	1328	13303,3	7,90517E-004	7,86831E-004	5,76516E-005	...........	68,34
	1329	13313,3	7,89680E-004	7,83272E-004	5,59932E-005	...........	68,31
	1330	13323,3	7,88317E-004	7,83170E-004	5,56599E-005	...........	68,27
	1331	13333,3	7,86546E-004	7,80568E-004	5,51449E-005	...........	68,22
	1332	13343,3	7,84641E-004	7,79867E-004	5,46132E-005	...........	68,19
	1333	13353,3	7,82874E-004	7,79803E-004	5,65882E-005	...........	68,19
	1334	13363,4	7,81438E-004	7,79564E-004	5,54682E-005	...........	68,21
	1335	13373,4	7,80430E-004	7,78435E-004	5,46666E-005	...........	68,19
	1336	13383,4	7,79745E-004	7,77440E-004	5,40049E-005	...........	68,11
	1337	13393,4	7,78987E-004	7,69167E-004	5,36316E-005	...........	68,04
	1338	13403,4	7,77528E-004	7,68138E-004	5,22032E-005	...........	68,02
	1339	13413,4	7,75178E-004	7,74402E-004	5,34582E-005	...........	68,04
	1340	13423,4	7,72832E-004	7,69783E-004	5,25732E-005	...........	68,02
	1341	13433,4	7,71448E-004	7,69359E-004	5,30616E-005	...........	68,03
	1342	13443,4	7,70862E-004	7,70300E-004	5,52399E-005	...........	68,06
	1343	13453,4	7,70512E-004	7,71366E-004	5,36999E-005	...........	68,09
	1344	13463,5	7,70319E-004	7,69562E-004	5,51566E-005	...........	68,10
	1345	13473,5	7,70245E-004	7,67071E-004	5,39682E-005	...........	68,10
	1346	13483,5	7,69887E-004	7,64532E-004	5,20782E-005	...........	68,11
	1347	13493,5	7,68963E-004	7,68636E-004	5,39532E-005	...........	68,13
	1348	13503,5	7,67768E-004	7,62520E-004	5,37916E-005	...........	68,15
	1349	13513,5	7,66727E-004	7,66796E-004	5,31999E-005	...........	68,19
	1350	13523,5	7,66001E-004	7,66738E-004	5,40566E-005	...........	68,20
	1351	13533,5	7,65735E-004	7,67505E-004	5,31616E-005	...........	68,19
	1352	13543,5	7,65949E-004	7,65042E-004	5,42866E-005	...........	68,19
	1353	13553,5	7,66253E-004	7,65230E-004	5,33432E-005	...........	68,19
	1354	13563,6	7,66209E-004	7,63953E-004	5,26416E-005	...........	68,17
	1355	13573,6	7,65692E-004	7,60792E-004	5,43399E-005	...........	68,14
	1356	13583,6	7,64761E-004	7,62267E-004	5,41816E-005	...........	68,16
	1357	13593,6	7,63671E-004	7,64392E-004	5,17116E-005	...........	68,15
	1358	13603,6	7,62964E-004	7,64846E-004	5,28949E-005	...........	68,15
	1359	13613,6	7,62993E-004	7,64031E-004	5,17449E-005	...........	68,17
	1360	13623,6	7,63438E-004	7,60877E-004	5,31099E-005	...........	68,21
	1361	13633,6	7,63631E-004	7,63075E-004	5,19432E-005	...........	68,26
	1362	13643,6	7,63365E-004	7,64221E-004	5,22649E-005	...........	68,29
	1363	13653,6	7,63109E-004	7,65571E-004	5,33299E-005	...........	68,31
	1364	13663,7	7,63286E-004	7,62508E-004	5,28482E-005	...........	68,33
	1365	13673,7	7,63625E-004	7,60487E-004	5,33099E-005	...........	68,32
	1366	13683,7	7,63511E-004	7,61444E-004	5,31682E-005	...........	68,31
	1367	13693,7	7,62803E-004	7,60322E-004	5,25016E-005	...........	68,32
	1368	13703,7	7,61844E-004	7,57407E-004	5,32716E-005	...........	68,29
	1369	13713,7	7,60749E-004	7,53750E-004	5,31732E-005	...........	68,23
	1370	13723,7	7,59144E-004	7,47326E-004	5,18266E-005	...........	68,15
	1371	13733,7	7,56632E-004	7,47159E-004	5,32349E-005	...........	68,10
	1372	13743,7	7,53451E-004	7,48329E-004	5,26182E-005	...........	68,10
	1373	13753,7	7,50660E-004	7,54184E-004	5,48899E-005	...........	68,11
	1374	13763,7	7,49310E-004	7,47013E-004	5,19882E-005	...........	68,11
	1375	13773,8	7,49227E-004	7,47164E-004	5,27682E-005	...........	68,12
	1376	13783,8	7,49225E-004	7,46150E-004	5,15766E-005	...........	68,18
	1377	13793,8	7,48645E-004	7,48347E-004	5,19632E-005	...........	68,25
	1378	13803,8	7,47967E-004	7,52119E-004	5,42649E-005	...........	68,32
	1379	13813,8	7,47942E-004	7,48789E-004	5,26166E-005	...........	68,34
	1380	13823,8	7,48481E-004	7,43704E-004	5,44716E-005	...........	68,31
	1381	13833,8	7,48593E-004	7,43706E-004	5,53132E-005	...........	68,26
	1382	13843,8	7,47598E-004	7,42579E-004	5,45699E-005	...........	68,25
	1383	13853,8	7,45910E-004	7,43295E-004	5,39766E-005	...........	68,24
	1384	13863,9	7,44441E-004	7,46267E-004	5,46632E-005	...........	68,25
	1385	13873,9	7,43718E-004	7,40058E-004	5,55799E-005	...........	68,24
	1386	13883,9	7,43437E-004	7,40070E-004	5,43682E-005	...........	68,23
	1387	13893,9	7,42899E-004	7,40953E-004	5,52049E-005	...........	68,23
	1388	13903,9	7,42015E-004	7,41959E-004	5,45532E-005	...........	68,24
	1389	13913,9	7,41290E-004	7,39399E-004	5,58849E-005	...........	68,21
	1390	13923,9	7,40916E-004	7,40179E-004	5,48516E-005	...........	68,20
	1391	13933,9	7,40651E-004	7,39740E-004	5,56732E-005	...........	68,19
	1392	13943,9	7,40272E-004	7,35726E-004	5,45416E-005	...........	68,17
	1393	13953,9	7,39582E-004	7,34900E-004	5,50732E-005	...........	68,17
	1394	13964	7,38407E-004	7,33984E-004	5,49366E-005	...........	68,15
	1395	13974	7,36897E-004	7,32935E-004	5,52399E-005	...........	68,19
	1396	13984	7,35452E-004	7,34346E-004	5,46766E-005	...........	68,19
	1397	13994	7,34444E-004	7,35411E-004	5,39066E-005	...........	68,20
	1398	14004	7,34065E-004	7,34088E-004	5,57399E-005	...........	68,19
	1399	14014	7,34126E-004	7,32470E-004	5,48049E-005	...........	68,19
	1400	14024	7,34111E-004	7,31291E-004	5,46682E-005	...........	68,20
	1401	14034	7,33636E-004	7,30516E-004	5,65566E-005	...........	68,23
	1402	14044	7,32736E-004	7,29484E-004	5,42016E-005	...........	68,26
	1403	14054	7,31710E-004	7,31031E-004	5,56782E-005	...........	68,28
	1404	14064,1	7,30906E-004	7,30871E-004	5,42132E-005	...........	68,28
	1405	14074,1	7,30536E-004	7,30688E-004	5,58516E-005	...........	68,30
	1406	14084,1	7,30531E-004	7,30980E-004	5,62549E-005	...........	68,29
	1407	14094,1	7,30577E-004	7,26421E-004	5,68149E-005	...........	68,27
	1408	14104,1	7,30208E-004	7,23906E-004	5,79682E-005	...........	68,21
	1409	14114,1	7,29024E-004	7,22615E-004	5,82266E-005	...........	68,13
	1410	14124,1	7,27146E-004	7,23322E-004	5,86416E-005	...........	68,07
	1411	14134,1	7,25151E-004	7,18675E-004	5,70549E-005	...........	68,03
	1412	14144,1	7,23368E-004	7,18210E-004	5,65999E-005	...........	68,01
	1413	14154,1	7,21682E-004	7,17241E-004	5,73249E-005	...........	68,02
	1414	14164,2	7,20048E-004	7,16938E-004	5,74166E-005	...........	68,04
	1415	14174,2	7,18672E-004	7,17013E-004	5,64266E-005	...........	68,06
	1416	14184,2	7,17748E-004	7,18034E-004	5,74082E-005	...........	68,08
	1417	14194,2	7,17220E-004	7,11936E-004	5,65366E-005	...........	68,05
	1418	14204,2	7,16595E-004	7,09710E-004	5,83749E-005	...........	68,01
	1419	14214,2	7,15286E-004	7,10483E-004	5,47949E-005	...........	67,95
	1420	14224,2	7,13317E-004	7,05190E-004	5,48149E-005	...........	67,91
	1421	14234,2	7,11144E-004	7,06313E-004	5,66266E-005	...........	67,90
	1422	14244,2	7,09148E-004	7,07995E-004	5,64516E-005	...........	67,94
	1423	14254,2	7,07735E-004	7,07920E-004	5,54282E-005	...........	67,98
	1424	14264,3	7,07236E-004	7,10687E-004	5,51849E-005	...........	68,05
	1425	14274,3	7,07547E-004	7,07312E-004	5,61316E-005	...........	68,08
	1426	14284,3	7,08065E-004	7,04304E-004	5,47332E-005	...........	68,10
	1427	14294,3	7,08016E-004	7,04312E-004	5,65349E-005	...........	68,10
	1428	14304,3	7,07131E-004	7,04091E-004	5,48582E-005	...........	68,10
	1429	14314,3	7,05889E-004	7,04383E-004	5,42616E-005	...........	68,14
	1430	14324,3	7,04996E-004	7,09106E-004	5,58332E-005	...........	68,21
	1431	14334,3	7,04878E-004	7,04560E-004	5,57532E-005	...........	68,26
	1432	14344,3	7,05374E-004	7,06757E-004	5,59516E-005	...........	68,34
	1433	14354,3	7,05916E-004	7,06338E-004	5,51099E-005	...........	68,40
	1434	14364,4	7,06236E-004	7,08179E-004	5,57066E-005	...........	68,41
	1435	14374,4	7,06495E-004	7,06505E-004	5,52849E-005	...........	68,42
	1436	14384,4	7,06787E-004	7,07206E-004	5,65449E-005	...........	68,42
	1437	14394,4	7,06963E-004	7,05056E-004	5,51066E-005	...........	68,37
	1438	14404,4	7,06789E-004	7,02104E-004	5,45816E-005	...........	68,35
	1439	14414,4	7,06055E-004	7,01785E-004	5,39849E-005	...........	68,31
	1440	14424,4	7,04769E-004	6,99849E-004	5,36999E-005	...........	68,23
	1441	14434,4	7,03125E-004	6,94473E-004	5,44099E-005	...........	68,20
	1442	14444,4	7,01183E-004	6,95367E-004	5,43499E-005	...........	68,23
	1443	14454,4	6,99085E-004	6,98374E-004	5,38116E-005	...........	68,26
	1444	14464,5	6,97392E-004	6,94106E-004	5,58166E-005	...........	68,24
	1445	14474,5	6,96412E-004	6,93694E-004	5,56049E-005	...........	68,26
	1446	14484,5	6,95746E-004	6,93672E-004	5,56316E-005	...........	68,25
	1447	14494,5	6,94962E-004	6,90609E-004	5,66999E-005	...........	68,21
	1448	14504,5	6,93941E-004	6,88761E-004	5,57649E-005	...........	68,17
	1449	14514,5	6,92652E-004	6,89549E-004	5,62166E-005	...........	68,14
	1450	14524,5	6,91245E-004	6,88110E-004	5,58282E-005	...........	68,11
	1451	14534,5	6,89930E-004	6,83079E-004	5,35082E-005	...........	68,06
	1452	14544,5	6,88507E-004	6,80834E-004	5,37449E-005	...........	68,00
	1453	14554,5	6,86575E-004	6,79208E-004	5,38949E-005	...........	67,96
	1454	14564,6	6,84253E-004	6,81757E-004	5,36332E-005	...........	67,94
	1455	14574,6	6,82274E-004	6,82254E-004	5,29966E-005	...........	67,93
	1456	14584,6	6,81233E-004	6,79591E-004	5,42249E-005	...........	67,94
	1457	14594,6	6,80865E-004	6,76131E-004	5,60916E-005	...........	67,93
	1458	14604,6	6,80365E-004	6,78230E-004	5,70582E-005	...........	67,94
	1459	14614,6	6,79419E-004	6,77257E-004	5,50716E-005	...........	67,95
	1460	14624,6	6,78471E-004	6,79576E-004	5,36616E-005	...........	67,98
	1461	14634,6	6,78081E-004	6,81828E-004	5,17032E-005	...........	68,02
	1462	14644,6	6,78440E-004	6,79624E-004	5,32416E-005	...........	68,05
	1463	14654,6	6,79249E-004	6,80894E-004	5,17616E-005	...........	68,09
	1464	14664,7	6,79964E-004	6,79492E-004	5,43416E-005	...........	68,14
	1465	14674,7	6,80305E-004	6,81163E-004	5,30116E-005	...........	68,13
	1466	14684,7	6,80303E-004	6,75953E-004	5,45099E-005	...........	68,10
	1467	14694,7	6,79885E-004	6,75310E-004	5,52432E-005	...........	68,10
	1468	14704,7	6,78890E-004	6,75435E-004	5,56666E-005	...........	68,10
	1469	14714,7	6,77502E-004	6,73598E-004	5,55766E-005	...........	68,11
	1470	14724,7	6,76145E-004	6,73388E-004	5,41532E-005	...........	68,13
	1471	14734,7	6,75014E-004	6,72146E-004	5,57932E-005	...........	68,18
	1472	14744,7	6,74147E-004	6,76176E-004	5,45066E-005	...........	68,23
	1473	14754,7	6,73822E-004	6,79581E-004	5,36749E-005	...........	68,26
	1474	14764,8	6,74454E-004	6,79612E-004	5,38366E-005	...........	68,27
	1475	14774,8	6,75865E-004	6,74223E-004	5,57632E-005	...........	68,23
	1476	14784,8	6,77019E-004	6,73926E-004	5,54832E-005	...........	68,19
	1477	14794,8	6,76977E-004	6,71690E-004	5,49232E-005	...........	68,15
	1478	14804,8	6,75790E-004	6,71524E-004	5,51216E-005	...........	68,11
	1479	14814,8	6,74162E-004	6,70531E-004	5,46682E-005	...........	68,09
	1480	14824,8	6,72689E-004	6,70400E-004	5,42399E-005	...........	68,10
	1481	14834,8	6,71691E-004	6,74724E-004	5,53449E-005	...........	68,14
	1482	14844,8	6,71511E-004	6,78634E-004	5,30949E-005	...........	68,17
	1483	14854,8	6,72496E-004	6,79002E-004	5,42332E-005	...........	68,22
	1484	14864,9	6,74480E-004	6,80678E-004	5,21349E-005	...........	68,25
	1485	14874,9	6,76707E-004	6,78729E-004	5,28349E-005	...........	68,22
	1486	14884,9	6,78412E-004	6,79862E-004	5,37482E-005	...........	68,18
	1487	14894,9	6,79175E-004	6,72363E-004	5,39432E-005	...........	68,11
	1488	14904,9	6,78750E-004	6,71737E-004	5,37599E-005	...........	68,10
	1489	14914,9	6,77099E-004	6,69576E-004	5,39766E-005	...........	68,10
	1490	14924,9	6,74607E-004	6,63858E-004	5,52399E-005	...........	68,12
	1491	14934,9	6,71803E-004	6,66749E-004	5,45316E-005	...........	68,12
	1492	14944,9	6,69213E-004	6,67859E-004	5,44249E-005	...........	68,13
	1493	14954,9	6,67563E-004	6,71694E-004	5,42716E-005	...........	68,17
	1494	14965	6,67283E-004	6,66809E-004	5,57932E-005	...........	68,20
	1495	14975	6,67850E-004	6,67462E-004	5,44899E-005	...........	68,21
	1496	14985	6,68277E-004	6,67472E-004	5,50766E-005	...........	68,23
	1497	14995	6,68146E-004	6,65831E-004	5,40732E-005	...........	68,24
	1498	15005	6,67680E-004	6,67334E-004	5,49566E-005	...........	68,23
	1499	15015	6,67218E-004	6,67646E-004	5,50749E-005	...........	68,20
	1500	15025	6,66849E-004	6,59169E-004	5,67882E-005	...........	68,12
	1501	15035	6,66113E-004	6,59738E-004	5,61549E-005	...........	68,07
	1502	15045	6,64445E-004	6,55341E-004	5,59182E-005	...........	68,04
	1503	15055	6,61987E-004	6,56303E-004	5,59132E-005	...........	68,05
	1504	15065,1	6,59493E-004	6,57223E-004	5,50499E-005	...........	68,10
	1505	15075,1	6,57770E-004	6,60903E-004	5,54649E-005	...........	68,16
	1506	15085,1	6,57241E-004	6,56557E-004	5,49366E-005	...........	68,17
	1507	15095,1	6,57551E-004	6,57978E-004	5,64099E-005	...........	68,16
	1508	15105,1	6,57855E-004	6,54211E-004	5,59849E-005	...........	68,13
	1509	15115,1	6,57597E-004	6,55564E-004	5,57449E-005	...........	68,12
	1510	15125,1	6,56781E-004	6,51724E-004	5,36049E-005	...........	68,10
	1511	15135,1	6,55606E-004	6,50680E-004	5,46216E-005	...........	68,09
	1512	15145,1	6,54209E-004	6,51341E-004	5,45482E-005	...........	68,11
	1513	15155,1	6,52800E-004	6,49524E-004	5,39066E-005	...........	68,12
	1514	15165,2	6,51693E-004	6,53014E-004	5,50732E-005	...........	68,11
	1515	15175,2	6,51161E-004	6,52979E-004	5,54166E-005	...........	68,07
	1516	15185,2	6,51159E-004	6,45596E-004	5,44416E-005	...........	68,01
	1517	15195,2	6,51088E-004	6,49941E-004	5,42032E-005	...........	67,98
	1518	15205,2	6,50383E-004	6,44721E-004	5,51266E-005	...........	67,99
	1519	15215,2	6,49178E-004	6,46930E-004	5,49799E-005	...........	68,01
	1520	15225,2	6,47971E-004	6,48080E-004	5,38166E-005	...........	68,05
	1521	15235,2	6,47210E-004	6,47414E-004	5,37932E-005	...........	68,07
	1522	15245,2	6,47021E-004	6,46320E-004	5,48432E-005	...........	68,10
	1523	15255,2	6,47051E-004	6,45056E-004	5,63699E-005	...........	68,11
	1524	15265,2	6,46824E-004	6,43607E-004	5,57482E-005	...........	68,11
	1525	15275,3	6,46118E-004	6,41162E-004	5,42832E-005	...........	68,10
	1526	15285,3	6,44922E-004	6,38997E-004	5,48182E-005	...........	68,09
	1527	15295,3	6,43292E-004	6,36689E-004	5,37849E-005	...........	68,05
	1528	15305,3	6,41358E-004	6,36034E-004	5,20949E-005	...........	68,00
	1529	15315,3	6,39309E-004	6,31620E-004	5,41132E-005	...........	67,93
	1530	15325,3	6,37233E-004	6,31447E-004	5,49632E-005	...........	67,89
	1531	15335,3	6,35163E-004	6,30746E-004	5,64649E-005	...........	67,90
	1532	15345,3	6,33310E-004	6,30894E-004	5,69516E-005	...........	67,93
	1533	15355,3	6,31940E-004	6,29653E-004	5,62599E-005	...........	67,99
	1534	15365,4	6,31062E-004	6,29775E-004	5,67282E-005	...........	68,05
	1535	15375,4	6,30590E-004	6,34787E-004	5,57966E-005	...........	68,07
	1536	15385,4	6,30607E-004	6,29795E-004	5,73949E-005	...........	68,08
	1537	15395,4	6,30989E-004	6,29798E-004	5,74166E-005	...........	68,09
	1538	15405,4	6,31222E-004	6,31857E-004	5,65249E-005	...........	68,09
	1539	15415,4	6,31139E-004	6,32001E-004	5,63782E-005	...........	68,11
	1540	15425,4	6,31139E-004	6,33716E-004	5,51666E-005	...........	68,16
	1541	15435,4	6,31624E-004	6,38600E-004	5,50016E-005	...........	68,19
	1542	15445,4	6,32765E-004	6,36556E-004	5,56882E-005	...........	68,19
	1543	15455,4	6,34281E-004	6,33122E-004	5,58332E-005	...........	68,17
	1544	15465,5	6,35274E-004	6,29684E-004	5,73282E-005	...........	68,17
	1545	15475,5	6,34959E-004	6,30724E-004	5,58216E-005	...........	68,20
	1546	15485,5	6,33536E-004	6,29386E-004	5,64132E-005	...........	68,18
	1547	15495,5	6,31883E-004	6,29673E-004	5,70666E-005	...........	68,19
	1548	15505,5	6,30637E-004	6,29236E-004	5,67532E-005	...........	68,17
	1549	15515,5	6,29770E-004	6,22227E-004	5,88782E-005	...........	68,15
	1550	15525,5	6,28674E-004	6,20940E-004	5,84799E-005	...........	68,16
	1551	15535,5	6,26857E-004	6,22899E-004	5,94182E-005	...........	68,14
	1552	15545,5	6,24700E-004	6,20928E-004	5,78649E-005	...........	68,13
	1553	15555,5	6,22886E-004	6,15880E-004	5,92966E-005	...........	68,10
	1554	15565,6	6,21415E-004	6,19405E-004	5,89749E-005	...........	68,06
	1555	15575,6	6,20050E-004	6,17780E-004	5,84899E-005	...........	68,01
	1556	15585,6	6,18969E-004	6,17961E-004	5,76099E-005	...........	68,00
	1557	15595,6	6,18344E-004	6,17554E-004	5,81932E-005	...........	68,03
	1558	15605,6	6,18057E-004	6,19068E-004	5,91482E-005	...........	68,07
	1559	15615,6	6,18185E-004	6,28025E-004	5,82066E-005	...........	68,11
	1560	15625,6	6,19253E-004	6,27273E-004	5,73532E-005	...........	68,12
	1561	15635,6	6,21435E-004	6,24691E-004	5,78216E-005	...........	68,09
	1562	15645,6	6,23690E-004	6,19081E-004	5,82966E-005	...........	68,09
	1563	15655,6	6,24540E-004	6,19617E-004	5,74716E-005	...........	68,07
	1564	15665,7	6,23593E-004	6,17767E-004	5,82299E-005	...........	68,04
	1565	15675,7	6,21706E-004	6,17921E-004	5,74132E-005	...........	68,04
	1566	15685,7	6,19908E-004	6,17840E-004	5,73816E-005	...........	68,03
	1567	15695,7	6,18584E-004	6,12307E-004	5,92682E-005	...........	67,97
	1568	15705,7	6,17364E-004	6,09812E-004	5,90999E-005	...........	67,95
	1569	15715,7	6,15614E-004	6,07034E-004	5,97066E-005	...........	67,95
	1570	15725,7	6,13267E-004	6,10129E-004	5,99816E-005	...........	67,99
	1571	15735,7	6,11076E-004	6,11697E-004	6,03566E-005	...........	68,05
	1572	15745,7	6,09925E-004	6,11511E-004	6,21149E-005	...........	68,09
	1573	15755,7	6,09902E-004	6,08730E-004	6,37399E-005	...........	68,09
	1574	15765,8	6,10265E-004	6,10317E-004	6,29499E-005	...........	68,07
	1575	15775,8	6,10290E-004	6,05831E-004	6,12316E-005	...........	68,03
	1576	15785,8	6,09692E-004	6,04032E-004	6,15099E-005	...........	68,01
	1577	15795,8	6,08466E-004	6,05159E-004	6,26549E-005	...........	68,01
	1578	15805,8	6,06953E-004	6,04874E-004	6,05732E-005	...........	68,00
	1579	15815,8	6,05641E-004	6,00338E-004	6,11766E-005	...........	68,00
	1580	15825,8	6,04537E-004	6,00544E-004	6,14282E-005	...........	67,99
	1581	15835,8	6,03391E-004	6,03569E-004	6,15549E-005	...........	68,02
	1582	15845,8	6,02389E-004	6,00499E-004	6,20032E-005	...........	68,08
	1583	15855,8	6,01852E-004	6,02279E-004	6,13432E-005	...........	68,12
	1584	15865,9	6,01674E-004	6,00544E-004	6,10382E-005	...........	68,14
	1585	15875,9	6,01586E-004	6,02227E-004	6,15682E-005	...........	68,21
	1586	15885,9	6,01600E-004	6,05755E-004	6,20482E-005	...........	68,26
	1587	15895,9	6,01992E-004	6,04415E-004	6,18249E-005	...........	68,31
	1588	15905,9	6,02768E-004	6,00849E-004	6,20482E-005	...........	68,33
	1589	15915,9	6,03350E-004	6,02550E-004	6,16232E-005	...........	68,31
	1590	15925,9	6,03344E-004	6,05250E-004	6,10416E-005	...........	68,28
	1591	15935,9	6,03158E-004	6,03648E-004	5,95866E-005	...........	68,28
	1592	15945,9	6,03270E-004	6,03397E-004	6,03332E-005	...........	68,30
	1593	15955,9	6,03512E-004	6,01494E-004	6,05266E-005	...........	68,30
	1594	15966	6,03418E-004	5,99929E-004	6,04599E-005	...........	68,30
	1595	15976	6,02782E-004	5,99758E-004	6,02249E-005	...........	68,32
	1596	15986	6,01802E-004	6,00772E-004	6,01499E-005	...........	68,33
	1597	15996	6,00867E-004	5,97540E-004	6,01649E-005	...........	68,32
	1598	16006	6,00079E-004	5,96029E-004	6,01999E-005	...........	68,26
	1599	16016	5,99164E-004	5,95225E-004	6,13666E-005	...........	68,24
	1600	16026	5,98010E-004	5,96763E-004	6,11216E-005	...........	68,23
	1601	16036	5,96854E-004	5,91132E-004	5,92499E-005	...........	68,20
	1602	16046	5,95783E-004	5,93390E-004	5,96732E-005	...........	68,23
	1603	16056	5,94739E-004	5,95150E-004	6,00199E-005	...........	68,31
	1604	16066,1	5,94053E-004	5,97490E-004	6,29732E-005	...........	68,38
	1605	16076,1	5,94200E-004	5,97652E-004	6,23316E-005	...........	68,39
	1606	16086,1	5,95084E-004	5,95735E-004	6,13816E-005	...........	68,36
	1607	16096,1	5,96051E-004	5,96924E-004	6,23232E-005	...........	68,33
	1608	16106,1	5,96497E-004	5,91760E-004	6,19166E-005	...........	68,27
	1609	16116,1	5,96130E-004	5,90767E-004	6,05949E-005	...........	68,20
	1610	16126,1	5,94824E-004	5,84752E-004	5,89982E-005	...........	68,16
	1611	16136,1	5,92622E-004	5,84873E-004	5,77232E-005	...........	68,15
	1612	16146,1	5,89910E-004	5,84432E-004	5,94049E-005	...........	68,14
	1613	16156,1	5,87372E-004	5,83244E-004	5,82149E-005	...........	68,17
	1614	16166,2	5,85541E-004	5,84970E-004	5,93582E-005	...........	68,19
	1615	16176,2	5,84531E-004	5,84091E-004	5,90782E-005	...........	68,23
	1616	16186,2	5,84061E-004	5,78662E-004	5,82082E-005	...........	68,25
	1617	16196,2	5,83536E-004	5,81375E-004	5,87466E-005	...........	68,29
	1618	16206,2	5,82590E-004	5,79279E-004	5,95982E-005	...........	68,34
	1619	16216,2	5,81500E-004	5,81208E-004	6,02266E-005	...........	68,34
	1620	16226,2	5,80842E-004	5,86236E-004	5,85532E-005	...........	68,37
	1621	16236,2	5,80916E-004	5,76034E-004	5,62616E-005	...........	68,33
	1622	16246,2	5,81244E-004	5,80145E-004	5,86716E-005	...........	68,32
	1623	16256,2	5,81025E-004	5,78338E-004	5,76266E-005	...........	68,35
	1624	16266,3	5,80253E-004	5,79656E-004	5,83749E-005	...........	68,35
	1625	16276,3	5,79535E-004	5,79173E-004	5,91349E-005	...........	68,35
	1626	16286,3	5,79144E-004	5,76660E-004	5,75999E-005	...........	68,36
	1627	16296,3	5,78758E-004	5,72721E-004	5,63416E-005	...........	68,29
	1628	16306,3	5,77803E-004	5,70670E-004	5,73132E-005	...........	68,22
	1629	16316,3	5,75929E-004	5,64148E-004	5,78332E-005	...........	68,17
	1630	16326,3	5,73205E-004	5,65653E-004	5,69232E-005	...........	68,13
	1631	16336,3	5,70188E-004	5,67358E-004	5,85799E-005	...........	68,12
	1632	16346,3	5,67801E-004	5,66126E-004	5,71649E-005	...........	68,11
	1633	16356,3	5,66555E-004	5,65022E-004	5,80466E-005	...........	68,11
	1634	16366,4	5,66068E-004	5,64062E-004	5,87382E-005	...........	68,11
	1635	16376,4	5,65746E-004	5,67308E-004	5,77282E-005	...........	68,15
	1636	16386,4	5,65471E-004	5,63622E-004	5,69266E-005	...........	68,16
	1637	16396,4	5,65248E-004	5,61345E-004	5,90332E-005	...........	68,17
	1638	16406,4	5,64818E-004	5,65047E-004	5,78466E-005	...........	68,22
	1639	16416,4	5,64193E-004	5,64020E-004	5,88766E-005	...........	68,28
	1640	16426,4	5,63724E-004	5,60205E-004	5,85716E-005	...........	68,34
	1641	16436,4	5,63469E-004	5,67446E-004	5,71716E-005	...........	68,37
	1642	16446,4	5,63421E-004	5,64362E-004	5,83082E-005	...........	68,37
	1643	16456,4	5,63747E-004	5,64605E-004	5,89232E-005	...........	68,38
	1644	16466,5	5,64281E-004	5,64663E-004	5,98066E-005	...........	68,38
	1645	16476,5	5,64569E-004	5,61208E-004	5,95399E-005	...........	68,37
	1646	16486,5	5,64317E-004	5,60776E-004	5,87199E-005	...........	68,33
	1647	16496,5	5,63416E-004	5,56607E-004	5,79966E-005	...........	68,30
	1648	16506,5	5,61876E-004	5,54546E-004	5,71016E-005	...........	68,28
	1649	16516,5	5,59851E-004	5,55038E-004	5,77799E-005	...........	68,31
	1650	16526,5	5,57804E-004	5,57147E-004	5,77966E-005	...........	68,35
	1651	16536,5	5,56482E-004	5,60774E-004	5,85116E-005	...........	68,41
	1652	16546,5	5,56418E-004	5,59839E-004	5,77866E-005	...........	68,48
	1653	16556,5	5,57402E-004	5,59820E-004	5,76932E-005	...........	68,54
	1654	16566,6	5,58679E-004	5,62098E-004	5,87632E-005	...........	68,58
	1655	16576,6	5,59689E-004	5,59074E-004	5,79599E-005	...........	68,59
	1656	16586,6	5,60235E-004	5,58505E-004	5,91099E-005	...........	68,56
	1657	16596,6	5,60093E-004	5,52157E-004	5,88699E-005	...........	68,52
	1658	16606,6	5,58959E-004	5,51024E-004	5,82449E-005	...........	68,48
	1659	16616,6	5,56852E-004	5,50749E-004	5,71016E-005	...........	68,46
	1660	16626,6	5,54446E-004	5,53300E-004	5,73532E-005	...........	68,45
	1661	16636,6	5,52679E-004	5,51611E-004	5,87482E-005	...........	68,43
	1662	16646,6	5,51897E-004	5,50591E-004	5,75549E-005	...........	68,42
	1663	16656,6	5,51605E-004	5,47904E-004	5,82249E-005	...........	68,43
	1664	16666,7	5,51141E-004	5,49809E-004	5,90032E-005	...........	68,42
	1665	16676,7	5,50380E-004	5,48407E-004	5,83932E-005	...........	68,40
	1666	16686,7	5,49633E-004	5,48736E-004	5,87732E-005	...........	68,42
	1667	16696,7	5,49018E-004	5,43201E-004	5,61449E-005	...........	68,44
	1668	16706,7	5,48239E-004	5,45698E-004	5,74866E-005	...........	68,45
	1669	16716,7	5,47116E-004	5,43866E-004	5,69582E-005	...........	68,44
	1670	16726,7	5,45927E-004	5,44107E-004	5,65249E-005	...........	68,47
	1671	16736,7	5,45082E-004	5,47744E-004	5,74966E-005	...........	68,51
	1672	16746,7	5,44891E-004	5,48213E-004	5,73799E-005	...........	68,55
	1673	16756,7	5,45469E-004	5,48384E-004	5,69999E-005	...........	68,57
	1674	16766,7	5,46505E-004	5,48193E-004	5,74766E-005	...........	68,60
	1675	16776,8	5,47422E-004	5,46294E-004	5,91449E-005	...........	68,60
	1676	16786,8	5,47804E-004	5,46531E-004	5,93016E-005	...........	68,62
	1677	16796,8	5,47603E-004	5,45594E-004	5,73632E-005	...........	68,66
	1678	16806,8	5,47073E-004	5,46270E-004	5,90232E-005	...........	68,72
	1679	16816,8	5,46500E-004	5,43854E-004	5,73866E-005	...........	68,76
	1680	16826,8	5,46019E-004	5,47760E-004	5,82999E-005	...........	68,77
	1681	16836,8	5,45736E-004	5,45127E-004	5,70016E-005	...........	68,73
	1682	16846,8	5,45705E-004	5,45519E-004	5,71199E-005	...........	68,71
	1683	16856,8	5,45722E-004	5,43510E-004	5,68549E-005	...........	68,68
	1684	16866,8	5,45486E-004	5,43427E-004	5,63849E-005	...........	68,68
	1685	16876,9	5,44925E-004	5,42734E-004	5,72716E-005	...........	68,70
	1686	16886,9	5,44159E-004	5,40368E-004	5,72732E-005	...........	68,73
	1687	16896,9	5,43297E-004	5,42008E-004	5,74699E-005	...........	68,76
	1688	16906,9	5,42403E-004	5,38234E-004	5,75132E-005	...........	68,77
	1689	16916,9	5,41465E-004	5,37360E-004	5,72682E-005	...........	68,78
	1690	16926,9	5,40391E-004	5,38155E-004	5,71482E-005	...........	68,80
	1691	16936,9	5,39281E-004	5,37856E-004	5,80632E-005	...........	68,82
	1692	16946,9	5,38525E-004	5,42204E-004	5,72299E-005	...........	68,83
	1693	16956,9	5,38385E-004	5,35025E-004	5,79449E-005	...........	68,84
	1694	16967	5,38533E-004	5,37837E-004	5,78799E-005	...........	68,87
	1695	16977	5,38502E-004	5,42593E-004	5,71049E-005	...........	68,90
	1696	16987	5,38576E-004	5,42406E-004	5,71116E-005	...........	68,95
	1697	16997	5,39382E-004	5,45450E-004	5,77932E-005	...........	68,97
	1698	17007	5,40790E-004	5,39027E-004	5,79049E-005	...........	68,97
	1699	17017	5,41919E-004	5,40434E-004	5,83466E-005	...........	68,97
	1700	17027	5,42105E-004	5,41412E-004	5,66566E-005	...........	68,99
	1701	17037	5,41640E-004	5,42238E-004	5,76566E-005	...........	69,03
	1702	17047	5,41230E-004	5,38925E-004	5,83249E-005	...........	69,04
	1703	17057	5,41000E-004	5,39117E-004	5,93816E-005	...........	69,04
	1704	17067,1	5,40588E-004	5,37259E-004	6,00366E-005	...........	69,06
	1705	17077,1	5,39822E-004	5,36992E-004	5,96182E-005	...........	69,05
	1706	17087,1	5,38835E-004	5,35441E-004	5,98432E-005	...........	69,04
	1707	17097,1	5,37762E-004	5,33343E-004	6,00166E-005	...........	69,04
	1708	17107,1	5,36604E-004	5,33158E-004	6,08349E-005	...........	68,98
	1709	17117,1	5,35331E-004	5,30180E-004	6,01266E-005	...........	68,91
	1710	17127,1	5,33844E-004	5,24035E-004	5,82232E-005	...........	68,83
	1711	17137,1	5,31915E-004	5,27053E-004	5,86616E-005	...........	68,77
	1712	17147,1	5,29695E-004	5,27837E-004	6,00566E-005	...........	68,76
	1713	17157,1	5,28006E-004	5,30657E-004	6,10182E-005	...........	68,76
	1714	17167,2	5,27393E-004	5,22301E-004	5,79516E-005	...........	68,73
	1715	17177,2	5,27224E-004	5,22757E-004	5,71632E-005	...........	68,72
	1716	17187,2	5,26414E-004	5,19213E-004	5,75782E-005	...........	68,70
	1717	17197,2	5,24711E-004	5,20697E-004	5,77416E-005	...........	68,68
	1718	17207,2	5,22733E-004	5,18490E-004	5,80282E-005	...........	68,68
	1719	17217,2	5,21109E-004	5,19589E-004	5,87249E-005	...........	68,66
	1720	17227,2	5,20046E-004	5,19044E-004	5,81799E-005	...........	68,66
	1721	17237,2	5,19486E-004	5,19881E-004	5,72116E-005	...........	68,69
	1722	17247,2	5,19399E-004	5,24422E-004	5,78049E-005	...........	68,71
	1723	17257,2	5,19922E-004	5,23982E-004	5,84732E-005	...........	68,75
	1724	17267,3	5,21095E-004	5,25433E-004	5,74799E-005	...........	68,77
	1725	17277,3	5,22534E-004	5,23385E-004	5,69849E-005	...........	68,78
	1726	17287,3	5,23628E-004	5,22757E-004	5,75249E-005	...........	68,74
	1727	17297,3	5,23880E-004	5,16011E-004	5,68316E-005	...........	68,73
	1728	17307,3	5,22916E-004	5,12717E-004	5,56449E-005	...........	68,75
	1729	17317,3	5,20695E-004	5,14999E-004	5,90766E-005	...........	68,77
	1730	17327,3	5,17937E-004	5,13403E-004	5,81832E-005	...........	68,78
	1731	17337,3	5,15706E-004	5,14723E-004	5,78116E-005	...........	68,80
	1732	17347,3	5,14535E-004	5,16284E-004	5,79899E-005	...........	68,78
	1733	17357,3	5,14286E-004	5,12999E-004	5,64616E-005	...........	68,73
	1734	17367,3	5,14383E-004	5,11224E-004	5,65149E-005	...........	68,66
	1735	17377,4	5,14003E-004	5,04287E-004	5,65982E-005	...........	68,62
	1736	17387,4	5,12478E-004	5,02454E-004	5,74949E-005	...........	68,60
	1737	17397,4	5,09801E-004	5,02655E-004	5,69399E-005	...........	68,64
	1738	17407,4	5,06761E-004	5,01819E-004	5,72816E-005	...........	68,68
	1739	17417,4	5,04387E-004	5,05880E-004	5,50899E-005	...........	68,66
	1740	17427,4	5,03268E-004	5,04344E-004	5,59166E-005	...........	68,68
	1741	17437,4	5,03224E-004	5,00801E-004	5,84549E-005	...........	68,65
	1742	17447,4	5,03396E-004	5,00749E-004	5,87816E-005	...........	68,66
	1743	17457,4	5,03079E-004	5,03151E-004	5,78466E-005	...........	68,71
	1744	17467,5	5,02577E-004	5,08047E-004	5,68416E-005	...........	68,77
	1745	17477,5	5,02805E-004	5,08606E-004	5,57532E-005	...........	68,82
	1746	17487,5	5,04121E-004	5,08023E-004	5,60882E-005	...........	68,86
	1747	17497,5	5,05817E-004	5,03761E-004	5,77066E-005	...........	68,84
	1748	17507,5	5,06752E-004	5,02553E-004	5,70216E-005	...........	68,81
	1749	17517,5	5,06424E-004	5,05288E-004	5,49349E-005	...........	68,80
	1750	17527,5	5,05382E-004	5,02890E-004	5,74982E-005	...........	68,82
	1751	17537,5	5,04511E-004	5,06705E-004	5,66599E-005	...........	68,79
	1752	17547,5	5,04223E-004	5,03843E-004	5,77682E-005	...........	68,77
	1753	17557,5	5,04339E-004	5,02800E-004	5,75749E-005	...........	68,76
	1754	17567,6	5,04325E-004	5,00369E-004	5,86699E-005	...........	68,74
	1755	17577,6	5,03791E-004	5,02551E-004	5,84916E-005	...........	68,74
	1756	17587,6	5,02950E-004	5,02834E-004	5,76982E-005	...........	68,74
	1757	17597,6	5,02375E-004	5,03808E-004	5,69949E-005	...........	68,77
	1758	17607,6	5,02354E-004	5,02830E-004	5,73682E-005	...........	68,81
	1759	17617,6	5,02658E-004	5,02388E-004	5,86032E-005	...........	68,83
	1760	17627,6	5,02884E-004	5,02321E-004	5,90716E-005	...........	68,85
	1761	17637,6	5,02773E-004	4,98169E-004	6,02882E-005	...........	68,84
	1762	17647,6	5,02147E-004	4,97018E-004	5,90316E-005	...........	68,83
	1763	17657,6	5,00944E-004	4,97777E-004	6,04566E-005	...........	68,81
	1764	17667,7	4,99503E-004	4,97863E-004	5,95082E-005	...........	68,79
	1765	17677,7	4,98394E-004	4,98198E-004	5,91999E-005	...........	68,80
	1766	17687,7	4,97846E-004	4,96080E-004	5,91466E-005	...........	68,80
	1767	17697,7	4,97556E-004	4,94594E-004	5,92516E-005	...........	68,80
	1768	17707,7	4,97082E-004	4,94926E-004	5,81732E-005	...........	68,82
	1769	17717,7	4,96312E-004	4,93896E-004	5,74832E-005	...........	68,83
	1770	17727,7	4,95386E-004	4,89461E-004	5,80866E-005	...........	68,81
	1771	17737,7	4,94278E-004	4,91088E-004	5,83082E-005	...........	68,79
	1772	17747,7	4,92982E-004	4,91254E-004	5,71582E-005	...........	68,77
	1773	17757,7	4,91829E-004	4,89924E-004	5,71316E-005	...........	68,75
	1774	17767,8	4,91044E-004	4,87953E-004	5,76116E-005	...........	68,74
	1775	17777,8	4,90411E-004	4,88707E-004	5,83399E-005	...........	68,77
	1776	17787,8	4,89725E-004	4,88612E-004	5,87166E-005	...........	68,79
	1777	17797,8	4,89049E-004	4,85451E-004	5,93766E-005	...........	68,81
	1778	17807,8	4,88385E-004	4,86554E-004	5,79916E-005	...........	68,81
	1779	17817,8	4,87665E-004	4,86989E-004	5,91816E-005	...........	68,79
	1780	17827,8	4,86983E-004	4,83402E-004	5,86532E-005	...........	68,77
	1781	17837,8	4,86373E-004	4,85311E-004	5,91132E-005	...........	68,77
	1782	17847,8	4,85710E-004	4,82244E-004	6,02816E-005	...........	68,75
	1783	17857,8	4,85009E-004	4,86399E-004	5,89699E-005	...........	68,77
	1784	17867,8	4,84479E-004	4,82250E-004	5,90282E-005	...........	68,81
	1785	17877,9	4,84231E-004	4,85880E-004	6,01466E-005	...........	68,83
	1786	17887,9	4,84169E-004	4,82587E-004	5,94099E-005	...........	68,83
	1787	17897,9	4,84045E-004	4,79384E-004	5,92549E-005	...........	68,83
	1788	17907,9	4,83479E-004	4,79265E-004	5,83282E-005	...........	68,84
	1789	17917,9	4,82346E-004	4,80630E-004	5,82732E-005	...........	68,81
	1790	17927,9	4,81088E-004	4,78499E-004	5,83582E-005	...........	68,79
	1791	17937,9	4,80032E-004	4,72181E-004	5,88516E-005	...........	68,76
	1792	17947,9	4,78867E-004	4,76604E-004	5,79932E-005	...........	68,78
	1793	17957,9	4,77417E-004	4,75109E-004	5,78916E-005	...........	68,79
	1794	17968	4,76176E-004	4,75989E-004	5,77999E-005	...........	68,80
	1795	17978	4,75626E-004	4,78724E-004	5,81249E-005	...........	68,84
	1796	17988	4,75835E-004	4,78982E-004	5,86449E-005	...........	68,85
	1797	17998	4,76593E-004	4,77261E-004	5,85632E-005	...........	68,83
	1798	18008	4,77374E-004	4,75098E-004	6,02649E-005	...........	68,80
	1799	18018	4,77587E-004	4,76066E-004	5,82549E-005	...........	68,80
	1800	18028	4,77068E-004	4,71304E-004	6,11899E-005	...........	68,82
	1801	18038	4,75889E-004	4,66464E-004	6,20482E-005	...........	68,84
	1802	18048	4,74027E-004	4,69999E-004	6,01749E-005	...........	68,87
	1803	18058	4,71855E-004	4,70233E-004	6,09782E-005	...........	68,88
	1804	18068,1	4,70234E-004	4,69617E-004	6,14549E-005	...........	68,88
	1805	18078,1	4,69486E-004	4,65039E-004	6,07999E-005	...........	68,89
	1806	18088,1	4,69079E-004	4,70478E-004	6,07132E-005	...........	68,92
	1807	18098,1	4,68695E-004	4,70761E-004	6,18866E-005	...........	68,98
	1808	18108,1	4,68765E-004	4,74652E-004	6,05066E-005	...........	69,02
	1809	18118,1	4,69688E-004	4,73978E-004	5,98116E-005	...........	69,02
	1810	18128,1	4,71196E-004	4,73506E-004	5,86232E-005	...........	69,02
	1811	18138,1	4,72542E-004	4,70452E-004	6,14166E-005	...........	69,01
	1812	18148,1	4,73004E-004	4,67531E-004	6,22916E-005	...........	69,02
	1813	18158,1	4,72298E-004	4,67460E-004	6,23149E-005	...........	68,99
	1814	18168,2	4,70807E-004	4,68964E-004	6,15316E-005	...........	68,92
	1815	18178,2	4,69230E-004	4,61774E-004	6,10382E-005	...........	68,83
	1816	18188,2	4,67768E-004	4,62752E-004	6,14582E-005	...........	68,75
	1817	18198,2	4,66131E-004	4,60598E-004	6,06049E-005	...........	68,72
	1818	18208,2	4,64244E-004	4,57029E-004	6,01332E-005	...........	68,72
	1819	18218,2	4,62275E-004	4,57907E-004	5,98199E-005	...........	68,68
	1820	18228,2	4,60382E-004	4,56278E-004	6,05966E-005	...........	68,67
	1821	18238,2	4,58752E-004	4,55020E-004	6,05766E-005	...........	68,67
	1822	18248,2	4,57485E-004	4,56740E-004	6,04132E-005	...........	68,67
	1823	18258,2	4,56623E-004	4,56459E-004	6,02182E-005	...........	68,72
	1824	18268,2	4,56210E-004	4,55821E-004	5,94666E-005	...........	68,77
	1825	18278,3	4,56164E-004	4,58158E-004	6,02232E-005	...........	68,82
	1826	18288,3	4,56399E-004	4,59613E-004	6,08366E-005	...........	68,84
	1827	18298,3	4,56951E-004	4,58106E-004	6,02666E-005	...........	68,85
	1828	18308,3	4,57605E-004	4,54507E-004	6,07049E-005	...........	68,85
	1829	18318,3	4,57777E-004	4,54551E-004	5,93549E-005	...........	68,86
	1830	18328,3	4,57195E-004	4,56892E-004	6,04599E-005	...........	68,86
	1831	18338,3	4,56416E-004	4,59171E-004	6,06866E-005	...........	68,84
	1832	18348,3	4,56227E-004	4,57357E-004	6,00299E-005	...........	68,81
	1833	18358,3	4,56668E-004	4,55418E-004	6,01116E-005	...........	68,76
	1834	18368,3	4,57006E-004	4,52871E-004	6,20949E-005	...........	68,72
	1835	18378,4	4,56461E-004	4,45941E-004	5,91866E-005	...........	68,68
	1836	18388,4	4,54768E-004	4,51230E-004	6,00816E-005	...........	68,65
	1837	18398,4	4,52540E-004	4,51481E-004	6,04532E-005	...........	68,63
	1838	18408,4	4,50873E-004	4,48452E-004	6,05899E-005	...........	68,60
	1839	18418,4	4,50077E-004	4,46018E-004	5,89232E-005	...........	68,62
	1840	18428,4	4,49444E-004	4,45967E-004	5,95016E-005	...........	68,67
	1841	18438,4	4,48498E-004	4,48245E-004	6,14666E-005	...........	68,73
	1842	18448,4	4,47694E-004	4,53060E-004	6,12949E-005	...........	68,82
	1843	18458,4	4,47833E-004	4,52774E-004	6,18449E-005	...........	68,87
	1844	18468,5	4,49078E-004	4,53030E-004	6,06232E-005	...........	68,88
	1845	18478,5	4,50708E-004	4,50885E-004	6,07732E-005	...........	68,84
	1846	18488,5	4,51765E-004	4,48282E-004	6,00299E-005	...........	68,82
	1847	18498,5	4,51780E-004	4,49949E-004	6,16382E-005	...........	68,83
	1848	18508,5	4,51023E-004	4,49126E-004	6,00732E-005	...........	68,82
	1849	18518,5	4,50139E-004	4,48516E-004	6,08166E-005	...........	68,82
	1850	18528,5	4,49474E-004	4,47385E-004	6,00566E-005	...........	68,85
	1851	18538,5	4,49033E-004	4,52413E-004	6,08382E-005	...........	68,89
	1852	18548,5	4,48978E-004	4,51638E-004	6,05066E-005	...........	68,97
	1853	18558,5	4,49591E-004	4,55273E-004	6,07666E-005	...........	69,05
	1854	18568,6	4,50843E-004	4,55075E-004	6,04949E-005	...........	69,11
	1855	18578,6	4,52390E-004	4,55988E-004	6,05799E-005	...........	69,16
	1856	18588,6	4,53885E-004	4,58505E-004	6,13299E-005	...........	69,20
	1857	18598,6	4,55115E-004	4,53160E-004	6,15132E-005	...........	69,19
	1858	18608,6	4,55700E-004	4,48037E-004	6,00332E-005	...........	69,14
	1859	18618,6	4,55004E-004	4,46680E-004	5,98666E-005	...........	69,10
	1860	18628,6	4,52911E-004	4,45890E-004	5,96949E-005	...........	69,04
	1861	18638,6	4,50223E-004	4,45191E-004	5,90699E-005	...........	68,97
	1862	18648,6	4,47850E-004	4,42360E-004	6,10649E-005	...........	68,92
	1863	18658,6	4,45958E-004	4,38183E-004	6,24616E-005	...........	68,90
	1864	18668,7	4,44058E-004	4,35438E-004	6,15782E-005	...........	68,90
	1865	18678,7	4,41784E-004	4,37364E-004	6,21799E-005	...........	68,89
	1866	18688,7	4,39498E-004	4,37722E-004	6,20299E-005	...........	68,87
	1867	18698,7	4,37948E-004	4,39140E-004	6,09949E-005	...........	68,88
	1868	18708,7	4,37443E-004	4,37410E-004	6,10666E-005	...........	68,91
	1869	18718,7	4,37562E-004	4,35805E-004	6,22099E-005	...........	68,96
	1870	18728,7	4,37606E-004	4,35886E-004	6,08016E-005	...........	69,01
	1871	18738,7	4,37264E-004	4,37100E-004	6,15366E-005	...........	69,04
	1872	18748,7	4,36826E-004	4,38048E-004	6,06482E-005	...........	69,06
	1873	18758,7	4,36686E-004	4,36352E-004	6,08816E-005	...........	69,06
	1874	18768,8	4,36780E-004	4,34408E-004	6,08099E-005	...........	69,06
	1875	18778,8	4,36757E-004	4,39136E-004	6,14582E-005	...........	69,06
	1876	18788,8	4,36591E-004	4,34535E-004	6,08516E-005	...........	69,03
	1877	18798,8	4,36400E-004	4,32509E-004	6,17549E-005	...........	68,98
	1878	18808,8	4,35858E-004	4,29522E-004	5,95432E-005	...........	68,93
	1879	18818,8	4,34559E-004	4,28038E-004	5,92049E-005	...........	68,88
	1880	18828,8	4,32616E-004	4,27112E-004	5,96466E-005	...........	68,83
	1881	18838,8	4,30515E-004	4,25338E-004	5,87316E-005	...........	68,80
	1882	18848,8	4,28638E-004	4,24741E-004	5,81182E-005	...........	68,80
	1883	18858,8	4,27084E-004	4,23504E-004	5,97832E-005	...........	68,76
	1884	18868,8	4,25845E-004	4,25255E-004	5,93699E-005	...........	68,73
	1885	18878,9	4,25006E-004	4,25103E-004	5,83282E-005	...........	68,71
	1886	18888,9	4,24749E-004	4,29558E-004	5,82066E-005	...........	68,73
	1887	18898,9	4,25176E-004	4,26250E-004	5,90499E-005	...........	68,78
	1888	18908,9	4,26056E-004	4,28619E-004	5,80416E-005	...........	68,82
	1889	18918,9	4,26885E-004	4,25812E-004	5,91099E-005	...........	68,87
	1890	18928,9	4,27309E-004	4,27895E-004	5,90599E-005	...........	68,92
	1891	18938,9	4,27385E-004	4,28383E-004	5,89199E-005	...........	68,97
	1892	18948,9	4,27374E-004	4,25362E-004	5,95599E-005	...........	69,01
	1893	18958,9	4,27252E-004	4,22837E-004	6,02332E-005	...........	69,02
	1894	18969	4,26672E-004	4,23760E-004	6,21216E-005	...........	68,99
	1895	18979	4,25618E-004	4,23820E-004	6,11016E-005	...........	68,97
	1896	18989	4,24529E-004	4,21249E-004	6,17132E-005	...........	68,97
	1897	18999	4,23647E-004	4,20982E-004	6,14416E-005	...........	68,99
	1898	19009	4,22860E-004	4,22053E-004	6,16732E-005	...........	69,04
	1899	19019	4,22219E-004	4,23912E-004	5,95416E-005	...........	69,07
	1900	19029	4,22056E-004	4,25146E-004	6,02016E-005	...........	69,09
	1901	19039	4,22473E-004	4,21432E-004	6,23882E-005	...........	69,09
	1902	19049	4,22992E-004	4,20986E-004	6,05416E-005	...........	69,11
	1903	19059	4,22976E-004	4,20008E-004	6,09166E-005	...........	69,14
	1904	19069,1	4,22401E-004	4,24924E-004	5,90932E-005	...........	69,17
	1905	19079,1	4,21900E-004	4,21271E-004	6,21749E-005	...........	69,21
	1906	19089,1	4,21851E-004	4,20621E-004	6,12832E-005	...........	69,26
	1907	19099,1	4,22017E-004	4,26368E-004	5,97666E-005	...........	69,30
	1908	19109,1	4,22303E-004	4,23857E-004	5,95099E-005	...........	69,32
	1909	19119,1	4,22825E-004	4,20764E-004	6,16449E-005	...........	69,34
	1910	19129,1	4,23209E-004	4,21501E-004	6,23249E-005	...........	69,40
	1911	19139,1	4,23016E-004	4,22771E-004	6,14249E-005	...........	69,45
	1912	19149,1	4,22604E-004	4,27239E-004	5,97916E-005	...........	69,47
	1913	19159,1	4,22699E-004	4,23045E-004	6,06532E-005	...........	69,45
	1914	19169,2	4,23229E-004	4,17088E-004	6,28216E-005	...........	69,41
	1915	19179,2	4,23128E-004	4,15458E-004	6,25899E-005	...........	69,39
	1916	19189,2	4,21678E-004	4,17235E-004	6,36449E-005	...........	69,39
	1917	19199,2	4,19491E-004	4,15660E-004	6,24449E-005	...........	69,39
	1918	19209,2	4,17663E-004	4,16545E-004	6,37249E-005	...........	69,32
	1919	19219,2	4,16590E-004	4,13448E-004	6,35949E-005	...........	69,24
	1920	19229,2	4,15863E-004	4,10086E-004	6,17716E-005	...........	69,16
	1921	19239,2	4,14785E-004	4,06904E-004	6,18832E-005	...........	69,13
	1922	19249,2	4,13048E-004	4,10582E-004	6,15949E-005	...........	69,14
	1923	19259,2	4,11177E-004	4,10662E-004	6,14432E-005	...........	69,17
	1924	19269,3	4,09887E-004	4,03404E-004	6,26549E-005	...........	69,14
	1925	19279,3	4,09043E-004	4,07614E-004	6,07299E-005	...........	69,10
	1926	19289,3	4,08146E-004	4,07284E-004	6,16349E-005	...........	69,09
	1927	19299,3	4,07282E-004	4,04088E-004	6,34932E-005	...........	69,10
	1928	19309,3	4,06703E-004	4,08445E-004	6,27482E-005	...........	69,13
	1929	19319,3	4,06363E-004	4,03533E-004	6,28632E-005	...........	69,16
	1930	19329,3	4,06107E-004	4,05096E-004	6,22666E-005	...........	69,18
	1931	19339,3	4,05740E-004	4,03649E-004	6,25166E-005	...........	69,13
	1932	19349,3	4,05227E-004	4,05114E-004	6,29216E-005	...........	69,11
	1933	19359,3	4,04764E-004	4,03789E-004	6,26449E-005	...........	69,11
	1934	19369,3	4,04428E-004	4,01435E-004	6,22699E-005	...........	69,13
	1935	19379,4	4,04118E-004	4,07624E-004	6,25932E-005	...........	69,16
	1936	19389,4	4,03991E-004	4,05758E-004	6,23299E-005	...........	69,15
	1937	19399,4	4,04305E-004	4,03170E-004	6,33349E-005	...........	69,14
	1938	19409,4	4,04743E-004	4,03773E-004	6,38416E-005	...........	69,13
	1939	19419,4	4,04752E-004	4,02881E-004	6,48599E-005	...........	69,11
	1940	19429,4	4,04200E-004	3,97530E-004	6,31182E-005	...........	69,07
	1941	19439,4	4,03099E-004	3,97845E-004	6,24266E-005	...........	69,03
	1942	19449,4	4,01438E-004	3,95013E-004	6,11166E-005	...........	69,00
	1943	19459,4	3,99507E-004	3,96783E-004	6,05982E-005	...........	68,99
	1944	19469,5	3,97825E-004	3,96076E-004	6,09049E-005	...........	68,98
	1945	19479,5	3,96665E-004	3,91645E-004	6,19866E-005	...........	68,98
	1946	19489,5	3,95771E-004	3,93460E-004	6,25199E-005	...........	69,00
	1947	19499,5	3,94767E-004	3,90819E-004	6,13466E-005	...........	68,99
	1948	19509,5	3,93683E-004	3,93102E-004	6,16599E-005	...........	69,00
	1949	19519,5	3,92755E-004	3,88685E-004	6,21399E-005	...........	69,05
	1950	19529,5	3,91973E-004	3,89609E-004	6,21882E-005	...........	69,12
	1951	19539,5	3,91246E-004	3,93825E-004	6,20916E-005	...........	69,18
	1952	19549,5	3,90832E-004	3,91182E-004	6,21866E-005	...........	69,23
	1953	19559,5	3,91038E-004	3,95069E-004	6,09549E-005	...........	69,29
	1954	19569,6	3,91832E-004	3,97999E-004	6,28016E-005	...........	69,37
	1955	19579,6	3,93111E-004	3,96717E-004	6,10999E-005	...........	69,39
	1956	19589,6	3,94623E-004	3,95484E-004	6,16082E-005	...........	69,40
	1957	19599,6	3,95785E-004	3,95556E-004	6,15582E-005	...........	69,39
	1958	19609,6	3,96163E-004	3,92858E-004	6,20616E-005	...........	69,37
	1959	19619,6	3,95759E-004	3,91884E-004	6,22216E-005	...........	69,33
	1960	19629,6	3,94824E-004	3,93080E-004	6,07632E-005	...........	69,30
	1961	19639,6	3,93766E-004	3,91868E-004	6,09816E-005	...........	69,22
	1962	19649,6	3,92814E-004	3,84500E-004	6,12166E-005	...........	69,15
	1963	19659,6	3,91514E-004	3,80882E-004	6,06716E-005	...........	69,11
	1964	19669,7	3,89236E-004	3,81265E-004	5,98116E-005	...........	69,14
	1965	19679,7	3,86184E-004	3,77752E-004	6,16332E-005	...........	69,20
	1966	19689,7	3,83238E-004	3,80643E-004	5,98899E-005	...........	69,25
	1967	19699,7	3,81268E-004	3,88340E-004	6,05516E-005	...........	69,31
	1968	19709,7	3,80934E-004	3,84242E-004	6,10099E-005	...........	69,32
	1969	19719,7	3,81985E-004	3,78697E-004	6,18349E-005	...........	69,28
	1970	19729,7	3,82951E-004	3,80257E-004	6,07649E-005	...........	69,24
	1971	19739,7	3,82652E-004	3,76806E-004	6,23799E-005	...........	69,17
	1972	19749,7	3,81256E-004	3,76017E-004	6,19566E-005	...........	69,17
	1973	19759,7	3,79529E-004	3,77881E-004	6,08449E-005	...........	69,19
	1974	19769,8	3,78100E-004	3,76608E-004	6,13132E-005	...........	69,24
	1975	19779,8	3,77429E-004	3,84696E-004	5,96999E-005	...........	69,29
	1976	19789,8	3,77882E-004	3,84497E-004	6,04749E-005	...........	69,36
	1977	19799,8	3,79576E-004	3,88668E-004	6,14149E-005	...........	69,42
	1978	19809,8	3,82039E-004	3,85388E-004	6,05849E-005	...........	69,45
	1979	19819,8	3,84407E-004	3,89341E-004	6,03466E-005	...........	69,46
	1980	19829,8	3,86140E-004	3,88688E-004	6,20616E-005	...........	69,44
	1981	19839,8	3,87215E-004	3,84730E-004	6,14149E-005	...........	69,43
	1982	19849,8	3,87537E-004	3,81806E-004	6,03316E-005	...........	69,42
	1983	19859,8	3,86885E-004	3,85127E-004	6,21832E-005	...........	69,40
	1984	19869,8	3,85583E-004	3,81390E-004	6,17232E-005	...........	69,40
	1985	19879,9	3,84293E-004	3,81849E-004	6,13149E-005	...........	69,38
	1986	19889,9	3,83277E-004	3,81208E-004	6,10549E-005	...........	69,36
	1987	19899,9	3,82485E-004	3,81878E-004	6,21182E-005	...........	69,38
	1988	19909,9	3,81977E-004	3,83532E-004	6,30516E-005	...........	69,39
	1989	19919,9	3,81866E-004	3,81673E-004	6,02049E-005	...........	69,42
	1990	19929,9	3,82038E-004	3,81991E-004	6,10266E-005	...........	69,41
	1991	19939,9	3,82184E-004	3,81420E-004	6,01749E-005	...........	69,44
	1992	19949,9	3,82165E-004	3,83800E-004	6,10282E-005	...........	69,48
	1993	19959,9	3,82311E-004	3,90425E-004	6,10432E-005	...........	69,49
	1994	19970	3,83183E-004	3,86303E-004	6,21099E-005	...........	69,50
	1995	19980	3,84681E-004	3,83429E-004	6,08116E-005	...........	69,55
	1996	19990	3,85756E-004	3,82000E-004	6,23599E-005	...........	69,60
	1997	20000	3,85600E-004	3,82857E-004	6,14682E-005	...........	69,66
	1998	20010	3,84603E-004	3,85075E-004	6,30732E-005	...........	69,71
	1999	20020	3,83803E-004	3,86364E-004	6,11849E-005	...........	69,72
	2000	20030	3,83765E-004	3,82474E-004	6,07649E-005	...........	69,71
	2001	20040	3,84061E-004	3,80094E-004	5,96382E-005	...........	69,70
	2002	20050	3,83828E-004	3,79961E-004	6,09049E-005	...........	69,66
	2003	20060	3,82762E-004	3,77312E-004	6,26616E-005	...........	69,59
	2004	20070,1	3,81196E-004	3,75911E-004	6,16716E-005	...........	69,49
	2005	20080,1	3,79435E-004	3,71946E-004	6,40299E-005	...........	69,42
	2006	20090,1	3,77502E-004	3,71737E-004	6,32416E-005	...........	69,41
	2007	20100,1	3,75408E-004	3,68732E-004	6,34866E-005	...........	69,40
	2008	20110,1	3,73378E-004	3,72176E-004	6,38099E-005	...........	69,42
	2009	20120,1	3,71845E-004	3,71933E-004	6,33932E-005	...........	69,41
	2010	20130,1	3,71101E-004	3,68991E-004	6,30649E-005	...........	69,38
	2011	20140,1	3,70794E-004	3,65837E-004	6,30532E-005	...........	69,32
	2012	20150,1	3,70138E-004	3,64870E-004	6,44449E-005	...........	69,28
	2013	20160,1	3,68774E-004	3,63892E-004	6,21149E-005	...........	69,26
	2014	20170,2	3,67012E-004	3,61624E-004	6,30432E-005	...........	69,21
	2015	20180,2	3,65254E-004	3,60615E-004	6,46216E-005	...........	69,16
	2016	20190,2	3,63615E-004	3,58714E-004	6,45866E-005	...........	69,12
	2017	20200,2	3,62037E-004	3,56784E-004	6,58599E-005	...........	69,07
	2018	20210,2	3,60458E-004	3,56286E-004	6,73199E-005	...........	69,06
	2019	20220,2	3,58927E-004	3,56113E-004	6,65066E-005	...........	69,07
	2020	20230,2	3,57661E-004	3,57486E-004	6,57399E-005	...........	69,07
	2021	20240,2	3,56886E-004	3,55831E-004	6,66316E-005	...........	69,05
	2022	20250,2	3,56438E-004	3,49430E-004	6,71616E-005	...........	69,01
	2023	20260,2	3,55700E-004	3,52447E-004	6,61249E-005	...........	69,02
	2024	20270,2	3,54497E-004	3,57578E-004	6,48316E-005	...........	69,07
	2025	20280,3	3,53692E-004	3,57136E-004	6,66016E-005	...........	69,13
	2026	20290,3	3,54082E-004	3,58341E-004	6,50966E-005	...........	69,17
	2027	20300,3	3,55349E-004	3,57336E-004	6,67632E-005	...........	69,16
	2028	20310,3	3,56607E-004	3,56973E-004	6,49932E-005	...........	69,14
	2029	20320,3	3,57281E-004	3,55660E-004	6,63732E-005	...........	69,10
	2030	20330,3	3,57150E-004	3,48647E-004	6,81032E-005	...........	69,02
	2031	20340,3	3,56049E-004	3,50432E-004	6,72282E-005	...........	68,99
	2032	20350,3	3,54173E-004	3,52269E-004	6,57849E-005	...........	68,95
	2033	20360,3	3,52301E-004	3,46963E-004	6,78532E-005	...........	68,88
	2034	20370,3	3,50896E-004	3,46221E-004	6,81399E-005	...........	68,86
	2035	20380,4	3,49715E-004	3,49959E-004	6,68999E-005	...........	68,90
	2036	20390,4	3,48733E-004	3,48310E-004	6,67849E-005	...........	68,96
	2037	20400,4	3,48306E-004	3,50130E-004	6,59449E-005	...........	69,01
	2038	20410,4	3,48495E-004	3,50891E-004	6,58399E-005	...........	69,05
	2039	20420,4	3,49074E-004	3,51427E-004	6,53516E-005	...........	69,06
	2040	20430,4	3,49777E-004	3,49026E-004	6,66032E-005	...........	69,07
	2041	20440,4	3,50241E-004	3,48523E-004	6,70516E-005	...........	69,09
	2042	20450,4	3,50182E-004	3,48897E-004	6,59516E-005	...........	69,11
	2043	20460,4	3,49754E-004	3,50730E-004	6,56182E-005	...........	69,11
	2044	20470,5	3,49378E-004	3,47088E-004	6,77649E-005	...........	69,08
	2045	20480,5	3,49133E-004	3,46789E-004	6,66682E-005	...........	69,05
	2046	20490,5	3,48694E-004	3,45463E-004	6,83999E-005	...........	69,00
	2047	20500,5	3,47904E-004	3,45961E-004	6,68132E-005	...........	68,99
	2048	20510,5	3,47035E-004	3,47449E-004	6,65249E-005	...........	68,98
	2049	20520,5	3,46457E-004	3,44840E-004	6,74582E-005	...........	68,98
	2050	20530,5	3,46219E-004	3,46396E-004	6,82616E-005	...........	68,93
	2051	20540,5	3,46003E-004	3,40328E-004	6,83699E-005	...........	68,83
	2052	20550,5	3,45270E-004	3,35531E-004	6,69516E-005	...........	68,78
	2053	20560,5	3,43522E-004	3,35942E-004	6,74066E-005	...........	68,73
	2054	20570,6	3,40917E-004	3,35239E-004	6,70566E-005	...........	68,70
	2055	20580,6	3,38319E-004	3,34164E-004	6,58399E-005	...........	68,73
	2056	20590,6	3,36428E-004	3,35317E-004	6,62766E-005	...........	68,76
	2057	20600,6	3,35433E-004	3,38831E-004	6,78999E-005	...........	68,83
	2058	20610,6	3,35361E-004	3,37606E-004	6,79432E-005	...........	68,86
	2059	20620,6	3,36067E-004	3,39864E-004	6,77482E-005	...........	68,94
	2060	20630,6	3,37192E-004	3,42378E-004	6,91866E-005	...........	69,00
	2061	20640,6	3,38458E-004	3,39849E-004	6,83249E-005	...........	69,01
	2062	20650,6	3,39580E-004	3,38704E-004	6,72482E-005	...........	69,06
	2063	20660,6	3,40217E-004	3,43003E-004	6,77232E-005	...........	69,08
	2064	20670,7	3,40406E-004	3,38442E-004	6,92149E-005	...........	69,10
	2065	20680,7	3,40448E-004	3,41181E-004	6,85982E-005	...........	69,07
	2066	20690,7	3,40385E-004	3,37491E-004	6,80349E-005	...........	69,01
	2067	20700,7	3,40014E-004	3,34688E-004	6,67632E-005	...........	68,98
	2068	20710,7	3,39119E-004	3,35618E-004	6,74732E-005	...........	68,96
	2069	20720,7	3,37782E-004	3,34606E-004	6,58466E-005	...........	68,94
	2070	20730,7	3,36489E-004	3,36438E-004	6,53732E-005	...........	68,95
	2071	20740,7	3,35685E-004	3,35066E-004	6,55799E-005	...........	68,97
	2072	20750,7	3,35398E-004	3,35015E-004	6,75082E-005	...........	68,95
	2073	20760,7	3,35310E-004	3,33388E-004	6,67532E-005	...........	68,93
	2074	20770,8	3,35019E-004	3,30289E-004	6,63416E-005	...........	68,92
	2075	20780,8	3,34240E-004	3,30131E-004	6,60999E-005	...........	68,92
	2076	20790,8	3,33003E-004	3,30336E-004	6,49916E-005	...........	68,94
	2077	20800,8	3,31728E-004	3,30856E-004	6,60066E-005	...........	69,01
	2078	20810,8	3,30978E-004	3,36256E-004	6,81099E-005	...........	69,05
	2079	20820,8	3,31229E-004	3,37752E-004	6,84182E-005	...........	69,07
	2080	20830,8	3,32609E-004	3,38409E-004	6,88199E-005	...........	69,03
	2081	20840,8	3,34525E-004	3,32938E-004	6,47216E-005	...........	68,97
	2082	20850,8	3,35787E-004	3,29940E-004	6,51466E-005	...........	68,89
	2083	20860,8	3,35502E-004	3,29992E-004	6,37282E-005	...........	68,83
	2084	20870,8	3,33886E-004	3,29159E-004	6,36199E-005	...........	68,78
	2085	20880,9	3,31811E-004	3,22654E-004	6,67482E-005	...........	68,68
	2086	20890,9	3,29608E-004	3,19427E-004	6,46732E-005	...........	68,64
	2087	20900,9	3,27100E-004	3,24674E-004	6,60649E-005	...........	68,62
	2088	20910,9	3,24619E-004	3,18579E-004	6,43366E-005	...........	68,61
	2089	20920,9	3,22715E-004	3,18345E-004	6,58599E-005	...........	68,59
	2090	20930,9	3,21251E-004	3,16195E-004	6,51082E-005	...........	68,56
	2091	20940,9	3,19773E-004	3,14406E-004	6,36199E-005	...........	68,56
	2092	20950,9	3,18203E-004	3,16221E-004	6,37266E-005	...........	68,60
	2093	20960,9	3,16876E-004	3,18007E-004	6,44432E-005	...........	68,64
	2094	20971	3,16244E-004	3,17274E-004	6,39349E-005	...........	68,69
	2095	20981	3,16440E-004	3,21235E-004	6,57566E-005	...........	68,75
	2096	20991	3,17277E-004	3,21311E-004	6,55166E-005	...........	68,80
	2097	21001	3,18533E-004	3,22899E-004	6,65532E-005	...........	68,82
	2098	21011	3,19975E-004	3,24151E-004	6,37382E-005	...........	68,83
	2099	21021	3,21315E-004	3,20958E-004	6,50449E-005	...........	68,83
	2100	21031	3,22190E-004	3,20496E-004	6,54432E-005	...........	68,87
	2101	21041	3,22354E-004	3,22815E-004	6,66216E-005	...........	68,88
	2102	21051	3,22084E-004	3,22632E-004	6,51982E-005	...........	68,89
	2103	21061	3,21949E-004	3,23220E-004	6,57416E-005	...........	68,86
	2104	21071,1	3,22114E-004	3,20588E-004	6,49716E-005	...........	68,83
	2105	21081,1	3,22306E-004	3,23722E-004	6,59466E-005	...........	68,81
	2106	21091,1	3,22309E-004	3,19639E-004	6,56999E-005	...........	68,83
	2107	21101,1	3,22134E-004	3,22588E-004	6,51616E-005	...........	68,85
	2108	21111,1	3,21910E-004	3,23150E-004	6,41332E-005	...........	68,91
	2109	21121,1	3,21859E-004	3,21865E-004	6,48016E-005	...........	68,94
	2110	21131,1	3,21983E-004	3,19588E-004	6,48482E-005	...........	68,92
	2111	21141,1	3,21934E-004	3,21058E-004	6,47699E-005	...........	68,86
	2112	21151,1	3,21500E-004	3,18180E-004	6,42066E-005	...........	68,84
	2113	21161,1	3,20823E-004	3,20050E-004	6,44016E-005	...........	68,85
	2114	21171,2	3,20116E-004	3,17233E-004	6,29432E-005	...........	68,90
	2115	21181,2	3,19489E-004	3,19482E-004	6,48332E-005	...........	68,95
	2116	21191,2	3,19048E-004	3,20387E-004	6,49382E-005	...........	68,98
	2117	21201,2	3,19002E-004	3,22152E-004	6,42449E-005	...........	69,00
	2118	21211,2	3,19403E-004	3,17262E-004	6,27982E-005	...........	68,99
	2119	21221,2	3,19820E-004	3,18950E-004	6,36966E-005	...........	69,00
	2120	21231,2	3,19815E-004	3,20937E-004	6,54832E-005	...........	68,99
	2121	21241,2	3,19584E-004	3,19385E-004	6,43599E-005	...........	68,97
	2122	21251,2	3,19507E-004	3,18561E-004	6,40566E-005	...........	68,92
	2123	21261,2	3,19396E-004	3,13208E-004	6,28899E-005	...........	68,87
	2124	21271,3	3,18697E-004	3,13582E-004	6,28299E-005	...........	68,87
	2125	21281,3	3,17307E-004	3,16638E-004	6,34982E-005	...........	68,89
	2126	21291,3	3,15982E-004	3,18758E-004	6,29982E-005	...........	68,90
	2127	21301,3	3,15537E-004	3,14093E-004	6,28016E-005	...........	68,86
	2128	21311,3	3,15706E-004	3,10846E-004	6,36499E-005	...........	68,85
	2129	21321,3	3,15440E-004	3,11243E-004	6,26516E-005	...........	68,85
	2130	21331,3	3,14314E-004	3,11776E-004	6,18516E-005	...........	68,85
	2131	21341,3	3,12938E-004	3,11952E-004	6,31366E-005	...........	68,82
	2132	21351,3	3,12075E-004	3,14572E-004	6,30949E-005	...........	68,79
	2133	21361,3	3,12007E-004	3,13914E-004	6,23232E-005	...........	68,81
	2134	21371,3	3,12616E-004	3,17667E-004	6,30132E-005	...........	68,84
	2135	21381,4	3,13654E-004	3,16352E-004	6,22899E-005	...........	68,84
	2136	21391,4	3,14834E-004	3,16601E-004	6,45466E-005	...........	68,87
	2137	21401,4	3,15783E-004	3,14853E-004	6,17782E-005	...........	68,87
	2138	21411,4	3,16149E-004	3,13280E-004	6,29699E-005	...........	68,85
	2139	21421,4	3,15829E-004	3,13436E-004	6,31332E-005	...........	68,85
	2140	21431,4	3,15052E-004	3,13385E-004	6,23699E-005	...........	68,85
	2141	21441,4	3,14220E-004	3,12355E-004	6,29732E-005	...........	68,86
	2142	21451,4	3,13508E-004	3,09304E-004	6,40432E-005	...........	68,83
	2143	21461,4	3,12707E-004	3,08526E-004	6,58099E-005	...........	68,78
	2144	21471,5	3,11532E-004	3,05143E-004	6,50249E-005	...........	68,76
	2145	21481,5	3,09925E-004	3,04048E-004	6,48649E-005	...........	68,79
	2146	21491,5	3,08181E-004	3,10328E-004	6,51616E-005	...........	68,84
	2147	21501,5	3,07103E-004	3,13531E-004	6,23349E-005	...........	68,88
	2148	21511,5	3,07488E-004	3,12173E-004	6,40982E-005	...........	68,92
	2149	21521,5	3,09104E-004	3,12329E-004	6,43382E-005	...........	68,95
	2150	21531,5	3,10866E-004	3,13364E-004	6,25832E-005	...........	68,95
	2151	21541,5	3,12020E-004	3,11356E-004	6,41049E-005	...........	68,94
	2152	21551,5	3,12486E-004	3,11986E-004	6,32499E-005	...........	68,90
	2153	21561,5	3,12393E-004	3,08223E-004	6,42416E-005	...........	68,84
	2154	21571,6	3,11710E-004	3,03815E-004	6,63782E-005	...........	68,77
	2155	21581,6	3,10247E-004	3,03432E-004	6,56932E-005	...........	68,73
	2156	21591,6	3,08131E-004	3,04370E-004	6,34099E-005	...........	68,73
	2157	21601,6	3,06078E-004	3,05175E-004	6,60282E-005	...........	68,76
	2158	21611,6	3,04858E-004	3,06942E-004	6,50466E-005	...........	68,79
	2159	21621,6	3,04669E-004	3,05646E-004	6,59299E-005	...........	68,80
	2160	21631,6	3,05176E-004	3,09340E-004	6,55582E-005	...........	68,83
	2161	21641,6	3,05998E-004	3,08285E-004	6,53399E-005	...........	68,86
	2162	21651,6	3,06943E-004	3,09657E-004	6,42816E-005	...........	68,89
	2163	21661,6	3,07842E-004	3,08232E-004	6,47266E-005	...........	68,92
	2164	21671,7	3,08456E-004	3,07566E-004	6,47832E-005	...........	68,90
	2165	21681,7	3,08676E-004	3,10462E-004	6,46066E-005	...........	68,88
	2166	21691,7	3,08700E-004	3,08475E-004	6,47816E-005	...........	68,88
	2167	21701,7	3,08727E-004	3,05873E-004	6,46249E-005	...........	68,86
	2168	21711,7	3,08437E-004	2,99921E-004	6,45649E-005	...........	68,83
	2169	21721,7	3,07218E-004	2,99684E-004	6,40016E-005	...........	68,83
	2170	21731,7	3,05054E-004	3,01354E-004	6,48849E-005	...........	68,83
	2171	21741,7	3,02775E-004	2,99344E-004	6,47449E-005	...........	68,82
	2172	21751,7	3,01112E-004	2,96435E-004	6,51549E-005	...........	68,82
	2173	21761,7	2,99938E-004	2,96784E-004	6,39132E-005	...........	68,81
	2174	21771,7	2,98919E-004	3,00881E-004	6,62332E-005	...........	68,81
	2175	21781,8	2,98287E-004	2,99308E-004	6,36616E-005	...........	68,82
	2176	21791,8	2,98408E-004	3,02396E-004	6,48399E-005	...........	68,84
	2177	21801,8	2,99165E-004	3,01300E-004	6,46632E-005	...........	68,86
	2178	21811,8	3,00091E-004	2,99375E-004	6,55499E-005	...........	68,85
	2179	21821,8	3,00710E-004	3,01576E-004	6,44149E-005	...........	68,84
	2180	21831,8	3,00835E-004	2,98216E-004	6,35982E-005	...........	68,83
	2181	21841,8	3,00491E-004	2,94958E-004	6,38666E-005	...........	68,83
	2182	21851,8	2,99600E-004	2,95668E-004	6,49349E-005	...........	68,84
	2183	21861,8	2,98303E-004	2,99139E-004	6,53799E-005	...........	68,83
	2184	21871,8	2,97252E-004	2,96200E-004	6,38949E-005	...........	68,80
	2185	21881,9	2,96898E-004	2,98117E-004	6,50666E-005	...........	68,78
	2186	21891,9	2,97057E-004	2,99011E-004	6,52832E-005	...........	68,77
	2187	21901,9	2,97395E-004	2,96094E-004	6,46716E-005	...........	68,76
	2188	21911,9	2,97631E-004	2,96458E-004	6,49382E-005	...........	68,77
	2189	21921,9	2,97585E-004	2,99554E-004	6,39366E-005	...........	68,82
	2190	21931,9	2,97529E-004	3,00783E-004	6,55299E-005	...........	68,87
	2191	21941,9	2,97956E-004	3,01282E-004	6,52699E-005	...........	68,90
	2192	21951,9	2,98965E-004	3,04024E-004	6,62516E-005	...........	68,96
	2193	21961,9	3,00279E-004	3,03002E-004	6,58099E-005	...........	69,04
	2194	21972	3,01579E-004	3,03868E-004	6,63982E-005	...........	69,12
	2195	21982	3,02587E-004	3,02800E-004	6,59899E-005	...........	69,17
	2196	21992	3,02972E-004	2,93874E-004	6,49366E-005	...........	69,16
	2197	22002	3,02359E-004	3,01346E-004	6,62616E-005	...........	69,14
	2198	22012	3,01071E-004	3,04576E-004	6,52832E-005	...........	69,11
	2199	22022	3,00307E-004	3,00614E-004	6,54616E-005	...........	69,09
	2200	22032	3,00544E-004	2,98303E-004	6,70166E-005	...........	69,12
	2201	22042	3,00912E-004	3,00479E-004	6,64832E-005	...........	69,15
	2202	22052	3,00806E-004	3,03515E-004	6,62816E-005	...........	69,16
	2203	22062	3,00700E-004	3,02089E-004	6,71499E-005	...........	69,19
	2204	22072,1	3,01082E-004	3,03000E-004	6,77216E-005	...........	69,23
	2205	22082,1	3,01833E-004	3,06837E-004	6,73199E-005	...........	69,30
	2206	22092,1	3,02873E-004	3,10168E-004	6,58282E-005	...........	69,33
	2207	22102,1	3,04443E-004	3,10948E-004	6,56182E-005	...........	69,34
	2208	22112,1	3,06388E-004	3,04379E-004	6,76749E-005	...........	69,31
	2209	22122,1	3,07779E-004	3,05161E-004	6,76332E-005	...........	69,32
	2210	22132,1	3,07884E-004	3,06776E-004	6,70199E-005	...........	69,34
	2211	22142,1	3,07066E-004	3,03164E-004	6,72782E-005	...........	69,36
	2212	22152,1	3,06124E-004	3,05978E-004	6,76582E-005	...........	69,34
	2213	22162,1	3,05416E-004	3,03558E-004	6,75682E-005	...........	69,26
	2214	22172,2	3,04862E-004	2,99848E-004	6,72816E-005	...........	69,19
	2215	22182,2	3,04065E-004	2,98078E-004	6,67716E-005	...........	69,14
	2216	22192,2	3,02614E-004	2,94525E-004	6,75299E-005	...........	69,11
	2217	22202,2	3,00593E-004	2,98564E-004	6,74966E-005	...........	69,11
	2218	22212,2	2,98681E-004	2,97652E-004	6,71816E-005	...........	69,12
	2219	22222,2	2,97535E-004	2,95842E-004	6,61566E-005	...........	69,14
	2220	22232,2	2,97128E-004	2,97878E-004	6,74166E-005	...........	69,15
	2221	22242,2	2,97004E-004	2,95290E-004	6,74566E-005	...........	69,13
	2222	22252,2	2,96751E-004	2,90661E-004	6,59649E-005	...........	69,12
	2223	22262,2	2,95950E-004	2,90379E-004	6,76532E-005	...........	69,12
	2224	22272,3	2,94525E-004	2,95113E-004	6,72549E-005	...........	69,13
	2225	22282,3	2,93266E-004	2,96754E-004	6,72232E-005	...........	69,16
	2226	22292,3	2,93038E-004	2,92607E-004	6,71316E-005	...........	69,18
	2227	22302,3	2,93597E-004	2,93436E-004	6,83716E-005	...........	69,22
	2228	22312,3	2,93932E-004	2,88586E-004	6,60932E-005	...........	69,24
	2229	22322,3	2,93507E-004	2,94611E-004	6,82632E-005	...........	69,25
	2230	22332,3	2,92797E-004	2,95827E-004	6,79732E-005	...........	69,28
	2231	22342,3	2,92703E-004	2,95716E-004	6,71616E-005	...........	69,33
	2232	22352,3	2,93477E-004	2,96094E-004	6,77766E-005	...........	69,38
	2233	22362,3	2,94534E-004	2,94202E-004	6,96632E-005	...........	69,40
	2234	22372,3	2,95208E-004	2,94629E-004	6,90616E-005	...........	69,39
	2235	22382,4	2,95341E-004	2,96590E-004	6,83816E-005	...........	69,37
	2236	22392,4	2,95289E-004	2,96461E-004	6,80416E-005	...........	69,38
	2237	22402,4	2,95453E-004	2,96804E-004	6,71466E-005	...........	69,37
	2238	22412,4	2,95848E-004	2,96065E-004	6,75182E-005	...........	69,30
	2239	22422,4	2,96070E-004	2,88755E-004	6,60049E-005	...........	69,25
	2240	22432,4	2,95515E-004	2,90233E-004	6,65699E-005	...........	69,22
	2241	22442,4	2,93904E-004	2,85192E-004	6,70249E-005	...........	69,16
	2242	22452,4	2,91515E-004	2,81443E-004	6,64182E-005	...........	69,11
	2243	22462,4	2,88712E-004	2,80704E-004	6,68116E-005	...........	69,03
	2244	22472,5	2,85761E-004	2,78016E-004	6,79199E-005	...........	68,93
	2245	22482,5	2,82921E-004	2,73168E-004	6,60982E-005	...........	68,84
	2246	22492,5	2,80201E-004	2,72625E-004	6,47399E-005	...........	68,80
	2247	22502,5	2,77586E-004	2,75291E-004	6,72232E-005	...........	68,80
	2248	22512,5	2,75467E-004	2,72234E-004	6,58549E-005	...........	68,81
	2249	22522,5	2,74202E-004	2,74047E-004	6,61616E-005	...........	68,82
	2250	22532,5	2,73673E-004	2,74906E-004	6,53766E-005	...........	68,85
	2251	22542,5	2,73684E-004	2,77180E-004	6,70566E-005	...........	68,89
	2252	22552,5	2,74224E-004	2,77486E-004	6,63632E-005	...........	68,93
	2253	22562,5	2,75106E-004	2,73684E-004	6,77016E-005	...........	68,91
	2254	22572,6	2,75686E-004	2,70155E-004	6,66816E-005	...........	68,86
	2255	22582,6	2,75290E-004	2,71824E-004	6,70466E-005	...........	68,81
	2256	22592,6	2,73982E-004	2,69771E-004	6,57916E-005	...........	68,79
	2257	22602,6	2,72471E-004	2,70499E-004	6,65982E-005	...........	68,83
	2258	22612,6	2,71365E-004	2,72803E-004	6,87266E-005	...........	68,87
	2259	22622,6	2,70956E-004	2,73366E-004	6,80832E-005	...........	68,93
	2260	22632,6	2,71428E-004	2,81381E-004	6,71716E-005	...........	68,99
	2261	22642,6	2,73013E-004	2,84048E-004	6,72499E-005	...........	69,02
	2262	22652,6	2,75725E-004	2,82363E-004	6,68616E-005	...........	69,01
	2263	22662,6	2,78761E-004	2,79544E-004	6,72199E-005	...........	68,97
	2264	22672,7	2,80788E-004	2,77390E-004	6,90249E-005	...........	68,90
	2265	22682,7	2,81019E-004	2,73081E-004	6,77566E-005	...........	68,81
	2266	22692,7	2,79610E-004	2,72296E-004	6,70849E-005	...........	68,78
	2267	22702,7	2,77292E-004	2,71932E-004	6,69916E-005	...........	68,78
	2268	22712,7	2,74917E-004	2,69843E-004	6,51682E-005	...........	68,81
	2269	22722,7	2,73029E-004	2,71313E-004	6,60966E-005	...........	68,82
	2270	22732,7	2,71837E-004	2,74372E-004	6,73082E-005	...........	68,85
	2271	22742,7	2,71540E-004	2,75618E-004	6,78132E-005	...........	68,93
	2272	22752,7	2,72243E-004	2,77905E-004	6,67966E-005	...........	69,02
	2273	22762,7	2,73737E-004	2,80604E-004	6,64816E-005	...........	69,10
	2274	22772,8	2,75683E-004	2,82018E-004	6,57116E-005	...........	69,16
	2275	22782,8	2,77762E-004	2,81464E-004	6,66632E-005	...........	69,20
	2276	22792,8	2,79596E-004	2,81754E-004	6,79016E-005	...........	69,19
	2277	22802,8	2,80812E-004	2,79559E-004	6,85566E-005	...........	69,19
	2278	22812,8	2,81217E-004	2,78374E-004	6,92082E-005	...........	69,15
	2279	22822,8	2,80805E-004	2,75735E-004	6,74016E-005	...........	69,14
	2280	22832,8	2,79755E-004	2,77390E-004	6,80632E-005	...........	69,15
	2281	22842,8	2,78542E-004	2,79114E-004	6,60749E-005	...........	69,15
	2282	22852,8	2,77734E-004	2,75870E-004	6,62082E-005	...........	69,17
	2283	22862,8	2,77550E-004	2,83044E-004	6,58249E-005	...........	69,13
	2284	22872,8	2,77875E-004	2,76226E-004	6,61166E-005	...........	69,11
	2285	22882,9	2,78347E-004	2,75870E-004	6,71816E-005	...........	69,12
	2286	22892,9	2,78392E-004	2,77603E-004	6,83882E-005	...........	69,15
	2287	22902,9	2,77873E-004	2,75799E-004	6,88032E-005	...........	69,14
	2288	22912,9	2,77152E-004	2,73065E-004	6,72182E-005	...........	69,09
	2289	22922,9	2,76310E-004	2,71571E-004	6,68499E-005	...........	69,06
	2290	22932,9	2,74928E-004	2,59801E-004	6,55099E-005	...........	69,02
	2291	22942,9	2,72521E-004	2,66244E-004	6,47366E-005	...........	69,01
	2292	22952,9	2,69475E-004	2,70209E-004	6,61582E-005	...........	69,02
	2293	22962,9	2,67274E-004	2,68818E-004	6,45932E-005	...........	69,06
	2294	22973	2,66951E-004	2,73540E-004	6,82416E-005	...........	69,11
	2295	22983	2,68151E-004	2,73955E-004	6,75599E-005	...........	69,12
	2296	22993	2,69983E-004	2,72387E-004	6,74149E-005	...........	69,09
	2297	23003	2,71680E-004	2,74676E-004	6,94066E-005	...........	69,06
	2298	23013	2,72854E-004	2,75171E-004	6,73082E-005	...........	69,05
	2299	23023	2,73608E-004	2,73967E-004	6,89799E-005	...........	69,06
	2300	23033	2,74069E-004	2,71778E-004	6,80049E-005	...........	69,05
	2301	23043	2,74051E-004	2,70642E-004	6,69766E-005	...........	69,04
	2302	23053	2,73420E-004	2,70839E-004	6,66749E-005	...........	69,09
	2303	23063	2,72423E-004	2,70062E-004	6,72482E-005	...........	69,13
	2304	23073,1	2,71499E-004	2,71633E-004	6,67399E-005	...........	69,17
	2305	23083,1	2,70965E-004	2,71858E-004	6,63582E-005	...........	69,17
	2306	23093,1	2,70913E-004	2,71975E-004	6,78166E-005	...........	69,16
	2307	23103,1	2,71153E-004	2,69611E-004	6,73949E-005	...........	69,15
	2308	23113,1	2,71240E-004	2,67579E-004	6,55232E-005	...........	69,18
	2309	23123,1	2,70810E-004	2,69308E-004	6,58566E-005	...........	69,17
	2310	23133,1	2,69985E-004	2,68341E-004	6,68549E-005	...........	69,17
	2311	23143,1	2,69291E-004	2,72160E-004	6,69082E-005	...........	69,21
	2312	23153,1	2,69256E-004	2,75253E-004	6,86666E-005	...........	69,22
	2313	23163,1	2,70144E-004	2,74131E-004	6,80166E-005	...........	69,23
	2314	23173,2	2,71642E-004	2,73085E-004	6,72832E-005	...........	69,23
	2315	23183,2	2,72955E-004	2,72868E-004	6,82532E-005	...........	69,22
	2316	23193,2	2,73510E-004	2,71538E-004	6,71699E-005	...........	69,21
	2317	23203,2	2,73331E-004	2,71404E-004	6,77349E-005	...........	69,21
	2318	23213,2	2,72719E-004	2,69515E-004	6,67816E-005	...........	69,17
	2319	23223,2	2,71863E-004	2,67060E-004	6,57749E-005	...........	69,11
	2320	23233,2	2,70813E-004	2,69936E-004	6,62082E-005	...........	69,05
	2321	23243,2	2,69677E-004	2,63087E-004	6,55932E-005	...........	69,03
	2322	23253,2	2,68435E-004	2,62187E-004	6,50966E-005	...........	69,03
	2323	23263,2	2,66920E-004	2,65942E-004	6,54216E-005	...........	69,06
	2324	23273,2	2,65495E-004	2,67660E-004	6,54366E-005	...........	69,13
	2325	23283,3	2,64968E-004	2,68500E-004	6,73916E-005	...........	69,17
	2326	23293,3	2,65537E-004	2,67228E-004	6,67432E-005	...........	69,18
	2327	23303,3	2,66542E-004	2,67243E-004	6,64599E-005	...........	69,18
	2328	23313,3	2,67397E-004	2,74482E-004	6,94432E-005	...........	69,20
	2329	23323,3	2,68378E-004	2,76087E-004	6,86016E-005	...........	69,23
	2330	23333,3	2,70100E-004	2,76990E-004	6,99782E-005	...........	69,22
	2331	23343,3	2,72329E-004	2,70685E-004	6,84532E-005	...........	69,23
	2332	23353,3	2,73914E-004	2,71469E-004	6,95416E-005	...........	69,28
	2333	23363,3	2,74014E-004	2,68619E-004	6,77316E-005	...........	69,30
	2334	23373,3	2,73022E-004	2,77029E-004	6,91732E-005	...........	69,36
	2335	23383,4	2,72368E-004	2,82566E-004	6,74316E-005	...........	69,40
	2336	23393,4	2,73289E-004	2,76583E-004	6,92099E-005	...........	69,43
	2337	23403,4	2,75418E-004	2,77392E-004	6,92532E-005	...........	69,47
	2338	23413,4	2,77171E-004	2,74830E-004	6,87832E-005	...........	69,47
	2339	23423,4	2,77689E-004	2,79828E-004	6,84899E-005	...........	69,46
	2340	23433,4	2,77581E-004	2,81232E-004	6,82349E-005	...........	69,47
	2341	23443,4	2,77724E-004	2,73164E-004	6,76149E-005	...........	69,47
	2342	23453,4	2,77930E-004	2,74992E-004	6,87716E-005	...........	69,50
	2343	23463,4	2,77447E-004	2,73767E-004	6,80999E-005	...........	69,47
	2344	23473,5	2,76228E-004	2,70582E-004	6,63549E-005	...........	69,41
	2345	23483,5	2,74674E-004	2,67821E-004	6,67516E-005	...........	69,36
	2346	23493,5	2,72925E-004	2,69620E-004	6,71799E-005	...........	69,30
	2347	23503,5	2,71159E-004	2,67197E-004	6,53282E-005	...........	69,23
	2348	23513,5	2,69687E-004	2,66742E-004	6,57016E-005	...........	69,23
	2349	23523,5	2,68594E-004	2,67370E-004	6,64666E-005	...........	69,23
	2350	23533,5	2,67825E-004	2,67470E-004	6,57782E-005	...........	69,26
	2351	23543,5	2,67420E-004	2,68630E-004	6,56982E-005	...........	69,26
	2352	23553,5	2,67399E-004	2,67596E-004	6,52199E-005	...........	69,23
	2353	23563,5	2,67556E-004	2,65386E-004	6,61216E-005	...........	69,19
	2354	23573,6	2,67550E-004	2,67642E-004	6,63966E-005	...........	69,18
	2355	23583,6	2,67249E-004	2,64636E-004	6,71166E-005	...........	69,17
	2356	23593,6	2,66784E-004	2,65709E-004	6,74049E-005	...........	69,21
	2357	23603,6	2,66345E-004	2,68646E-004	6,75249E-005	...........	69,28
	2358	23613,6	2,66273E-004	2,70743E-004	6,82349E-005	...........	69,32
	2359	23623,6	2,66838E-004	2,66477E-004	6,58216E-005	...........	69,32
	2360	23633,6	2,67568E-004	2,62135E-004	6,74382E-005	...........	69,32
	2361	23643,6	2,67508E-004	2,64553E-004	6,68149E-005	...........	69,34
	2362	23653,6	2,66492E-004	2,66171E-004	6,65466E-005	...........	69,32
	2363	23663,6	2,65420E-004	2,65884E-004	6,63482E-005	...........	69,31
	2364	23673,7	2,64994E-004	2,63239E-004	6,71032E-005	...........	69,30
	2365	23683,7	2,64961E-004	2,64245E-004	6,63932E-005	...........	69,29
	2366	23693,7	2,64789E-004	2,62900E-004	6,62749E-005	...........	69,32
	2367	23703,7	2,64429E-004	2,66584E-004	6,57816E-005	...........	69,32
	2368	23713,7	2,64207E-004	2,63324E-004	6,48049E-005	...........	69,29
	2369	23723,7	2,64161E-004	2,59327E-004	6,44632E-005	...........	69,31
	2370	23733,7	2,63856E-004	2,63926E-004	6,54966E-005	...........	69,34
	2371	23743,7	2,63145E-004	2,60771E-004	6,57699E-005	...........	69,33
	2372	23753,7	2,62392E-004	2,59730E-004	6,59199E-005	...........	69,30
	2373	23763,7	2,61687E-004	2,57041E-004	6,64032E-005	...........	69,29
	2374	23773,8	2,60799E-004	2,60016E-004	6,60616E-005	...........	69,30
	2375	23783,8	2,59806E-004	2,57098E-004	6,64999E-005	...........	69,31
	2376	23793,8	2,59013E-004	2,58510E-004	6,69516E-005	...........	69,34
	2377	23803,8	2,58576E-004	2,61222E-004	6,72249E-005	...........	69,39
	2378	23813,8	2,58581E-004	2,59241E-004	6,57849E-005	...........	69,47
	2379	23823,8	2,58976E-004	2,59761E-004	6,52049E-005	...........	69,51
	2380	23833,8	2,59446E-004	2,60561E-004	6,62632E-005	...........	69,53
	2381	23843,8	2,59752E-004	2,59113E-004	6,92382E-005	...........	69,49
	2382	23853,8	2,59845E-004	2,58217E-004	6,63066E-005	...........	69,46
	2383	23863,8	2,59559E-004	2,52481E-004	6,66216E-005	...........	69,40
	2384	23873,8	2,58566E-004	2,52587E-004	6,60216E-005	...........	69,36
	2385	23883,9	2,56869E-004	2,54496E-004	6,63766E-005	...........	69,36
	2386	23893,9	2,55117E-004	2,53030E-004	6,73532E-005	...........	69,32
	2387	23903,9	2,54003E-004	2,54706E-004	6,69616E-005	...........	69,29
	2388	23913,9	2,53629E-004	2,53603E-004	6,61199E-005	...........	69,27
	2389	23923,9	2,53635E-004	2,51862E-004	6,61149E-005	...........	69,23
	2390	23933,9	2,53526E-004	2,49617E-004	6,70749E-005	...........	69,23
	2391	23943,9	2,52942E-004	2,50409E-004	6,65349E-005	...........	69,24
	2392	23953,9	2,51970E-004	2,50138E-004	6,69449E-005	...........	69,20
	2393	23963,9	2,51013E-004	2,48802E-004	6,47466E-005	...........	69,20
	2394	23974	2,50311E-004	2,49904E-004	6,59382E-005	...........	69,20
	2395	23984	2,49860E-004	2,49649E-004	6,50366E-005	...........	69,21
	2396	23994	2,49608E-004	2,48328E-004	6,56099E-005	...........	69,20
	2397	24004	2,49363E-004	2,45036E-004	6,69699E-005	...........	69,22
	2398	24014	2,48832E-004	2,48257E-004	6,59982E-005	...........	69,25
	2399	24024	2,48039E-004	2,45722E-004	6,70016E-005	...........	69,24
	2400	24034	2,47242E-004	2,42655E-004	6,87799E-005	...........	69,24
	2401	24044	2,46432E-004	2,45420E-004	6,72599E-005	...........	69,23
	2402	24054	2,45592E-004	2,45737E-004	6,69266E-005	...........	69,21
	2403	24064	2,44900E-004	2,37680E-004	6,75199E-005	...........	69,19
	2404	24074,1	2,44211E-004	2,45002E-004	6,85899E-005	...........	69,18
	2405	24084,1	2,43429E-004	2,45315E-004	6,66132E-005	...........	69,21
	2406	24094,1	2,43096E-004	2,45295E-004	6,80549E-005	...........	69,22
	2407	24104,1	2,43572E-004	2,46794E-004	6,64649E-005	...........	69,25
	2408	24114,1	2,44480E-004	2,45289E-004	6,78349E-005	...........	69,25
	2409	24124,1	2,45228E-004	2,42983E-004	6,87132E-005	...........	69,29
	2410	24134,1	2,45429E-004	2,45339E-004	6,69199E-005	...........	69,35
	2411	24144,1	2,45192E-004	2,47057E-004	6,51166E-005	...........	69,37
	2412	24154,1	2,45114E-004	2,48481E-004	6,58399E-005	...........	69,35
	2413	24164,1	2,45544E-004	2,43580E-004	6,77249E-005	...........	69,32
	2414	24174,2	2,46007E-004	2,42582E-004	6,69299E-005	...........	69,31
	2415	24184,2	2,45787E-004	2,43302E-004	6,74132E-005	...........	69,27
	2416	24194,2	2,44852E-004	2,41176E-004	6,68799E-005	...........	69,23
	2417	24204,2	2,43668E-004	2,39323E-004	6,61099E-005	...........	69,22
	2418	24214,2	2,42366E-004	2,33876E-004	6,49116E-005	...........	69,20
	2419	24224,2	2,40709E-004	2,37106E-004	6,51366E-005	...........	69,17
	2420	24234,2	2,38802E-004	2,35389E-004	6,60682E-005	...........	69,15
	2421	24244,2	2,37195E-004	2,35414E-004	6,57699E-005	...........	69,14
	2422	24254,2	2,36252E-004	2,37798E-004	6,53066E-005	...........	69,13
	2423	24264,2	2,35915E-004	2,33788E-004	6,52249E-005	...........	69,13
	2424	24274,3	2,35827E-004	2,33985E-004	6,72849E-005	...........	69,14
	2425	24284,3	2,35587E-004	2,36077E-004	6,64499E-005	...........	69,17
	2426	24294,3	2,35209E-004	2,34358E-004	6,59132E-005	...........	69,16
	2427	24304,3	2,34977E-004	2,35605E-004	6,65982E-005	...........	69,22
	2428	24314,3	2,35019E-004	2,38226E-004	6,61916E-005	...........	69,27
	2429	24324,3	2,35377E-004	2,36449E-004	6,59066E-005	...........	69,29
	2430	24334,3	2,35995E-004	2,37735E-004	6,59399E-005	...........	69,26
	2431	24344,3	2,36637E-004	2,38100E-004	6,61332E-005	...........	69,27
	2432	24354,3	2,37032E-004	2,31955E-004	6,67082E-005	...........	69,28
	2433	24364,3	2,36846E-004	2,33140E-004	6,62466E-005	...........	69,27
	2434	24374,3	2,35975E-004	2,36887E-004	6,58999E-005	...........	69,26
	2435	24384,4	2,35023E-004	2,34190E-004	6,53082E-005	...........	69,27
	2436	24394,4	2,34599E-004	2,33508E-004	6,51632E-005	...........	69,30
	2437	24404,4	2,34498E-004	2,32754E-004	6,54432E-005	...........	69,31
	2438	24414,4	2,34239E-004	2,32992E-004	6,61549E-005	...........	69,30
	2439	24424,4	2,33748E-004	2,31837E-004	6,73299E-005	...........	69,28
	2440	24434,4	2,33207E-004	2,32642E-004	6,59582E-005	...........	69,27
	2441	24444,4	2,32766E-004	2,32296E-004	6,59732E-005	...........	69,27
	2442	24454,4	2,32457E-004	2,30428E-004	6,55482E-005	...........	69,28
	2443	24464,4	2,32142E-004	2,29965E-004	6,44532E-005	...........	69,28
	2444	24474,5	2,31634E-004	2,29705E-004	6,44599E-005	...........	69,30
	2445	24484,5	2,30979E-004	2,30265E-004	6,46716E-005	...........	69,33
	2446	24494,5	2,30447E-004	2,31517E-004	6,43749E-005	...........	69,35
	2447	24504,5	2,30294E-004	2,31854E-004	6,37149E-005	...........	69,34
	2448	24514,5	2,30482E-004	2,27685E-004	6,55482E-005	...........	69,28
	2449	24524,5	2,30517E-004	2,25780E-004	6,59782E-005	...........	69,19
	2450	24534,5	2,29927E-004	2,30045E-004	6,44466E-005	...........	69,10
	2451	24544,5	2,28877E-004	2,21888E-004	6,41616E-005	...........	69,02
	2452	24554,5	2,27695E-004	2,24042E-004	6,43499E-005	...........	68,93
	2453	24564,5	2,26313E-004	2,20308E-004	6,34649E-005	...........	68,91
	2454	24574,6	2,24648E-004	2,18430E-004	6,36616E-005	...........	68,93
	2455	24584,6	2,22821E-004	2,18631E-004	6,42316E-005	...........	68,97
	2456	24594,6	2,21074E-004	2,19055E-004	6,40849E-005	...........	68,98
	2457	24604,6	2,19809E-004	2,21529E-004	6,30566E-005	...........	68,96
	2458	24614,6	2,19343E-004	2,20033E-004	6,44699E-005	...........	68,95
	2459	24624,6	2,19543E-004	2,19728E-004	6,36332E-005	...........	68,97
	2460	24634,6	2,19920E-004	2,20535E-004	6,30499E-005	...........	68,99
	2461	24644,6	2,20164E-004	2,21732E-004	6,45149E-005	...........	69,00
	2462	24654,6	2,20308E-004	2,17520E-004	6,33816E-005	...........	69,00
	2463	24664,6	2,20284E-004	2,19099E-004	6,49766E-005	...........	69,01
	2464	24674,7	2,19988E-004	2,21624E-004	6,42082E-005	...........	69,01
	2465	24684,7	2,19735E-004	2,21017E-004	6,30849E-005	...........	68,99
	2466	24694,7	2,19909E-004	2,21327E-004	6,43866E-005	...........	68,98
	2467	24704,7	2,20323E-004	2,16978E-004	6,35682E-005	...........	68,99
	2468	24714,7	2,20377E-004	2,17316E-004	6,29999E-005	...........	69,02
	2469	24724,7	2,19772E-004	2,18675E-004	6,19082E-005	...........	69,05
	2470	24734,7	2,18923E-004	2,19857E-004	6,30266E-005	...........	69,04
	2471	24744,7	2,18447E-004	2,17259E-004	6,37949E-005	...........	68,98
	2472	24754,7	2,18302E-004	2,13561E-004	6,37666E-005	...........	68,95
	2473	24764,7	2,17803E-004	2,11732E-004	6,44199E-005	...........	68,95
	2474	24774,7	2,16579E-004	2,15973E-004	6,15549E-005	...........	68,93
	2475	24784,8	2,15196E-004	2,15130E-004	6,40332E-005	...........	68,91
	2476	24794,8	2,14472E-004	2,15055E-004	6,42932E-005	...........	68,91
	2477	24804,8	2,14478E-004	2,14285E-004	6,45299E-005	...........	68,92
	2478	24814,8	2,14803E-004	2,20229E-004	6,15732E-005	...........	68,93
	2479	24824,8	2,15349E-004	2,15891E-004	6,18799E-005	...........	68,97
	2480	24834,8	2,16111E-004	2,16704E-004	6,30899E-005	...........	69,00
	2481	24844,8	2,16726E-004	2,16803E-004	6,29332E-005	...........	69,03
	2482	24854,8	2,16969E-004	2,18658E-004	6,31999E-005	...........	69,03
	2483	24864,8	2,17117E-004	2,18862E-004	6,26932E-005	...........	69,02
	2484	24874,8	2,17406E-004	2,15076E-004	6,28432E-005	...........	69,00
	2485	24884,9	2,17555E-004	2,14783E-004	6,40532E-005	...........	69,02
	2486	24894,9	2,17181E-004	2,15914E-004	6,31416E-005	...........	69,05
	2487	24904,9	2,16448E-004	2,15612E-004	6,39999E-005	...........	69,12
	2488	24914,9	2,15939E-004	2,20300E-004	6,45466E-005	...........	69,19
	2489	24924,9	2,16213E-004	2,23787E-004	6,34616E-005	...........	69,27
	2490	24934,9	2,17505E-004	2,21312E-004	6,30166E-005	...........	69,30
	2491	24944,9	2,19311E-004	2,18923E-004	6,34066E-005	...........	69,27
	2492	24954,9	2,20536E-004	2,17211E-004	6,39716E-005	...........	69,25
	2493	24964,9	2,20537E-004	2,18430E-004	6,30599E-005	...........	69,21
	2494	24975	2,19638E-004	2,15401E-004	6,35899E-005	...........	69,16
	2495	24985	2,18436E-004	2,13360E-004	6,44566E-005	...........	69,11
	2496	24995	2,17183E-004	2,16649E-004	6,29132E-005	...........	69,07
	2497	25005	2,16029E-004	2,11664E-004	6,50049E-005	...........	69,05
	2498	25015	2,15023E-004	2,09721E-004	6,50766E-005	...........	69,04
	2499	25025	2,13901E-004	2,11086E-004	6,41832E-005	...........	69,04
	2500	25035	2,12623E-004	2,11954E-004	6,40199E-005	...........	69,04
	2501	25045	2,11620E-004	2,09967E-004	6,54716E-005	...........	69,03
	2502	25055	2,11078E-004	2,08948E-004	6,44282E-005	...........	69,05
	2503	25065	2,10559E-004	2,03019E-004	6,38782E-005	...........	69,06
	2504	25075,1	2,09622E-004	2,12630E-004	6,50332E-005	...........	69,04
	2505	25085,1	2,08638E-004	2,08892E-004	6,37699E-005	...........	69,02
	2506	25095,1	2,08261E-004	2,04713E-004	6,20582E-005	...........	69,01
	2507	25105,1	2,08212E-004	2,06778E-004	6,21682E-005	...........	69,01
	2508	25115,1	2,07828E-004	2,07055E-004	6,25666E-005	...........	69,04
	2509	25125,1	2,07265E-004	2,09206E-004	6,34332E-005	...........	69,04
	2510	25135,1	2,07012E-004	2,03652E-004	6,22049E-005	...........	69,02
	2511	25145,1	2,06907E-004	2,04266E-004	6,14316E-005	...........	69,04
	2512	25155,1	2,06457E-004	2,05489E-004	6,10949E-005	...........	69,09
	2513	25165,1	2,05776E-004	2,07437E-004	6,31332E-005	...........	69,15
	2514	25175,2	2,05497E-004	2,08685E-004	6,56916E-005	...........	69,19
	2515	25185,2	2,05938E-004	2,07653E-004	6,54316E-005	...........	69,19
	2516	25195,2	2,06746E-004	2,06391E-004	6,28899E-005	...........	69,22
	2517	25205,2	2,07305E-004	2,06384E-004	6,29632E-005	...........	69,19
	2518	25215,2	2,07346E-004	2,07306E-004	6,32399E-005	...........	69,17
	2519	25225,2	2,07070E-004	2,04924E-004	6,22682E-005	...........	69,17
	2520	25235,2	2,06715E-004	2,05937E-004	6,25449E-005	...........	69,16
	2521	25245,2	2,06342E-004	2,05975E-004	6,21416E-005	...........	69,17
	2522	25255,2	2,06026E-004	2,05567E-004	6,30032E-005	...........	69,18
	2523	25265,2	2,05834E-004	2,05164E-004	6,29366E-005	...........	69,23
	2524	25275,3	2,05735E-004	2,07171E-004	6,35582E-005	...........	69,26
	2525	25285,3	2,05768E-004	2,06928E-004	6,31632E-005	...........	69,25
	2526	25295,3	2,06045E-004	2,08385E-004	6,36666E-005	...........	69,26
	2527	25305,3	2,06549E-004	2,07331E-004	6,28382E-005	...........	69,25
	2528	25315,3	2,07072E-004	2,06680E-004	6,35982E-005	...........	69,27
	2529	25325,3	2,07335E-004	2,05920E-004	6,28049E-005	...........	69,32
	2530	25335,3	2,07215E-004	2,06403E-004	6,26349E-005	...........	69,35
	2531	25345,3	2,06867E-004	2,06720E-004	6,36732E-005	...........	69,34
	2532	25355,3	2,06486E-004	2,02058E-004	6,20499E-005	...........	69,35
	2533	25365,3	2,05914E-004	2,01019E-004	6,26216E-005	...........	69,36
	2534	25375,3	2,04897E-004	2,03891E-004	6,15332E-005	...........	69,40
	2535	25385,4	2,03771E-004	2,05099E-004	6,13916E-005	...........	69,42
	2536	25395,4	2,03267E-004	2,05822E-004	6,24966E-005	...........	69,42
	2537	25405,4	2,03583E-004	2,03545E-004	6,20766E-005	...........	69,40
	2538	25415,4	2,04125E-004	2,01231E-004	6,22366E-005	...........	69,37
	2539	25425,4	2,04098E-004	1,99034E-004	6,03582E-005	...........	69,32
	2540	25435,4	2,03134E-004	1,96354E-004	6,19266E-005	...........	69,27
	2541	25445,4	2,01413E-004	1,96262E-004	6,27366E-005	...........	69,24
	2542	25455,4	1,99469E-004	1,97372E-004	6,22216E-005	...........	69,21
	2543	25465,4	1,97985E-004	2,00119E-004	6,25466E-005	...........	69,19
	2544	25475,5	1,97433E-004	1,97655E-004	6,36649E-005	...........	69,17
	2545	25485,5	1,97630E-004	1,96696E-004	6,38116E-005	...........	69,15
	2546	25495,5	1,97731E-004	1,88944E-004	6,16332E-005	...........	69,14
	2547	25505,5	1,96924E-004	1,94340E-004	6,33982E-005	...........	69,13
	2548	25515,5	1,95241E-004	1,88897E-004	6,23916E-005	...........	69,12
	2549	25525,5	1,93461E-004	1,93757E-004	6,43582E-005	...........	69,10
	2550	25535,5	1,92337E-004	1,95520E-004	6,33166E-005	...........	69,14
	2551	25545,5	1,92278E-004	1,96490E-004	6,37866E-005	...........	69,20
	2552	25555,5	1,93141E-004	1,93114E-004	6,32116E-005	...........	69,21
	2553	25565,5	1,94123E-004	1,92718E-004	6,34582E-005	...........	69,19
	2554	25575,6	1,94365E-004	1,89072E-004	6,10732E-005	...........	69,17
	2555	25585,6	1,93677E-004	1,92967E-004	6,47332E-005	...........	69,16
	2556	25595,6	1,92580E-004	1,89930E-004	6,24766E-005	...........	69,11
	2557	25605,6	1,91629E-004	1,87675E-004	6,21666E-005	...........	69,02
	2558	25615,6	1,90805E-004	1,88415E-004	6,11432E-005	...........	68,93
	2559	25625,6	1,89833E-004	1,84606E-004	6,14366E-005	...........	68,88
	2560	25635,6	1,88632E-004	1,84696E-004	6,23432E-005	...........	68,88
	2561	25645,6	1,87333E-004	1,86708E-004	6,24566E-005	...........	68,93
	2562	25655,6	1,86293E-004	1,86277E-004	6,11899E-005	...........	69,02
	2563	25665,6	1,85911E-004	1,89891E-004	6,29666E-005	...........	69,08
	2564	25675,7	1,86282E-004	1,88236E-004	6,19066E-005	...........	69,10
	2565	25685,7	1,87074E-004	1,86288E-004	6,12182E-005	...........	69,11
	2566	25695,7	1,87740E-004	1,90434E-004	6,05182E-005	...........	69,12
	2567	25705,7	1,88095E-004	1,88777E-004	6,10832E-005	...........	69,13
	2568	25715,7	1,88388E-004	1,88993E-004	6,10266E-005	...........	69,11
	2569	25725,7	1,88553E-004	1,80658E-004	6,35649E-005	...........	69,12
	2570	25735,7	1,88074E-004	1,87296E-004	6,18316E-005	...........	69,12
	2571	25745,7	1,87014E-004	1,89342E-004	6,14116E-005	...........	69,14
	2572	25755,7	1,86325E-004	1,86915E-004	6,17966E-005	...........	69,20
	2573	25765,7	1,86520E-004	1,87746E-004	6,18166E-005	...........	69,23
	2574	25775,8	1,87135E-004	1,89923E-004	6,24482E-005	...........	69,22
	2575	25785,8	1,87776E-004	1,90862E-004	6,30982E-005	...........	69,20
	2576	25795,8	1,88467E-004	1,87805E-004	6,15466E-005	...........	69,21
	2577	25805,8	1,89015E-004	1,86753E-004	6,11799E-005	...........	69,21
	2578	25815,8	1,89044E-004	1,89156E-004	6,23249E-005	...........	69,22
	2579	25825,8	1,88664E-004	1,88494E-004	6,12482E-005	...........	69,23
	2580	25835,8	1,88364E-004	1,88701E-004	6,30782E-005	...........	69,27
	2581	25845,8	1,88329E-004	1,87511E-004	6,19082E-005	...........	69,28
	2582	25855,8	1,88331E-004	1,86965E-004	6,24532E-005	...........	69,29
	2583	25865,8	1,88165E-004	1,88372E-004	6,09716E-005	...........	69,29
	2584	25875,9	1,87893E-004	1,86767E-004	6,06732E-005	...........	69,25
	2585	25885,9	1,87652E-004	1,86741E-004	6,05999E-005	...........	69,20
	2586	25895,9	1,87375E-004	1,84209E-004	6,21282E-005	...........	69,18
	2587	25905,9	1,86855E-004	1,83608E-004	6,16232E-005	...........	69,13
	2588	25915,9	1,85989E-004	1,82515E-004	6,29482E-005	...........	69,06
	2589	25925,9	1,84831E-004	1,78625E-004	6,29082E-005	...........	68,97
	2590	25935,9	1,83361E-004	1,75857E-004	6,07466E-005	...........	68,93
	2591	25945,9	1,81465E-004	1,75597E-004	6,17132E-005	...........	68,94
	2592	25955,9	1,79396E-004	1,79451E-004	6,16216E-005	...........	69,01
	2593	25965,9	1,77888E-004	1,78147E-004	6,31516E-005	...........	69,09
	2594	25976	1,77449E-004	1,80423E-004	6,39982E-005	...........	69,15
	2595	25986	1,77892E-004	1,79937E-004	6,33899E-005	...........	69,15
	2596	25996	1,78651E-004	1,78303E-004	6,34532E-005	...........	69,10
	2597	26006	1,79180E-004	1,77783E-004	6,24116E-005	...........	69,05
	2598	26016	1,79159E-004	1,76485E-004	6,07782E-005	...........	69,00
	2599	26026	1,78578E-004	1,74348E-004	6,11449E-005	...........	68,95
	2600	26036	1,77375E-004	1,62882E-004	6,06832E-005	...........	68,92
	2601	26046	1,75251E-004	1,72162E-004	5,91849E-005	...........	68,90
	2602	26056	1,72632E-004	1,73391E-004	6,09332E-005	...........	68,90
	2603	26066	1,70908E-004	1,71860E-004	5,98032E-005	...........	68,91
	2604	26076,1	1,70702E-004	1,70560E-004	5,91649E-005	...........	68,94
	2605	26086,1	1,71224E-004	1,73811E-004	6,04082E-005	...........	68,95
	2606	26096,1	1,71767E-004	1,75285E-004	6,16782E-005	...........	68,90
	2607	26106,1	1,72316E-004	1,69210E-004	5,95416E-005	...........	68,84
	2608	26116,1	1,72564E-004	1,65184E-004	6,18316E-005	...........	68,85
	2609	26126,1	1,71805E-004	1,67725E-004	6,21866E-005	...........	68,88
	2610	26136,1	1,70206E-004	1,72215E-004	5,95082E-005	...........	68,89
	2611	26146,1	1,68994E-004	1,69940E-004	5,91782E-005	...........	68,87
	2612	26156,1	1,68830E-004	1,65665E-004	6,00916E-005	...........	68,87
	2613	26166,1	1,68982E-004	1,66592E-004	5,96382E-005	...........	68,86
	2614	26176,2	1,68506E-004	1,62602E-004	6,01899E-005	...........	68,86
	2615	26186,2	1,67312E-004	1,64882E-004	6,16482E-005	...........	68,89
	2616	26196,2	1,66042E-004	1,70401E-004	6,00499E-005	...........	68,94
	2617	26206,2	1,65625E-004	1,70931E-004	5,97349E-005	...........	69,00
	2618	26216,2	1,66488E-004	1,68843E-004	5,83516E-005	...........	69,03
	2619	26226,2	1,68053E-004	1,73843E-004	5,98316E-005	...........	69,05
	2620	26236,2	1,69534E-004	1,70512E-004	5,88532E-005	...........	69,05
	2621	26246,2	1,70577E-004	1,68832E-004	5,91299E-005	...........	68,99
	2622	26256,2	1,70884E-004	1,65725E-004	5,97982E-005	...........	68,96
	2623	26266,2	1,70237E-004	1,67264E-004	5,94216E-005	...........	68,94
	2624	26276,2	1,68979E-004	1,66873E-004	5,82182E-005	...........	68,91
	2625	26286,3	1,67756E-004	1,64016E-004	6,10782E-005	...........	68,86
	2626	26296,3	1,66766E-004	1,62590E-004	6,00482E-005	...........	68,79
	2627	26306,3	1,65655E-004	1,58227E-004	6,06249E-005	...........	68,77
	2628	26316,3	1,64063E-004	1,58084E-004	5,98916E-005	...........	68,73
	2629	26326,3	1,61978E-004	1,53450E-004	5,99716E-005	...........	68,67
	2630	26336,3	1,59619E-004	1,53050E-004	6,02249E-005	...........	68,66
	2631	26346,3	1,57338E-004	1,57425E-004	5,84816E-005	...........	68,66
	2632	26356,3	1,55750E-004	1,57147E-004	5,80049E-005	...........	68,65
	2633	26366,3	1,55419E-004	1,61456E-004	6,05682E-005	...........	68,61
	2634	26376,4	1,56261E-004	1,57643E-004	5,97666E-005	...........	68,58
	2635	26386,4	1,57420E-004	1,52742E-004	6,09549E-005	...........	68,56
	2636	26396,4	1,57807E-004	1,56183E-004	6,01432E-005	...........	68,57
	2637	26406,4	1,57189E-004	1,57709E-004	6,00132E-005	...........	68,57
	2638	26416,4	1,56490E-004	1,59848E-004	5,94349E-005	...........	68,58
	2639	26426,4	1,56582E-004	1,58253E-004	5,97649E-005	...........	68,60
	2640	26436,4	1,57276E-004	1,55157E-004	5,94516E-005	...........	68,65
	2641	26446,4	1,57797E-004	1,59907E-004	5,97966E-005	...........	68,72
	2642	26456,4	1,57948E-004	1,61201E-004	5,94516E-005	...........	68,74
	2643	26466,4	1,58245E-004	1,59049E-004	5,87316E-005	...........	68,72
	2644	26476,5	1,58864E-004	1,59061E-004	5,87866E-005	...........	68,71
	2645	26486,5	1,59372E-004	1,59226E-004	5,81599E-005	...........	68,71
	2646	26496,5	1,59473E-004	1,58049E-004	5,93816E-005	...........	68,69
	2647	26506,5	1,59172E-004	1,53712E-004	6,15332E-005	...........	68,67
	2648	26516,5	1,58354E-004	1,52935E-004	5,97166E-005	...........	68,64
	2649	26526,5	1,56995E-004	1,55835E-004	5,82749E-005	...........	68,61
	2650	26536,5	1,55588E-004	1,53579E-004	5,80449E-005	...........	68,62
	2651	26546,5	1,54601E-004	1,49550E-004	5,89949E-005	...........	68,64
	2652	26556,5	1,53836E-004	1,53463E-004	5,92082E-005	...........	68,70
	2653	26566,5	1,53129E-004	1,56618E-004	5,78399E-005	...........	68,75
	2654	26576,6	1,52894E-004	1,52115E-004	5,91499E-005	...........	68,75
	2655	26586,6	1,53193E-004	1,51600E-004	5,99066E-005	...........	68,75
	2656	26596,6	1,53359E-004	1,51918E-004	6,04149E-005	...........	68,78
	2657	26606,6	1,53080E-004	1,55113E-004	5,91816E-005	...........	68,79
	2658	26616,6	1,52803E-004	1,52619E-004	6,05632E-005	...........	68,77
	2659	26626,6	1,52858E-004	1,52054E-004	6,06432E-005	...........	68,72
	2660	26636,6	1,52922E-004	1,49410E-004	6,14132E-005	...........	68,65
	2661	26646,6	1,52482E-004	1,47247E-004	6,17916E-005	...........	68,56
	2662	26656,6	1,51323E-004	1,44703E-004	6,10999E-005	...........	68,50
	2663	26666,6	1,49601E-004	1,45616E-004	6,19582E-005	...........	68,45
	2664	26676,7	1,47797E-004	1,46111E-004	6,17566E-005	...........	68,46
	2665	26686,7	1,46397E-004	1,41631E-004	5,88299E-005	...........	68,49
	2666	26696,7	1,45420E-004	1,44699E-004	6,07282E-005	...........	68,54
	2667	26706,7	1,44694E-004	1,46226E-004	6,10599E-005	...........	68,56
	2668	26716,7	1,44387E-004	1,45912E-004	6,04199E-005	...........	68,59
	2669	26726,7	1,44621E-004	1,44257E-004	6,08149E-005	...........	68,63
	2670	26736,7	1,45086E-004	1,48392E-004	6,19749E-005	...........	68,67
	2671	26746,7	1,45548E-004	1,46736E-004	6,17116E-005	...........	68,66
	2672	26756,7	1,46048E-004	1,46175E-004	6,00299E-005	...........	68,58
	2673	26766,7	1,46408E-004	1,42852E-004	6,06582E-005	...........	68,50
	2674	26776,8	1,46196E-004	1,41796E-004	5,83049E-005	...........	68,41
	2675	26786,8	1,45192E-004	1,38728E-004	5,87816E-005	...........	68,34
	2676	26796,8	1,43646E-004	1,42915E-004	6,06399E-005	...........	68,30
	2677	26806,8	1,42173E-004	1,39582E-004	5,87232E-005	...........	68,25
	2678	26816,8	1,41184E-004	1,37438E-004	5,81066E-005	...........	68,21
	2679	26826,8	1,40469E-004	1,39509E-004	5,84299E-005	...........	68,20
	2680	26836,8	1,39715E-004	1,36419E-004	5,82282E-005	...........	68,22
	2681	26846,8	1,38902E-004	1,35823E-004	5,85849E-005	...........	68,28
	2682	26856,8	1,38100E-004	1,39079E-004	5,86049E-005	...........	68,28
	2683	26866,8	1,37515E-004	1,37697E-004	5,85249E-005	...........	68,24
	2684	26876,9	1,37335E-004	1,35535E-004	5,85866E-005	...........	68,26
	2685	26886,9	1,37382E-004	1,40203E-004	5,77499E-005	...........	68,29
	2686	26896,9	1,37527E-004	1,39826E-004	5,77532E-005	...........	68,29
	2687	26906,9	1,37879E-004	1,35292E-004	5,82166E-005	...........	68,27
	2688	26916,9	1,38110E-004	1,33653E-004	5,86732E-005	...........	68,24
	2689	26926,9	1,37617E-004	1,34727E-004	5,90299E-005	...........	68,23
	2690	26936,9	1,36436E-004	1,32607E-004	5,99832E-005	...........	68,25
	2691	26946,9	1,35145E-004	1,33194E-004	6,10649E-005	...........	68,26
	2692	26956,9	1,34111E-004	1,31859E-004	5,98832E-005	...........	68,26
	2693	26966,9	1,33341E-004	1,31550E-004	5,96982E-005	...........	68,30
	2694	26977	1,32760E-004	1,33439E-004	5,94832E-005	...........	68,34
	2695	26987	1,32488E-004	1,36348E-004	5,84549E-005	...........	68,38
	2696	26997	1,32836E-004	1,37188E-004	5,74532E-005	...........	68,43
	2697	27007	1,33883E-004	1,37418E-004	5,79432E-005	...........	68,47
	2698	27017	1,35241E-004	1,37446E-004	5,90082E-005	...........	68,50
	2699	27027	1,36388E-004	1,37168E-004	5,87166E-005	...........	68,48
	2700	27037	1,37040E-004	1,36071E-004	6,04782E-005	...........	68,44
	2701	27047	1,37195E-004	1,36985E-004	5,83682E-005	...........	68,43
	2702	27057	1,36988E-004	1,33775E-004	5,88866E-005	...........	68,44
	2703	27067	1,36497E-004	1,33491E-004	5,94932E-005	...........	68,43
	2704	27077,1	1,35730E-004	1,34165E-004	5,97982E-005	...........	68,44
	2705	27087,1	1,34841E-004	1,31666E-004	5,94282E-005	...........	68,39
	2706	27097,1	1,33991E-004	1,31120E-004	5,92682E-005	...........	68,37
	2707	27107,1	1,33165E-004	1,31767E-004	6,10082E-005	...........	68,36
	2708	27117,1	1,32350E-004	1,29063E-004	6,14449E-005	...........	68,37
	2709	27127,1	1,31528E-004	1,27072E-004	5,95599E-005	...........	68,37
	2710	27137,1	1,30568E-004	1,29111E-004	5,95482E-005	...........	68,38
	2711	27147,1	1,29547E-004	1,28039E-004	5,74749E-005	...........	68,37
	2712	27157,1	1,28831E-004	1,30873E-004	5,97399E-005	...........	68,37
	2713	27167,1	1,28649E-004	1,27984E-004	5,84032E-005	...........	68,40
	2714	27177,2	1,28845E-004	1,30341E-004	5,85399E-005	...........	68,41
	2715	27187,2	1,29192E-004	1,33067E-004	5,92032E-005	...........	68,40
	2716	27197,2	1,29715E-004	1,30146E-004	6,00599E-005	...........	68,35
	2717	27207,2	1,30314E-004	1,27389E-004	5,81149E-005	...........	68,28
	2718	27217,2	1,30389E-004	1,24147E-004	5,83899E-005	...........	68,30
	2719	27227,2	1,29456E-004	1,25104E-004	6,02149E-005	...........	68,36
	2720	27237,2	1,27835E-004	1,25737E-004	5,87082E-005	...........	68,37
	2721	27247,2	1,26384E-004	1,26420E-004	5,99132E-005	...........	68,37
	2722	27257,2	1,25683E-004	1,26503E-004	5,83516E-005	...........	68,34
	2723	27267,2	1,25617E-004	1,23234E-004	5,77532E-005	...........	68,29
	2724	27277,3	1,25665E-004	1,26731E-004	5,94216E-005	...........	68,25
	2725	27287,3	1,25531E-004	1,23877E-004	5,75516E-005	...........	68,22
	2726	27297,3	1,25256E-004	1,22777E-004	5,89116E-005	...........	68,23
	2727	27307,3	1,24802E-004	1,21778E-004	5,95449E-005	...........	68,26
	2728	27317,3	1,24106E-004	1,24179E-004	5,91566E-005	...........	68,25
	2729	27327,3	1,23442E-004	1,23316E-004	5,88732E-005	...........	68,26
	2730	27337,3	1,23133E-004	1,22894E-004	5,91899E-005	...........	68,25
	2731	27347,3	1,23090E-004	1,21348E-004	5,86732E-005	...........	68,28
	2732	27357,3	1,22961E-004	1,21832E-004	5,95416E-005	...........	68,33
	2733	27367,3	1,22575E-004	1,20262E-004	6,01982E-005	...........	68,35
	2734	27377,4	1,22012E-004	1,20451E-004	5,97982E-005	...........	68,37
	2735	27387,4	1,21407E-004	1,20159E-004	5,97349E-005	...........	68,38
	2736	27397,4	1,20839E-004	1,18201E-004	6,03749E-005	...........	68,41
	2737	27407,4	1,20349E-004	1,22488E-004	5,73316E-005	...........	68,45
	2738	27417,4	1,20076E-004	1,19893E-004	6,03016E-005	...........	68,45
	2739	27427,4	1,20152E-004	1,21546E-004	5,78582E-005	...........	68,46
	2740	27437,4	1,20503E-004	1,23477E-004	5,92766E-005	...........	68,46
	2741	27447,4	1,20970E-004	1,19013E-004	6,10132E-005	...........	68,46
	2742	27457,4	1,21232E-004	1,16852E-004	6,17932E-005	...........	68,45
	2743	27467,4	1,20838E-004	1,18679E-004	6,02499E-005	...........	68,45
	2744	27477,5	1,19841E-004	1,17740E-004	6,04132E-005	...........	68,46
	2745	27487,5	1,18793E-004	1,15639E-004	6,16066E-005	...........	68,50
	2746	27497,5	1,18020E-004	1,19334E-004	6,02216E-005	...........	68,53
	2747	27507,5	1,17580E-004	1,17245E-004	6,15882E-005	...........	68,54
	2748	27517,5	1,17444E-004	1,15291E-004	6,08882E-005	...........	68,55
	2749	27527,5	1,17253E-004	1,12359E-004	5,94332E-005	...........	68,57
	2750	27537,5	1,16512E-004	1,12168E-004	6,20566E-005	...........	68,60
	2751	27547,5	1,15224E-004	1,13433E-004	6,10616E-005	...........	68,63
	2752	27557,5	1,14003E-004	1,16001E-004	6,09516E-005	...........	68,64
	2753	27567,5	1,13470E-004	1,12755E-004	6,22299E-005	...........	68,65
	2754	27577,6	1,13571E-004	1,13311E-004	6,15449E-005	...........	68,66
	2755	27587,6	1,13732E-004	1,12785E-004	6,10849E-005	...........	68,65
	2756	27597,6	1,13607E-004	1,12378E-004	6,20249E-005	...........	68,63
	2757	27607,6	1,13295E-004	1,13608E-004	6,23599E-005	...........	68,58
	2758	27617,6	1,13016E-004	1,11902E-004	6,23816E-005	...........	68,50
	2759	27627,6	1,12782E-004	1,09367E-004	6,24866E-005	...........	68,46
	2760	27637,6	1,12295E-004	1,07471E-004	6,21632E-005	...........	68,40
	2761	27647,6	1,11254E-004	1,06072E-004	6,26182E-005	...........	68,27
	2762	27657,6	1,09723E-004	1,04908E-004	6,35749E-005	...........	68,18
	2763	27667,6	1,08023E-004	1,03278E-004	6,35382E-005	...........	68,14
	2764	27677,7	1,06439E-004	1,04197E-004	6,36932E-005	...........	68,13
	2765	27687,7	1,05164E-004	1,03401E-004	6,26832E-005	...........	68,16
	2766	27697,7	1,04303E-004	1,03056E-004	6,34366E-005	...........	68,21
	2767	27707,7	1,03785E-004	1,02964E-004	6,36582E-005	...........	68,27
	2768	27717,7	1,03441E-004	1,02517E-004	6,40882E-005	...........	68,33
	2769	27727,7	1,03167E-004	1,03014E-004	6,28532E-005	...........	68,39
	2770	27737,7	1,03100E-004	1,10052E-004	6,12982E-005	...........	68,39
	2771	27747,7	1,03574E-004	1,02973E-004	6,35282E-005	...........	68,34
	2772	27757,7	1,04396E-004	1,00889E-004	6,40566E-005	...........	68,29
	2773	27767,7	1,04719E-004	1,05075E-004	6,23749E-005	...........	68,22
	2774	27777,7	1,04313E-004	1,04423E-004	6,21366E-005	...........	68,17
	2775	27787,8	1,03839E-004	1,01769E-004	6,28799E-005	...........	68,15
	2776	27797,8	1,03565E-004	1,00989E-004	6,43899E-005	...........	68,14
	2777	27807,8	1,03142E-004	1,01271E-004	6,52366E-005	...........	68,11
	2778	27817,8	1,02394E-004	9,80035E-005	6,73366E-005	...........	68,09
	2779	27827,8	1,01402E-004	9,73706E-005	6,43216E-005	...........	68,11
	2780	27837,8	1,00259E-004	9,92854E-005	6,54666E-005	...........	68,12
	2781	27847,8	9,92042E-005	9,69009E-005	6,56682E-005	...........	68,16
	2782	27857,8	9,84782E-005	9,78140E-005	6,47932E-005	...........	68,22
	2783	27867,8	9,80888E-005	9,97705E-005	6,55949E-005	...........	68,25
	2784	27877,9	9,80357E-005	9,92539E-005	6,60616E-005	...........	68,28
	2785	27887,9	9,83217E-005	9,88064E-005	6,51382E-005	...........	68,30
	2786	27897,9	9,87395E-005	9,99304E-005	6,63066E-005	...........	68,31
	2787	27907,9	9,90554E-005	9,85150E-005	6,47199E-005	...........	68,31
	2788	27917,9	9,91860E-005	9,84321E-005	6,57216E-005	...........	68,33
	2789	27927,9	9,91456E-005	1,00196E-004	6,59199E-005	...........	68,31
	2790	27937,9	9,90750E-005	9,90143E-005	6,46666E-005	...........	68,26
	2791	27947,9	9,91276E-005	9,98378E-005	6,48232E-005	...........	68,23
	2792	27957,9	9,92483E-005	9,78052E-005	6,61899E-005	...........	68,24
	2793	27967,9	9,92619E-005	9,95464E-005	6,52599E-005	...........	68,27
	2794	27978	9,91332E-005	9,86408E-005	6,55349E-005	...........	68,31
	2795	27988	9,89903E-005	9,90770E-005	6,59432E-005	...........	68,32
	2796	27998	9,89409E-005	9,97821E-005	6,49349E-005	...........	68,33
	2797	28008	9,90054E-005	9,90014E-005	6,47066E-005	...........	68,33
	2798	28018	9,91395E-005	9,95420E-005	6,41532E-005	...........	68,34
	2799	28028	9,91910E-005	9,56319E-005	6,39816E-005	...........	68,33
	2800	28038	9,88177E-005	9,16191E-005	6,20882E-005	...........	68,34
	2801	28048	9,77368E-005	9,70721E-005	6,65716E-005	...........	68,34
	2802	28058	9,62947E-005	9,33188E-005	6,29066E-005	...........	68,32
	2803	28068	9,52088E-005	9,53104E-005	6,55782E-005	...........	68,33
	2804	28078,1	9,47510E-005	9,61468E-005	6,40949E-005	...........	68,34
	2805	28088,1	9,48023E-005	9,66787E-005	6,49249E-005	...........	68,39
	2806	28098,1	9,52260E-005	9,70525E-005	6,48982E-005	...........	68,42
	2807	28108,1	9,58275E-005	9,68202E-005	6,54682E-005	...........	68,43
	2808	28118,1	9,63066E-005	9,35658E-005	6,35832E-005	...........	68,45
	2809	28128,1	9,63473E-005	9,48724E-005	6,55249E-005	...........	68,51
	2810	28138,1	9,59301E-005	9,66423E-005	6,49766E-005	...........	68,55
	2811	28148,1	9,55372E-005	9,80853E-005	6,37599E-005	...........	68,53
	2812	28158,1	9,56497E-005	9,60327E-005	6,38716E-005	...........	68,51
	2813	28168,1	9,61330E-005	9,59608E-005	6,29466E-005	...........	68,48
	2814	28178,2	9,64589E-005	9,49299E-005	6,35349E-005	...........	68,44
	2815	28188,2	9,63278E-005	9,40865E-005	6,41149E-005	...........	68,42
	2816	28198,2	9,57969E-005	9,31653E-005	6,33949E-005	...........	68,44
	2817	28208,2	9,50930E-005	9,54466E-005	6,48799E-005	...........	68,43
	2818	28218,2	9,45418E-005	9,47713E-005	6,50466E-005	...........	68,40
	2819	28228,2	9,43318E-005	9,24197E-005	6,29432E-005	...........	68,40
	2820	28238,2	9,42192E-005	9,19690E-005	6,26299E-005	...........	68,42
	2821	28248,2	9,38352E-005	9,23406E-005	6,42082E-005	...........	68,45
	2822	28258,2	9,31542E-005	8,94389E-005	6,22716E-005	...........	68,47
	2823	28268,2	9,23692E-005	9,20460E-005	6,32216E-005	...........	68,48
	2824	28278,3	9,16549E-005	8,97452E-005	6,19149E-005	...........	68,51
	2825	28288,3	9,11445E-005	9,14404E-005	6,22782E-005	...........	68,52
	2826	28298,3	9,08836E-005	9,12058E-005	6,19599E-005	...........	68,52
	2827	28308,3	9,08136E-005	8,94616E-005	6,25949E-005	...........	68,50
	2828	28318,3	9,07399E-005	8,88639E-005	6,26282E-005	...........	68,46
	2829	28328,3	9,04768E-005	9,12373E-005	6,30782E-005	...........	68,45
	2830	28338,3	9,01072E-005	8,74392E-005	6,24949E-005	...........	68,46
	2831	28348,3	8,97734E-005	8,97267E-005	6,26982E-005	...........	68,48
	2832	28358,3	8,94501E-005	8,81016E-005	6,20199E-005	...........	68,50
	2833	28368,3	8,91505E-005	8,98981E-005	6,14299E-005	...........	68,53
	2834	28378,4	8,89746E-005	8,82264E-005	6,16916E-005	...........	68,54
	2835	28388,4	8,89189E-005	8,87705E-005	6,13066E-005	...........	68,53
	2836	28398,4	8,88319E-005	8,63881E-005	6,21516E-005	...........	68,52
	2837	28408,4	8,85172E-005	8,58764E-005	6,42649E-005	...........	68,47
	2838	28418,4	8,78226E-005	8,23364E-005	6,36899E-005	...........	68,42
	2839	28428,4	8,67558E-005	8,60494E-005	6,37299E-005	...........	68,40
	2840	28438,4	8,56356E-005	8,38854E-005	6,27016E-005	...........	68,40
	2841	28448,4	8,48633E-005	8,40169E-005	6,09249E-005	...........	68,40
	2842	28458,4	8,43929E-005	7,95384E-005	6,15866E-005	...........	68,39
	2843	28468,4	8,37647E-005	8,08376E-005	6,12349E-005	...........	68,38
	2844	28478,5	8,27559E-005	8,03506E-005	6,11516E-005	...........	68,37
	2845	28488,5	8,16503E-005	7,93660E-005	6,07932E-005	...........	68,41
	2846	28498,5	8,07903E-005	8,02863E-005	6,10016E-005	...........	68,43
	2847	28508,5	8,02954E-005	8,17554E-005	6,20382E-005	...........	68,40
	2848	28518,5	8,01684E-005	7,87139E-005	5,87199E-005	...........	68,33
	2849	28528,5	8,01789E-005	7,76289E-005	6,02416E-005	...........	68,25
	2850	28538,5	7,98651E-005	7,55933E-005	5,89032E-005	...........	68,22
	2851	28548,5	7,89100E-005	7,15097E-005	5,87582E-005	...........	68,22
	2852	28558,5	7,73596E-005	7,49227E-005	6,01499E-005	...........	68,26
	2853	28568,5	7,57172E-005	7,60553E-005	5,99882E-005	...........	68,31
	2854	28578,6	7,47547E-005	7,70311E-005	5,95316E-005	...........	68,35
	2855	28588,6	7,48116E-005	7,69224E-005	5,95399E-005	...........	68,40
	2856	28598,6	7,55390E-005	7,86294E-005	6,11082E-005	...........	68,43
	2857	28608,6	7,64817E-005	8,03467E-005	6,20982E-005	...........	68,43
	2858	28618,6	7,75442E-005	8,27110E-005	6,26582E-005	...........	68,41
	2859	28628,6	7,87728E-005	7,97734E-005	6,06849E-005	...........	68,37
	2860	28638,6	7,99281E-005	8,09701E-005	6,26616E-005	...........	68,35
	2861	28648,6	8,05763E-005	7,77076E-005	6,07299E-005	...........	68,31
	2862	28658,6	8,04743E-005	7,65024E-005	5,88799E-005	...........	68,26
	2863	28668,6	7,96594E-005	7,56175E-005	5,88199E-005	...........	68,23
	2864	28678,7	7,84064E-005	7,53487E-005	6,00832E-005	...........	68,21
	2865	28688,7	7,71122E-005	7,41079E-005	5,77366E-005	...........	68,19
	2866	28698,7	7,60507E-005	7,52304E-005	5,77449E-005	...........	68,22
	2867	28708,7	7,53335E-005	7,52943E-005	5,99699E-005	...........	68,27
	2868	28718,7	7,49609E-005	7,30602E-005	5,92332E-005	...........	68,34
	2869	28728,7	7,47586E-005	7,48597E-005	5,86949E-005	...........	68,39
	2870	28738,7	7,45989E-005	7,66482E-005	5,89932E-005	...........	68,47
	2871	28748,7	7,46528E-005	7,60681E-005	5,85966E-005	...........	68,51
	2872	28758,7	7,51241E-005	7,99850E-005	6,14482E-005	...........	68,52
	2873	28768,7	7,60373E-005	8,03146E-005	6,05299E-005	...........	68,50
	2874	28778,8	7,72201E-005	7,63754E-005	6,05616E-005	...........	68,48
	2875	28788,8	7,81442E-005	7,65363E-005	5,97166E-005	...........	68,44
	2876	28798,8	7,82888E-005	7,67046E-005	5,76916E-005	...........	68,44
	2877	28808,8	7,77292E-005	7,38523E-005	5,93316E-005	...........	68,46
	2878	28818,8	7,68857E-005	7,60588E-005	6,10649E-005	...........	68,49
	2879	28828,8	7,61076E-005	7,60138E-005	5,90599E-005	...........	68,49
	2880	28838,8	7,56939E-005	7,76178E-005	5,98016E-005	...........	68,42
	2881	28848,8	7,57241E-005	7,34752E-005	5,87466E-005	...........	68,31
	2882	28858,8	7,57081E-005	6,77732E-005	5,89332E-005	...........	68,17
	2883	28868,8	7,48827E-005	7,08401E-005	6,01066E-005	...........	68,06
	2884	28878,9	7,31395E-005	6,67223E-005	6,09566E-005	...........	68,04
	2885	28888,9	7,11484E-005	6,82744E-005	6,18616E-005	...........	68,09
	2886	28898,9	6,95358E-005	6,80961E-005	6,01816E-005	...........	68,18
	2887	28908,9	6,85475E-005	6,89509E-005	6,02016E-005	...........	68,23
	2888	28918,9	6,81995E-005	6,93056E-005	6,10182E-005	...........	68,26
	2889	28928,9	6,82935E-005	6,74249E-005	6,10666E-005	...........	68,29
	2890	28938,9	6,84424E-005	6,69224E-005	6,05482E-005	...........	68,29
	2891	28948,9	6,82923E-005	6,60956E-005	6,12082E-005	...........	68,25
	2892	28958,9	6,77695E-005	6,54056E-005	6,08099E-005	...........	68,25
	2893	28968,9	6,70440E-005	6,52690E-005	5,95882E-005	...........	68,28
	2894	28979	6,63266E-005	6,51751E-005	5,88566E-005	...........	68,29
	2895	28989	6,57342E-005	6,35949E-005	5,84382E-005	...........	68,26
	2896	28999	6,52472E-005	6,47955E-005	6,01132E-005	...........	68,24
	2897	29009	6,48496E-005	6,51336E-005	5,87266E-005	...........	68,26
	2898	29019	6,45905E-005	6,22624E-005	5,70532E-005	...........	68,29
	2899	29029	6,43789E-005	6,38287E-005	6,11349E-005	...........	68,32
	2900	29039	6,40657E-005	6,33188E-005	5,99849E-005	...........	68,32
	2901	29049	6,37337E-005	6,39930E-005	5,88232E-005	...........	68,27
	2902	29059	6,35415E-005	6,25699E-005	5,79982E-005	...........	68,27
	2903	29069	6,34129E-005	6,12612E-005	5,77549E-005	...........	68,32
	2904	29079,1	6,31005E-005	6,06776E-005	5,72732E-005	...........	68,34
	2905	29089,1	6,25103E-005	6,14852E-005	5,73499E-005	...........	68,36
	2906	29099,1	6,18602E-005	6,15196E-005	5,72216E-005	...........	68,39
	2907	29109,1	6,14377E-005	6,11947E-005	5,79116E-005	...........	68,40
	2908	29119,1	6,13552E-005	6,45840E-005	5,97582E-005	...........	68,41
	2909	29129,1	6,16579E-005	6,39245E-005	5,79066E-005	...........	68,39
	2910	29139,1	6,23421E-005	6,47641E-005	6,10082E-005	...........	68,34
	2911	29149,1	6,31476E-005	6,22150E-005	5,77632E-005	...........	68,30
	2912	29159,1	6,36155E-005	6,13380E-005	5,78949E-005	...........	68,24
	2913	29169,1	6,34386E-005	6,05277E-005	5,67882E-005	...........	68,22
	2914	29179,2	6,27006E-005	6,01137E-005	5,79949E-005	...........	68,21
	2915	29189,2	6,17079E-005	5,73243E-005	5,84982E-005	...........	68,20
	2916	29199,2	6,07049E-005	6,14801E-005	5,89682E-005	...........	68,19
	2917	29209,2	5,99748E-005	6,11502E-005	5,90716E-005	...........	68,18
	2918	29219,2	5,98049E-005	5,98369E-005	5,57982E-005	...........	68,16
	2919	29229,2	6,00287E-005	5,87533E-005	5,77316E-005	...........	68,16
	2920	29239,2	6,02277E-005	6,43844E-005	5,94932E-005	...........	68,19
	2921	29249,2	6,04791E-005	6,30783E-005	5,84649E-005	...........	68,19
	2922	29259,2	6,10786E-005	6,03793E-005	5,82399E-005	...........	68,20
	2923	29269,2	6,16789E-005	5,85834E-005	5,89449E-005	...........	68,21
	2924	29279,2	6,15729E-005	5,69341E-005	5,96866E-005	...........	68,21
	2925	29289,3	6,06789E-005	6,14998E-005	5,85166E-005	...........	68,18
	2926	29299,3	5,96591E-005	5,69210E-005	5,92049E-005	...........	68,22
	2927	29309,3	5,90936E-005	6,13832E-005	5,84366E-005	...........	68,30
	2928	29319,3	5,90434E-005	6,03622E-005	5,82849E-005	...........	68,34
	2929	29329,3	5,93702E-005	6,07573E-005	5,69149E-005	...........	68,34
	2930	29339,3	5,98136E-005	5,71993E-005	5,80549E-005	...........	68,37
	2931	29349,3	5,99711E-005	6,02492E-005	5,83749E-005	...........	68,41
	2932	29359,3	5,96740E-005	5,55189E-005	5,77316E-005	...........	68,43
	2933	29369,3	5,90775E-005	5,89582E-005	5,70649E-005	...........	68,41
	2934	29379,4	5,84181E-005	5,65320E-005	5,73666E-005	...........	68,39
	2935	29389,4	5,78269E-005	5,42319E-005	5,91766E-005	...........	68,40
	2936	29399,4	5,72478E-005	5,81879E-005	5,80116E-005	...........	68,44
	2937	29409,4	5,67632E-005	5,84256E-005	5,88566E-005	...........	68,44
	2938	29419,4	5,66979E-005	5,71129E-005	5,89666E-005	...........	68,42
	2939	29429,4	5,69717E-005	5,39420E-005	5,93766E-005	...........	68,41
	2940	29439,4	5,70326E-005	5,72865E-005	5,80049E-005	...........	68,41
	2941	29449,4	5,66635E-005	5,42437E-005	5,86182E-005	...........	68,39
	2942	29459,4	5,60953E-005	5,31057E-005	6,04499E-005	...........	68,36
	2943	29469,4	5,54079E-005	5,23144E-005	6,02482E-005	...........	68,27
	2944	29479,5	5,44422E-005	4,75526E-005	5,91582E-005	...........	68,24
	2945	29489,5	5,30864E-005	4,95938E-005	6,01282E-005	...........	68,25
	2946	29499,5	5,14812E-005	4,76046E-005	6,03216E-005	...........	68,25
	2947	29509,5	4,99515E-005	4,50700E-005	5,90799E-005	...........	68,22
	2948	29519,5	4,86451E-005	4,74120E-005	5,98416E-005	...........	68,21
	2949	29529,5	4,76018E-005	4,71082E-005	6,01466E-005	...........	68,22
	2950	29539,5	4,71014E-005	5,30007E-005	6,11399E-005	...........	68,26
	2951	29549,5	4,74780E-005	5,00375E-005	6,04382E-005	...........	68,25
	2952	29559,5	4,85951E-005	5,14394E-005	5,81549E-005	...........	68,28
	2953	29569,5	4,98173E-005	5,09156E-005	5,92332E-005	...........	68,32
	2954	29579,6	5,06394E-005	5,14411E-005	5,95916E-005	...........	68,34
	2955	29589,6	5,10375E-005	5,12273E-005	5,94282E-005	...........	68,35
	2956	29599,6	5,11436E-005	4,83902E-005	5,84949E-005	...........	68,36
	2957	29609,6	5,08979E-005	4,73468E-005	5,79866E-005	...........	68,38
	2958	29619,6	5,02162E-005	4,94150E-005	5,99149E-005	...........	68,39
	2959	29629,6	4,93671E-005	4,81405E-005	6,01116E-005	...........	68,36
	2960	29639,6	4,87550E-005	4,78870E-005	6,05766E-005	...........	68,36
	2961	29649,6	4,84014E-005	4,60126E-005	6,07782E-005	...........	68,37
	2962	29659,6	4,79833E-005	4,44125E-005	6,01966E-005	...........	68,35
	2963	29669,6	4,72868E-005	4,66007E-005	6,11816E-005	...........	68,34
	2964	29679,7	4,64728E-005	4,43381E-005	6,06982E-005	...........	68,34
	2965	29689,7	4,58182E-005	4,47250E-005	5,84516E-005	...........	68,31
	2966	29699,7	4,53897E-005	4,61714E-005	5,94916E-005	...........	68,27
	2967	29709,7	4,51461E-005	4,32902E-005	5,98866E-005	...........	68,22
	2968	29719,7	4,49184E-005	4,06126E-005	6,06316E-005	...........	68,21
	2969	29729,7	4,43128E-005	3,98490E-005	5,93682E-005	...........	68,20
	2970	29739,7	4,31777E-005	4,14088E-005	5,95382E-005	...........	68,21
	2971	29749,7	4,19687E-005	4,20274E-005	5,93816E-005	...........	68,22
	2972	29759,7	4,11830E-005	3,67981E-005	6,20232E-005	...........	68,19
	2973	29769,7	4,06667E-005	3,90217E-005	6,04799E-005	...........	68,16
	2974	29779,8	4,00511E-005	4,05267E-005	6,14116E-005	...........	68,12
	2975	29789,8	3,95543E-005	4,21225E-005	5,80799E-005	...........	68,12
	2976	29799,8	3,96336E-005	4,10289E-005	5,98666E-005	...........	68,12
	2977	29809,8	4,02035E-005	4,05888E-005	5,91716E-005	...........	68,11
	2978	29819,8	4,07224E-005	3,92307E-005	6,14366E-005	...........	68,09
	2979	29829,8	4,07432E-005	3,69677E-005	6,02466E-005	...........	68,10
	2980	29839,8	4,02178E-005	4,07736E-005	5,91216E-005	...........	68,15
	2981	29849,8	3,95659E-005	4,02194E-005	5,97399E-005	...........	68,18
	2982	29859,8	3,92905E-005	3,87192E-005	6,00332E-005	...........	68,22
	2983	29869,8	3,93712E-005	3,90974E-005	6,10782E-005	...........	68,27
	2984	29879,9	3,94430E-005	3,97548E-005	6,17682E-005	...........	68,32
	2985	29889,9	3,95184E-005	4,54372E-005	5,96149E-005	...........	68,34
	2986	29899,9	4,00554E-005	4,35455E-005	5,97216E-005	...........	68,30
	2987	29909,9	4,11092E-005	3,76446E-005	6,02616E-005	...........	68,27
	2988	29919,9	4,18280E-005	3,88158E-005	6,05449E-005	...........	68,26
	2989	29929,9	4,14772E-005	3,93495E-005	6,00816E-005	...........	68,23
	2990	29939,9	4,04541E-005	3,94452E-005	6,05916E-005	...........	68,21
	2991	29949,9	3,95345E-005	3,53340E-005	5,99816E-005	...........	68,21
	2992	29959,9	3,88126E-005	3,66081E-005	6,11482E-005	...........	68,23
	2993	29969,9	3,80417E-005	3,76080E-005	5,99332E-005	...........	68,25
	2994	29980	3,74054E-005	3,97985E-005	6,13316E-005	...........	68,30
	2995	29990	3,73203E-005	3,85785E-005	6,04749E-005	...........	68,33
	2996	30000	3,77101E-005	3,53184E-005	6,02982E-005	...........	68,36
	2997	30010	3,79496E-005	3,62292E-005	6,07916E-005	...........	68,39
	2998	30020	3,76873E-005	3,95546E-005	6,07749E-005	...........	68,40
	2999	30030	3,74734E-005	4,46958E-005	5,87199E-005	...........	68,42
	3000	30040	3,80926E-005	3,88044E-005	6,08416E-005	...........	68,45
	3001	30050	3,93646E-005	4,06347E-005	5,90866E-005	...........	68,47
	3002	30060	4,03912E-005	4,19778E-005	6,07199E-005	...........	68,45
	3003	30070	4,07689E-005	3,72631E-005	6,25282E-005	...........	68,39
	3004	30080,1	4,05170E-005	3,38851E-005	6,16316E-005	...........	68,37
	3005	30090,1	3,95488E-005	3,83763E-005	6,15916E-005	...........	68,35
	3006	30100,1	3,82181E-005	3,80474E-005	6,13999E-005	...........	68,31
	3007	30110,1	3,73202E-005	3,63522E-005	6,26616E-005	...........	68,28
	3008	30120,1	3,70557E-005	3,59043E-005	6,17066E-005	...........	68,27
	3009	30130,1	3,68939E-005	3,32580E-005	6,15232E-005	...........	68,28
	3010	30140,1	3,63669E-005	3,39146E-005	6,14499E-005	...........	68,29
	3011	30150,1	3,55106E-005	3,46063E-005	6,10849E-005	...........	68,30
	3012	30160,1	3,48323E-005	4,00502E-005	6,07099E-005	...........	68,32
	3013	30170,1	3,49903E-005	4,01619E-005	6,08766E-005	...........	68,35
	3014	30180,2	3,61850E-005	4,04430E-005	6,22982E-005	...........	68,30
	3015	30190,2	3,77969E-005	3,66955E-005	6,23366E-005	...........	68,26
	3016	30200,2	3,88669E-005	3,81260E-005	6,38132E-005	...........	68,29
	3017	30210,2	3,89428E-005	3,50614E-005	6,16216E-005	...........	68,34
	3018	30220,2	3,82523E-005	3,55799E-005	6,09282E-005	...........	68,34
	3019	30230,2	3,72641E-005	3,58067E-005	6,11482E-005	...........	68,30
	3020	30240,2	3,63154E-005	3,15484E-005	6,12466E-005	...........	68,30
	3021	30250,2	3,54423E-005	3,44312E-005	6,14566E-005	...........	68,33
	3022	30260,2	3,46428E-005	3,55982E-005	6,31466E-005	...........	68,39
	3023	30270,2	3,42646E-005	3,83565E-005	6,13999E-005	...........	68,41
	3024	30280,3	3,46723E-005	3,76513E-005	6,17416E-005	...........	68,43
	3025	30290,3	3,56714E-005	3,67014E-005	6,09116E-005	...........	68,34
	3026	30300,3	3,65136E-005	3,07876E-005	5,93849E-005	...........	68,24
	3027	30310,3	3,64076E-005	3,20471E-005	6,06532E-005	...........	68,20
	3028	30320,3	3,52423E-005	3,26174E-005	6,11216E-005	...........	68,16
	3029	30330,3	3,37759E-005	3,30660E-005	6,09332E-005	...........	68,15
	3030	30340,3	3,28462E-005	3,36842E-005	6,03066E-005	...........	68,17
	3031	30350,3	3,25669E-005	2,89337E-005	6,06182E-005	...........	68,23
	3032	30360,3	3,23451E-005	2,81510E-005	5,98749E-005	...........	68,29
	3033	30370,3	3,16525E-005	3,18546E-005	6,05382E-005	...........	68,32
	3034	30380,4	3,07472E-005	2,98936E-005	6,17482E-005	...........	68,35
	3035	30390,4	3,01965E-005	2,91200E-005	6,11016E-005	...........	68,35
	3036	30400,4	2,99974E-005	2,91070E-005	5,99149E-005	...........	68,34
	3037	30410,4	2,98348E-005	3,06297E-005	6,04316E-005	...........	68,33
	3038	30420,4	2,96793E-005	2,89420E-005	6,03866E-005	...........	68,31
	3039	30430,4	2,96053E-005	2,88661E-005	6,03549E-005	...........	68,31
	3040	30440,4	2,94726E-005	2,68466E-005	6,03949E-005	...........	68,28
	3041	30450,4	2,90764E-005	2,68843E-005	6,02449E-005	...........	68,25
	3042	30460,4	2,84567E-005	2,91005E-005	6,02382E-005	...........	68,27
	3043	30470,4	2,79735E-005	2,91451E-005	6,00332E-005	...........	68,28
	3044	30480,5	2,79635E-005	2,95034E-005	6,02149E-005	...........	68,32
	3045	30490,5	2,83384E-005	2,79127E-005	5,95549E-005	...........	68,35
	3046	30500,5	2,86948E-005	2,84232E-005	5,94432E-005	...........	68,36
	3047	30510,5	2,87706E-005	2,85259E-005	5,99216E-005	...........	68,38
	3048	30520,5	2,86646E-005	2,94746E-005	6,22149E-005	...........	68,39
	3049	30530,5	2,86948E-005	3,25236E-005	6,13532E-005	...........	68,41
	3050	30540,5	2,91221E-005	3,02735E-005	6,12832E-005	...........	68,38
	3051	30550,5	2,98465E-005	3,04354E-005	6,04199E-005	...........	68,38
	3052	30560,5	3,04085E-005	2,85628E-005	5,91266E-005	...........	68,38
	3053	30570,5	3,03936E-005	2,60159E-005	5,99682E-005	...........	68,36
	3054	30580,6	2,96463E-005	2,38534E-005	6,12599E-005	...........	68,38
	3055	30590,6	2,83854E-005	3,08592E-005	6,19482E-005	...........	68,38
	3056	30600,6	2,73144E-005	2,57406E-005	6,19282E-005	...........	68,37
	3057	30610,6	2,69152E-005	2,51193E-005	6,13366E-005	...........	68,32
	3058	30620,6	2,68278E-005	2,70160E-005	6,13366E-005	...........	68,29
	3059	30630,6	2,65838E-005	2,41424E-005	6,13899E-005	...........	68,28
	3060	30640,6	2,61434E-005	2,35216E-005	6,17066E-005	...........	68,29
	3061	30650,6	2,55177E-005	2,30228E-005	6,23399E-005	...........	68,28
	3062	30660,6	2,46677E-005	1,99962E-005	6,23466E-005	...........	68,27
	3063	30670,6	2,36343E-005	2,18311E-005	6,20916E-005	...........	68,28
	3064	30680,7	2,25583E-005	1,96681E-005	6,27032E-005	...........	68,29
	3065	30690,7	2,16784E-005	2,28463E-005	6,14182E-005	...........	68,33
	3066	30700,7	2,12786E-005	2,46034E-005	6,20099E-005	...........	68,36
	3067	30710,7	2,15890E-005	2,52172E-005	6,20032E-005	...........	68,37
	3068	30720,7	2,25184E-005	2,42050E-005	6,21216E-005	...........	68,36
	3069	30730,7	2,35435E-005	2,33159E-005	6,27882E-005	...........	68,35
	3070	30740,7	2,41019E-005	2,24345E-005	6,19566E-005	...........	68,33
	3071	30750,7	2,40288E-005	2,28328E-005	6,16932E-005	...........	68,34
	3072	30760,7	2,35640E-005	2,19904E-005	6,23766E-005	...........	68,36
	3073	30770,7	2,30636E-005	2,36948E-005	6,00699E-005	...........	68,41
	3074	30780,7	2,27637E-005	2,21822E-005	6,15349E-005	...........	68,43
	3075	30790,8	2,27580E-005	2,65159E-005	6,04849E-005	...........	68,41
	3076	30800,8	2,31154E-005	2,51983E-005	6,08582E-005	...........	68,36
	3077	30810,8	2,37316E-005	2,07664E-005	6,11566E-005	...........	68,32
	3078	30820,8	2,40287E-005	1,96022E-005	6,11166E-005	...........	68,28
	3079	30830,8	2,34331E-005	1,98197E-005	6,09149E-005	...........	68,21
	3080	30840,8	2,21422E-005	1,94453E-005	6,02999E-005	...........	68,16
	3081	30850,8	2,08656E-005	2,00468E-005	6,18449E-005	...........	68,18
	3082	30860,8	2,00562E-005	1,92220E-005	6,20349E-005	...........	68,20
	3083	30870,8	1,97425E-005	2,19217E-005	6,16382E-005	...........	68,16
	3084	30880,9	1,98158E-005	2,01386E-005	6,13849E-005	...........	68,13
	3085	30890,9	2,00952E-005	1,91366E-005	6,06066E-005	...........	68,12
	3086	30900,9	2,02321E-005	1,80748E-005	6,18532E-005	...........	68,15
	3087	30910,9	1,99330E-005	1,70833E-005	6,04666E-005	...........	68,19
	3088	30920,9	1,92554E-005	1,85814E-005	6,06099E-005	...........	68,26
	3089	30930,9	1,85553E-005	1,82631E-005	6,13182E-005	...........	68,31
	3090	30940,9	1,81802E-005	1,93851E-005	6,23382E-005	...........	68,31
	3091	30950,9	1,82183E-005	1,92228E-005	6,18182E-005	...........	68,30
	3092	30960,9	1,84939E-005	1,78472E-005	6,16549E-005	...........	68,25
	3093	30970,9	1,87332E-005	1,94577E-005	6,19866E-005	...........	68,18
	3094	30981	1,87482E-005	1,52837E-005	5,91999E-005	...........	68,17
	3095	30991	1,84563E-005	1,74395E-005	6,28216E-005	...........	68,14
	3096	31001	1,79337E-005	1,82647E-005	6,26732E-005	...........	68,10
	3097	31011	1,74607E-005	1,51286E-005	6,01132E-005	...........	68,08
	3098	31021	1,70845E-005	1,29520E-005	5,90682E-005	...........	68,10
	3099	31031	1,64759E-005	1,49876E-005	5,96849E-005	...........	68,15
	3100	31041	1,55887E-005	1,40901E-005	5,96399E-005	...........	68,21
	3101	31051	1,48076E-005	1,39358E-005	5,87049E-005	...........	68,27
	3102	31061	1,44041E-005	1,64665E-005	6,15249E-005	...........	68,32
	3103	31071	1,43913E-005	1,41638E-005	6,05399E-005	...........	68,33
	3104	31081,1	1,46668E-005	1,73468E-005	6,17016E-005	...........	68,34
	3105	31091,1	1,51238E-005	1,75980E-005	6,07599E-005	...........	68,33
	3106	31101,1	1,57415E-005	1,70582E-005	6,09549E-005	...........	68,30
	3107	31111,1	1,63415E-005	1,31901E-005	5,85449E-005	...........	68,31
	3108	31121,1	1,64664E-005	1,40019E-005	5,87466E-005	...........	68,35
	3109	31131,1	1,59333E-005	1,54916E-005	5,99232E-005	...........	68,40
	3110	31141,1	1,52116E-005	1,55832E-005	6,10549E-005	...........	68,44
	3111	31151,1	1,49124E-005	1,75849E-005	6,10466E-005	...........	68,46
	3112	31161,1	1,51916E-005	1,59488E-005	5,95216E-005	...........	68,48
	3113	31171,1	1,57007E-005	1,37022E-005	5,83766E-005	...........	68,49
	3114	31181,2	1,59250E-005	1,58751E-005	5,89749E-005	...........	68,49
	3115	31191,2	1,57054E-005	1,41811E-005	5,94916E-005	...........	68,44
	3116	31201,2	1,53118E-005	1,49125E-005	6,00299E-005	...........	68,38
	3117	31211,2	1,49027E-005	9,85611E-006	5,89232E-005	...........	68,33
	3118	31221,2	1,42865E-005	1,24068E-005	5,82416E-005	...........	68,29
	3119	31231,2	1,33368E-005	9,47718E-006	5,73332E-005	...........	68,28
	3120	31241,2	1,22142E-005	8,16921E-006	5,60049E-005	...........	68,29
	3121	31251,2	1,10264E-005	6,49215E-006	5,77416E-005	...........	68,30
	3122	31261,2	9,81141E-006	1,04663E-005	5,81399E-005	...........	68,31
	3123	31271,2	8,92439E-006	1,09031E-005	5,69382E-005	...........	68,31
	3124	31281,3	8,79681E-006	1,01862E-005	5,67882E-005	...........	68,33
	3125	31291,3	9,31999E-006	1,11288E-005	5,74966E-005	...........	68,37
	3126	31301,3	1,00072E-005	1,17255E-005	5,75749E-005	...........	68,40
	3127	31311,3	1,05626E-005	1,03548E-005	5,91999E-005	...........	68,45
	3128	31321,3	1,08927E-005	1,03070E-005	5,75566E-005	...........	68,49
	3129	31331,3	1,10054E-005	1,39089E-005	5,78582E-005	...........	68,52
	3130	31341,3	1,11957E-005	1,45320E-005	5,96482E-005	...........	68,48
	3131	31351,3	1,17614E-005	1,11451E-005	5,83499E-005	...........	68,45
	3132	31361,3	1,23954E-005	1,03163E-005	5,76216E-005	...........	68,43
	3133	31371,3	1,24349E-005	8,07291E-006	5,81366E-005	...........	68,41
	3134	31381,4	1,16420E-005	7,62679E-006	5,83516E-005	...........	68,41
	3135	31391,4	1,03913E-005	9,71863E-006	5,90799E-005	...........	68,41
	3136	31401,4	9,26607E-006	6,23518E-006	5,92016E-005	...........	68,41
	3137	31411,4	8,51466E-006	7,17708E-006	5,94982E-005	...........	68,41
	3138	31421,4	8,00088E-006	8,60852E-006	5,94516E-005	...........	68,39
	3139	31431,4	7,67747E-006	7,51921E-006	5,80566E-005	...........	68,38
	3140	31441,4	7,58753E-006	6,58547E-006	5,92216E-005	...........	68,39
	3141	31451,4	7,53381E-006	5,82938E-006	5,81799E-005	...........	68,41
	3142	31461,4	7,28050E-006	6,81057E-006	5,79382E-005	...........	68,42
	3143	31471,4	6,93528E-006	8,61289E-006	5,80516E-005	...........	68,40
	3144	31481,5	6,82513E-006	6,98501E-006	5,76016E-005	...........	68,40
	3145	31491,5	7,00127E-006	6,08788E-006	5,79499E-005	...........	68,41
	3146	31501,5	7,12395E-006	5,82800E-006	6,01749E-005	...........	68,42
	3147	31511,5	6,94796E-006	6,74215E-006	5,95399E-005	...........	68,41
	3148	31521,5	6,60415E-006	5,28341E-006	5,95732E-005	...........	68,41
	3149	31531,5	6,34645E-006	8,58220E-006	5,90066E-005	...........	68,40
	3150	31541,5	6,32878E-006	5,91809E-006	5,88516E-005	...........	68,43
	3151	31551,5	6,46931E-006	4,33666E-006	5,97399E-005	...........	68,45
	3152	31561,5	6,46872E-006	7,50070E-006	6,04216E-005	...........	68,43
	3153	31571,5	6,28996E-006	7,04630E-006	5,83082E-005	...........	68,38
	3154	31581,6	6,27044E-006	7,65863E-006	5,81166E-005	...........	68,34
	3155	31591,6	6,53526E-006	5,99033E-006	5,92082E-005	...........	68,29
	3156	31601,6	6,76916E-006	4,34923E-006	5,96649E-005	...........	68,24
	3157	31611,6	6,56811E-006	2,84218E-006	5,87632E-005	...........	68,18
	3158	31621,6	5,75005E-006	2,60916E-008	5,83899E-005	...........	68,16
	3159	31631,6	4,43458E-006	2,02730E-006	5,90682E-005	...........	68,16
	3160	31641,6	3,08210E-006	4,05777E-006	5,93966E-005	...........	68,19
	3161	31651,6	2,30876E-006	3,00581E-006	5,82632E-005	...........	68,20
	3162	31661,6	2,37682E-006	6,68249E-006	5,82866E-005	...........	68,25
	3163	31671,6	3,06908E-006	4,73963E-006	5,95532E-005	...........	68,30
	3164	31681,7	3,96760E-006	4,40099E-006	6,07982E-005	...........	68,36
	3165	31691,7	4,63524E-006	4,77492E-006	5,94816E-005	...........	68,39
	3166	31701,7	4,93055E-006	7,57418E-006	5,83016E-005	...........	68,46
	3167	31711,7	5,10540E-006	3,44250E-006	6,10199E-005	...........	68,49
	3168	31721,7	5,28264E-006	5,31545E-006	6,00432E-005	...........	68,52
	3169	31731,7	5,35593E-006	7,82733E-006	5,95166E-005	...........	68,54
	3170	31741,7	5,47350E-006	6,63198E-006	5,91766E-005	...........	68,56
	3171	31751,7	5,83950E-006	5,86189E-006	5,94582E-005	...........	68,55
	3172	31761,7	6,27950E-006	7,92459E-006	5,97166E-005	...........	68,54
	3173	31771,7	6,60311E-006	7,55375E-006	5,88849E-005	...........	68,49
	3174	31781,8	6,86348E-006	6,15433E-006	5,82282E-005	...........	68,44
	3175	31791,8	7,00569E-006	5,09228E-006	6,05099E-005	...........	68,42
	3176	31801,8	6,83513E-006	5,76273E-006	5,87182E-005	...........	68,39
	3177	31811,8	6,41190E-006	6,73755E-006	5,72382E-005	...........	68,40
	3178	31821,8	6,01150E-006	3,06653E-006	5,81266E-005	...........	68,38
	3179	31831,8	5,68268E-006	5,33169E-006	5,91516E-005	...........	68,33
	3180	31841,8	5,25404E-006	1,85451E-006	5,76599E-005	...........	68,28
	3181	31851,8	4,58891E-006	-1,94937E-007	5,61066E-005	...........	68,22
	3182	31861,8	3,57360E-006	-2,24114E-007	5,76499E-005	...........	68,18
	3183	31871,8	2,24306E-006	-1,58798E-006	5,63466E-005	...........	68,17
	3184	31881,9	8,92623E-007	-9,68183E-007	5,65382E-005	...........	68,18
	3185	31891,9	-1,00962E-007	2,33290E-006	5,77316E-005	...........	68,19
	3186	31901,9	-4,35037E-007	4,15122E-007	5,77082E-005	...........	68,19
	3187	31911,9	-1,82794E-007	-1,76314E-006	5,58516E-005	...........	68,23
	3188	31921,9	1,05212E-007	2,03945E-007	5,78732E-005	...........	68,30
	3189	31931,9	1,12407E-007	2,76156E-006	5,83799E-005	...........	68,36
	3190	31941,9	2,03924E-007	2,82247E-006	5,84832E-005	...........	68,39
	3191	31951,9	7,67069E-007	3,16468E-006	5,90199E-005	...........	68,46
	3192	31961,9	1,63684E-006	3,00423E-006	5,84566E-005	...........	68,50
	3193	31971,9	2,38773E-006	2,23184E-006	5,81282E-005	...........	68,48
	3194	31982	2,77580E-006	2,92716E-006	5,80416E-005	...........	68,39
	3195	31992	2,80629E-006	7,10221E-007	5,80016E-005	...........	68,33
	3196	32002	2,54532E-006	3,97020E-007	5,82449E-005	...........	68,28
	3197	32012	2,03095E-006	6,14615E-007	5,71799E-005	...........	68,25
	3198	32022	1,44986E-006	2,72530E-006	5,98666E-005	...........	68,24
	3199	32032	1,13698E-006	1,20392E-006	5,81716E-005	...........	68,16
	3200	32042	1,18223E-006	5,62766E-007	5,75899E-005	...........	68,09
	3201	32052	1,21504E-006	-3,41082E-006	5,70366E-005	...........	68,04
	3202	32062	7,30550E-007	-3,31707E-006	5,56932E-005	...........	68,01
	3203	32072	-4,06926E-007	-4,72101E-006	5,64649E-005	...........	67,99
	3204	32082,1	-1,82931E-006	-3,41240E-006	5,73349E-005	...........	68,03
	3205	32092,1	-2,92317E-006	5,27973E-007	5,99449E-005	...........	68,09
	3206	32102,1	-3,10003E-006	2,80354E-006	5,96216E-005	...........	68,19
	3207	32112,1	-2,18641E-006	-4,31755E-007	5,83032E-005	...........	68,28
	3208	32122,1	-8,06427E-007	-5,41273E-007	5,93982E-005	...........	68,36
	3209	32132,1	1,87225E-007	3,77558E-006	6,02132E-005	...........	68,38
	3210	32142,1	7,13757E-007	1,88690E-006	6,05649E-005	...........	68,39
	3211	32152,1	1,18193E-006	1,07716E-006	5,88366E-005	...........	68,42
	3212	32162,1	1,62428E-006	2,79468E-006	6,00899E-005	...........	68,47
	3213	32172,1	1,87785E-006	1,95923E-006	5,71699E-005	...........	68,48
	3214	32182,2	1,91849E-006	-2,18338E-006	5,65516E-005	...........	68,52
	3215	32192,2	1,63306E-006	9,68619E-007	5,78266E-005	...........	68,53
	3216	32202,2	1,01680E-006	-5,36966E-008	5,78682E-005	...........	68,47
	3217	32212,2	4,08025E-007	-7,17249E-007	5,81532E-005	...........	68,42
	3218	32222,2	2,29392E-008	-9,37653E-007	5,68982E-005	...........	68,42
	3219	32232,2	-2,49569E-007	-7,94986E-007	5,82566E-005	...........	68,41
	3220	32242,2	-5,14638E-007	-1,45982E-006	5,68349E-005	...........	68,43
	3221	32252,2	-6,72609E-007	3,71662E-006	5,83849E-005	...........	68,44
	3222	32262,2	-4,27262E-007	2,36952E-006	5,75482E-005	...........	68,41
	3223	32272,2	3,63367E-007	2,02710E-006	5,84332E-005	...........	68,35
	3224	32282,2	1,35821E-006	3,71516E-006	5,84582E-005	...........	68,31
	3225	32292,3	2,09287E-006	1,74463E-007	5,79299E-005	...........	68,25
	3226	32302,3	2,31360E-006	-4,04951E-007	5,80349E-005	...........	68,22
	3227	32312,3	1,91338E-006	-1,17700E-006	5,68716E-005	...........	68,19
	3228	32322,3	9,87712E-007	-3,73214E-006	5,83032E-005	...........	68,15
	3229	32332,3	-2,14653E-007	-3,06981E-006	5,69766E-005	...........	68,14
	3230	32342,3	-1,41798E-006	-2,34941E-006	5,64316E-005	...........	68,18
	3231	32352,3	-2,23125E-006	1,33443E-006	5,88182E-005	...........	68,26
	3232	32362,3	-2,23819E-006	1,51683E-006	5,89299E-005	...........	68,34
	3233	32372,3	-1,44694E-006	-1,04423E-006	5,60566E-005	...........	68,37
	3234	32382,4	-5,03404E-007	-1,42418E-006	5,63982E-005	...........	68,35
	3235	32392,4	-1,54089E-007	-3,36685E-006	5,61849E-005	...........	68,33
	3236	32402,4	-5,26216E-007	3,83370E-007	5,81316E-005	...........	68,32
	3237	32412,4	-1,07075E-006	-5,92554E-008	5,69966E-005	...........	68,27
	3238	32422,4	-1,23202E-006	-1,97953E-006	5,56916E-005	...........	68,20
	3239	32432,4	-1,13580E-006	-4,36621E-006	5,49249E-005	...........	68,18
	3240	32442,4	-1,42075E-006	-7,08352E-006	5,46232E-005	...........	68,20
	3241	32452,4	-2,39518E-006	-2,82429E-006	5,42149E-005	...........	68,22
	3242	32462,4	-3,56981E-006	-3,58075E-006	5,60732E-005	...........	68,22
	3243	32472,4	-4,23698E-006	-5,03783E-006	5,61799E-005	...........	68,17
	3244	32482,5	-4,27421E-006	-7,56932E-007	5,75199E-005	...........	68,13
	3245	32492,5	-3,94364E-006	-3,77948E-006	5,69999E-005	...........	68,14
	3246	32502,5	-3,45267E-006	-2,15598E-006	5,60916E-005	...........	68,18
	3247	32512,5	-3,00370E-006	-2,44575E-006	5,54216E-005	...........	68,18
	3248	32522,5	-2,78114E-006	-5,91106E-006	5,63416E-005	...........	68,19
	3249	32532,5	-2,91636E-006	-3,57347E-006	5,65016E-005	...........	68,20
	3250	32542,5	-3,32886E-006	-1,73695E-006	5,79549E-005	...........	68,22
	3251	32552,5	-3,61186E-006	-4,19679E-006	5,52916E-005	...........	68,23
	3252	32562,5	-3,59229E-006	-5,17321E-006	5,57132E-005	...........	68,23
	3253	32572,5	-3,57076E-006	-2,29137E-006	5,58082E-005	...........	68,26
	3254	32582,6	-3,68611E-006	-4,51390E-006	5,66632E-005	...........	68,29
	3255	32592,6	-3,80616E-006	-5,40647E-006	5,74899E-005	...........	68,33
	3256	32602,6	-3,95194E-006	-3,31462E-006	5,64416E-005	...........	68,39
	3257	32612,6	-4,09527E-006	-1,73043E-006	5,66832E-005	...........	68,43
	3258	32622,6	-3,94854E-006	-2,20333E-006	5,71232E-005	...........	68,47
	3259	32632,6	-3,39362E-006	-1,09452E-006	5,82182E-005	...........	68,54
	3260	32642,6	-2,61447E-006	1,20790E-006	5,78082E-005	...........	68,58
	3261	32652,6	-1,68718E-006	3,01313E-006	5,81066E-005	...........	68,60
	3262	32662,6	-5,55890E-007	1,01753E-006	5,80149E-005	...........	68,59
	3263	32672,6	4,97354E-007	-2,51060E-006	5,76182E-005	...........	68,54
	3264	32682,7	8,38045E-007	-2,86898E-006	5,78366E-005	...........	68,47
	3265	32692,7	2,33200E-007	-4,17858E-007	5,90966E-005	...........	68,44
	3266	32702,7	-7,73193E-007	-3,71024E-006	5,77632E-005	...........	68,41
	3267	32712,7	-1,56440E-006	-1,52500E-006	5,76932E-005	...........	68,37
	3268	32722,7	-1,99731E-006	-1,64635E-006	5,74266E-005	...........	68,31
	3269	32732,7	-2,16238E-006	-3,58565E-006	5,59299E-005	...........	68,27
	3270	32742,7	-2,27056E-006	-4,52991E-006	5,78432E-005	...........	68,23
	3271	32752,7	-2,67384E-006	-7,71384E-006	5,62116E-005	...........	68,22
	3272	32762,7	-3,53288E-006	-3,89325E-006	5,66032E-005	...........	68,22
	3273	32772,7	-4,48909E-006	-3,76852E-006	5,58882E-005	...........	68,23
	3274	32782,8	-4,98816E-006	-5,71697E-006	5,52949E-005	...........	68,21
	3275	32792,8	-5,06256E-006	-8,71171E-006	5,73832E-005	...........	68,24
	3276	32802,8	-5,26275E-006	-4,37706E-006	5,57616E-005	...........	68,26
	3277	32812,8	-5,74421E-006	-7,79322E-006	5,67732E-005	...........	68,26
	3278	32822,8	-6,17505E-006	-5,44569E-006	5,62349E-005	...........	68,31
	3279	32832,8	-6,32497E-006	-4,33779E-006	5,55982E-005	...........	68,35
	3280	32842,8	-6,16052E-006	-6,05527E-006	5,67099E-005	...........	68,41
	3281	32852,8	-5,74232E-006	-1,86369E-006	5,64049E-005	...........	68,49
	3282	32862,8	-5,16390E-006	-4,41089E-006	5,46382E-005	...........	68,56
	3283	32872,8	-4,50343E-006	-2,53764E-006	5,53032E-005	...........	68,58
	3284	32882,9	-3,91141E-006	-3,94254E-006	5,68516E-005	...........	68,56
	3285	32892,9	-3,53464E-006	-3,09244E-006	5,58482E-005	...........	68,52
	3286	32902,9	-3,42501E-006	-6,00269E-006	5,55216E-005	...........	68,48
	3287	32912,9	-3,59739E-006	-3,42926E-006	5,60299E-005	...........	68,42
	3288	32922,9	-4,00845E-006	-8,07877E-006	5,48866E-005	...........	68,38
	3289	32932,9	-4,58268E-006	-5,00875E-006	5,36632E-005	...........	68,35
	3290	32942,9	-5,22055E-006	-6,65440E-006	5,67716E-005	...........	68,34
	3291	32952,9	-5,69333E-006	-3,42274E-006	5,54016E-005	...........	68,37
	3292	32962,9	-5,76523E-006	-5,32139E-006	5,38932E-005	...........	68,39
	3293	32972,9	-5,44098E-006	-3,05708E-006	5,53866E-005	...........	68,40
	3294	32982,9	-4,95081E-006	-5,38929E-006	5,49482E-005	...........	68,43
	3295	32993	-4,59317E-006	-5,94484E-006	5,61949E-005	...........	68,46
	3296	33003	-4,56592E-006	-4,11268E-006	5,51816E-005	...........	68,44
	3297	33013	-4,70020E-006	-1,71647E-006	5,64382E-005	...........	68,44
	3298	33023	-4,57607E-006	-4,68650E-006	5,52449E-005	...........	68,45
	3299	33033	-4,14346E-006	-3,49632E-006	5,65482E-005	...........	68,42
	3300	33043	-3,77985E-006	-4,29655E-006	5,43066E-005	...........	68,38
	3301	33053	-3,78674E-006	-8,31658E-006	5,60616E-005	...........	68,34
	3302	33063	-4,30533E-006	-7,37711E-006	5,53999E-005	...........	68,30
	3303	33073	-5,28316E-006	-6,93102E-006	5,67549E-005	...........	68,28
	3304	33083,1	-6,29583E-006	-6,69897E-006	5,61766E-005	...........	68,30
	3305	33093,1	-6,84367E-006	-4,15053E-006	5,58766E-005	...........	68,34
	3306	33103,1	-6,66853E-006	-1,25563E-006	5,65766E-005	...........	68,37
	3307	33113,1	-5,73349E-006	-1,95304E-006	5,66499E-005	...........	68,39
	3308	33123,1	-4,37786E-006	-4,45446E-006	5,66699E-005	...........	68,40
	3309	33133,1	-3,32352E-006	-4,09520E-006	5,70266E-005	...........	68,41
	3310	33143,1	-3,05580E-006	-4,53294E-006	5,67032E-005	...........	68,45
	3311	33153,1	-3,36884E-006	-2,77621E-006	5,72716E-005	...........	68,45
	3312	33163,1	-3,74740E-006	-5,45934E-006	5,67899E-005	...........	68,46
	3313	33173,1	-4,00292E-006	-5,59994E-006	5,65449E-005	...........	68,48
	3314	33183,2	-4,30054E-006	-4,88729E-006	5,57282E-005	...........	68,49
	3315	33193,2	-4,69173E-006	-5,40003E-006	5,55832E-005	...........	68,51
	3316	33203,2	-5,00955E-006	-4,84436E-006	5,52916E-005	...........	68,49
	3317	33213,2	-5,17424E-006	-6,39696E-006	5,70666E-005	...........	68,44
	3318	33223,2	-5,35298E-006	-8,84110E-006	5,69316E-005	...........	68,42
	3319	33233,2	-5,80041E-006	-6,85376E-006	5,73932E-005	...........	68,39
	3320	33243,2	-6,42991E-006	-4,45667E-006	5,59849E-005	...........	68,37
	3321	33253,2	-6,74745E-006	-5,80562E-006	5,69149E-005	...........	68,39
	3322	33263,2	-6,53534E-006	-6,96325E-006	5,56832E-005	...........	68,42
	3323	33273,2	-6,13846E-006	-3,81126E-006	5,74366E-005	...........	68,46
	3324	33283,3	-5,85442E-006	-6,89828E-006	5,65382E-005	...........	68,51
	3325	33293,3	-5,66810E-006	-4,22075E-006	5,64866E-005	...........	68,52
	3326	33303,3	-5,46490E-006	-2,57982E-006	5,67082E-005	...........	68,50
	3327	33313,3	-5,11653E-006	-6,26811E-006	5,65082E-005	...........	68,46
	3328	33323,3	-4,75430E-006	-6,22014E-006	5,64366E-005	...........	68,41
	3329	33333,3	-4,84686E-006	-1,07317E-005	5,83732E-005	...........	68,37
	3330	33343,3	-5,64382E-006	-6,40660E-006	5,67166E-005	...........	68,35
	3331	33353,3	-6,69986E-006	-4,80057E-006	5,81899E-005	...........	68,34
	3332	33363,3	-7,23084E-006	-7,04161E-006	5,79399E-005	...........	68,37
	3333	33373,3	-7,06796E-006	-7,66559E-006	5,64332E-005	...........	68,39
	3334	33383,4	-6,77619E-006	-6,64032E-006	5,56016E-005	...........	68,35
	3335	33393,4	-6,82965E-006	-1,13606E-005	5,79332E-005	...........	68,30
	3336	33403,4	-7,30813E-006	-7,74968E-006	5,59016E-005	...........	68,23
	3337	33413,4	-8,06810E-006	-1,16153E-005	5,77116E-005	...........	68,18
	3338	33423,4	-8,83591E-006	-8,25066E-006	5,81382E-005	...........	68,18
	3339	33433,4	-9,39062E-006	-1,09636E-005	5,89616E-005	...........	68,24
	3340	33443,4	-9,68995E-006	-9,25073E-006	5,85232E-005	...........	68,29
	3341	33453,4	-9,79111E-006	-8,74930E-006	5,75232E-005	...........	68,34
	3342	33463,4	-9,64959E-006	-5,79742E-006	5,74316E-005	...........	68,39
	3343	33473,4	-9,08642E-006	-5,42948E-006	5,71449E-005	...........	68,39
	3344	33483,4	-8,07943E-006	-5,34122E-006	5,63132E-005	...........	68,35
	3345	33493,5	-6,99022E-006	-8,22009E-006	5,70249E-005	...........	68,33
	3346	33503,5	-6,37744E-006	-8,18814E-006	5,79482E-005	...........	68,30
	3347	33513,5	-6,52989E-006	-9,43360E-006	5,98266E-005	...........	68,30
	3348	33523,5	-7,23325E-006	-8,50907E-006	5,79849E-005	...........	68,32
	3349	33533,5	-7,95526E-006	-5,52305E-006	5,73649E-005	...........	68,37
	3350	33543,5	-8,21566E-006	-8,56524E-006	5,72482E-005	...........	68,44
	3351	33553,5	-7,99895E-006	-7,50933E-006	5,64132E-005	...........	68,53
	3352	33563,5	-7,64651E-006	-4,43877E-006	5,71732E-005	...........	68,58
	3353	33573,5	-7,25432E-006	-6,34453E-006	5,62732E-005	...........	68,61
	3354	33583,6	-6,68542E-006	-3,28761E-006	5,65166E-005	...........	68,65
	3355	33593,6	-5,96814E-006	-4,99352E-006	5,64832E-005	...........	68,63
	3356	33603,6	-5,24762E-006	-2,79014E-006	5,72916E-005	...........	68,59
	3357	33613,6	-4,57988E-006	-2,00568E-006	5,70816E-005	...........	68,52
	3358	33623,6	-3,96083E-006	-5,23149E-006	5,78999E-005	...........	68,45
	3359	33633,6	-3,54859E-006	-4,22714E-006	5,64799E-005	...........	68,45
	3360	33643,6	-3,54510E-006	-3,97147E-006	5,68899E-005	...........	68,46
	3361	33653,6	-3,77590E-006	-2,07544E-006	5,73949E-005	...........	68,47
	3362	33663,6	-3,87217E-006	-5,61381E-006	5,77649E-005	...........	68,47
	3363	33673,6	-3,84115E-006	-4,68393E-006	5,59449E-005	...........	68,50
	3364	33683,7	-3,99427E-006	-6,10674E-006	5,61632E-005	...........	68,51
	3365	33693,7	-4,42501E-006	-5,03483E-006	5,65182E-005	...........	68,48
	3366	33703,7	-4,91501E-006	-5,36723E-006	5,59132E-005	...........	68,47
	3367	33713,7	-5,22172E-006	-4,45555E-006	5,68116E-005	...........	68,48
	3368	33723,7	-5,30488E-006	-7,11948E-006	5,68882E-005	...........	68,45
	3369	33733,7	-5,31781E-006	-3,59915E-006	5,58199E-005	...........	68,36
	3370	33743,7	-5,38058E-006	-8,05069E-006	5,74349E-005	...........	68,26
	3371	33753,7	-5,56741E-006	-7,50895E-006	5,68632E-005	...........	68,18
	3372	33763,7	-5,99448E-006	-7,20032E-006	5,74149E-005	...........	68,12
	3373	33773,7	-6,63399E-006	-1,00388E-005	5,83049E-005	...........	68,04
	3374	33783,8	-7,37516E-006	-1,00766E-005	5,87599E-005	...........	68,01
	3375	33793,8	-8,21085E-006	-1,02774E-005	5,84266E-005	...........	68,02
	3376	33803,8	-9,04143E-006	-9,42005E-006	5,83349E-005	...........	68,06
	3377	33813,8	-9,60243E-006	-8,61878E-006	5,63566E-005	...........	68,08
	3378	33823,8	-9,70954E-006	-8,22399E-006	5,65449E-005	...........	68,10
	3379	33833,8	-9,39035E-006	-6,88860E-006	5,70899E-005	...........	68,15
	3380	33843,8	-8,84296E-006	-9,34496E-006	5,75782E-005	...........	68,21
	3381	33853,8	-8,41631E-006	-1,04815E-005	5,83632E-005	...........	68,27
	3382	33863,8	-8,46566E-006	-1,05111E-005	5,83299E-005	...........	68,31
	3383	33873,8	-8,96788E-006	-8,41073E-006	5,63899E-005	...........	68,36
	3384	33883,9	-9,44112E-006	-8,07513E-006	5,69932E-005	...........	68,41
	3385	33893,9	-9,49590E-006	-1,03244E-005	5,88632E-005	...........	68,45
	3386	33903,9	-9,29484E-006	-9,35048E-006	5,80616E-005	...........	68,48
	3387	33913,9	-9,20130E-006	-8,90194E-006	5,92666E-005	...........	68,49
	3388	33923,9	-9,23662E-006	-8,72380E-006	5,71782E-005	...........	68,49
	3389	33933,9	-9,19460E-006	-8,10336E-006	5,81616E-005	...........	68,46
	3390	33943,9	-9,01996E-006	-9,75102E-006	5,88549E-005	...........	68,43
	3391	33953,9	-8,85547E-006	-8,45958E-006	5,83732E-005	...........	68,39
	3392	33963,9	-8,83643E-006	-1,01262E-005	5,83782E-005	...........	68,34
	3393	33973,9	-8,98774E-006	-1,02929E-005	5,77049E-005	...........	68,33
	3394	33983,9	-9,25363E-006	-8,29334E-006	5,82016E-005	...........	68,35
	3395	33994	-9,46999E-006	-9,80694E-006	5,78432E-005	...........	68,38
	3396	34004	-9,45203E-006	-6,64109E-006	5,72566E-005	...........	68,37
	3397	34014	-9,16752E-006	-9,38951E-006	5,63816E-005	...........	68,36
	3398	34024	-8,72681E-006	-5,70908E-006	5,57616E-005	...........	68,37
	3399	34034	-8,28529E-006	-1,01717E-005	5,74882E-005	...........	68,38
	3400	34044	-8,12814E-006	-1,34559E-005	5,76132E-005	...........	68,39
	3401	34054	-8,68707E-006	-1,32431E-005	5,75166E-005	...........	68,39
	3402	34064	-1,00280E-005	-1,37358E-005	5,90149E-005	...........	68,39
	3403	34074	-1,15885E-005	-1,34909E-005	6,08316E-005	...........	68,42
	3404	34084,1	-1,27000E-005	-1,03596E-005	5,93016E-005	...........	68,39
	3405	34094,1	-1,30082E-005	-1,09235E-005	5,97566E-005	...........	68,35
	3406	34104,1	-1,25781E-005	-1,12665E-005	5,80849E-005	...........	68,33
	3407	34114,1	-1,18425E-005	-9,64518E-006	5,79249E-005	...........	68,32
	3408	34124,1	-1,12423E-005	-1,31528E-005	5,92749E-005	...........	68,31
	3409	34134,1	-1,10362E-005	-1,27797E-005	6,01849E-005	...........	68,27
	3410	34144,1	-1,12868E-005	-1,11603E-005	5,97299E-005	...........	68,21
	3411	34154,1	-1,16561E-005	-8,82069E-006	5,82132E-005	...........	68,19
	3412	34164,1	-1,16073E-005	-1,00812E-005	5,95032E-005	...........	68,16
	3413	34174,1	-1,10995E-005	-1,24549E-005	5,94616E-005	...........	68,17
	3414	34184,2	-1,06343E-005	-8,90915E-006	5,84216E-005	...........	68,20
	3415	34194,2	-1,04520E-005	-9,14937E-006	5,73216E-005	...........	68,22
	3416	34204,2	-1,02882E-005	-1,02617E-005	5,87249E-005	...........	68,22
	3417	34214,2	-9,94707E-006	-6,04773E-006	5,68966E-005	...........	68,23
	3418	34224,2	-9,38911E-006	-6,45620E-006	5,64699E-005	...........	68,26
	3419	34234,2	-8,61877E-006	-9,56043E-006	5,65932E-005	...........	68,32
	3420	34244,2	-7,91693E-006	-5,67701E-006	5,55432E-005	...........	68,36
	3421	34254,2	-7,55016E-006	-8,20990E-006	5,82549E-005	...........	68,34
	3422	34264,2	-7,43370E-006	-7,85258E-006	5,73966E-005	...........	68,28
	3423	34274,2	-7,51039E-006	-1,08821E-005	5,92166E-005	...........	68,25
	3424	34284,3	-7,92075E-006	-9,96384E-006	5,90732E-005	...........	68,26
	3425	34294,3	-8,61053E-006	-8,12662E-006	5,77949E-005	...........	68,28
	3426	34304,3	-9,21401E-006	-1,09475E-005	6,06649E-005	...........	68,28
	3427	34314,3	-9,53168E-006	-1,01662E-005	6,05816E-005	...........	68,27
	3428	34324,3	-9,72280E-006	-9,51835E-006	5,98566E-005	...........	68,26
	3429	34334,3	-9,86208E-006	-8,76839E-006	5,91899E-005	...........	68,24
	3430	34344,3	-9,84883E-006	-1,08571E-005	6,10816E-005	...........	68,20
	3431	34354,3	-9,80121E-006	-1,20691E-005	5,96982E-005	...........	68,20
	3432	34364,3	-9,94938E-006	-7,53647E-006	5,69382E-005	...........	68,17
	3433	34374,3	-1,01089E-005	-8,54301E-006	5,81499E-005	...........	68,11
	3434	34384,4	-9,92527E-006	-1,07098E-005	5,86616E-005	...........	68,11
	3435	34394,4	-9,60533E-006	-1,16617E-005	6,05316E-005	...........	68,13
	3436	34404,4	-9,65318E-006	-1,02401E-005	6,00732E-005	...........	68,12
	3437	34414,4	-1,00398E-005	-8,73352E-006	5,90249E-005	...........	68,13
	3438	34424,4	-1,03128E-005	-1,18729E-005	6,08516E-005	...........	68,15
	3439	34434,4	-1,03764E-005	-1,17934E-005	5,99299E-005	...........	68,16
	3440	34444,4	-1,05019E-005	-9,12145E-006	5,87082E-005	...........	68,20
	3441	34454,4	-1,06632E-005	-9,92630E-006	6,01199E-005	...........	68,22
	3442	34464,4	-1,05689E-005	-8,93700E-006	5,90382E-005	...........	68,19
	3443	34474,4	-1,01838E-005	-8,98608E-006	5,99066E-005	...........	68,12
	3444	34484,4	-9,76584E-006	-1,17604E-005	5,89032E-005	...........	68,07
	3445	34494,5	-9,64693E-006	-1,12710E-005	5,91716E-005	...........	68,05
	3446	34504,5	-9,97549E-006	-1,11664E-005	6,05249E-005	...........	68,02
	3447	34514,5	-1,05388E-005	-1,17247E-005	5,95332E-005	...........	67,99
	3448	34524,5	-1,10092E-005	-1,06202E-005	5,74032E-005	...........	67,99
	3449	34534,5	-1,12035E-005	-9,48980E-006	5,69849E-005	...........	68,03
	3450	34544,5	-1,10351E-005	-8,80667E-006	5,74466E-005	...........	68,08
	3451	34554,5	-1,05632E-005	-1,09143E-005	6,10632E-005	...........	68,13
	3452	34564,5	-1,00200E-005	-6,21310E-006	5,71999E-005	...........	68,18
	3453	34574,5	-9,44717E-006	-5,80124E-006	5,74732E-005	...........	68,24
	3454	34584,6	-8,64677E-006	-7,37600E-006	5,77266E-005	...........	68,29
	3455	34594,6	-7,69580E-006	-5,33603E-006	5,74749E-005	...........	68,33
	3456	34604,6	-6,90492E-006	-5,66796E-006	5,84632E-005	...........	68,38
	3457	34614,6	-6,33428E-006	-4,42924E-006	5,80249E-005	...........	68,45
	3458	34624,6	-5,83387E-006	-4,25839E-006	5,85699E-005	...........	68,49
	3459	34634,6	-5,31497E-006	-3,88811E-006	5,69799E-005	...........	68,50
	3460	34644,6	-4,78123E-006	-2,73650E-006	5,63866E-005	...........	68,48
	3461	34654,6	-4,27558E-006	-4,57157E-006	5,58199E-005	...........	68,46
	3462	34664,6	-3,96824E-006	-7,25083E-006	5,77049E-005	...........	68,46
	3463	34674,6	-4,10895E-006	-4,10950E-006	5,76782E-005	...........	68,45
	3464	34684,7	-4,58400E-006	-4,05758E-006	5,63566E-005	...........	68,46
	3465	34694,7	-4,92462E-006	-5,82346E-006	5,72099E-005	...........	68,49
	3466	34704,7	-4,94491E-006	-3,35016E-006	5,68366E-005	...........	68,50
	3467	34714,7	-4,85353E-006	-7,34684E-006	5,61982E-005	...........	68,49
	3468	34724,7	-4,88977E-006	-4,86631E-006	5,70299E-005	...........	68,52
	3469	34734,7	-5,12033E-006	-5,82091E-006	5,88249E-005	...........	68,51
	3470	34744,7	-5,41618E-006	-6,57982E-006	5,79132E-005	...........	68,49
	3471	34754,7	-5,67799E-006	-6,42534E-006	5,74182E-005	...........	68,46
	3472	34764,7	-5,96760E-006	-7,99002E-006	5,74382E-005	...........	68,46
	3473	34774,7	-6,34616E-006	-6,87907E-006	5,77882E-005	...........	68,45
	3474	34784,8	-6,73420E-006	-6,29251E-006	5,67732E-005	...........	68,41
	3475	34794,8	-6,99949E-006	-9,42900E-006	5,83666E-005	...........	68,45
	3476	34804,8	-7,21659E-006	-8,17953E-006	5,65716E-005	...........	68,49
	3477	34814,8	-7,53560E-006	-6,86929E-006	5,65499E-005	...........	68,55
	3478	34824,8	-7,75742E-006	-4,75609E-006	5,62366E-005	...........	68,59
	3479	34834,8	-7,51534E-006	-5,61969E-006	5,70849E-005	...........	68,55
	3480	34844,8	-6,84266E-006	-6,11322E-006	5,61716E-005	...........	68,55
	3481	34854,8	-6,13709E-006	-3,80191E-006	5,70332E-005	...........	68,61
	3482	34864,8	-5,55277E-006	-1,69114E-006	5,68982E-005	...........	68,64
	3483	34874,8	-4,85567E-006	-2,98205E-006	5,69899E-005	...........	68,62
	3484	34884,9	-3,97151E-006	-2,25891E-006	5,72099E-005	...........	68,60
	3485	34894,9	-3,22692E-006	-5,13856E-006	5,66166E-005	...........	68,60
	3486	34904,9	-2,93512E-006	-1,66029E-006	5,76482E-005	...........	68,61
	3487	34914,9	-3,02190E-006	-4,58799E-006	5,59116E-005	...........	68,56
	3488	34924,9	-3,31092E-006	-8,57847E-006	5,83749E-005	...........	68,51
	3489	34934,9	-3,99090E-006	-8,45463E-006	5,84582E-005	...........	68,50
	3490	34944,9	-5,22469E-006	-7,65198E-006	5,91516E-005	...........	68,45
	3491	34954,9	-6,56743E-006	-6,66239E-006	5,67799E-005	...........	68,42
	3492	34964,9	-7,33261E-006	-4,40839E-006	5,67249E-005	...........	68,43
	3493	34974,9	-7,24601E-006	-5,66234E-006	5,53416E-005	...........	68,41
	3494	34984,9	-6,63566E-006	-7,51702E-006	5,76566E-005	...........	68,44
	3495	34995	-6,09097E-006	-3,64562E-006	5,58916E-005	...........	68,48
	3496	35005	-5,77825E-006	-3,67957E-006	5,42782E-005	...........	68,50
	3497	35015	-5,37669E-006	-3,53919E-006	5,63799E-005	...........	68,52
	3498	35025	-4,79033E-006	-5,56224E-006	5,65299E-005	...........	68,55
	3499	35035	-4,31873E-006	-2,49923E-006	5,53949E-005	...........	68,57
	3500	35045	-4,09730E-006	-4,29392E-006	5,64916E-005	...........	68,55
	3501	35055	-3,98012E-006	-4,08001E-006	5,61782E-005	...........	68,50
	3502	35065	-3,93047E-006	-5,24207E-006	5,55016E-005	...........	68,42
	3503	35075	-4,06868E-006	-5,59703E-006	5,66516E-005	...........	68,34
	3504	35085,1	-4,43223E-006	-5,80147E-006	5,65499E-005	...........	68,26
	3505	35095,1	-4,99984E-006	-1,04912E-005	5,90349E-005	...........	68,21
	3506	35105,1	-5,88253E-006	-9,79308E-006	5,83466E-005	...........	68,17
	3507	35115,1	-7,11269E-006	-8,76629E-006	5,71599E-005	...........	68,18
	3508	35125,1	-8,27985E-006	-7,74993E-006	5,58682E-005	...........	68,22
	3509	35135,1	-8,91480E-006	-1,10020E-005	5,79799E-005	...........	68,24
	3510	35145,1	-9,15863E-006	-1,15497E-005	5,90916E-005	...........	68,26
	3511	35155,1	-9,52314E-006	-1,10958E-005	5,85799E-005	...........	68,27
	3512	35165,1	-1,01200E-005	-9,91220E-006	5,83716E-005	...........	68,30
	3513	35175,1	-1,06072E-005	-1,11128E-005	5,84632E-005	...........	68,31
	3514	35185,2	-1,07886E-005	-1,10826E-005	5,69766E-005	...........	68,34
	3515	35195,2	-1,08066E-005	-1,03524E-005	5,78132E-005	...........	68,36
	3516	35205,2	-1,07186E-005	-6,47271E-006	5,57616E-005	...........	68,33
	3517	35215,2	-1,02987E-005	-8,29980E-006	5,64432E-005	...........	68,29
	3518	35225,2	-9,49079E-006	-8,17607E-006	5,64032E-005	...........	68,28
	3519	35235,2	-8,73667E-006	-1,13892E-005	5,82232E-005	...........	68,26
	3520	35245,2	-8,53788E-006	-8,67345E-006	5,53799E-005	...........	68,28
	3521	35255,2	-8,83027E-006	-7,85947E-006	5,72616E-005	...........	68,28
	3522	35265,2	-9,10307E-006	-9,98317E-006	5,69266E-005	...........	68,31
	3523	35275,2	-9,10576E-006	-8,11547E-006	5,69699E-005	...........	68,35
	3524	35285,3	-8,97254E-006	-8,05904E-006	5,65516E-005	...........	68,41
	3525	35295,3	-8,77781E-006	-7,82593E-006	5,57632E-005	...........	68,49
	3526	35305,3	-8,52478E-006	-9,08783E-006	5,55366E-005	...........	68,50
	3527	35315,3	-8,33604E-006	-8,02726E-006	5,53449E-005	...........	68,49
	3528	35325,3	-8,33503E-006	-1,04137E-005	5,77449E-005	...........	68,50
	3529	35335,3	-8,52534E-006	-8,10942E-006	5,63882E-005	...........	68,52
	3530	35345,3	-8,75308E-006	-7,45682E-006	5,42332E-005	...........	68,49
	3531	35355,3	-8,77995E-006	-8,90145E-006	5,71866E-005	...........	68,49
	3532	35365,3	-8,58534E-006	-8,02737E-006	5,67066E-005	...........	68,49
	3533	35375,3	-8,40346E-006	-9,42039E-006	5,69832E-005	...........	68,49
	3534	35385,4	-8,35069E-006	-5,91220E-006	5,46166E-005	...........	68,51
	3535	35395,4	-8,21894E-006	-5,65320E-006	5,68216E-005	...........	68,50
	3536	35405,4	-7,71566E-006	-4,58237E-006	5,46866E-005	...........	68,39
	3537	35415,4	-6,91187E-006	-8,17518E-006	5,71932E-005	...........	68,26
	3538	35425,4	-6,39601E-006	-1,18879E-005	5,90599E-005	...........	68,19
	3539	35435,4	-6,86541E-006	-1,38150E-005	5,90166E-005	...........	68,19
	3540	35445,4	-8,37970E-006	-9,72916E-006	5,73766E-005	...........	68,21
	3541	35455,4	-1,00661E-005	-9,73849E-006	5,74682E-005	...........	68,21
	3542	35465,4	-1,09587E-005	-1,11073E-005	5,79782E-005	...........	68,14
	3543	35475,4	-1,09897E-005	-1,00603E-005	5,72132E-005	...........	68,09
	3544	35485,4	-1,07688E-005	-1,32098E-005	5,80899E-005	...........	68,05
	3545	35495,5	-1,08107E-005	-1,21006E-005	5,83782E-005	...........	68,06
	3546	35505,5	-1,12492E-005	-1,39806E-005	5,83382E-005	...........	68,09
	3547	35515,5	-1,19276E-005	-1,32383E-005	5,83432E-005	...........	68,14
	3548	35525,5	-1,25744E-005	-1,20742E-005	5,90066E-005	...........	68,16
	3549	35535,5	-1,29257E-005	-1,19733E-005	5,83366E-005	...........	68,17
	3550	35545,5	-1,28807E-005	-1,25003E-005	5,96366E-005	...........	68,17
	3551	35555,5	-1,26206E-005	-1,23852E-005	5,96099E-005	...........	68,22
	3552	35565,5	-1,24279E-005	-1,33384E-005	5,84782E-005	...........	68,27
	3553	35575,5	-1,23875E-005	-1,00536E-005	5,73699E-005	...........	68,28
	3554	35585,6	-1,22845E-005	-1,03105E-005	5,78716E-005	...........	68,31
	3555	35595,6	-1,19268E-005	-1,31036E-005	5,89549E-005	...........	68,34
	3556	35605,6	-1,15348E-005	-1,10192E-005	5,93466E-005	...........	68,34
	3557	35615,6	-1,13711E-005	-9,42464E-006	5,84016E-005	...........	68,37
	3558	35625,6	-1,13301E-005	-1,47482E-005	5,97799E-005	...........	68,35
	3559	35635,6	-1,13950E-005	-1,21486E-005	6,00516E-005	...........	68,32
	3560	35645,6	-1,17594E-005	-1,37581E-005	6,01632E-005	...........	68,30
	3561	35655,6	-1,23697E-005	-1,48236E-005	6,06799E-005	...........	68,29
	3562	35665,6	-1,30393E-005	-1,47532E-005	6,03466E-005	...........	68,28
	3563	35675,6	-1,36806E-005	-1,41459E-005	5,89732E-005	...........	68,26
	3564	35685,7	-1,41429E-005	-1,29490E-005	5,92599E-005	...........	68,22
	3565	35695,7	-1,42504E-005	-1,37906E-005	5,92332E-005	...........	68,23
	3566	35705,7	-1,40709E-005	-1,46335E-005	5,90016E-005	...........	68,28
	3567	35715,7	-1,38897E-005	-1,34513E-005	5,90382E-005	...........	68,33
	3568	35725,7	-1,37738E-005	-9,58983E-006	5,79516E-005	...........	68,40
	3569	35735,7	-1,34189E-005	-1,21639E-005	5,83682E-005	...........	68,45
	3570	35745,7	-1,27199E-005	-1,20063E-005	5,81282E-005	...........	68,50
	3571	35755,7	-1,20560E-005	-1,14256E-005	5,72416E-005	...........	68,47
	3572	35765,7	-1,17267E-005	-1,17080E-005	5,80149E-005	...........	68,42
	3573	35775,7	-1,16369E-005	-1,13483E-005	5,93882E-005	...........	68,41
	3574	35785,8	-1,15931E-005	-1,09788E-005	5,99232E-005	...........	68,38
	3575	35795,8	-1,15069E-005	-1,15108E-005	6,00066E-005	...........	68,34
	3576	35805,8	-1,14285E-005	-1,29821E-005	6,03432E-005	...........	68,33
	3577	35815,8	-1,15478E-005	-1,42396E-005	6,00832E-005	...........	68,32
	3578	35825,8	-1,19836E-005	-1,20525E-005	5,89399E-005	...........	68,28
	3579	35835,8	-1,25011E-005	-1,14333E-005	5,82566E-005	...........	68,24
	3580	35845,8	-1,27211E-005	-1,34560E-005	5,86849E-005	...........	68,25
	3581	35855,8	-1,26530E-005	-1,30710E-005	5,89599E-005	...........	68,26
	3582	35865,8	-1,26405E-005	-1,39546E-005	5,92682E-005	...........	68,27
	3583	35875,8	-1,28598E-005	-1,37406E-005	5,96882E-005	...........	68,27
	3584	35885,9	-1,32291E-005	-1,49145E-005	5,89399E-005	...........	68,30
	3585	35895,9	-1,36753E-005	-1,62011E-005	5,86949E-005	...........	68,36
	3586	35905,9	-1,42102E-005	-1,47051E-005	5,88416E-005	...........	68,39
	3587	35915,9	-1,47149E-005	-1,36134E-005	5,95649E-005	...........	68,42
	3588	35925,9	-1,48524E-005	-1,09045E-005	5,77832E-005	...........	68,45
	3589	35935,9	-1,44020E-005	-1,36452E-005	5,91416E-005	...........	68,52
	3590	35945,9	-1,36037E-005	-1,17630E-005	6,06216E-005	...........	68,56
	3591	35955,9	-1,29107E-005	-1,22231E-005	6,04482E-005	...........	68,55
	3592	35965,9	-1,25002E-005	-1,22249E-005	5,84916E-005	...........	68,52
	3593	35975,9	-1,23146E-005	-1,33438E-005	5,86999E-005	...........	68,49
	3594	35985,9	-1,23345E-005	-1,29975E-005	5,80332E-005	...........	68,50
	3595	35996	-1,25235E-005	-1,25182E-005	5,84432E-005	...........	68,51
	3596	36006	-1,27457E-005	-1,37984E-005	6,00416E-005	...........	68,48
	3597	36016	-1,29895E-005	-1,67774E-005	6,01316E-005	...........	68,46
	3598	36026	-1,35085E-005	-1,72564E-005	5,94466E-005	...........	68,46
	3599	36036	-1,44413E-005	-1,57556E-005	5,96482E-005	...........	68,50
	3600	36046	-1,54124E-005	-1,40305E-005	5,96332E-005	...........	68,54
	3601	36056	-1,57945E-005	-1,18106E-005	6,02832E-005	...........	68,61
	3602	36066	-1,53384E-005	-1,39893E-005	6,08482E-005	...........	68,65
	3603	36076	-1,44035E-005	-1,16608E-005	5,87066E-005	...........	68,67
	3604	36086,1	-1,35398E-005	-1,36192E-005	6,03616E-005	...........	68,65
	3605	36096,1	-1,29993E-005	-1,15799E-005	5,89982E-005	...........	68,63
	3606	36106,1	-1,27384E-005	-1,38135E-005	5,95382E-005	...........	68,64
	3607	36116,1	-1,27072E-005	-1,47168E-005	5,82532E-005	...........	68,68
	3608	36126,1	-1,29458E-005	-1,34366E-005	5,92532E-005	...........	68,71
	3609	36136,1	-1,33485E-005	-1,31580E-005	5,99316E-005	...........	68,76
	3610	36146,1	-1,36035E-005	-1,24646E-005	6,01182E-005	...........	68,79
	3611	36156,1	-1,34957E-005	-1,10991E-005	5,92532E-005	...........	68,83
	3612	36166,1	-1,30820E-005	-1,34430E-005	5,96982E-005	...........	68,85
	3613	36176,1	-1,26627E-005	-1,35989E-005	5,87149E-005	...........	68,81
	3614	36186,2	-1,26304E-005	-1,66860E-005	5,87482E-005	...........	68,72
	3615	36196,2	-1,31809E-005	-1,56054E-005	5,97416E-005	...........	68,63
	3616	36206,2	-1,41381E-005	-1,64829E-005	5,78999E-005	...........	68,54
	3617	36216,2	-1,51210E-005	-1,73114E-005	5,90382E-005	...........	68,48
	3618	36226,2	-1,59086E-005	-1,74286E-005	5,99749E-005	...........	68,43
	3619	36236,2	-1,65618E-005	-1,99582E-005	5,82316E-005	...........	68,38
	3620	36246,2	-1,72663E-005	-1,99663E-005	5,87099E-005	...........	68,31
	3621	36256,2	-1,81057E-005	-1,95872E-005	5,92199E-005	...........	68,24
	3622	36266,2	-1,89065E-005	-1,92841E-005	5,67732E-005	...........	68,18
	3623	36276,2	-1,93972E-005	-1,88392E-005	5,77549E-005	...........	68,22
	3624	36286,3	-1,94933E-005	-1,87551E-005	5,60266E-005	...........	68,29
	3625	36296,3	-1,93230E-005	-1,87605E-005	5,84082E-005	...........	68,33
	3626	36306,3	-1,90375E-005	-1,66608E-005	5,79716E-005	...........	68,37
	3627	36316,3	-1,86393E-005	-1,66400E-005	5,95682E-005	...........	68,36
	3628	36326,3	-1,81012E-005	-1,79993E-005	5,79682E-005	...........	68,35
	3629	36336,3	-1,76456E-005	-1,96558E-005	5,74649E-005	...........	68,35
	3630	36346,3	-1,76540E-005	-2,08948E-005	5,78416E-005	...........	68,34
	3631	36356,3	-1,82658E-005	-2,10293E-005	5,67866E-005	...........	68,33
	3632	36366,3	-1,92211E-005	-2,07918E-005	5,76149E-005	...........	68,31
	3633	36376,3	-2,01572E-005	-2,40123E-005	5,72866E-005	...........	68,33
	3634	36386,4	-2,09806E-005	-2,24611E-005	5,74749E-005	...........	68,38
	3635	36396,4	-2,17485E-005	-2,28019E-005	5,72599E-005	...........	68,43
	3636	36406,4	-2,23099E-005	-2,01380E-005	5,78016E-005	...........	68,47
	3637	36416,4	-2,23796E-005	-2,00386E-005	5,68416E-005	...........	68,51
	3638	36426,4	-2,19122E-005	-2,08206E-005	5,67466E-005	...........	68,56
	3639	36436,4	-2,12380E-005	-2,05392E-005	5,71266E-005	...........	68,63
	3640	36446,4	-2,07189E-005	-1,89638E-005	5,74349E-005	...........	68,71
	3641	36456,4	-2,03539E-005	-1,85753E-005	5,85532E-005	...........	68,74
	3642	36466,4	-1,99065E-005	-1,72577E-005	5,93382E-005	...........	68,77
	3643	36476,4	-1,92899E-005	-1,86545E-005	5,82916E-005	...........	68,78
	3644	36486,4	-1,86787E-005	-1,80775E-005	5,78332E-005	...........	68,74
	3645	36496,5	-1,82343E-005	-1,51949E-005	5,80599E-005	...........	68,69
	3646	36506,5	-1,79084E-005	-2,09018E-005	5,86049E-005	...........	68,66
	3647	36516,5	-1,78462E-005	-2,31279E-005	5,84849E-005	...........	68,62
	3648	36526,5	-1,84461E-005	-1,96486E-005	5,81682E-005	...........	68,58
	3649	36536,5	-1,95771E-005	-2,23956E-005	5,74899E-005	...........	68,57
	3650	36546,5	-2,06195E-005	-2,23695E-005	5,77499E-005	...........	68,58
	3651	36556,5	-2,13161E-005	-2,21286E-005	5,74032E-005	...........	68,58
	3652	36566,5	-2,18479E-005	-2,59345E-005	5,85616E-005	...........	68,59
	3653	36576,5	-2,24486E-005	-2,32203E-005	5,71216E-005	...........	68,62
	3654	36586,6	-2,30650E-005	-1,99202E-005	5,69749E-005	...........	68,64
	3655	36596,6	-2,32029E-005	-1,95852E-005	5,65816E-005	...........	68,61
	3656	36606,6	-2,25200E-005	-1,95462E-005	5,76199E-005	...........	68,57
	3657	36616,6	-2,13791E-005	-2,02272E-005	5,56416E-005	...........	68,53
	3658	36626,6	-2,04609E-005	-2,15858E-005	5,72099E-005	...........	68,49
	3659	36636,6	-2,01610E-005	-2,16552E-005	5,89949E-005	...........	68,47
	3660	36646,6	-2,04681E-005	-2,37260E-005	5,86632E-005	...........	68,51
	3661	36656,6	-2,11516E-005	-2,24806E-005	5,72799E-005	...........	68,52
	3662	36666,6	-2,19654E-005	-2,55564E-005	5,96232E-005	...........	68,53
	3663	36676,6	-2,27642E-005	-2,35796E-005	5,79749E-005	...........	68,57
	3664	36686,7	-2,34977E-005	-2,63104E-005	5,91332E-005	...........	68,62
	3665	36696,7	-2,41336E-005	-2,42559E-005	5,95532E-005	...........	68,67
	3666	36706,7	-2,45975E-005	-2,41141E-005	5,89699E-005	...........	68,72
	3667	36716,7	-2,48124E-005	-2,62231E-005	5,91366E-005	...........	68,80
	3668	36726,7	-2,48774E-005	-2,49222E-005	6,03516E-005	...........	68,83
	3669	36736,7	-2,49264E-005	-2,23783E-005	5,93532E-005	...........	68,82
	3670	36746,7	-2,47867E-005	-2,24609E-005	5,70082E-005	...........	68,83
	3671	36756,7	-2,42868E-005	-2,43587E-005	5,81932E-005	...........	68,86
	3672	36766,7	-2,37357E-005	-2,49546E-005	5,77032E-005	...........	68,83
	3673	36776,7	-2,35913E-005	-2,44827E-005	5,78032E-005	...........	68,78
	3674	36786,8	-2,38616E-005	-2,39151E-005	5,78232E-005	...........	68,74
	3675	36796,8	-2,42099E-005	-2,56936E-005	5,82816E-005	...........	68,67
	3676	36806,8	-2,45555E-005	-2,95870E-005	6,07932E-005	...........	68,62
	3677	36816,8	-2,52256E-005	-2,88159E-005	6,10949E-005	...........	68,58
	3678	36826,8	-2,63674E-005	-2,88343E-005	5,98232E-005	...........	68,57
	3679	36836,8	-2,75655E-005	-2,75896E-005	5,86949E-005	...........	68,59
	3680	36846,8	-2,82447E-005	-2,56575E-005	5,96166E-005	...........	68,62
	3681	36856,8	-2,81860E-005	-2,72342E-005	5,90666E-005	...........	68,58
	3682	36866,8	-2,76934E-005	-2,87914E-005	5,98232E-005	...........	68,51
	3683	36876,8	-2,73860E-005	-2,97886E-005	6,05999E-005	...........	68,47
	3684	36886,9	-2,76720E-005	-3,07261E-005	5,95682E-005	...........	68,47
	3685	36896,9	-2,84075E-005	-2,78204E-005	5,94682E-005	...........	68,48
	3686	36906,9	-2,90156E-005	-2,62693E-005	5,86349E-005	...........	68,52
	3687	36916,9	-2,89536E-005	-2,61082E-005	5,90632E-005	...........	68,53
	3688	36926,9	-2,82447E-005	-2,78094E-005	5,98182E-005	...........	68,54
	3689	36936,9	-2,74775E-005	-2,82507E-005	5,94416E-005	...........	68,53
	3690	36946,9	-2,71493E-005	-2,62117E-005	5,82682E-005	...........	68,51
	3691	36956,9	-2,71891E-005	-2,79045E-005	5,94649E-005	...........	68,51
	3692	36966,9	-2,73458E-005	-3,07106E-005	5,75432E-005	...........	68,50
	3693	36976,9	-2,76942E-005	-2,90239E-005	5,97166E-005	...........	68,48
	3694	36986,9	-2,82920E-005	-2,83490E-005	5,85782E-005	...........	68,48
	3695	36997	-2,88439E-005	-3,03391E-005	5,94516E-005	...........	68,48
	3696	37007	-2,91618E-005	-2,99555E-005	5,98982E-005	...........	68,52
	3697	37017	-2,93997E-005	-3,02704E-005	5,91066E-005	...........	68,58
	3698	37027	-2,96789E-005	-3,02346E-005	5,88499E-005	...........	68,60
	3699	37037	-2,99483E-005	-3,05260E-005	6,01632E-005	...........	68,61
	3700	37047	-3,01533E-005	-3,03248E-005	5,95366E-005	...........	68,60
	3701	37057	-3,03347E-005	-3,28091E-005	5,75749E-005	...........	68,58
	3702	37067	-3,06395E-005	-3,24092E-005	5,83399E-005	...........	68,57
	3703	37077	-3,11532E-005	-3,20949E-005	5,78166E-005	...........	68,53
	3704	37087,1	-3,17646E-005	-3,49289E-005	5,72699E-005	...........	68,48
	3705	37097,1	-3,23623E-005	-3,26720E-005	5,81516E-005	...........	68,46
	3706	37107,1	-3,28759E-005	-3,24216E-005	5,92482E-005	...........	68,48
	3707	37117,1	-3,30979E-005	-3,08658E-005	5,91899E-005	...........	68,46
	3708	37127,1	-3,28930E-005	-3,29293E-005	5,74199E-005	...........	68,41
	3709	37137,1	-3,25011E-005	-3,30614E-005	5,70416E-005	...........	68,38
	3710	37147,1	-3,23096E-005	-3,25775E-005	5,75282E-005	...........	68,35
	3711	37157,1	-3,24092E-005	-3,29478E-005	5,80416E-005	...........	68,33
	3712	37167,1	-3,26224E-005	-3,35759E-005	5,63166E-005	...........	68,33
	3713	37177,1	-3,28767E-005	-3,53797E-005	5,61732E-005	...........	68,33
	3714	37187,2	-3,33143E-005	-3,65763E-005	5,73932E-005	...........	68,36
	3715	37197,2	-3,40058E-005	-3,37998E-005	5,87499E-005	...........	68,37
	3716	37207,2	-3,46346E-005	-3,24878E-005	5,85316E-005	...........	68,36
	3717	37217,2	-3,47047E-005	-3,21114E-005	5,89016E-005	...........	68,37
	3718	37227,2	-3,41127E-005	-3,16275E-005	5,75249E-005	...........	68,33
	3719	37237,2	-3,32256E-005	-3,17214E-005	5,88849E-005	...........	68,31
	3720	37247,2	-3,25434E-005	-3,65521E-005	5,74766E-005	...........	68,32
	3721	37257,2	-3,24766E-005	-3,32944E-005	5,72316E-005	...........	68,33
	3722	37267,2	-3,29588E-005	-3,10796E-005	5,87449E-005	...........	68,36
	3723	37277,2	-3,33344E-005	-3,26599E-005	5,72599E-005	...........	68,35
	3724	37287,3	-3,32014E-005	-3,37505E-005	5,68216E-005	...........	68,32
	3725	37297,3	-3,29244E-005	-3,41131E-005	5,75716E-005	...........	68,27
	3726	37307,3	-3,29718E-005	-3,43058E-005	5,68566E-005	...........	68,25
	3727	37317,3	-3,33534E-005	-3,46195E-005	5,71949E-005	...........	68,23
	3728	37327,3	-3,37952E-005	-3,30154E-005	5,93182E-005	...........	68,28
	3729	37337,3	-3,40540E-005	-3,46880E-005	5,74832E-005	...........	68,31
	3730	37347,3	-3,40897E-005	-3,35057E-005	5,72749E-005	...........	68,36
	3731	37357,3	-3,39495E-005	-2,99324E-005	5,85532E-005	...........	68,41
	3732	37367,3	-3,34621E-005	-2,87920E-005	5,94549E-005	...........	68,44
	3733	37377,3	-3,24538E-005	-3,06701E-005	5,95399E-005	...........	68,45
	3734	37387,4	-3,12608E-005	-3,06420E-005	5,98232E-005	...........	68,44
	3735	37397,4	-3,05167E-005	-3,30038E-005	5,99132E-005	...........	68,40
	3736	37407,4	-3,05605E-005	-3,40884E-005	5,89532E-005	...........	68,37
	3737	37417,4	-3,12975E-005	-3,41106E-005	5,79982E-005	...........	68,36
	3738	37427,4	-3,23429E-005	-3,38546E-005	5,74132E-005	...........	68,40
	3739	37437,4	-3,32709E-005	-3,53053E-005	5,83599E-005	...........	68,45
	3740	37447,4	-3,39118E-005	-3,44553E-005	5,81666E-005	...........	68,48
	3741	37457,4	-3,42830E-005	-3,24644E-005	5,85999E-005	...........	68,50
	3742	37467,4	-3,43310E-005	-3,38341E-005	5,76666E-005	...........	68,54
	3743	37477,4	-3,40872E-005	-3,43098E-005	5,70882E-005	...........	68,55
	3744	37487,4	-3,38464E-005	-3,45524E-005	5,65966E-005	...........	68,57
	3745	37497,5	-3,38824E-005	-3,57964E-005	5,78866E-005	...........	68,61
	3746	37507,5	-3,41921E-005	-3,41419E-005	5,82266E-005	...........	68,66
	3747	37517,5	-3,45442E-005	-3,41329E-005	5,80899E-005	...........	68,69
	3748	37527,5	-3,47143E-005	-3,57853E-005	5,73332E-005	...........	68,71
	3749	37537,5	-3,47699E-005	-3,61074E-005	5,74449E-005	...........	68,70
	3750	37547,5	-3,49479E-005	-3,53495E-005	5,80749E-005	...........	68,66
	3751	37557,5	-3,52334E-005	-3,44031E-005	5,75166E-005	...........	68,60
	3752	37567,5	-3,53539E-005	-3,40556E-005	5,92282E-005	...........	68,54
	3753	37577,5	-3,52278E-005	-3,78917E-005	5,79916E-005	...........	68,48
	3754	37587,6	-3,51949E-005	-3,69983E-005	5,82782E-005	...........	68,46
	3755	37597,6	-3,55690E-005	-3,64217E-005	5,77082E-005	...........	68,45
	3756	37607,6	-3,62322E-005	-4,06380E-005	6,04982E-005	...........	68,41
	3757	37617,6	-3,70114E-005	-3,93235E-005	5,89132E-005	...........	68,36
	3758	37627,6	-3,78687E-005	-3,78918E-005	5,78232E-005	...........	68,29
	3759	37637,6	-3,85886E-005	-4,03128E-005	5,91282E-005	...........	68,24
	3760	37647,6	-3,90361E-005	-4,16099E-005	6,09266E-005	...........	68,23
	3761	37657,6	-3,94376E-005	-3,95790E-005	5,78766E-005	...........	68,26
	3762	37667,6	-3,98446E-005	-3,75250E-005	5,65932E-005	...........	68,26
	3763	37677,6	-3,99533E-005	-4,10069E-005	5,91816E-005	...........	68,29
	3764	37687,7	-3,97822E-005	-4,12118E-005	5,86882E-005	...........	68,33
	3765	37697,7	-3,97833E-005	-4,08760E-005	5,94899E-005	...........	68,42
	3766	37707,7	-4,00873E-005	-3,85695E-005	5,75116E-005	...........	68,48
	3767	37717,7	-4,02914E-005	-3,89698E-005	5,74382E-005	...........	68,53
	3768	37727,7	-4,00574E-005	-3,75535E-005	5,75082E-005	...........	68,58
	3769	37737,7	-3,94708E-005	-3,84405E-005	5,86149E-005	...........	68,64
	3770	37747,7	-3,88129E-005	-3,67189E-005	5,72649E-005	...........	68,66
	3771	37757,7	-3,82431E-005	-3,71322E-005	5,73649E-005	...........	68,67
	3772	37767,7	-3,77780E-005	-3,75731E-005	5,85232E-005	...........	68,62
	3773	37777,7	-3,75155E-005	-4,05636E-005	5,99266E-005	...........	68,57
	3774	37787,8	-3,76678E-005	-3,89957E-005	5,91782E-005	...........	68,53
	3775	37797,8	-3,82307E-005	-3,97922E-005	5,97749E-005	...........	68,53
	3776	37807,8	-3,88605E-005	-3,85486E-005	5,84032E-005	...........	68,52
	3777	37817,8	-3,92322E-005	-3,97143E-005	5,93832E-005	...........	68,45
	3778	37827,8	-3,93842E-005	-4,21361E-005	5,96532E-005	...........	68,39
	3779	37837,8	-3,96622E-005	-4,22157E-005	5,97382E-005	...........	68,33
	3780	37847,8	-4,02903E-005	-4,19416E-005	6,04266E-005	...........	68,32
	3781	37857,8	-4,11041E-005	-4,36247E-005	6,00549E-005	...........	68,33
	3782	37867,8	-4,18628E-005	-4,38000E-005	6,01466E-005	...........	68,35
	3783	37877,8	-4,24934E-005	-4,19900E-005	6,04599E-005	...........	68,37
	3784	37887,9	-4,28827E-005	-4,18565E-005	5,97382E-005	...........	68,39
	3785	37897,9	-4,28855E-005	-4,21794E-005	6,11416E-005	...........	68,43
	3786	37907,9	-4,26114E-005	-4,25657E-005	6,00482E-005	...........	68,50
	3787	37917,9	-4,23468E-005	-4,18973E-005	6,07432E-005	...........	68,57
	3788	37927,9	-4,21864E-005	-4,02596E-005	6,02949E-005	...........	68,62
	3789	37937,9	-4,19297E-005	-3,90283E-005	5,89532E-005	...........	68,63
	3790	37947,9	-4,13826E-005	-4,01083E-005	6,07382E-005	...........	68,58
	3791	37957,9	-4,06707E-005	-3,96852E-005	6,10732E-005	...........	68,51
	3792	37967,9	-4,01605E-005	-4,26734E-005	6,05282E-005	...........	68,43
	3793	37977,9	-4,02043E-005	-4,47377E-005	6,18816E-005	...........	68,38
	3794	37987,9	-4,09659E-005	-4,48268E-005	6,17299E-005	...........	68,32
	3795	37998	-4,22036E-005	-4,32107E-005	6,26732E-005	...........	68,25
	3796	38008	-4,33286E-005	-4,45841E-005	6,25099E-005	...........	68,22
	3797	38018	-4,40200E-005	-4,76581E-005	6,08249E-005	...........	68,22
	3798	38028	-4,45871E-005	-4,78854E-005	5,95966E-005	...........	68,27
	3799	38038	-4,53402E-005	-4,33089E-005	6,12382E-005	...........	68,31
	3800	38048	-4,59169E-005	-4,40349E-005	6,07282E-005	...........	68,32
	3801	38058	-4,58140E-005	-4,45248E-005	6,03432E-005	...........	68,34
	3802	38068	-4,51951E-005	-4,37066E-005	6,03549E-005	...........	68,38
	3803	38078	-4,45524E-005	-4,26897E-005	6,19082E-005	...........	68,42
	3804	38088,1	-4,39989E-005	-4,05748E-005	5,89999E-005	...........	68,44
	3805	38098,1	-4,33313E-005	-4,11677E-005	5,93249E-005	...........	68,48
	3806	38108,1	-4,25552E-005	-4,37481E-005	6,09799E-005	...........	68,46
	3807	38118,1	-4,20816E-005	-4,45527E-005	6,08182E-005	...........	68,46
	3808	38128,1	-4,22854E-005	-4,48366E-005	6,14082E-005	...........	68,48
	3809	38138,1	-4,30146E-005	-4,36428E-005	5,95849E-005	...........	68,50
	3810	38148,1	-4,37249E-005	-4,30522E-005	6,10666E-005	...........	68,53
	3811	38158,1	-4,40394E-005	-4,52737E-005	6,12666E-005	...........	68,53
	3812	38168,1	-4,40916E-005	-4,52791E-005	6,03899E-005	...........	68,52
	3813	38178,1	-4,42537E-005	-4,57148E-005	6,13749E-005	...........	68,50
	3814	38188,2	-4,46809E-005	-4,75709E-005	6,13649E-005	...........	68,49
	3815	38198,2	-4,52715E-005	-4,49619E-005	6,19282E-005	...........	68,56
	3816	38208,2	-4,57754E-005	-4,51981E-005	6,20649E-005	...........	68,59
	3817	38218,2	-4,59917E-005	-4,83349E-005	5,94132E-005	...........	68,59
	3818	38228,2	-4,61131E-005	-4,80535E-005	6,14899E-005	...........	68,57
	3819	38238,2	-4,64789E-005	-4,69856E-005	6,06799E-005	...........	68,56
	3820	38248,2	-4,69653E-005	-4,55160E-005	6,18049E-005	...........	68,53
	3821	38258,2	-4,71280E-005	-4,55853E-005	6,06999E-005	...........	68,49
	3822	38268,2	-4,68763E-005	-4,87330E-005	5,88982E-005	...........	68,50
	3823	38278,2	-4,66387E-005	-4,74178E-005	6,07182E-005	...........	68,50
	3824	38288,3	-4,68248E-005	-4,99925E-005	5,98116E-005	...........	68,49
	3825	38298,3	-4,74119E-005	-4,84366E-005	5,99732E-005	...........	68,45
	3826	38308,3	-4,80744E-005	-4,76421E-005	6,00399E-005	...........	68,41
	3827	38318,3	-4,84796E-005	-4,91093E-005	5,90366E-005	...........	68,38
	3828	38328,3	-4,85776E-005	-4,89187E-005	5,89516E-005	...........	68,34
	3829	38338,3	-4,86341E-005	-5,08375E-005	5,73532E-005	...........	68,33
	3830	38348,3	-4,89280E-005	-5,14415E-005	5,90599E-005	...........	68,32
	3831	38358,3	-4,95102E-005	-5,04287E-005	5,83232E-005	...........	68,28
	3832	38368,3	-5,01671E-005	-5,10545E-005	5,75266E-005	...........	68,24
	3833	38378,3	-5,06423E-005	-5,14208E-005	5,83682E-005	...........	68,25
	3834	38388,4	-5,09504E-005	-5,35205E-005	5,85366E-005	...........	68,31
	3835	38398,4	-5,13046E-005	-5,15616E-005	5,76582E-005	...........	68,40
	3836	38408,4	-5,17020E-005	-5,02865E-005	5,95099E-005	...........	68,49
	3837	38418,4	-5,18296E-005	-5,00509E-005	6,03082E-005	...........	68,56
	3838	38428,4	-5,14327E-005	-4,63051E-005	5,97382E-005	...........	68,61
	3839	38438,4	-5,04678E-005	-4,51155E-005	6,22949E-005	...........	68,61
	3840	38448,4	-4,90488E-005	-4,62097E-005	6,09982E-005	...........	68,63
	3841	38458,4	-4,75904E-005	-4,72521E-005	6,04216E-005	...........	68,65
	3842	38468,4	-4,66741E-005	-4,80573E-005	6,01282E-005	...........	68,64
	3843	38478,4	-4,65513E-005	-4,83318E-005	6,03899E-005	...........	68,61
	3844	38488,4	-4,70450E-005	-5,12082E-005	5,79766E-005	...........	68,57
	3845	38498,5	-4,79294E-005	-5,18995E-005	5,83399E-005	...........	68,51
	3846	38508,5	-4,90486E-005	-5,03156E-005	5,85316E-005	...........	68,43
	3847	38518,5	-5,00937E-005	-5,10964E-005	5,72232E-005	...........	68,33
	3848	38528,5	-5,07527E-005	-5,17379E-005	5,66582E-005	...........	68,27
	3849	38538,5	-5,11117E-005	-5,41624E-005	5,74599E-005	...........	68,21
	3850	38548,5	-5,15804E-005	-5,53305E-005	5,69516E-005	...........	68,19
	3851	38558,5	-5,24178E-005	-5,47089E-005	5,68066E-005	...........	68,20
	3852	38568,5	-5,34226E-005	-5,36289E-005	5,75949E-005	...........	68,20
	3853	38578,5	-5,41358E-005	-5,39096E-005	5,68832E-005	...........	68,24
	3854	38588,6	-5,43281E-005	-5,32667E-005	5,73249E-005	...........	68,28
	3855	38598,6	-5,41483E-005	-5,37145E-005	5,72366E-005	...........	68,33
	3856	38608,6	-5,38566E-005	-5,28029E-005	5,72866E-005	...........	68,36
	3857	38618,6	-5,35525E-005	-5,12330E-005	5,65016E-005	...........	68,40
	3858	38628,6	-5,31270E-005	-5,04610E-005	5,86999E-005	...........	68,40
	3859	38638,6	-5,24820E-005	-5,10571E-005	5,75266E-005	...........	68,41
	3860	38648,6	-5,17442E-005	-5,00809E-005	5,89382E-005	...........	68,42
	3861	38658,6	-5,11831E-005	-5,32749E-005	5,83882E-005	...........	68,41
	3862	38668,6	-5,10221E-005	-5,16082E-005	5,72649E-005	...........	68,39
	3863	38678,6	-5,12487E-005	-5,12337E-005	5,78949E-005	...........	68,42
	3864	38688,7	-5,15382E-005	-5,08031E-005	5,82966E-005	...........	68,44
	3865	38698,7	-5,15735E-005	-5,06193E-005	5,78266E-005	...........	68,47
	3866	38708,7	-5,13798E-005	-5,23715E-005	5,68449E-005	...........	68,48
	3867	38718,7	-5,12627E-005	-5,33043E-005	5,74416E-005	...........	68,48
	3868	38728,7	-5,14603E-005	-5,12535E-005	5,76299E-005	...........	68,45
	3869	38738,7	-5,18686E-005	-5,39075E-005	5,59382E-005	...........	68,45
	3870	38748,7	-5,22700E-005	-5,32679E-005	5,65499E-005	...........	68,45
	3871	38758,7	-5,26630E-005	-5,46812E-005	5,70732E-005	...........	68,46
	3872	38768,7	-5,30901E-005	-5,22946E-005	5,82699E-005	...........	68,49
	3873	38778,7	-5,34378E-005	-5,49906E-005	5,98932E-005	...........	68,51
	3874	38788,8	-5,36393E-005	-5,37834E-005	5,97699E-005	...........	68,56
	3875	38798,8	-5,37500E-005	-5,21659E-005	5,87649E-005	...........	68,63
	3876	38808,8	-5,37126E-005	-5,27727E-005	6,00516E-005	...........	68,65
	3877	38818,8	-5,34198E-005	-5,15044E-005	5,91049E-005	...........	68,64
	3878	38828,8	-5,29626E-005	-5,28906E-005	5,80549E-005	...........	68,57
	3879	38838,8	-5,25864E-005	-5,34492E-005	5,89032E-005	...........	68,53
	3880	38848,8	-5,25571E-005	-5,63453E-005	5,99949E-005	...........	68,52
	3881	38858,8	-5,30023E-005	-5,33086E-005	5,77799E-005	...........	68,53
	3882	38868,8	-5,37301E-005	-5,67237E-005	5,94166E-005	...........	68,56
	3883	38878,8	-5,44146E-005	-5,46143E-005	5,88066E-005	...........	68,60
	3884	38888,9	-5,48857E-005	-5,44665E-005	5,77482E-005	...........	68,63
	3885	38898,9	-5,50801E-005	-5,50344E-005	5,79516E-005	...........	68,64
	3886	38908,9	-5,50303E-005	-5,45295E-005	5,74732E-005	...........	68,63
	3887	38918,9	-5,48598E-005	-5,30890E-005	5,80316E-005	...........	68,61
	3888	38928,9	-5,46271E-005	-5,52515E-005	6,00066E-005	...........	68,58
	3889	38938,9	-5,44094E-005	-5,46897E-005	5,90582E-005	...........	68,53
	3890	38948,9	-5,43864E-005	-5,61706E-005	5,90499E-005	...........	68,49
	3891	38958,9	-5,46997E-005	-5,87632E-005	5,90332E-005	...........	68,44
	3892	38968,9	-5,54423E-005	-5,98737E-005	5,91816E-005	...........	68,40
	3893	38978,9	-5,65651E-005	-5,76114E-005	5,90649E-005	...........	68,34
	3894	38988,9	-5,76775E-005	-5,87543E-005	5,87432E-005	...........	68,28
	3895	38999	-5,83769E-005	-5,97757E-005	6,03832E-005	...........	68,26
	3896	39009	-5,87533E-005	-6,12937E-005	5,81999E-005	...........	68,26
	3897	39019	-5,92259E-005	-6,29216E-005	5,88399E-005	...........	68,32
	3898	39029	-6,00399E-005	-6,28389E-005	5,82866E-005	...........	68,34
	3899	39039	-6,10315E-005	-6,08878E-005	6,08749E-005	...........	68,34
	3900	39049	-6,17839E-005	-6,25391E-005	5,95882E-005	...........	68,38
	3901	39059	-6,20265E-005	-5,89861E-005	5,91249E-005	...........	68,42
	3902	39069	-6,17097E-005	-5,69205E-005	5,99299E-005	...........	68,43
	3903	39079	-6,08331E-005	-5,81877E-005	6,04766E-005	...........	68,41
	3904	39089,1	-5,96509E-005	-5,86942E-005	6,06482E-005	...........	68,42
	3905	39099,1	-5,86993E-005	-5,80967E-005	6,12399E-005	...........	68,39
	3906	39109,1	-5,82837E-005	-5,94241E-005	6,01132E-005	...........	68,37
	3907	39119,1	-5,83178E-005	-5,95463E-005	6,00166E-005	...........	68,40
	3908	39129,1	-5,86367E-005	-6,07989E-005	6,05016E-005	...........	68,44
	3909	39139,1	-5,91181E-005	-5,95639E-005	6,07549E-005	...........	68,51
	3910	39149,1	-5,95787E-005	-5,93387E-005	6,06516E-005	...........	68,56
	3911	39159,1	-5,97693E-005	-5,72942E-005	5,94916E-005	...........	68,58
	3912	39169,1	-5,95667E-005	-5,96628E-005	6,04816E-005	...........	68,55
	3913	39179,1	-5,91740E-005	-5,94736E-005	5,97482E-005	...........	68,51
	3914	39189,2	-5,89506E-005	-5,90801E-005	5,85349E-005	...........	68,51
	3915	39199,2	-5,89865E-005	-5,88427E-005	5,92582E-005	...........	68,47
	3916	39209,2	-5,90828E-005	-5,91166E-005	5,87966E-005	...........	68,42
	3917	39219,2	-5,91456E-005	-6,13352E-005	5,99166E-005	...........	68,40
	3918	39229,2	-5,93364E-005	-6,09345E-005	5,83116E-005	...........	68,43
	3919	39239,2	-5,98357E-005	-6,38784E-005	5,80166E-005	...........	68,50
	3920	39249,2	-6,06597E-005	-6,33855E-005	5,87499E-005	...........	68,55
	3921	39259,2	-6,16221E-005	-6,13973E-005	6,05066E-005	...........	68,57
	3922	39269,2	-6,23687E-005	-6,37089E-005	5,88916E-005	...........	68,56
	3923	39279,2	-6,26810E-005	-6,10147E-005	6,01899E-005	...........	68,55
	3924	39289,3	-6,26629E-005	-6,34794E-005	5,88016E-005	...........	68,47
	3925	39299,3	-6,25805E-005	-6,41992E-005	5,92682E-005	...........	68,42
	3926	39309,3	-6,27079E-005	-6,41563E-005	5,81699E-005	...........	68,41
	3927	39319,3	-6,30826E-005	-6,22115E-005	5,94882E-005	...........	68,38
	3928	39329,3	-6,34516E-005	-6,59372E-005	5,70966E-005	...........	68,33
	3929	39339,3	-6,37124E-005	-6,43124E-005	5,72082E-005	...........	68,32
	3930	39349,3	-6,40454E-005	-6,67213E-005	5,77882E-005	...........	68,38
	3931	39359,3	-6,45483E-005	-6,53432E-005	5,72399E-005	...........	68,43
	3932	39369,3	-6,50721E-005	-6,45943E-005	5,85616E-005	...........	68,48
	3933	39379,3	-6,53600E-005	-6,46322E-005	5,71849E-005	...........	68,51
	3934	39389,4	-6,52823E-005	-6,36812E-005	5,86649E-005	...........	68,53
	3935	39399,4	-6,49498E-005	-6,46342E-005	5,77816E-005	...........	68,53
	3936	39409,4	-6,45778E-005	-6,36857E-005	6,00449E-005	...........	68,54
	3937	39419,4	-6,43278E-005	-6,53362E-005	5,90832E-005	...........	68,57
	3938	39429,4	-6,42219E-005	-6,19024E-005	6,12116E-005	...........	68,56
	3939	39439,4	-6,40915E-005	-6,28779E-005	5,99849E-005	...........	68,53
	3940	39449,4	-6,37603E-005	-6,30009E-005	6,05966E-005	...........	68,51
	3941	39459,4	-6,33301E-005	-6,31306E-005	5,91982E-005	...........	68,47
	3942	39469,4	-6,30578E-005	-6,37600E-005	5,90916E-005	...........	68,40
	3943	39479,4	-6,30578E-005	-6,42031E-005	5,87366E-005	...........	68,34
	3944	39489,4	-6,32571E-005	-6,27422E-005	6,04016E-005	...........	68,30
	3945	39499,5	-6,34633E-005	-6,36700E-005	5,94682E-005	...........	68,29
	3946	39509,5	-6,35262E-005	-6,32416E-005	5,86249E-005	...........	68,33
	3947	39519,5	-6,35488E-005	-6,72515E-005	5,59882E-005	...........	68,35
	3948	39529,5	-6,38559E-005	-6,66601E-005	5,84799E-005	...........	68,37
	3949	39539,5	-6,45777E-005	-6,47930E-005	5,91449E-005	...........	68,35
	3950	39549,5	-6,53007E-005	-6,33524E-005	5,85316E-005	...........	68,33
	3951	39559,5	-6,54561E-005	-6,35501E-005	6,02716E-005	...........	68,29
	3952	39569,5	-6,50303E-005	-6,58612E-005	5,82816E-005	...........	68,27
	3953	39579,5	-6,45608E-005	-6,44921E-005	5,81216E-005	...........	68,24
	3954	39589,6	-6,44256E-005	-6,38010E-005	5,75232E-005	...........	68,25
	3955	39599,6	-6,44835E-005	-6,48891E-005	5,77949E-005	...........	68,25
	3956	39609,6	-6,45432E-005	-6,66022E-005	5,75299E-005	...........	68,25
	3957	39619,6	-6,46981E-005	-6,44325E-005	5,65716E-005	...........	68,27
	3958	39629,6	-6,49510E-005	-6,40850E-005	5,92832E-005	...........	68,28
	3959	39639,6	-6,50688E-005	-6,57452E-005	5,63016E-005	...........	68,29
	3960	39649,6	-6,49910E-005	-6,40113E-005	5,81499E-005	...........	68,30
	3961	39659,6	-6,48438E-005	-6,35585E-005	5,85332E-005	...........	68,31
	3962	39669,6	-6,46468E-005	-6,48889E-005	5,84432E-005	...........	68,37
	3963	39679,6	-6,44341E-005	-6,45474E-005	5,88149E-005	...........	68,44
	3964	39689,7	-6,43268E-005	-6,36773E-005	5,84182E-005	...........	68,49
	3965	39699,7	-6,42877E-005	-6,33669E-005	5,94349E-005	...........	68,55
	3966	39709,7	-6,41731E-005	-6,43888E-005	5,87682E-005	...........	68,58
	3967	39719,7	-6,40771E-005	-6,75292E-005	5,78432E-005	...........	68,62
	3968	39729,7	-6,43545E-005	-6,77703E-005	5,74599E-005	...........	68,65
	3969	39739,7	-6,51465E-005	-6,60705E-005	5,64949E-005	...........	68,65
	3970	39749,7	-6,60450E-005	-6,56780E-005	5,77399E-005	...........	68,62
	3971	39759,7	-6,65782E-005	-6,95753E-005	5,81799E-005	...........	68,58
	3972	39769,7	-6,68814E-005	-6,91904E-005	5,87366E-005	...........	68,54
	3973	39779,7	-6,73951E-005	-6,93896E-005	5,72949E-005	...........	68,51
	3974	39789,8	-6,81433E-005	-6,92529E-005	5,66549E-005	...........	68,49
	3975	39799,8	-6,87954E-005	-6,90585E-005	5,74032E-005	...........	68,49
	3976	39809,8	-6,91782E-005	-7,07500E-005	5,75266E-005	...........	68,51
	3977	39819,8	-6,93930E-005	-6,88010E-005	5,83682E-005	...........	68,52
	3978	39829,8	-6,95662E-005	-7,09195E-005	5,78516E-005	...........	68,54
	3979	39839,8	-6,97289E-005	-6,98218E-005	5,67849E-005	...........	68,54
	3980	39849,8	-6,98955E-005	-7,05405E-005	5,72949E-005	...........	68,51
	3981	39859,8	-7,00652E-005	-7,04160E-005	5,68082E-005	...........	68,45
	3982	39869,8	-7,02179E-005	-7,06677E-005	5,71482E-005	...........	68,43
	3983	39879,8	-7,03374E-005	-6,97908E-005	5,64249E-005	...........	68,41
	3984	39889,9	-7,03850E-005	-7,04495E-005	5,72549E-005	...........	68,37
	3985	39899,9	-7,03983E-005	-7,27778E-005	5,97366E-005	...........	68,37
	3986	39909,9	-7,05397E-005	-7,00381E-005	5,66432E-005	...........	68,35
	3987	39919,9	-7,08202E-005	-7,12777E-005	5,76799E-005	...........	68,34
	3988	39929,9	-7,10591E-005	-7,25452E-005	5,79316E-005	...........	68,35
	3989	39939,9	-7,12485E-005	-7,19706E-005	5,72199E-005	...........	68,35
	3990	39949,9	-7,14783E-005	-7,03864E-005	5,70649E-005	...........	68,34
	3991	39959,9	-7,16319E-005	-7,21330E-005	5,79249E-005	...........	68,36
	3992	39969,9	-7,16373E-005	-7,27603E-005	5,78232E-005	...........	68,44
	3993	39979,9	-7,16756E-005	-7,16885E-005	5,79282E-005	...........	68,49
	3994	39989,9	-7,18253E-005	-7,12795E-005	5,69982E-005	...........	68,55
	3995	40000	-7,19195E-005	-7,21114E-005	5,69882E-005	...........	68,57
	3996	40010	-7,18764E-005	-7,15382E-005	5,79199E-005	...........	68,57
	3997	40020	-7,17806E-005	-7,10960E-005	5,75366E-005	...........	68,60
	3998	40030	-7,16584E-005	-7,07956E-005	5,97182E-005	...........	68,58
	3999	40040	-7,14766E-005	-7,14492E-005	5,86849E-005	...........	68,54
	4000	40050	-7,13143E-005	-7,24961E-005	5,83999E-005	...........	68,53
	4001	40060	-7,13847E-005	-7,46514E-005	5,92866E-005	...........	68,53
	4002	40070	-7,18583E-005	-7,38235E-005	5,90416E-005	...........	68,50
	4003	40080	-7,25810E-005	-7,13341E-005	5,80866E-005	...........	68,46
	4004	40090,1	-7,30945E-005	-7,37212E-005	5,89516E-005	...........	68,40
	4005	40100,1	-7,31826E-005	-7,32284E-005	5,91982E-005	...........	68,35
	4006	40110,1	-7,30910E-005	-7,27737E-005	5,82699E-005	...........	68,34
	4007	40120,1	-7,30424E-005	-7,27383E-005	5,79216E-005	...........	68,32
	4008	40130,1	-7,30172E-005	-7,35436E-005	5,86282E-005	...........	68,32
	4009	40140,1	-7,30253E-005	-7,41452E-005	5,99449E-005	...........	68,28
	4010	40150,1	-7,32084E-005	-7,60556E-005	5,99449E-005	...........	68,23
	4011	40160,1	-7,36832E-005	-7,55027E-005	6,00432E-005	...........	68,18
	4012	40170,1	-7,44194E-005	-7,80919E-005	5,89482E-005	...........	68,18
	4013	40180,1	-7,53281E-005	-7,89770E-005	5,96632E-005	...........	68,24
	4014	40190,2	-7,63181E-005	-7,62881E-005	6,05099E-005	...........	68,32
	4015	40200,2	-7,71029E-005	-7,60081E-005	6,10416E-005	...........	68,39
	4016	40210,2	-7,72835E-005	-7,38760E-005	5,91649E-005	...........	68,40
	4017	40220,2	-7,67467E-005	-7,32848E-005	5,91632E-005	...........	68,41
	4018	40230,2	-7,57507E-005	-7,36569E-005	5,81099E-005	...........	68,45
	4019	40240,2	-7,47509E-005	-7,52233E-005	6,04282E-005	...........	68,50
	4020	40250,2	-7,41350E-005	-7,25157E-005	5,85149E-005	...........	68,56
	4021	40260,2	-7,39304E-005	-7,52162E-005	6,06882E-005	...........	68,62
	4022	40270,2	-7,39485E-005	-7,48052E-005	5,98199E-005	...........	68,69
	4023	40280,2	-7,40644E-005	-7,20208E-005	5,81649E-005	...........	68,69
	4024	40290,3	-7,41003E-005	-7,39731E-005	5,87799E-005	...........	68,61
	4025	40300,3	-7,39585E-005	-7,57177E-005	6,03816E-005	...........	68,52
	4026	40310,3	-7,39336E-005	-7,62905E-005	6,02432E-005	...........	68,40
	4027	40320,3	-7,43554E-005	-7,70865E-005	6,05999E-005	...........	68,33
	4028	40330,3	-7,51761E-005	-7,86724E-005	6,05316E-005	...........	68,33
	4029	40340,3	-7,61299E-005	-7,67141E-005	6,18632E-005	...........	68,37
	4030	40350,3	-7,69116E-005	-7,67844E-005	6,09149E-005	...........	68,39
	4031	40360,3	-7,72970E-005	-7,79817E-005	6,02949E-005	...........	68,42
	4032	40370,3	-7,73658E-005	-7,73986E-005	6,14482E-005	...........	68,41
	4033	40380,3	-7,73544E-005	-7,63534E-005	6,14182E-005	...........	68,39
	4034	40390,4	-7,73391E-005	-7,87634E-005	6,05466E-005	...........	68,38
	4035	40400,4	-7,73668E-005	-7,83505E-005	6,06249E-005	...........	68,35
	4036	40410,4	-7,75697E-005	-7,88621E-005	6,00482E-005	...........	68,35
	4037	40420,4	-7,79560E-005	-7,93260E-005	6,04399E-005	...........	68,37
	4038	40430,4	-7,84132E-005	-8,01291E-005	5,83099E-005	...........	68,39
	4039	40440,4	-7,88459E-005	-7,79762E-005	5,96266E-005	...........	68,38
	4040	40450,4	-7,90775E-005	-7,68005E-005	6,02582E-005	...........	68,33
	4041	40460,4	-7,89241E-005	-7,92615E-005	5,79882E-005	...........	68,30
	4042	40470,4	-7,85856E-005	-8,05678E-005	5,84332E-005	...........	68,29
	4043	40480,4	-7,85244E-005	-7,84589E-005	5,96599E-005	...........	68,29
	4044	40490,4	-7,87886E-005	-7,81475E-005	5,94349E-005	...........	68,28
	4045	40500,5	-7,90020E-005	-7,99138E-005	5,84349E-005	...........	68,24
	4046	40510,5	-7,90643E-005	-8,10102E-005	5,81782E-005	...........	68,26
	4047	40520,5	-7,92841E-005	-8,17635E-005	5,85416E-005	...........	68,32
	4048	40530,5	-7,98085E-005	-7,96041E-005	5,93632E-005	...........	68,33
	4049	40540,5	-8,03101E-005	-7,82808E-005	5,88899E-005	...........	68,30
	4050	40550,5	-8,03864E-005	-8,10720E-005	5,68699E-005	...........	68,24
	4051	40560,5	-8,01217E-005	-7,96615E-005	5,86566E-005	...........	68,19
	4052	40570,5	-7,99706E-005	-8,31780E-005	5,64982E-005	...........	68,20
	4053	40580,5	-8,01982E-005	-7,98869E-005	5,81949E-005	...........	68,23
	4054	40590,6	-8,06152E-005	-7,98054E-005	5,88416E-005	...........	68,21
	4055	40600,6	-8,08255E-005	-8,10891E-005	5,76899E-005	...........	68,20
	4056	40610,6	-8,07786E-005	-8,24859E-005	5,65899E-005	...........	68,15
	4057	40620,6	-8,08530E-005	-8,32151E-005	5,59682E-005	...........	68,14
	4058	40630,6	-8,12893E-005	-8,19813E-005	5,69216E-005	...........	68,14
	4059	40640,6	-8,18759E-005	-8,23669E-005	5,65332E-005	...........	68,15
	4060	40650,6	-8,22566E-005	-8,14055E-005	5,73032E-005	...........	68,18
	4061	40660,6	-8,23135E-005	-8,24619E-005	5,69399E-005	...........	68,18
	4062	40670,6	-8,22225E-005	-8,34595E-005	5,67632E-005	...........	68,19
	4063	40680,6	-8,22043E-005	-8,04020E-005	5,78182E-005	...........	68,20
	4064	40690,7	-8,21964E-005	-8,09025E-005	5,83432E-005	...........	68,20
	4065	40700,7	-8,19893E-005	-8,21451E-005	5,74999E-005	...........	68,22
	4066	40710,7	-8,16866E-005	-8,22769E-005	5,66549E-005	...........	68,23
	4067	40720,7	-8,15826E-005	-8,17702E-005	5,68832E-005	...........	68,24
	4068	40730,7	-8,17596E-005	-8,48502E-005	5,64966E-005	...........	68,23
	4069	40740,7	-8,21561E-005	-8,25229E-005	5,76532E-005	...........	68,27
	4070	40750,7	-8,26521E-005	-8,31289E-005	5,61682E-005	...........	68,29
	4071	40760,7	-8,30209E-005	-8,30004E-005	5,69366E-005	...........	68,29
	4072	40770,7	-8,31961E-005	-8,57484E-005	5,67766E-005	...........	68,26
	4073	40780,7	-8,34259E-005	-8,49878E-005	5,61366E-005	...........	68,25
	4074	40790,8	-8,38733E-005	-8,36641E-005	5,70116E-005	...........	68,27
	4075	40800,8	-8,42779E-005	-8,25710E-005	5,53866E-005	...........	68,31
	4076	40810,8	-8,42762E-005	-8,32156E-005	5,65516E-005	...........	68,37
	4077	40820,8	-8,38700E-005	-8,20441E-005	5,74766E-005	...........	68,42
	4078	40830,8	-8,33294E-005	-8,23121E-005	5,72866E-005	...........	68,46
	4079	40840,8	-8,28755E-005	-8,33598E-005	5,70016E-005	...........	68,49
	4080	40850,8	-8,26049E-005	-8,10459E-005	5,76949E-005	...........	68,48
	4081	40860,8	-8,24675E-005	-8,28434E-005	5,60282E-005	...........	68,46
	4082	40870,8	-8,24057E-005	-8,47525E-005	5,56666E-005	...........	68,44
	4083	40880,8	-8,25852E-005	-8,50801E-005	5,58282E-005	...........	68,42
	4084	40890,9	-8,32103E-005	-8,78032E-005	5,74832E-005	...........	68,42
	4085	40900,9	-8,41827E-005	-8,39487E-005	5,55482E-005	...........	68,44
	4086	40910,9	-8,51258E-005	-8,81185E-005	5,77766E-005	...........	68,46
	4087	40920,9	-8,57550E-005	-8,50860E-005	5,62099E-005	...........	68,49
	4088	40930,9	-8,60965E-005	-8,74421E-005	5,58499E-005	...........	68,50
	4089	40940,9	-8,62915E-005	-8,61609E-005	5,61399E-005	...........	68,52
	4090	40950,9	-8,64332E-005	-8,72886E-005	5,72849E-005	...........	68,54
	4091	40960,9	-8,65737E-005	-8,68023E-005	5,61816E-005	...........	68,58
	4092	40970,9	-8,66815E-005	-8,50615E-005	5,62899E-005	...........	68,58
	4093	40980,9	-8,66235E-005	-8,56550E-005	5,69666E-005	...........	68,56
	4094	40990,9	-8,63465E-005	-8,62218E-005	5,70349E-005	...........	68,56
	4095	41001	-8,60365E-005	-8,60749E-005	5,51816E-005	...........	68,57
	4096	41011	-8,58912E-005	-8,55684E-005	5,62366E-005	...........	68,57
	4097	41021	-8,59095E-005	-8,75340E-005	5,75966E-005	...........	68,56
	4098	41031	-8,60663E-005	-8,73970E-005	5,62449E-005	...........	68,56
	4099	41041	-8,64055E-005	-8,78977E-005	5,73982E-005	...........	68,56
	4100	41051	-8,68664E-005	-8,73482E-005	5,80232E-005	...........	68,58
	4101	41061	-8,72485E-005	-8,65197E-005	5,81082E-005	...........	68,62
	4102	41071	-8,73672E-005	-8,64274E-005	5,73299E-005	...........	68,66
	4103	41081	-8,71815E-005	-8,55158E-005	5,59999E-005	...........	68,69
	4104	41091,1	-8,68373E-005	-8,81992E-005	5,61666E-005	...........	68,72
	4105	41101,1	-8,66237E-005	-8,74225E-005	5,72366E-005	...........	68,74
	4106	41111,1	-8,67336E-005	-8,73399E-005	5,66432E-005	...........	68,71
	4107	41121,1	-8,70184E-005	-8,62326E-005	5,79082E-005	...........	68,68
	4108	41131,1	-8,71483E-005	-8,59476E-005	5,60316E-005	...........	68,66
	4109	41141,1	-8,69353E-005	-8,40621E-005	5,59416E-005	...........	68,64
	4110	41151,1	-8,64235E-005	-8,62502E-005	5,64199E-005	...........	68,61
	4111	41161,1	-8,58529E-005	-8,49762E-005	5,69299E-005	...........	68,58
	4112	41171,1	-8,55511E-005	-8,92109E-005	6,01966E-005	...........	68,57
	4113	41181,1	-8,58144E-005	-9,06528E-005	6,02166E-005	...........	68,54
	4114	41191,2	-8,67686E-005	-9,02855E-005	5,93582E-005	...........	68,52
	4115	41201,2	-8,80533E-005	-8,62738E-005	5,71799E-005	...........	68,49
	4116	41211,2	-8,89130E-005	-8,91757E-005	5,90549E-005	...........	68,47
	4117	41221,2	-8,90072E-005	-8,83325E-005	5,92316E-005	...........	68,47
	4118	41231,2	-8,87254E-005	-8,86527E-005	5,78999E-005	...........	68,50
	4119	41241,2	-8,85444E-005	-8,96656E-005	5,82282E-005	...........	68,53
	4120	41251,2	-8,86630E-005	-9,21501E-005	6,11666E-005	...........	68,53
	4121	41261,2	-8,92142E-005	-9,36838E-005	5,99916E-005	...........	68,53
	4122	41271,2	-9,02056E-005	-9,11666E-005	5,94516E-005	...........	68,54
	4123	41281,2	-9,12814E-005	-9,30631E-005	6,05482E-005	...........	68,56
	4124	41291,3	-9,19929E-005	-9,09763E-005	5,97282E-005	...........	68,61
	4125	41301,3	-9,22038E-005	-9,13464E-005	5,78816E-005	...........	68,66
	4126	41311,3	-9,20029E-005	-8,91239E-005	5,88966E-005	...........	68,67
	4127	41321,3	-9,14554E-005	-8,79782E-005	5,66766E-005	...........	68,68
	4128	41331,3	-9,05963E-005	-8,76956E-005	5,84149E-005	...........	68,69
	4129	41341,3	-8,96252E-005	-9,04007E-005	5,88149E-005	...........	68,69
	4130	41351,3	-8,89881E-005	-9,08119E-005	5,89249E-005	...........	68,68
	4131	41361,3	-8,90362E-005	-9,16194E-005	6,11016E-005	...........	68,70
	4132	41371,3	-8,96259E-005	-8,94837E-005	5,80782E-005	...........	68,74
	4133	41381,3	-9,01862E-005	-8,77940E-005	5,62966E-005	...........	68,78
	4134	41391,4	-9,02415E-005	-9,06393E-005	5,68132E-005	...........	68,80
	4135	41401,4	-8,98992E-005	-8,95069E-005	5,74266E-005	...........	68,82
	4136	41411,4	-8,95947E-005	-8,86516E-005	5,81199E-005	...........	68,80
	4137	41421,4	-8,94616E-005	-8,96399E-005	5,79182E-005	...........	68,80
	4138	41431,4	-8,93556E-005	-8,80887E-005	5,83166E-005	...........	68,82
	4139	41441,4	-8,91540E-005	-8,68641E-005	5,57182E-005	...........	68,82
	4140	41451,4	-8,87602E-005	-8,72015E-005	5,63532E-005	...........	68,79
	4141	41461,4	-8,82583E-005	-9,06592E-005	5,87132E-005	...........	68,75
	4142	41471,4	-8,80574E-005	-9,03429E-005	5,79366E-005	...........	68,67
	4143	41481,4	-8,84767E-005	-9,14822E-005	5,99899E-005	...........	68,65
	4144	41491,4	-8,93174E-005	-8,98169E-005	5,87882E-005	...........	68,65
	4145	41501,5	-9,00758E-005	-9,03035E-005	5,80716E-005	...........	68,66
	4146	41511,5	-9,04920E-005	-9,31906E-005	5,92916E-005	...........	68,67
	4147	41521,5	-9,07751E-005	-9,17018E-005	5,77049E-005	...........	68,69
	4148	41531,5	-9,12490E-005	-9,53488E-005	5,97432E-005	...........	68,69
	4149	41541,5	-9,19696E-005	-9,24947E-005	6,01682E-005	...........	68,70
	4150	41551,5	-9,26912E-005	-9,19468E-005	5,98582E-005	...........	68,75
	4151	41561,5	-9,30635E-005	-9,31949E-005	5,93332E-005	...........	68,82
	4152	41571,5	-9,29920E-005	-9,08105E-005	5,82966E-005	...........	68,85
	4153	41581,5	-9,26492E-005	-9,12935E-005	5,91866E-005	...........	68,84
	4154	41591,6	-9,21884E-005	-9,14290E-005	5,95432E-005	...........	68,78
	4155	41601,6	-9,18514E-005	-9,67689E-005	5,92299E-005	...........	68,73
	4156	41611,6	-9,20582E-005	-9,42491E-005	5,97716E-005	...........	68,70
	4157	41621,6	-9,28811E-005	-9,37864E-005	6,14832E-005	...........	68,71
	4158	41631,6	-9,37705E-005	-9,41145E-005	6,12082E-005	...........	68,73
	4159	41641,6	-9,42260E-005	-9,44966E-005	6,09432E-005	...........	68,75
	4160	41651,6	-9,43082E-005	-9,42541E-005	6,13032E-005	...........	68,78
	4161	41661,6	-9,43105E-005	-9,53447E-005	6,23249E-005	...........	68,79
	4162	41671,6	-9,44050E-005	-9,49899E-005	6,08232E-005	...........	68,80
	4163	41681,6	-9,46082E-005	-9,50292E-005	6,14216E-005	...........	68,75
	4164	41691,7	-9,48116E-005	-9,41574E-005	6,04999E-005	...........	68,69
	4165	41701,7	-9,49035E-005	-9,59253E-005	5,98549E-005	...........	68,61
	4166	41711,7	-9,49450E-005	-9,58988E-005	6,14266E-005	...........	68,58
	4167	41721,7	-9,50513E-005	-9,33116E-005	6,21866E-005	...........	68,61
	4168	41731,7	-9,51681E-005	-9,78921E-005	6,00232E-005	...........	68,66
	4169	41741,7	-9,52881E-005	-9,57829E-005	6,06982E-005	...........	68,71
	4170	41751,7	-9,55667E-005	-9,72641E-005	5,91116E-005	...........	68,76
	4171	41761,7	-9,59965E-005	-9,65025E-005	6,02166E-005	...........	68,79
	4172	41771,7	-9,64108E-005	-9,79325E-005	6,16816E-005	...........	68,79
	4173	41781,7	-9,67441E-005	-9,68023E-005	6,12866E-005	...........	68,79
	4174	41791,8	-9,69696E-005	-9,58133E-005	6,04566E-005	...........	68,77
	4175	41801,8	-9,69593E-005	-9,50253E-005	6,14732E-005	...........	68,76
	4176	41811,8	-9,66120E-005	-9,47666E-005	6,17116E-005	...........	68,75
	4177	41821,8	-9,59904E-005	-9,26895E-005	6,25099E-005	...........	68,74
	4178	41831,8	-9,52578E-005	-9,56252E-005	6,14482E-005	...........	68,75
	4179	41841,8	-9,47221E-005	-9,78035E-005	6,06249E-005	...........	68,75
	4180	41851,8	-9,47580E-005	-9,56744E-005	6,15266E-005	...........	68,78
	4181	41861,8	-9,53272E-005	-9,67643E-005	6,04749E-005	...........	68,81
	4182	41871,8	-9,59385E-005	-9,53545E-005	6,15032E-005	...........	68,82
	4183	41881,8	-9,61694E-005	-9,32518E-005	6,12949E-005	...........	68,84
	4184	41891,9	-9,58749E-005	-9,37203E-005	6,12416E-005	...........	68,82
	4185	41901,9	-9,51907E-005	-9,44652E-005	6,22282E-005	...........	68,85
	4186	41911,9	-9,44757E-005	-9,22555E-005	6,07082E-005	...........	68,85
	4187	41921,9	-9,39662E-005	-9,44190E-005	6,18866E-005	...........	68,84
	4188	41931,9	-9,36371E-005	-9,16993E-005	6,03199E-005	...........	68,83
	4189	41941,9	-9,33641E-005	-9,23756E-005	5,97716E-005	...........	68,83
	4190	41951,9	-9,30343E-005	-9,19606E-005	5,92099E-005	...........	68,84
	4191	41961,9	-9,26612E-005	-9,24719E-005	6,01882E-005	...........	68,84
	4192	41971,9	-9,23858E-005	-9,26749E-005	6,12999E-005	...........	68,82
	4193	41981,9	-9,23875E-005	-9,70388E-005	6,07599E-005	...........	68,78
	4194	41991,9	-9,28313E-005	-9,35252E-005	6,02482E-005	...........	68,71
	4195	42002	-9,35875E-005	-9,41346E-005	6,17082E-005	...........	68,62
	4196	42012	-9,41674E-005	-9,31267E-005	6,23699E-005	...........	68,57
	4197	42022	-9,43059E-005	-9,59881E-005	5,98232E-005	...........	68,59
	4198	42032	-9,42540E-005	-9,36345E-005	6,24166E-005	...........	68,61
	4199	42042	-9,43204E-005	-9,62380E-005	6,07199E-005	...........	68,59
	4200	42052	-9,45868E-005	-9,69181E-005	6,01282E-005	...........	68,55
	4201	42062	-9,50475E-005	-9,55290E-005	6,18732E-005	...........	68,53
	4202	42072	-9,55964E-005	-9,73573E-005	6,00916E-005	...........	68,52
	4203	42082	-9,60722E-005	-9,70599E-005	5,99616E-005	...........	68,53
	4204	42092,1	-9,64077E-005	-9,48209E-005	6,11066E-005	...........	68,53
	4205	42102,1	-9,65569E-005	-9,82220E-005	5,96549E-005	...........	68,57
	4206	42112,1	-9,65245E-005	-9,40882E-005	6,02966E-005	...........	68,60
	4207	42122,1	-9,63569E-005	-9,52634E-005	6,11466E-005	...........	68,63
	4208	42132,1	-9,60392E-005	-9,57191E-005	6,04699E-005	...........	68,64
	4209	42142,1	-9,55993E-005	-9,15317E-005	5,85616E-005	...........	68,61
	4210	42152,1	-9,50536E-005	-9,45205E-005	6,27082E-005	...........	68,58
	4211	42162,1	-9,44264E-005	-9,36398E-005	6,07582E-005	...........	68,51
	4212	42172,1	-9,39933E-005	-9,70444E-005	5,86132E-005	...........	68,46
	4213	42182,1	-9,40845E-005	-9,58655E-005	5,91582E-005	...........	68,48
	4214	42192,2	-9,47204E-005	-9,86466E-005	5,86732E-005	...........	68,52
	4215	42202,2	-9,56487E-005	-9,71873E-005	5,91299E-005	...........	68,58
	4216	42212,2	-9,65290E-005	-9,61774E-005	5,95882E-005	...........	68,61
	4217	42222,2	-9,70670E-005	-9,82059E-005	5,80682E-005	...........	68,62
	4218	42232,2	-9,72152E-005	-9,55982E-005	5,95199E-005	...........	68,65
	4219	42242,2	-9,71179E-005	-9,63219E-005	5,94166E-005	...........	68,63
	4220	42252,2	-9,68915E-005	-9,72723E-005	5,93549E-005	...........	68,57
	4221	42262,2	-9,66985E-005	-9,74824E-005	5,93216E-005	...........	68,52
	4222	42272,2	-9,67564E-005	-9,90602E-005	5,68066E-005	...........	68,50
	4223	42282,2	-9,71426E-005	-9,89502E-005	5,83116E-005	...........	68,49
	4224	42292,3	-9,77209E-005	-9,78133E-005	5,81749E-005	...........	68,49
	4225	42302,3	-9,82129E-005	-9,86018E-005	5,88616E-005	...........	68,48
	4226	42312,3	-9,84377E-005	-9,84528E-005	5,82699E-005	...........	68,52
	4227	42322,3	-9,84599E-005	-9,80111E-005	5,86432E-005	...........	68,52
	4228	42332,3	-9,83813E-005	-9,69438E-005	5,92816E-005	...........	68,48
	4229	42342,3	-9,83469E-005	-1,06015E-004	5,99316E-005	...........	68,45
	4230	42352,3	-9,88460E-005	-1,03685E-004	5,90249E-005	...........	68,44
	4231	42362,3	-1,00135E-004	-9,91662E-005	5,74066E-005	...........	68,42
	4232	42372,3	-1,01397E-004	-9,89372E-005	5,94116E-005	...........	68,39
	4233	42382,3	-1,01593E-004	-9,80884E-005	5,87649E-005	...........	68,36
	4234	42392,4	-1,00754E-004	-9,89246E-005	5,76966E-005	...........	68,33
	4235	42402,4	-9,96971E-005	-9,96107E-005	5,50349E-005	...........	68,33
	4236	42412,4	-9,90744E-005	-9,97787E-005	5,63966E-005	...........	68,35
	4237	42422,4	-9,90793E-005	-1,03493E-004	5,81116E-005	...........	68,37
	4238	42432,4	-9,96175E-005	-9,94550E-005	5,79966E-005	...........	68,40
	4239	42442,4	-1,00339E-004	-1,00886E-004	5,73666E-005	...........	68,42
	4240	42452,4	-1,00768E-004	-9,93773E-005	5,65599E-005	...........	68,45
	4241	42462,4	-1,00727E-004	-1,00114E-004	5,80616E-005	...........	68,47
	4242	42472,4	-1,00378E-004	-9,73416E-005	5,91049E-005	...........	68,44
	4243	42482,4	-9,98788E-005	-9,97505E-005	5,79249E-005	...........	68,33
	4244	42492,4	-9,94347E-005	-1,02154E-004	5,66532E-005	...........	68,25
	4245	42502,5	-9,94461E-005	-1,02871E-004	5,85432E-005	...........	68,21
	4246	42512,5	-1,00085E-004	-1,00511E-004	5,67249E-005	...........	68,23
	4247	42522,5	-1,00898E-004	-1,00211E-004	5,72282E-005	...........	68,27
	4248	42532,5	-1,01249E-004	-9,91790E-005	5,76099E-005	...........	68,32
	4249	42542,5	-1,00992E-004	-1,00332E-004	5,68349E-005	...........	68,33
	4250	42552,5	-1,00498E-004	-1,00889E-004	5,69549E-005	...........	68,33
	4251	42562,5	-1,00201E-004	-1,00311E-004	5,82749E-005	...........	68,28
	4252	42572,5	-1,00212E-004	-1,00732E-004	5,89682E-005	...........	68,21
	4253	42582,5	-1,00414E-004	-1,03154E-004	6,00949E-005	...........	68,19
	4254	42592,6	-1,00786E-004	-1,02107E-004	5,85399E-005	...........	68,17
	4255	42602,6	-1,01316E-004	-1,01654E-004	5,82082E-005	...........	68,18
	4256	42612,6	-1,01793E-004	-1,02376E-004	5,92882E-005	...........	68,21
	4257	42622,6	-1,02055E-004	-1,02838E-004	5,97232E-005	...........	68,27
	4258	42632,6	-1,02190E-004	-1,02061E-004	6,01849E-005	...........	68,31
	4259	42642,6	-1,02249E-004	-9,97373E-005	5,92032E-005	...........	68,35
	4260	42652,6	-1,02024E-004	-9,84296E-005	6,03266E-005	...........	68,39
	4261	42662,6	-1,01341E-004	-9,96214E-005	5,78199E-005	...........	68,38
	4262	42672,6	-1,00429E-004	-9,95171E-005	5,94016E-005	...........	68,37
	4263	42682,6	-9,97092E-005	-9,84553E-005	5,84999E-005	...........	68,39
	4264	42692,7	-9,93161E-005	-9,90531E-005	5,81316E-005	...........	68,40
	4265	42702,7	-9,90753E-005	-9,72771E-005	5,91599E-005	...........	68,39
	4266	42712,7	-9,88183E-005	-9,88980E-005	5,90016E-005	...........	68,38
	4267	42722,7	-9,85860E-005	-1,00214E-004	5,92032E-005	...........	68,35
	4268	42732,7	-9,86029E-005	-1,00101E-004	5,86149E-005	...........	68,33
	4269	42742,7	-9,89419E-005	-9,87988E-005	5,86049E-005	...........	68,30
	4270	42752,7	-9,93311E-005	-9,94513E-005	5,86232E-005	...........	68,29
	4271	42762,7	-9,95055E-005	-9,97994E-005	5,95449E-005	...........	68,26
	4272	42772,7	-9,95084E-005	-9,92648E-005	5,94649E-005	...........	68,24
	4273	42782,7	-9,95017E-005	-1,00219E-004	5,92816E-005	...........	68,26
	4274	42792,8	-9,95538E-005	-9,96333E-005	5,87016E-005	...........	68,28
	4275	42802,8	-9,96847E-005	-1,01594E-004	5,74732E-005	...........	68,27
	4276	42812,8	-9,99321E-005	-1,00604E-004	5,91799E-005	...........	68,23
	4277	42822,8	-1,00295E-004	-1,01751E-004	5,82999E-005	...........	68,20
	4278	42832,8	-1,00698E-004	-1,01554E-004	5,91082E-005	...........	68,18
	4279	42842,8	-1,01100E-004	-1,03665E-004	6,00882E-005	...........	68,17
	4280	42852,8	-1,01537E-004	-1,01229E-004	5,86116E-005	...........	68,17
	4281	42862,8	-1,01903E-004	-1,00282E-004	5,94599E-005	...........	68,18
	4282	42872,8	-1,02006E-004	-1,04679E-004	6,08532E-005	...........	68,20
	4283	42882,8	-1,02011E-004	-1,03164E-004	5,99882E-005	...........	68,22
	4284	42892,9	-1,02260E-004	-1,02385E-004	5,87449E-005	...........	68,24
	4285	42902,9	-1,02633E-004	-1,01612E-004	5,86966E-005	...........	68,28
	4286	42912,9	-1,02721E-004	-1,00900E-004	5,83749E-005	...........	68,34
	4287	42922,9	-1,02440E-004	-1,03355E-004	6,09066E-005	...........	68,39
	4288	42932,9	-1,02074E-004	-9,98007E-005	6,01399E-005	...........	68,39
	4289	42942,9	-1,01777E-004	-1,00239E-004	5,97082E-005	...........	68,40
	4290	42952,9	-1,01421E-004	-1,00822E-004	5,97716E-005	...........	68,42
	4291	42962,9	-1,00986E-004	-9,99677E-005	5,92816E-005	...........	68,43
	4292	42972,9	-1,00635E-004	-1,00650E-004	5,83616E-005	...........	68,47
	4293	42982,9	-1,00440E-004	-1,00041E-004	5,86682E-005	...........	68,50
	4294	42992,9	-1,00370E-004	-1,01352E-004	5,82749E-005	...........	68,54
	4295	43003	-1,00405E-004	-1,00185E-004	5,99016E-005	...........	68,60
	4296	43013	-1,00489E-004	-9,99521E-005	5,99166E-005	...........	68,61
	4297	43023	-1,00489E-004	-9,96373E-005	5,76232E-005	...........	68,58
	4298	43033	-1,00299E-004	-9,81889E-005	5,91966E-005	...........	68,54
	4299	43043	-9,99328E-005	-9,98744E-005	5,86182E-005	...........	68,50
	4300	43053	-9,95876E-005	-1,01745E-004	5,72132E-005	...........	68,50
	4301	43063	-9,95932E-005	-1,01315E-004	5,84782E-005	...........	68,55
	4302	43073	-1,00022E-004	-9,99958E-005	5,96732E-005	...........	68,57
	4303	43083	-1,00469E-004	-9,82955E-005	5,82649E-005	...........	68,57
	4304	43093,1	-1,00447E-004	-9,79976E-005	5,84382E-005	...........	68,53
	4305	43103,1	-9,99328E-005	-1,00906E-004	5,78849E-005	...........	68,48
	4306	43113,1	-9,94462E-005	-1,01376E-004	5,79566E-005	...........	68,44
	4307	43123,1	-9,95155E-005	-1,02072E-004	5,90332E-005	...........	68,38
	4308	43133,1	-1,00159E-004	-1,02586E-004	5,95499E-005	...........	68,39
	4309	43143,1	-1,00970E-004	-1,00147E-004	5,85766E-005	...........	68,41
	4310	43153,1	-1,01459E-004	-9,93506E-005	5,80882E-005	...........	68,42
	4311	43163,1	-1,01340E-004	-9,95167E-005	5,82999E-005	...........	68,43
	4312	43173,1	-1,00753E-004	-9,95129E-005	5,99599E-005	...........	68,44
	4313	43183,1	-1,00098E-004	-9,88574E-005	5,92299E-005	...........	68,41
	4314	43193,2	-9,96417E-005	-1,00177E-004	5,79049E-005	...........	68,41
	4315	43203,2	-9,94631E-005	-1,00754E-004	5,77849E-005	...........	68,43
