EXPLAIN
TAG	CV
TITLE	LABEL	Cyclic Voltammetry	Test Identifier
DATE	LABEL	4/8/2026	Date
TIME	LABEL	20:16:45	Time
NOTES	NOTES	1	Notes...
	
PSTAT	PSTAT	REF3000-46189	Potentiostat
VINIT	POTEN	4,00000E-001	F	Initial E (V)
VLIMIT1	POTEN	4,00000E-001	F	Scan Limit 1 (V)
VLIMIT2	POTEN	1,40000E+000	F	Scan Limit 2 (V)
VFINAL	POTEN	4,00000E-001	F	Final E (V)
SCANRATE	QUANT	2,00000E+001	Scan Rate (mV/s)
STEPSIZE	QUANT	2,00000E+000	Step Size (mV)
CYCLES	IQUANT	5	Cycles (#)
IMODE	SELECTOR	0	I/E Range Mode
IRANGE	QUANT	3,00000E+003	Max Current (mA)
AREA	QUANT	2,50000E+001	Sample Area (cm^2)
EQDELAY	QUANT	0,00000E+000	Equil. Time (s)
IRCOMP	SELECTOR	0	IRComp
PFCOR	QUANT	5,00000E+001	PF Corr. (ohm)
SAMPLINGMODE	SELECTOR	1	Sampling Mode
EOC	QUANT	-0,0991504	Open Circuit (V)
ELECTRODETYPE	SELECTOR	0	Electrode Type
STRIPPING	TOGGLE	F	Used for Stripping
SEQUENCER	TOGGLE	TRUE	Run as Sequence
PSTATMODEL	IQUANT	6	Pstat Model
PSTATSECTION	LABEL	REF30K-46189	Pstat Section
PSTATSERIALNO	LABEL	46189	Pstat Serial Number
CTRLMODE	IQUANT	1	Control Mode
ELECTROMETER	IQUANT	0	RE=0 or CS=1
IESTAB	IQUANT	2	I/E Stability
CASPEED	IQUANT	4	Control Amp Speed
CONVENTION	IQUANT	1	Current Convention
ICHRANGE	IQUANT	2	Ich Range
ICHRANGEMODE	TOGGLE	F	Ich Auto Range
ICHOFFSETENABLE	TOGGLE	F	Ich Offset Enable
ICHOFFSET	QUANT	0	Ich Offset (V)
ICHFILTER	IQUANT	2	Ich Filter
VCHRANGE	IQUANT	2	Vch Range
VCHRANGEMODE	TOGGLE	F	Vch Auto Range
VCHOFFSETENABLE	TOGGLE	F	Vch Offset Enable
VCHOFFSET	QUANT	0	Vch Offset (V)
VCHFILTER	IQUANT	2	Vch Filter
ACHRANGE	IQUANT	2	Ach Range
ACHOFFSETENABLE	TOGGLE	F	Ach Offset Enable
ACHOFFSET	QUANT	0	Ach Offset (V)
ACHFILTER	IQUANT	1	Ach Filter
IERANGELOWERLIMIT	IQUANT	13	I/E Range Lower Limit
IERANGEMODE	TOGGLE	F	I/E AutoRange
IERANGE	IQUANT	13	I/E Range
POSFEEDENABLE	TOGGLE	F	Positive Feedback IR Comp
POSFEEDRESISTANCE	QUANT	0	Positive Feedback Resistance (ohm)
ACHSELECT	IQUANT	4	Ach Select
SENSECABLEID	IQUANT	14	Sense Cable ID
PWRCABLEID	IQUANT	8	Power Cable ID
DCCALDATE	LABEL	10/1/2025	DC Calibration Date
ACCALDATE	LABEL	10/1/2025	AC Calibration Date
THERMOSELECT	IQUANT	1	Thermo Select
FRAMEWORKVERSION	LABEL	7.10.1	Framework Version
INSTRUMENTVERSION	LABEL	4.80	Instrument Version
COMMVERSION	LABEL	5.10	Communications Version
CPUPLDVERSION	LABEL	6.00	CPU PLD Version
CTRLPLDVERSION	LABEL	3.21	CTRL PLD Version
PSTATPLDVERSION	LABEL	0.00	PSTAT PLD Version
BOOSTERDCCALDATE	LABEL	10/1/2025	Booster DC Calibration Date
CURVE1	TABLE
	Pt	T	Vf	Im	Vu	Sig	Ach	IERange	Over	Temp
	#	s	V vs. Ref.	A	V	V	V	#	bits	deg C
	0	0,1	3,99196E-001	-1,77915E+000	0,00000E+000	4,00000E-001	4,99116E-005	13	...........	62,23
	1	0,2	4,01101E-001	-7,77948E-001	0,00000E+000	4,02000E-001	3,95116E-005	13	...........	62,23
	2	0,3	4,03419E-001	-4,99807E-001	0,00000E+000	4,04000E-001	4,11116E-005	13	...........	62,23
	3	0,4	4,05166E-001	-3,73086E-001	0,00000E+000	4,06000E-001	4,29116E-005	13	...........	62,23
	4	0,5	4,07107E-001	-2,97304E-001	0,00000E+000	4,08000E-001	4,59116E-005	13	...........	62,23
	5	0,6	4,09035E-001	-2,47196E-001	0,00000E+000	4,10000E-001	5,07116E-005	13	...........	62,23
	6	0,7	4,11252E-001	-2,09542E-001	0,00000E+000	4,12000E-001	3,53116E-005	13	...........	62,23
	7	0,8	4,13172E-001	-1,81435E-001	0,00000E+000	4,14000E-001	2,91116E-005	13	...........	62,23
	8	0,9	4,15071E-001	-1,57752E-001	0,00000E+000	4,16000E-001	4,81116E-005	13	...........	62,23
	9	1	4,16994E-001	-1,39528E-001	0,00000E+000	4,18000E-001	5,85116E-005	13	...........	62,23
	10	1,1	4,18986E-001	-1,24146E-001	0,00000E+000	4,20000E-001	4,57116E-005	13	...........	62,23
	11	1,2	4,21081E-001	-1,10953E-001	0,00000E+000	4,22000E-001	4,79116E-005	13	...........	62,24
	12	1,3	4,23137E-001	-1,00911E-001	0,00000E+000	4,24000E-001	4,65116E-005	13	...........	62,23
	13	1,4	4,25065E-001	-9,07814E-002	0,00000E+000	4,26000E-001	4,65116E-005	13	...........	62,24
	14	1,5	4,27449E-001	-8,20130E-002	0,00000E+000	4,28000E-001	4,05116E-005	13	...........	62,23
	15	1,6	4,29144E-001	-7,48028E-002	0,00000E+000	4,30000E-001	4,17116E-005	13	...........	62,22
	16	1,7	4,31059E-001	-6,85607E-002	0,00000E+000	4,32000E-001	3,71116E-005	13	...........	62,24
	17	1,8	4,32957E-001	-6,27975E-002	0,00000E+000	4,34000E-001	4,09116E-005	13	...........	62,22
	18	1,9	4,35104E-001	-5,81687E-002	0,00000E+000	4,36000E-001	4,69116E-005	13	...........	62,22
	19	2	4,37100E-001	-5,34317E-002	0,00000E+000	4,38000E-001	3,59116E-005	13	...........	62,22
	20	2,1	4,38970E-001	-4,97873E-002	0,00000E+000	4,40000E-001	3,83116E-005	13	...........	62,23
	21	2,2	4,40946E-001	-4,58029E-002	0,00000E+000	4,42000E-001	3,63116E-005	13	...........	62,24
	22	2,3	4,42961E-001	-4,28794E-002	0,00000E+000	4,44000E-001	4,91116E-005	13	...........	62,23
	23	2,4	4,45021E-001	-3,95863E-002	0,00000E+000	4,46000E-001	4,33116E-005	13	...........	62,22
	24	2,5	4,46928E-001	-3,73868E-002	0,00000E+000	4,48000E-001	4,71116E-005	13	...........	62,23
	25	2,6	4,48962E-001	-3,50413E-002	0,00000E+000	4,50000E-001	4,59116E-005	13	...........	62,22
	26	2,7	4,51298E-001	-3,25211E-002	0,00000E+000	4,52000E-001	4,11116E-005	13	...........	62,22
	27	2,8	4,53144E-001	-3,06096E-002	0,00000E+000	4,54000E-001	5,51116E-005	13	...........	62,22
	28	2,9	4,55031E-001	-2,93659E-002	0,00000E+000	4,56000E-001	5,17116E-005	13	...........	62,22
	29	3	4,56960E-001	-2,73410E-002	0,00000E+000	4,58000E-001	4,73116E-005	13	...........	62,24
	30	3,1	4,59138E-001	-2,57348E-002	0,00000E+000	4,60000E-001	4,27116E-005	13	...........	62,23
	31	3,2	4,61102E-001	-2,49138E-002	0,00000E+000	4,62000E-001	5,41116E-005	13	...........	62,22
	32	3,3	4,62944E-001	-2,35475E-002	0,00000E+000	4,64000E-001	4,81116E-005	13	...........	62,23
	33	3,4	4,64947E-001	-2,19484E-002	0,00000E+000	4,66000E-001	4,43116E-005	13	...........	62,22
	34	3,5	4,66965E-001	-2,09099E-002	0,00000E+000	4,68000E-001	4,89116E-005	13	...........	62,23
	35	3,6	4,69038E-001	-2,03095E-002	0,00000E+000	4,70000E-001	4,05116E-005	13	...........	62,23
	36	3,7	4,70917E-001	-1,90168E-002	0,00000E+000	4,72000E-001	3,79116E-005	13	...........	62,22
	37	3,8	4,72900E-001	-1,82407E-002	0,00000E+000	4,74000E-001	4,31116E-005	13	...........	62,23
	38	3,9	4,75032E-001	-1,77506E-002	0,00000E+000	4,76000E-001	4,89116E-005	13	...........	62,22
	39	4	4,77138E-001	-1,64578E-002	0,00000E+000	4,78000E-001	3,69116E-005	13	...........	62,22
	40	4,1	4,79001E-001	-1,58860E-002	0,00000E+000	4,80000E-001	3,91116E-005	13	...........	62,22
	41	4,2	4,80965E-001	-1,54214E-002	0,00000E+000	4,82000E-001	4,87116E-005	13	...........	62,22
	42	4,3	4,83043E-001	-1,43656E-002	0,00000E+000	4,84000E-001	4,63116E-005	13	...........	62,23
	43	4,4	4,85108E-001	-1,35415E-002	0,00000E+000	4,86000E-001	3,47116E-005	13	...........	62,21
	44	4,5	4,86927E-001	-1,36222E-002	0,00000E+000	4,88000E-001	4,41116E-005	13	...........	62,22
	45	4,6	4,88880E-001	-1,28798E-002	0,00000E+000	4,90000E-001	4,43116E-005	13	...........	62,23
	46	4,7	4,90880E-001	-1,26358E-002	0,00000E+000	4,92000E-001	3,93116E-005	13	...........	62,22
	47	4,8	4,92945E-001	-1,20354E-002	0,00000E+000	4,94000E-001	3,95116E-005	13	...........	62,21
	48	4,9	4,94830E-001	-1,12644E-002	0,00000E+000	4,96000E-001	3,95116E-005	13	...........	62,22
	49	5	4,96810E-001	-1,06599E-002	0,00000E+000	4,98000E-001	4,21116E-005	13	...........	62,22
	50	5,1	4,98800E-001	-1,04832E-002	0,00000E+000	5,00000E-001	4,43116E-005	13	...........	62,22
	51	5,2	5,01068E-001	-9,79194E-003	0,00000E+000	5,02000E-001	4,11116E-005	13	...........	62,22
	52	5,3	5,02896E-001	-1,01340E-002	0,00000E+000	5,04000E-001	4,53116E-005	13	...........	62,22
	53	5,4	5,04899E-001	-9,23747E-003	0,00000E+000	5,06000E-001	5,19116E-005	13	...........	62,21
	54	5,5	5,06910E-001	-9,50399E-003	0,00000E+000	5,08000E-001	5,07116E-005	13	...........	62,22
	55	5,6	5,09093E-001	-8,65849E-003	0,00000E+000	5,10000E-001	5,75116E-005	13	...........	62,22
	56	5,7	5,10861E-001	-9,58976E-003	0,00000E+000	5,12000E-001	4,61116E-005	13	...........	62,23
	57	5,8	5,12901E-001	-8,45223E-003	0,00000E+000	5,14000E-001	5,87116E-005	13	...........	62,21
	58	5,9	5,14902E-001	-9,14557E-003	0,00000E+000	5,16000E-001	5,13116E-005	13	...........	62,22
	59	6	5,17020E-001	-7,73131E-003	0,00000E+000	5,18000E-001	4,71116E-005	13	...........	62,21
	60	6,1	5,18826E-001	-9,02508E-003	0,00000E+000	5,20000E-001	4,25116E-005	13	...........	62,21
	61	6,2	5,20784E-001	-7,52913E-003	0,00000E+000	5,22000E-001	4,71116E-005	13	...........	62,21
	62	6,3	5,22800E-001	-8,90765E-003	0,00000E+000	5,24000E-001	4,49116E-005	13	...........	62,22
	63	6,4	5,24858E-001	-7,17072E-003	0,00000E+000	5,26000E-001	4,51116E-005	13	...........	62,22
	64	6,5	5,26895E-001	-9,15680E-003	0,00000E+000	5,28000E-001	4,41116E-005	13	...........	62,22
	65	6,6	5,28860E-001	-6,71632E-003	0,00000E+000	5,30000E-001	5,01116E-005	13	...........	62,21
	66	6,7	5,31091E-001	-9,18642E-003	0,00000E+000	5,32000E-001	4,59116E-005	13	...........	62,21
	67	6,8	5,33044E-001	-6,46920E-003	0,00000E+000	5,34000E-001	5,51116E-005	13	...........	62,21
	68	6,9	5,34835E-001	-8,85761E-003	0,00000E+000	5,36000E-001	4,03116E-005	13	...........	62,20
	69	7	5,36791E-001	-6,97670E-003	0,00000E+000	5,38000E-001	4,97116E-005	13	...........	62,22
	70	7,1	5,38788E-001	-8,98934E-003	0,00000E+000	5,40000E-001	4,53116E-005	13	...........	62,21
	71	7,2	5,41001E-001	-5,76871E-003	0,00000E+000	5,42000E-001	4,11116E-005	13	...........	62,21
	72	7,3	5,42777E-001	-8,52779E-003	0,00000E+000	5,44000E-001	4,55116E-005	13	...........	62,20
	73	7,4	5,44746E-001	-6,32625E-003	0,00000E+000	5,46000E-001	4,45116E-005	13	...........	62,21
	74	7,5	5,46741E-001	-8,32663E-003	0,00000E+000	5,48000E-001	4,77116E-005	13	...........	62,21
	75	7,6	5,48789E-001	-5,51752E-003	0,00000E+000	5,50000E-001	5,03116E-005	13	...........	62,20
	76	7,7	5,50850E-001	-8,09381E-003	0,00000E+000	5,52000E-001	3,81116E-005	13	...........	62,20
	77	7,8	5,52846E-001	-5,06720E-003	0,00000E+000	5,54000E-001	3,77116E-005	13	...........	62,21
	78	7,9	5,54819E-001	-7,92329E-003	0,00000E+000	5,56000E-001	5,43116E-005	13	...........	62,20
	79	8	5,57112E-001	-5,25407E-003	0,00000E+000	5,58000E-001	4,95116E-005	13	...........	62,21
	80	8,1	5,58845E-001	-7,82628E-003	0,00000E+000	5,60000E-001	4,57116E-005	13	...........	62,20
	81	8,2	5,60798E-001	-5,04576E-003	0,00000E+000	5,62000E-001	4,07116E-005	13	...........	62,20
	82	8,3	5,62742E-001	-8,00600E-003	0,00000E+000	5,64000E-001	5,17116E-005	13	...........	62,22
	83	8,4	5,65018E-001	-5,02534E-003	0,00000E+000	5,66000E-001	4,47116E-005	13	...........	62,20
	84	8,5	5,66762E-001	-7,67311E-003	0,00000E+000	5,68000E-001	4,51116E-005	13	...........	62,20
	85	8,6	5,68744E-001	-4,80375E-003	0,00000E+000	5,70000E-001	4,63116E-005	13	...........	62,21
	86	8,7	5,70721E-001	-7,06146E-003	0,00000E+000	5,72000E-001	5,29116E-005	13	...........	62,21
	87	8,8	5,72765E-001	-4,71593E-003	0,00000E+000	5,74000E-001	4,25116E-005	13	...........	62,20
	88	8,9	5,74743E-001	-7,10230E-003	0,00000E+000	5,76000E-001	4,11116E-005	13	...........	62,20
	89	9	5,76819E-001	-4,41777E-003	0,00000E+000	5,78000E-001	5,01116E-005	13	...........	62,20
	90	9,1	5,78904E-001	-6,31808E-003	0,00000E+000	5,80000E-001	4,55116E-005	13	...........	62,21
	91	9,2	5,81057E-001	-4,35854E-003	0,00000E+000	5,82000E-001	5,15116E-005	13	...........	62,20
	92	9,3	5,82848E-001	-6,37730E-003	0,00000E+000	5,84000E-001	4,77116E-005	13	...........	62,21
	93	9,4	5,84833E-001	-4,21354E-003	0,00000E+000	5,86000E-001	4,97116E-005	13	...........	62,20
	94	9,5	5,86716E-001	-6,17614E-003	0,00000E+000	5,88000E-001	5,13116E-005	13	...........	62,20
	95	9,6	5,89002E-001	-4,58523E-003	0,00000E+000	5,90000E-001	4,61116E-005	13	...........	62,20
	96	9,7	5,90751E-001	-5,54202E-003	0,00000E+000	5,92000E-001	3,59116E-005	13	...........	62,19
	97	9,8	5,92704E-001	-4,13185E-003	0,00000E+000	5,94000E-001	4,43116E-005	13	...........	62,20
	98	9,9	5,94652E-001	-5,84734E-003	0,00000E+000	5,96000E-001	5,67116E-005	13	...........	62,21
	99	10	5,96731E-001	-4,07671E-003	0,00000E+000	5,98000E-001	3,43116E-005	13	...........	62,20
	100	10,1	5,98717E-001	-5,27755E-003	0,00000E+000	6,00000E-001	3,67116E-005	13	...........	62,21
	101	10,2	6,00645E-001	-4,17780E-003	0,00000E+000	6,02000E-001	5,19116E-005	13	...........	62,19
	102	10,3	6,02687E-001	-5,32759E-003	0,00000E+000	6,04000E-001	3,83116E-005	13	...........	62,20
	103	10,4	6,05093E-001	-3,77242E-003	0,00000E+000	6,06000E-001	4,47116E-005	13	...........	62,20
	104	10,5	6,06807E-001	-5,05495E-003	0,00000E+000	6,08000E-001	3,31116E-005	13	...........	62,19
	105	10,6	6,08795E-001	-4,06548E-003	0,00000E+000	6,10000E-001	5,01116E-005	13	...........	62,20
	106	10,7	6,10729E-001	-4,73023E-003	0,00000E+000	6,12000E-001	5,67116E-005	13	...........	62,19
	107	10,8	6,12890E-001	-4,01953E-003	0,00000E+000	6,14000E-001	4,05116E-005	13	...........	62,19
	108	10,9	6,14761E-001	-4,66794E-003	0,00000E+000	6,16000E-001	3,41116E-005	13	...........	62,20
	109	11	6,16669E-001	-4,05118E-003	0,00000E+000	6,18000E-001	3,49116E-005	13	...........	62,19
	110	11,1	6,18612E-001	-4,56174E-003	0,00000E+000	6,20000E-001	4,27116E-005	13	...........	62,20
	111	11,2	6,20685E-001	-4,13083E-003	0,00000E+000	6,22000E-001	3,95116E-005	13	...........	62,19
	112	11,3	6,22705E-001	-4,39122E-003	0,00000E+000	6,24000E-001	3,75116E-005	13	...........	62,20
	113	11,4	6,24605E-001	-3,79590E-003	0,00000E+000	6,26000E-001	3,79116E-005	13	...........	62,19
	114	11,5	6,26576E-001	-4,13287E-003	0,00000E+000	6,28000E-001	4,91116E-005	13	...........	62,20
	115	11,6	6,28867E-001	-3,48037E-003	0,00000E+000	6,30000E-001	5,29116E-005	13	...........	62,19
	116	11,7	6,30772E-001	-3,92967E-003	0,00000E+000	6,32000E-001	3,11116E-005	13	...........	62,19
	117	11,8	6,32731E-001	-3,81428E-003	0,00000E+000	6,34000E-001	4,95116E-005	13	...........	62,19
	118	11,9	6,34610E-001	-4,04914E-003	0,00000E+000	6,36000E-001	4,77116E-005	13	...........	62,20
	119	12	6,36908E-001	-3,50488E-003	0,00000E+000	6,38000E-001	4,15116E-005	13	...........	62,19
	120	12,1	6,38736E-001	-3,92558E-003	0,00000E+000	6,40000E-001	4,15116E-005	13	...........	62,20
	121	12,2	6,40629E-001	-3,34354E-003	0,00000E+000	6,42000E-001	4,67116E-005	13	...........	62,19
	122	12,3	6,42576E-001	-3,44055E-003	0,00000E+000	6,44000E-001	4,31116E-005	13	...........	62,19
	123	12,4	6,44639E-001	-3,40481E-003	0,00000E+000	6,46000E-001	6,19116E-005	13	...........	62,20
	124	12,5	6,46665E-001	-3,77650E-003	0,00000E+000	6,48000E-001	3,99116E-005	13	...........	62,20
	125	12,6	6,48525E-001	-3,03721E-003	0,00000E+000	6,50000E-001	3,79116E-005	13	...........	62,19
	126	12,7	6,50519E-001	-3,35478E-003	0,00000E+000	6,52000E-001	4,17116E-005	13	...........	62,19
	127	12,8	6,52505E-001	-3,13421E-003	0,00000E+000	6,54000E-001	4,37116E-005	13	...........	62,20
	128	12,9	6,54748E-001	-2,76355E-003	0,00000E+000	6,56000E-001	4,29116E-005	13	...........	62,20
	129	13	6,56645E-001	-2,88200E-003	0,00000E+000	6,58000E-001	4,15116E-005	13	...........	62,19
	130	13,1	6,58630E-001	-3,09030E-003	0,00000E+000	6,60000E-001	4,15116E-005	13	...........	62,19
	131	13,2	6,60674E-001	-2,84524E-003	0,00000E+000	6,62000E-001	6,07116E-005	13	...........	62,20
	132	13,3	6,62723E-001	-2,77171E-003	0,00000E+000	6,64000E-001	3,71116E-005	13	...........	62,19
	133	13,4	6,64596E-001	-2,83094E-003	0,00000E+000	6,66000E-001	4,47116E-005	13	...........	62,20
	134	13,5	6,66585E-001	-2,87281E-003	0,00000E+000	6,68000E-001	4,93116E-005	13	...........	62,19
	135	13,6	6,68617E-001	-2,75946E-003	0,00000E+000	6,70000E-001	4,01116E-005	13	...........	62,19
	136	13,7	6,70676E-001	-2,78193E-003	0,00000E+000	6,72000E-001	4,27116E-005	13	...........	62,20
	137	13,8	6,72545E-001	-2,51643E-003	0,00000E+000	6,74000E-001	4,17116E-005	13	...........	62,18
	138	13,9	6,74515E-001	-2,47763E-003	0,00000E+000	6,76000E-001	4,61116E-005	13	...........	62,19
	139	14	6,76483E-001	-2,66245E-003	0,00000E+000	6,78000E-001	4,41116E-005	13	...........	62,19
	140	14,1	6,78590E-001	-2,40513E-003	0,00000E+000	6,80000E-001	4,19116E-005	13	...........	62,19
	141	14,2	6,80643E-001	-2,50316E-003	0,00000E+000	6,82000E-001	4,15116E-005	13	...........	62,20
	142	14,3	6,82565E-001	-2,44189E-003	0,00000E+000	6,84000E-001	5,25116E-005	13	...........	62,20
	143	14,4	6,84898E-001	-2,38164E-003	0,00000E+000	6,86000E-001	4,57116E-005	13	...........	62,19
	144	14,5	6,86693E-001	-2,13351E-003	0,00000E+000	6,88000E-001	4,63116E-005	13	...........	62,20
	145	14,6	6,88577E-001	-2,37960E-003	0,00000E+000	6,90000E-001	4,13116E-005	13	...........	62,19
	146	14,7	6,90545E-001	-2,20193E-003	0,00000E+000	6,92000E-001	5,79116E-005	13	...........	62,20
	147	14,8	6,92550E-001	-2,13964E-003	0,00000E+000	6,94000E-001	4,59116E-005	13	...........	62,19
	148	14,9	6,94646E-001	-1,95890E-003	0,00000E+000	6,96000E-001	5,19116E-005	13	...........	62,21
	149	15	6,96482E-001	-1,70872E-003	0,00000E+000	6,98000E-001	4,13116E-005	13	...........	62,19
	150	15,1	6,98451E-001	-1,82922E-003	0,00000E+000	7,00000E-001	4,63116E-005	13	...........	62,20
	151	15,2	7,00422E-001	-2,00485E-003	0,00000E+000	7,02000E-001	4,99116E-005	13	...........	62,20
	152	15,3	7,02488E-001	-1,85883E-003	0,00000E+000	7,04000E-001	4,93116E-005	13	...........	62,20
	153	15,4	7,04612E-001	-1,82717E-003	0,00000E+000	7,06000E-001	4,83116E-005	13	...........	62,18
	154	15,5	7,06567E-001	-2,05080E-003	0,00000E+000	7,08000E-001	5,75116E-005	13	...........	62,18
	155	15,6	7,08594E-001	-1,97830E-003	0,00000E+000	7,10000E-001	5,25116E-005	13	...........	62,18
	156	15,7	7,10730E-001	-1,62703E-003	0,00000E+000	7,12000E-001	4,25116E-005	13	...........	62,18
	157	15,8	7,12554E-001	-1,50041E-003	0,00000E+000	7,14000E-001	4,41116E-005	13	...........	62,19
	158	15,9	7,14482E-001	-1,63214E-003	0,00000E+000	7,16000E-001	3,55116E-005	13	...........	62,20
	159	16	7,16417E-001	-1,07767E-003	0,00000E+000	7,18000E-001	4,77116E-005	13	...........	62,20
	160	16,1	7,18648E-001	-1,18182E-003	0,00000E+000	7,20000E-001	4,15116E-005	13	...........	62,20
	161	16,2	7,20500E-001	-1,30844E-003	0,00000E+000	7,22000E-001	3,99116E-005	13	...........	62,19
	162	16,3	7,22458E-001	-1,08175E-003	0,00000E+000	7,24000E-001	4,55116E-005	13	...........	62,20
	163	16,4	7,24382E-001	-9,36754E-004	0,00000E+000	7,26000E-001	5,67116E-005	13	...........	62,19
	164	16,5	7,26467E-001	-1,11647E-003	0,00000E+000	7,28000E-001	4,35116E-005	13	...........	62,19
	165	16,6	7,28413E-001	-9,07142E-004	0,00000E+000	7,30000E-001	4,27116E-005	13	...........	62,18
	166	16,7	7,30490E-001	-7,32529E-004	0,00000E+000	7,32000E-001	5,41116E-005	13	...........	62,19
	167	16,8	7,32704E-001	-9,59219E-004	0,00000E+000	7,34000E-001	5,29116E-005	13	...........	62,19
	168	16,9	7,34720E-001	-8,70381E-004	0,00000E+000	7,36000E-001	3,95116E-005	13	...........	62,20
	169	17	7,36528E-001	-9,08163E-004	0,00000E+000	7,38000E-001	5,17116E-005	13	...........	62,20
	170	17,1	7,38502E-001	-7,01896E-004	0,00000E+000	7,40000E-001	5,15116E-005	13	...........	62,19
	171	17,2	7,40385E-001	-7,89712E-004	0,00000E+000	7,42000E-001	4,61116E-005	13	...........	62,18
	172	17,3	7,42642E-001	-2,98552E-004	0,00000E+000	7,44000E-001	4,39116E-005	13	...........	62,20
	173	17,4	7,44439E-001	-6,99853E-004	0,00000E+000	7,46000E-001	3,97116E-005	13	...........	62,19
	174	17,5	7,46366E-001	-3,79220E-004	0,00000E+000	7,48000E-001	3,69116E-005	13	...........	62,19
	175	17,6	7,48307E-001	-6,66156E-004	0,00000E+000	7,50000E-001	6,13116E-005	13	...........	62,20
	176	17,7	7,50416E-001	-1,77038E-004	0,00000E+000	7,52000E-001	4,25116E-005	13	...........	62,19
	177	17,8	7,52380E-001	-4,73164E-004	0,00000E+000	7,54000E-001	3,97116E-005	13	...........	62,19
	178	17,9	7,54313E-001	1,23173E-004	0,00000E+000	7,56000E-001	4,65116E-005	13	...........	62,19
	179	18	7,56308E-001	-1,80101E-004	0,00000E+000	7,58000E-001	4,85116E-005	13	...........	62,18
	180	18,1	7,58712E-001	2,24264E-004	0,00000E+000	7,60000E-001	4,53116E-005	13	...........	62,19
	181	18,2	7,60487E-001	1,95673E-004	0,00000E+000	7,62000E-001	4,97116E-005	13	...........	62,20
	182	18,3	7,62439E-001	4,93841E-004	0,00000E+000	7,64000E-001	5,57116E-005	13	...........	62,19
	183	18,4	7,64389E-001	4,25039E-005	0,00000E+000	7,66000E-001	4,17116E-005	13	...........	62,19
	184	18,5	7,66579E-001	5,95953E-004	0,00000E+000	7,68000E-001	3,81116E-005	13	...........	62,19
	185	18,6	7,68432E-001	6,23524E-004	0,00000E+000	7,70000E-001	5,13116E-005	13	...........	62,19
	186	18,7	7,70369E-001	6,84791E-004	0,00000E+000	7,72000E-001	3,89116E-005	13	...........	62,20
	187	18,8	7,72278E-001	4,82608E-004	0,00000E+000	7,74000E-001	5,13116E-005	13	...........	62,18
	188	18,9	7,74368E-001	7,29720E-004	0,00000E+000	7,76000E-001	5,07116E-005	13	...........	62,19
	189	19	7,76368E-001	5,33665E-004	0,00000E+000	7,78000E-001	4,97116E-005	13	...........	62,19
	190	19,1	7,78271E-001	9,47220E-004	0,00000E+000	7,80000E-001	4,33116E-005	13	...........	62,18
	191	19,2	7,80247E-001	8,34896E-004	0,00000E+000	7,82000E-001	4,77116E-005	13	...........	62,19
	192	19,3	7,82552E-001	9,94192E-004	0,00000E+000	7,84000E-001	4,99116E-005	13	...........	62,18
	193	19,4	7,84454E-001	1,06056E-003	0,00000E+000	7,86000E-001	4,57116E-005	13	...........	62,19
	194	19,5	7,86391E-001	1,29236E-003	0,00000E+000	7,88000E-001	5,63116E-005	13	...........	62,18
	195	19,6	7,88240E-001	1,14123E-003	0,00000E+000	7,90000E-001	5,41116E-005	13	...........	62,19
	196	19,7	7,90581E-001	1,41285E-003	0,00000E+000	7,92000E-001	4,09116E-005	13	...........	62,19
	197	19,8	7,92392E-001	1,31585E-003	0,00000E+000	7,94000E-001	4,25116E-005	13	...........	62,19
	198	19,9	7,94283E-001	1,66609E-003	0,00000E+000	7,96000E-001	4,33116E-005	13	...........	62,19
	199	20	7,96228E-001	1,21067E-003	0,00000E+000	7,98000E-001	4,41116E-005	13	...........	62,19
	200	20,1	7,98324E-001	2,06229E-003	0,00000E+000	8,00000E-001	5,25116E-005	13	...........	62,20
	201	20,2	8,00326E-001	1,59972E-003	0,00000E+000	8,02000E-001	4,57116E-005	13	...........	62,19
	202	20,3	8,02224E-001	2,09088E-003	0,00000E+000	8,04000E-001	4,51116E-005	13	...........	62,19
	203	20,4	8,04191E-001	1,81824E-003	0,00000E+000	8,06000E-001	4,77116E-005	13	...........	62,19
	204	20,5	8,06204E-001	2,25324E-003	0,00000E+000	8,08000E-001	6,19116E-005	13	...........	62,19
	205	20,6	8,08428E-001	1,93669E-003	0,00000E+000	8,10000E-001	4,57116E-005	13	...........	62,18
	206	20,7	8,10298E-001	2,33493E-003	0,00000E+000	8,12000E-001	5,07116E-005	13	...........	62,19
	207	20,8	8,12250E-001	2,07046E-003	0,00000E+000	8,14000E-001	6,29116E-005	13	...........	62,20
	208	20,9	8,14320E-001	2,40028E-003	0,00000E+000	8,16000E-001	5,45116E-005	13	...........	62,19
	209	21	8,16362E-001	2,34208E-003	0,00000E+000	8,18000E-001	4,27116E-005	13	...........	62,20
	210	21,1	8,18237E-001	2,81486E-003	0,00000E+000	8,20000E-001	4,77116E-005	13	...........	62,19
	211	21,2	8,20176E-001	2,26243E-003	0,00000E+000	8,22000E-001	5,23116E-005	13	...........	62,19
	212	21,3	8,22217E-001	2,83426E-003	0,00000E+000	8,24000E-001	5,39116E-005	13	...........	62,18
	213	21,4	8,24284E-001	2,78218E-003	0,00000E+000	8,26000E-001	4,41116E-005	13	...........	62,19
	214	21,5	8,26139E-001	2,88531E-003	0,00000E+000	8,28000E-001	4,81116E-005	13	...........	62,20
	215	21,6	8,28129E-001	2,76788E-003	0,00000E+000	8,30000E-001	4,63116E-005	13	...........	62,18
	216	21,7	8,30118E-001	3,39281E-003	0,00000E+000	8,32000E-001	5,19116E-005	13	...........	62,20
	217	21,8	8,32235E-001	3,15591E-003	0,00000E+000	8,34000E-001	4,29116E-005	13	...........	62,19
	218	21,9	8,34252E-001	3,23454E-003	0,00000E+000	8,36000E-001	5,35116E-005	13	...........	62,20
	219	22	8,36162E-001	3,26619E-003	0,00000E+000	8,38000E-001	4,49116E-005	13	...........	62,20
	220	22,1	8,38483E-001	3,68996E-003	0,00000E+000	8,40000E-001	4,93116E-005	13	...........	62,21
	221	22,2	8,40301E-001	3,53883E-003	0,00000E+000	8,42000E-001	5,29116E-005	13	...........	62,20
	222	22,3	8,42137E-001	4,14844E-003	0,00000E+000	8,44000E-001	3,59116E-005	13	...........	62,20
	223	22,4	8,44102E-001	3,56742E-003	0,00000E+000	8,46000E-001	5,29116E-005	13	...........	62,19
	224	22,5	8,46102E-001	3,84517E-003	0,00000E+000	8,48000E-001	4,39116E-005	13	...........	62,19
	225	22,6	8,48220E-001	3,82475E-003	0,00000E+000	8,50000E-001	3,83116E-005	13	...........	62,20
	226	22,7	8,50083E-001	4,25873E-003	0,00000E+000	8,52000E-001	5,85116E-005	13	...........	62,20
	227	22,8	8,52057E-001	3,83598E-003	0,00000E+000	8,54000E-001	4,43116E-005	13	...........	62,20
	228	22,9	8,54056E-001	4,23626E-003	0,00000E+000	8,56000E-001	4,55116E-005	13	...........	62,19
	229	23	8,56080E-001	4,25873E-003	0,00000E+000	8,58000E-001	4,43116E-005	13	...........	62,20
	230	23,1	8,58163E-001	4,71210E-003	0,00000E+000	8,60000E-001	3,73116E-005	13	...........	62,20
	231	23,2	8,60107E-001	4,40985E-003	0,00000E+000	8,62000E-001	3,91116E-005	13	...........	62,20
	232	23,3	8,62131E-001	5,12055E-003	0,00000E+000	8,64000E-001	4,03116E-005	13	...........	62,19
	233	23,4	8,64318E-001	4,63246E-003	0,00000E+000	8,66000E-001	4,23116E-005	13	...........	62,20
	234	23,5	8,66131E-001	5,07154E-003	0,00000E+000	8,68000E-001	4,83116E-005	13	...........	62,21
	235	23,6	8,68072E-001	5,38809E-003	0,00000E+000	8,70000E-001	3,79116E-005	13	...........	62,20
	236	23,7	8,70079E-001	5,27372E-003	0,00000E+000	8,72000E-001	5,31116E-005	13	...........	62,20
	237	23,8	8,72213E-001	5,11238E-003	0,00000E+000	8,74000E-001	4,47116E-005	13	...........	62,19
	238	23,9	8,74045E-001	5,84453E-003	0,00000E+000	8,76000E-001	3,23116E-005	13	...........	62,19
	239	24	8,76025E-001	5,79960E-003	0,00000E+000	8,78000E-001	4,21116E-005	13	...........	62,19
	240	24,1	8,78024E-001	6,03446E-003	0,00000E+000	8,80000E-001	5,05116E-005	13	...........	62,20
	241	24,2	8,80078E-001	5,98136E-003	0,00000E+000	8,82000E-001	4,59116E-005	13	...........	62,20
	242	24,3	8,82015E-001	6,38675E-003	0,00000E+000	8,84000E-001	3,53116E-005	13	...........	62,20
	243	24,4	8,84068E-001	6,19682E-003	0,00000E+000	8,86000E-001	3,87116E-005	13	...........	62,20
	244	24,5	8,86369E-001	6,32548E-003	0,00000E+000	8,88000E-001	4,69116E-005	13	...........	62,20
	245	24,6	8,88314E-001	6,60935E-003	0,00000E+000	8,90000E-001	4,95116E-005	13	...........	62,19
	246	24,7	8,90155E-001	6,38573E-003	0,00000E+000	8,92000E-001	4,33116E-005	13	...........	62,21
	247	24,8	8,92070E-001	6,38777E-003	0,00000E+000	8,94000E-001	5,15116E-005	13	...........	62,21
	248	24,9	8,94058E-001	7,16689E-003	0,00000E+000	8,96000E-001	4,67116E-005	13	...........	62,19
	249	25	8,96257E-001	7,00555E-003	0,00000E+000	8,98000E-001	3,75116E-005	13	...........	62,20
	250	25,1	8,98011E-001	7,23632E-003	0,00000E+000	9,00000E-001	4,87116E-005	13	...........	62,21
	251	25,2	8,99939E-001	6,74312E-003	0,00000E+000	9,02000E-001	4,49116E-005	13	...........	62,20
	252	25,3	9,01964E-001	7,65294E-003	0,00000E+000	9,04000E-001	5,19116E-005	13	...........	62,20
	253	25,4	9,04079E-001	7,53347E-003	0,00000E+000	9,06000E-001	3,39116E-005	13	...........	62,19
	254	25,5	9,05972E-001	7,77139E-003	0,00000E+000	9,08000E-001	3,69116E-005	13	...........	62,19
	255	25,6	9,07921E-001	7,84287E-003	0,00000E+000	9,10000E-001	4,97116E-005	13	...........	62,20
	256	25,7	9,10038E-001	7,98481E-003	0,00000E+000	9,12000E-001	4,89116E-005	13	...........	62,21
	257	25,8	9,12300E-001	7,88269E-003	0,00000E+000	9,14000E-001	4,25116E-005	13	...........	62,20
	258	25,9	9,14086E-001	8,36773E-003	0,00000E+000	9,16000E-001	4,85116E-005	13	...........	62,21
	259	26	9,16065E-001	8,07262E-003	0,00000E+000	9,18000E-001	4,61116E-005	13	...........	62,21
	260	26,1	9,18061E-001	8,08488E-003	0,00000E+000	9,20000E-001	4,25116E-005	13	...........	62,20
	261	26,2	9,20262E-001	8,87727E-003	0,00000E+000	9,22000E-001	4,01116E-005	13	...........	62,20
	262	26,3	9,22052E-001	8,80477E-003	0,00000E+000	9,24000E-001	4,25116E-005	13	...........	62,20
	263	26,4	9,23988E-001	8,61178E-003	0,00000E+000	9,26000E-001	4,59116E-005	13	...........	62,21
	264	26,5	9,25982E-001	9,29695E-003	0,00000E+000	9,28000E-001	4,59116E-005	13	...........	62,21
	265	26,6	9,28072E-001	9,21424E-003	0,00000E+000	9,30000E-001	4,31116E-005	13	...........	62,21
	266	26,7	9,29973E-001	8,99674E-003	0,00000E+000	9,32000E-001	3,03116E-005	13	...........	62,22
	267	26,8	9,31904E-001	9,54100E-003	0,00000E+000	9,34000E-001	4,23116E-005	13	...........	62,21
	268	26,9	9,33925E-001	9,72582E-003	0,00000E+000	9,36000E-001	4,21116E-005	13	...........	62,21
	269	27	9,36199E-001	9,48994E-003	0,00000E+000	9,38000E-001	5,15116E-005	13	...........	62,20
	270	27,1	9,38050E-001	9,79220E-003	0,00000E+000	9,40000E-001	3,85116E-005	13	...........	62,20
	271	27,2	9,40064E-001	1,02854E-002	0,00000E+000	9,42000E-001	5,21116E-005	13	...........	62,21
	272	27,3	9,42001E-001	1,03130E-002	0,00000E+000	9,44000E-001	5,03116E-005	13	...........	62,21
	273	27,4	9,44284E-001	1,03732E-002	0,00000E+000	9,46000E-001	4,15116E-005	13	...........	62,21
	274	27,5	9,46004E-001	1,07041E-002	0,00000E+000	9,48000E-001	3,81116E-005	13	...........	62,21
	275	27,6	9,47947E-001	1,06969E-002	0,00000E+000	9,50000E-001	4,09116E-005	13	...........	62,22
	276	27,7	9,49916E-001	1,10165E-002	0,00000E+000	9,52000E-001	4,45116E-005	13	...........	62,22
	277	27,8	9,52093E-001	1,12544E-002	0,00000E+000	9,54000E-001	4,13116E-005	13	...........	62,21
	278	27,9	9,53947E-001	1,11942E-002	0,00000E+000	9,56000E-001	3,53116E-005	13	...........	62,20
	279	28	9,55883E-001	1,15046E-002	0,00000E+000	9,58000E-001	4,23116E-005	13	...........	62,20
	280	28,1	9,57851E-001	1,18069E-002	0,00000E+000	9,60000E-001	4,61116E-005	13	...........	62,21
	281	28,2	9,59866E-001	1,18732E-002	0,00000E+000	9,62000E-001	3,89116E-005	13	...........	62,21
	282	28,3	9,62063E-001	1,19069E-002	0,00000E+000	9,64000E-001	4,13116E-005	13	...........	62,21
	283	28,4	9,63983E-001	1,20877E-002	0,00000E+000	9,66000E-001	3,95116E-005	13	...........	62,22
	284	28,5	9,66074E-001	1,21541E-002	0,00000E+000	9,68000E-001	4,51116E-005	13	...........	62,22
	285	28,6	9,68018E-001	1,21163E-002	0,00000E+000	9,70000E-001	4,97116E-005	13	...........	62,20
	286	28,7	9,69980E-001	1,27157E-002	0,00000E+000	9,72000E-001	3,93116E-005	13	...........	62,20
	287	28,8	9,71935E-001	1,28923E-002	0,00000E+000	9,74000E-001	4,55116E-005	13	...........	62,21
	288	28,9	9,73907E-001	1,25012E-002	0,00000E+000	9,76000E-001	5,43116E-005	13	...........	62,22
	289	29	9,76042E-001	1,33733E-002	0,00000E+000	9,78000E-001	4,19116E-005	13	...........	62,21
	290	29,1	9,77939E-001	1,32211E-002	0,00000E+000	9,80000E-001	4,21116E-005	13	...........	62,21
	291	29,2	9,79857E-001	1,34386E-002	0,00000E+000	9,82000E-001	3,53116E-005	13	...........	62,21
	292	29,3	9,81832E-001	1,38501E-002	0,00000E+000	9,84000E-001	4,49116E-005	13	...........	62,21
	293	29,4	9,83841E-001	1,36786E-002	0,00000E+000	9,86000E-001	4,67116E-005	13	...........	62,21
	294	29,5	9,86030E-001	1,39022E-002	0,00000E+000	9,88000E-001	4,25116E-005	13	...........	62,21
	295	29,6	9,87983E-001	1,38828E-002	0,00000E+000	9,90000E-001	4,39116E-005	13	...........	62,21
	296	29,7	9,89847E-001	1,45180E-002	0,00000E+000	9,92000E-001	3,81116E-005	13	...........	62,21
	297	29,8	9,92241E-001	1,44812E-002	0,00000E+000	9,94000E-001	3,85116E-005	13	...........	62,21
	298	29,9	9,93994E-001	1,49928E-002	0,00000E+000	9,96000E-001	3,43116E-005	13	...........	62,21
	299	30	9,95879E-001	1,49254E-002	0,00000E+000	9,98000E-001	4,43116E-005	13	...........	62,22
	300	30,1	9,97827E-001	1,55462E-002	0,00000E+000	1,00000E+000	4,59116E-005	13	...........	62,22
	301	30,2	9,99954E-001	1,51000E-002	0,00000E+000	1,00200E+000	4,31116E-005	13	...........	62,22
	302	30,3	1,00191E+000	1,58577E-002	0,00000E+000	1,00400E+000	3,65116E-005	13	...........	62,21
	303	30,4	1,00381E+000	1,57545E-002	0,00000E+000	1,00600E+000	5,11116E-005	13	...........	62,20
	304	30,5	1,00577E+000	1,59853E-002	0,00000E+000	1,00800E+000	4,29116E-005	13	...........	62,22
	305	30,6	1,00777E+000	1,61334E-002	0,00000E+000	1,01000E+000	4,99116E-005	13	...........	62,21
	306	30,7	1,00985E+000	1,67624E-002	0,00000E+000	1,01200E+000	3,93116E-005	13	...........	62,22
	307	30,8	1,01183E+000	1,66194E-002	0,00000E+000	1,01400E+000	4,17116E-005	13	...........	62,21
	308	30,9	1,01384E+000	1,74598E-002	0,00000E+000	1,01600E+000	4,71116E-005	13	...........	62,22
	309	31	1,01596E+000	1,74200E-002	0,00000E+000	1,01800E+000	4,93116E-005	13	...........	62,22
	310	31,1	1,01796E+000	1,77651E-002	0,00000E+000	1,02000E+000	4,01116E-005	13	...........	62,22
	311	31,2	1,01984E+000	1,79377E-002	0,00000E+000	1,02200E+000	4,77116E-005	13	...........	62,23
	312	31,3	1,02177E+000	1,80368E-002	0,00000E+000	1,02400E+000	5,27116E-005	13	...........	62,22
	313	31,4	1,02389E+000	1,82022E-002	0,00000E+000	1,02600E+000	4,21116E-005	13	...........	62,22
	314	31,5	1,02591E+000	1,88128E-002	0,00000E+000	1,02800E+000	3,81116E-005	13	...........	62,22
	315	31,6	1,02775E+000	1,85126E-002	0,00000E+000	1,03000E+000	4,97116E-005	13	...........	62,23
	316	31,7	1,02973E+000	1,88230E-002	0,00000E+000	1,03200E+000	4,87116E-005	13	...........	62,21
	317	31,8	1,03171E+000	1,92499E-002	0,00000E+000	1,03400E+000	3,87116E-005	13	...........	62,22
	318	31,9	1,03381E+000	1,96624E-002	0,00000E+000	1,03600E+000	4,65116E-005	13	...........	62,22
	319	32	1,03569E+000	1,95786E-002	0,00000E+000	1,03800E+000	4,71116E-005	13	...........	62,23
	320	32,1	1,03773E+000	1,98942E-002	0,00000E+000	1,04000E+000	4,65116E-005	13	...........	62,23
	321	32,2	1,04013E+000	2,01934E-002	0,00000E+000	1,04200E+000	4,15116E-005	13	...........	62,22
	322	32,3	1,04193E+000	2,01484E-002	0,00000E+000	1,04400E+000	3,37116E-005	13	...........	62,22
	323	32,4	1,04379E+000	2,02843E-002	0,00000E+000	1,04600E+000	5,37116E-005	13	...........	62,22
	324	32,5	1,04574E+000	2,07060E-002	0,00000E+000	1,04800E+000	4,59116E-005	13	...........	62,22
	325	32,6	1,04771E+000	2,02791E-002	0,00000E+000	1,05000E+000	4,81116E-005	13	...........	62,21
	326	32,7	1,04988E+000	2,08939E-002	0,00000E+000	1,05200E+000	4,55116E-005	13	...........	62,23
	327	32,8	1,05168E+000	2,09704E-002	0,00000E+000	1,05400E+000	3,53116E-005	13	...........	62,22
	328	32,9	1,05365E+000	2,13779E-002	0,00000E+000	1,05600E+000	3,67116E-005	13	...........	62,22
	329	33	1,05567E+000	2,12553E-002	0,00000E+000	1,05800E+000	4,69116E-005	13	...........	62,22
	330	33,1	1,05774E+000	2,19283E-002	0,00000E+000	1,06000E+000	5,57116E-005	13	...........	62,23
	331	33,2	1,05962E+000	2,17894E-002	0,00000E+000	1,06200E+000	4,03116E-005	13	...........	62,22
	332	33,3	1,06160E+000	2,15208E-002	0,00000E+000	1,06400E+000	5,47116E-005	13	...........	62,23
	333	33,4	1,06366E+000	2,16954E-002	0,00000E+000	1,06600E+000	5,23116E-005	13	...........	62,23
	334	33,5	1,06591E+000	2,22765E-002	0,00000E+000	1,06800E+000	4,23116E-005	13	...........	62,23
	335	33,6	1,06774E+000	2,16607E-002	0,00000E+000	1,07000E+000	4,99116E-005	13	...........	62,22
	336	33,7	1,06971E+000	2,21968E-002	0,00000E+000	1,07200E+000	4,65116E-005	13	...........	62,22
	337	33,8	1,07176E+000	2,22509E-002	0,00000E+000	1,07400E+000	4,05116E-005	13	...........	62,23
	338	33,9	1,07388E+000	2,23030E-002	0,00000E+000	1,07600E+000	4,23116E-005	13	...........	62,22
	339	34	1,07568E+000	2,21008E-002	0,00000E+000	1,07800E+000	4,51116E-005	13	...........	62,22
	340	34,1	1,07763E+000	2,27789E-002	0,00000E+000	1,08000E+000	4,15116E-005	13	...........	62,22
	341	34,2	1,07963E+000	2,26543E-002	0,00000E+000	1,08200E+000	6,13116E-005	13	...........	62,23
	342	34,3	1,08172E+000	2,29667E-002	0,00000E+000	1,08400E+000	4,75116E-005	13	...........	62,23
	343	34,4	1,08360E+000	2,26767E-002	0,00000E+000	1,08600E+000	4,43116E-005	13	...........	62,22
	344	34,5	1,08556E+000	2,28585E-002	0,00000E+000	1,08800E+000	4,85116E-005	13	...........	62,23
	345	34,6	1,08757E+000	2,27513E-002	0,00000E+000	1,09000E+000	5,39116E-005	13	...........	62,22
	346	34,7	1,08985E+000	2,29902E-002	0,00000E+000	1,09200E+000	4,39116E-005	13	...........	62,23
	347	34,8	1,09167E+000	2,22091E-002	0,00000E+000	1,09400E+000	4,17116E-005	13	...........	62,23
	348	34,9	1,09368E+000	2,32721E-002	0,00000E+000	1,09600E+000	5,11116E-005	13	...........	62,22
	349	35	1,09565E+000	2,33497E-002	0,00000E+000	1,09800E+000	5,37116E-005	13	...........	62,23
	350	35,1	1,09788E+000	2,35488E-002	0,00000E+000	1,10000E+000	3,83116E-005	13	...........	62,23
	351	35,2	1,09963E+000	2,28942E-002	0,00000E+000	1,10200E+000	3,51116E-005	13	...........	62,23
	352	35,3	1,10159E+000	2,38633E-002	0,00000E+000	1,10400E+000	5,19116E-005	13	...........	62,23
	353	35,4	1,10356E+000	2,33548E-002	0,00000E+000	1,10600E+000	4,99116E-005	13	...........	62,23
	354	35,5	1,10567E+000	2,35825E-002	0,00000E+000	1,10800E+000	4,19116E-005	13	...........	62,23
	355	35,6	1,10757E+000	2,34702E-002	0,00000E+000	1,11000E+000	4,03116E-005	13	...........	62,22
	356	35,7	1,10951E+000	2,41022E-002	0,00000E+000	1,11200E+000	4,21116E-005	13	...........	62,22
	357	35,8	1,11151E+000	2,37642E-002	0,00000E+000	1,11400E+000	4,55116E-005	13	...........	62,24
	358	35,9	1,11351E+000	2,39399E-002	0,00000E+000	1,11600E+000	5,33116E-005	13	...........	62,24
	359	36	1,11568E+000	2,42677E-002	0,00000E+000	1,11800E+000	4,27116E-005	13	...........	62,25
	360	36,1	1,11760E+000	2,47261E-002	0,00000E+000	1,12000E+000	5,17116E-005	13	...........	62,24
	361	36,2	1,11967E+000	2,38745E-002	0,00000E+000	1,12200E+000	5,85116E-005	13	...........	62,23
	362	36,3	1,12169E+000	2,47374E-002	0,00000E+000	1,12400E+000	4,71116E-005	13	...........	62,24
	363	36,4	1,12360E+000	2,45168E-002	0,00000E+000	1,12600E+000	4,59116E-005	13	...........	62,24
	364	36,5	1,12551E+000	2,43269E-002	0,00000E+000	1,12800E+000	5,09116E-005	13	...........	62,24
	365	36,6	1,12758E+000	2,50846E-002	0,00000E+000	1,13000E+000	4,93116E-005	13	...........	62,23
	366	36,7	1,12979E+000	2,59944E-002	0,00000E+000	1,13200E+000	3,79116E-005	13	...........	62,24
	367	36,8	1,13158E+000	2,54624E-002	0,00000E+000	1,13400E+000	4,35116E-005	13	...........	62,24
	368	36,9	1,13352E+000	2,62466E-002	0,00000E+000	1,13600E+000	4,17116E-005	13	...........	62,24
	369	37	1,13553E+000	2,62660E-002	0,00000E+000	1,13800E+000	4,41116E-005	13	...........	62,24
	370	37,1	1,13753E+000	2,62527E-002	0,00000E+000	1,14000E+000	4,29116E-005	13	...........	62,24
	371	37,2	1,13969E+000	2,64825E-002	0,00000E+000	1,14200E+000	4,47116E-005	13	...........	62,23
	372	37,3	1,14165E+000	2,73075E-002	0,00000E+000	1,14400E+000	4,43116E-005	13	...........	62,25
	373	37,4	1,14372E+000	2,69869E-002	0,00000E+000	1,14600E+000	4,53116E-005	13	...........	62,23
	374	37,5	1,14590E+000	2,68194E-002	0,00000E+000	1,14800E+000	4,39116E-005	13	...........	62,24
	375	37,6	1,14765E+000	2,76241E-002	0,00000E+000	1,15000E+000	3,59116E-005	13	...........	62,24
	376	37,7	1,14956E+000	2,79233E-002	0,00000E+000	1,15200E+000	4,31116E-005	13	...........	62,24
	377	37,8	1,15151E+000	2,75894E-002	0,00000E+000	1,15400E+000	4,93116E-005	13	...........	62,25
	378	37,9	1,15371E+000	2,83103E-002	0,00000E+000	1,15600E+000	4,71116E-005	13	...........	62,24
	379	38	1,15556E+000	2,87545E-002	0,00000E+000	1,15800E+000	4,23116E-005	13	...........	62,24
	380	38,1	1,15748E+000	2,88117E-002	0,00000E+000	1,16000E+000	4,59116E-005	13	...........	62,25
	381	38,2	1,15944E+000	2,91936E-002	0,00000E+000	1,16200E+000	4,47116E-005	13	...........	62,23
	382	38,3	1,16148E+000	2,94754E-002	0,00000E+000	1,16400E+000	4,91116E-005	13	...........	62,25
	383	38,4	1,16352E+000	2,96510E-002	0,00000E+000	1,16600E+000	3,95116E-005	13	...........	62,24
	384	38,5	1,16560E+000	2,99533E-002	0,00000E+000	1,16800E+000	4,31116E-005	13	...........	62,24
	385	38,6	1,16760E+000	3,06721E-002	0,00000E+000	1,17000E+000	5,39116E-005	13	...........	62,24
	386	38,7	1,16987E+000	3,06242E-002	0,00000E+000	1,17200E+000	3,83116E-005	13	...........	62,23
	387	38,8	1,17161E+000	3,07702E-002	0,00000E+000	1,17400E+000	5,09116E-005	13	...........	62,25
	388	38,9	1,17355E+000	3,13971E-002	0,00000E+000	1,17600E+000	4,49116E-005	13	...........	62,23
	389	39	1,17544E+000	3,16790E-002	0,00000E+000	1,17800E+000	4,93116E-005	13	...........	62,24
	390	39,1	1,17765E+000	3,21701E-002	0,00000E+000	1,18000E+000	5,01116E-005	13	...........	62,26
	391	39,2	1,17956E+000	3,24887E-002	0,00000E+000	1,18200E+000	4,05116E-005	13	...........	62,23
	392	39,3	1,18145E+000	3,27644E-002	0,00000E+000	1,18400E+000	4,27116E-005	13	...........	62,24
	393	39,4	1,18340E+000	3,31780E-002	0,00000E+000	1,18600E+000	4,77116E-005	13	...........	62,24
	394	39,5	1,18546E+000	3,39142E-002	0,00000E+000	1,18800E+000	4,25116E-005	13	...........	62,24
	395	39,6	1,18750E+000	3,42706E-002	0,00000E+000	1,19000E+000	3,91116E-005	13	...........	62,25
	396	39,7	1,18939E+000	3,42073E-002	0,00000E+000	1,19200E+000	3,75116E-005	13	...........	62,25
	397	39,8	1,19139E+000	3,45524E-002	0,00000E+000	1,19400E+000	5,11116E-005	13	...........	62,26
	398	39,9	1,19384E+000	3,55899E-002	0,00000E+000	1,19600E+000	3,93116E-005	13	...........	62,24
	399	40	1,19557E+000	3,55225E-002	0,00000E+000	1,19800E+000	4,25116E-005	13	...........	62,25
	400	40,1	1,19749E+000	3,56930E-002	0,00000E+000	1,20000E+000	5,89116E-005	13	...........	62,24
	401	40,2	1,19942E+000	3,69480E-002	0,00000E+000	1,20200E+000	5,89116E-005	13	...........	62,26
	402	40,3	1,20158E+000	3,60004E-002	0,00000E+000	1,20400E+000	5,09116E-005	13	...........	62,25
	403	40,4	1,20353E+000	3,71614E-002	0,00000E+000	1,20600E+000	3,69116E-005	13	...........	62,25
	404	40,5	1,20540E+000	3,76965E-002	0,00000E+000	1,20800E+000	4,47116E-005	13	...........	62,25
	405	40,6	1,20737E+000	3,80559E-002	0,00000E+000	1,21000E+000	4,93116E-005	13	...........	62,24
	406	40,7	1,20938E+000	3,81100E-002	0,00000E+000	1,21200E+000	5,85116E-005	13	...........	62,25
	407	40,8	1,21148E+000	3,90188E-002	0,00000E+000	1,21400E+000	4,25116E-005	13	...........	62,25
	408	40,9	1,21333E+000	3,87237E-002	0,00000E+000	1,21600E+000	4,73116E-005	13	...........	62,25
	409	41	1,21531E+000	3,94732E-002	0,00000E+000	1,21800E+000	4,81116E-005	13	...........	62,26
	410	41,1	1,21750E+000	3,97714E-002	0,00000E+000	1,22000E+000	4,33116E-005	13	...........	62,25
	411	41,2	1,21954E+000	4,02646E-002	0,00000E+000	1,22200E+000	4,01116E-005	13	...........	62,25
	412	41,3	1,22144E+000	3,99654E-002	0,00000E+000	1,22400E+000	4,93116E-005	13	...........	62,25
	413	41,4	1,22340E+000	4,05372E-002	0,00000E+000	1,22600E+000	5,75116E-005	13	...........	62,25
	414	41,5	1,22563E+000	4,08211E-002	0,00000E+000	1,22800E+000	4,73116E-005	13	...........	62,24
	415	41,6	1,22752E+000	4,14756E-002	0,00000E+000	1,23000E+000	4,11116E-005	13	...........	62,25
	416	41,7	1,22942E+000	4,07915E-002	0,00000E+000	1,23200E+000	3,99116E-005	13	...........	62,24
	417	41,8	1,23142E+000	4,21659E-002	0,00000E+000	1,23400E+000	5,09116E-005	13	...........	62,25
	418	41,9	1,23350E+000	4,20730E-002	0,00000E+000	1,23600E+000	5,01116E-005	13	...........	62,25
	419	42	1,23550E+000	4,19106E-002	0,00000E+000	1,23800E+000	3,57116E-005	13	...........	62,26
	420	42,1	1,23737E+000	4,25897E-002	0,00000E+000	1,24000E+000	4,57116E-005	13	...........	62,25
	421	42,2	1,23936E+000	4,28725E-002	0,00000E+000	1,24200E+000	5,09116E-005	13	...........	62,25
	422	42,3	1,24135E+000	4,28736E-002	0,00000E+000	1,24400E+000	4,89116E-005	13	...........	62,26
	423	42,4	1,24359E+000	4,35608E-002	0,00000E+000	1,24600E+000	3,87116E-005	13	...........	62,25
	424	42,5	1,24543E+000	4,29073E-002	0,00000E+000	1,24800E+000	4,83116E-005	13	...........	62,26
	425	42,6	1,24746E+000	4,32555E-002	0,00000E+000	1,25000E+000	4,81116E-005	13	...........	62,25
	426	42,7	1,24948E+000	4,39672E-002	0,00000E+000	1,25200E+000	4,75116E-005	13	...........	62,26
	427	42,8	1,25152E+000	4,40131E-002	0,00000E+000	1,25400E+000	3,69116E-005	13	...........	62,25
	428	42,9	1,25339E+000	4,40724E-002	0,00000E+000	1,25600E+000	4,51116E-005	13	...........	62,25
	429	43	1,25537E+000	4,38518E-002	0,00000E+000	1,25800E+000	4,77116E-005	13	...........	62,26
	430	43,1	1,25740E+000	4,42858E-002	0,00000E+000	1,26000E+000	4,23116E-005	13	...........	62,25
	431	43,2	1,25947E+000	4,42643E-002	0,00000E+000	1,26200E+000	3,91116E-005	13	...........	62,25
	432	43,3	1,26131E+000	4,41796E-002	0,00000E+000	1,26400E+000	3,79116E-005	13	...........	62,25
	433	43,4	1,26332E+000	4,47718E-002	0,00000E+000	1,26600E+000	3,03116E-005	13	...........	62,26
	434	43,5	1,26528E+000	4,38610E-002	0,00000E+000	1,26800E+000	4,17116E-005	13	...........	62,25
	435	43,6	1,26742E+000	4,45982E-002	0,00000E+000	1,27000E+000	4,23116E-005	13	...........	62,24
	436	43,7	1,26943E+000	4,47279E-002	0,00000E+000	1,27200E+000	5,11116E-005	13	...........	62,25
	437	43,8	1,27137E+000	4,47483E-002	0,00000E+000	1,27400E+000	4,27116E-005	13	...........	62,26
	438	43,9	1,27380E+000	4,43144E-002	0,00000E+000	1,27600E+000	4,61116E-005	13	...........	62,26
	439	44	1,27550E+000	4,50322E-002	0,00000E+000	1,27800E+000	5,11116E-005	13	...........	62,26
	440	44,1	1,27736E+000	4,45523E-002	0,00000E+000	1,28000E+000	4,11116E-005	13	...........	62,25
	441	44,2	1,27934E+000	4,52763E-002	0,00000E+000	1,28200E+000	4,47116E-005	13	...........	62,26
	442	44,3	1,28144E+000	4,52293E-002	0,00000E+000	1,28400E+000	4,83116E-005	13	...........	62,25
	443	44,4	1,28346E+000	4,52671E-002	0,00000E+000	1,28600E+000	3,95116E-005	13	...........	62,26
	444	44,5	1,28529E+000	4,44859E-002	0,00000E+000	1,28800E+000	5,21116E-005	13	...........	62,25
	445	44,6	1,28729E+000	4,56500E-002	0,00000E+000	1,29000E+000	4,47116E-005	13	...........	62,26
	446	44,7	1,28926E+000	4,52967E-002	0,00000E+000	1,29200E+000	4,31116E-005	13	...........	62,25
	447	44,8	1,29133E+000	4,56653E-002	0,00000E+000	1,29400E+000	3,79116E-005	13	...........	62,25
	448	44,9	1,29341E+000	4,54499E-002	0,00000E+000	1,29600E+000	4,11116E-005	13	...........	62,26
	449	45	1,29540E+000	4,63740E-002	0,00000E+000	1,29800E+000	4,77116E-005	13	...........	62,26
	450	45,1	1,29761E+000	4,55203E-002	0,00000E+000	1,30000E+000	4,45116E-005	13	...........	62,26
	451	45,2	1,29953E+000	4,67048E-002	0,00000E+000	1,30200E+000	3,93116E-005	13	...........	62,26
	452	45,3	1,30139E+000	4,68039E-002	0,00000E+000	1,30400E+000	4,33116E-005	13	...........	62,26
	453	45,4	1,30332E+000	4,72971E-002	0,00000E+000	1,30600E+000	4,35116E-005	13	...........	62,25
	454	45,5	1,30532E+000	4,68937E-002	0,00000E+000	1,30800E+000	4,19116E-005	13	...........	62,25
	455	45,6	1,30744E+000	4,82069E-002	0,00000E+000	1,31000E+000	4,13116E-005	13	...........	62,25
	456	45,7	1,30927E+000	4,78485E-002	0,00000E+000	1,31200E+000	4,33116E-005	13	...........	62,25
	457	45,8	1,31123E+000	4,85204E-002	0,00000E+000	1,31400E+000	4,35116E-005	13	...........	62,26
	458	45,9	1,31313E+000	4,79077E-002	0,00000E+000	1,31600E+000	4,93116E-005	13	...........	62,26
	459	46	1,31523E+000	5,02042E-002	0,00000E+000	1,31800E+000	4,73116E-005	13	...........	62,25
	460	46,1	1,31720E+000	4,93536E-002	0,00000E+000	1,32000E+000	4,29116E-005	13	...........	62,25
	461	46,2	1,31924E+000	5,02083E-002	0,00000E+000	1,32200E+000	4,59116E-005	13	...........	62,26
	462	46,3	1,32151E+000	5,04962E-002	0,00000E+000	1,32400E+000	4,97116E-005	13	...........	62,25
	463	46,4	1,32352E+000	5,08138E-002	0,00000E+000	1,32600E+000	4,49116E-005	13	...........	62,25
	464	46,5	1,32532E+000	5,09762E-002	0,00000E+000	1,32800E+000	5,31116E-005	13	...........	62,25
	465	46,6	1,32729E+000	5,30205E-002	0,00000E+000	1,33000E+000	5,13116E-005	13	...........	62,26
	466	46,7	1,32916E+000	5,20218E-002	0,00000E+000	1,33200E+000	5,01116E-005	13	...........	62,25
	467	46,8	1,33145E+000	5,37046E-002	0,00000E+000	1,33400E+000	4,11116E-005	13	...........	62,25
	468	46,9	1,33324E+000	5,36270E-002	0,00000E+000	1,33600E+000	4,71116E-005	13	...........	62,26
	469	47	1,33520E+000	5,44041E-002	0,00000E+000	1,33800E+000	4,33116E-005	13	...........	62,25
	470	47,1	1,33719E+000	5,47329E-002	0,00000E+000	1,34000E+000	5,13116E-005	13	...........	62,26
	471	47,2	1,33927E+000	5,62727E-002	0,00000E+000	1,34200E+000	4,55116E-005	13	...........	62,25
	472	47,3	1,34118E+000	5,60818E-002	0,00000E+000	1,34400E+000	5,21116E-005	13	...........	62,24
	473	47,4	1,34313E+000	5,77799E-002	0,00000E+000	1,34600E+000	5,65116E-005	13	...........	62,26
	474	47,5	1,34527E+000	5,78146E-002	0,00000E+000	1,34800E+000	5,15116E-005	13	...........	62,25
	475	47,6	1,34750E+000	5,91778E-002	0,00000E+000	1,35000E+000	4,35116E-005	13	...........	62,26
	476	47,7	1,34928E+000	5,89501E-002	0,00000E+000	1,35200E+000	4,79116E-005	13	...........	62,25
	477	47,8	1,35125E+000	6,05768E-002	0,00000E+000	1,35400E+000	4,79116E-005	13	...........	62,25
	478	47,9	1,35325E+000	6,10281E-002	0,00000E+000	1,35600E+000	5,15116E-005	13	...........	62,26
	479	48	1,35541E+000	6,23597E-002	0,00000E+000	1,35800E+000	5,03116E-005	13	...........	62,26
	480	48,1	1,35723E+000	6,31796E-002	0,00000E+000	1,36000E+000	5,63116E-005	13	...........	62,25
	481	48,2	1,35915E+000	6,49451E-002	0,00000E+000	1,36200E+000	4,37116E-005	13	...........	62,25
	482	48,3	1,36108E+000	6,46061E-002	0,00000E+000	1,36400E+000	4,91116E-005	13	...........	62,26
	483	48,4	1,36315E+000	6,76858E-002	0,00000E+000	1,36600E+000	5,37116E-005	13	...........	62,26
	484	48,5	1,36515E+000	6,82526E-002	0,00000E+000	1,36800E+000	3,81116E-005	13	...........	62,26
	485	48,6	1,36708E+000	7,01018E-002	0,00000E+000	1,37000E+000	4,61116E-005	13	...........	62,26
	486	48,7	1,36904E+000	7,08789E-002	0,00000E+000	1,37200E+000	4,65116E-005	13	...........	62,26
	487	48,8	1,37134E+000	7,36033E-002	0,00000E+000	1,37400E+000	4,73116E-005	13	...........	62,26
	488	48,9	1,37323E+000	7,42078E-002	0,00000E+000	1,37600E+000	3,53116E-005	13	...........	62,26
	489	49	1,37523E+000	7,66728E-002	0,00000E+000	1,37800E+000	3,77116E-005	13	...........	62,25
	490	49,1	1,37719E+000	7,79563E-002	0,00000E+000	1,38000E+000	4,73116E-005	13	...........	62,26
	491	49,2	1,37942E+000	8,02355E-002	0,00000E+000	1,38200E+000	4,45116E-005	13	...........	62,26
	492	49,3	1,38119E+000	8,15251E-002	0,00000E+000	1,38400E+000	4,19116E-005	13	...........	62,26
	493	49,4	1,38314E+000	8,53513E-002	0,00000E+000	1,38600E+000	5,47116E-005	13	...........	62,27
	494	49,5	1,38506E+000	8,66634E-002	0,00000E+000	1,38800E+000	4,49116E-005	13	...........	62,26
	495	49,6	1,38712E+000	8,99157E-002	0,00000E+000	1,39000E+000	4,23116E-005	13	...........	62,25
	496	49,7	1,38913E+000	9,23164E-002	0,00000E+000	1,39200E+000	4,29116E-005	13	...........	62,26
	497	49,8	1,39105E+000	9,60690E-002	0,00000E+000	1,39400E+000	4,97116E-005	13	...........	62,25
	498	49,9	1,39300E+000	9,83533E-002	0,00000E+000	1,39600E+000	5,29116E-005	13	...........	62,26
	499	50	1,39502E+000	1,03100E-001	0,00000E+000	1,39800E+000	5,09116E-005	13	...........	62,26
	500	50,1	1,39717E+000	1,05972E-001	0,00000E+000	1,40000E+000	3,45116E-005	13	...........	62,25
	501	50,2	1,39505E+000	6,14703E-002	0,00000E+000	1,39800E+000	5,43116E-005	13	...........	62,26
	502	50,3	1,39304E+000	4,15052E-002	0,00000E+000	1,39600E+000	4,11116E-005	13	...........	62,26
	503	50,4	1,39109E+000	2,99972E-002	0,00000E+000	1,39400E+000	4,75116E-005	13	...........	62,26
	504	50,5	1,38913E+000	2,01260E-002	0,00000E+000	1,39200E+000	4,25116E-005	13	...........	62,26
	505	50,6	1,38725E+000	1,47110E-002	0,00000E+000	1,39000E+000	3,59116E-005	13	...........	62,25
	506	50,7	1,38514E+000	8,89871E-003	0,00000E+000	1,38800E+000	4,85116E-005	13	...........	62,26
	507	50,8	1,38314E+000	4,85404E-003	0,00000E+000	1,38600E+000	3,85116E-005	13	...........	62,25
	508	50,9	1,38121E+000	8,53910E-005	0,00000E+000	1,38400E+000	4,51116E-005	13	...........	62,26
	509	51	1,37944E+000	-2,06408E-003	0,00000E+000	1,38200E+000	3,69116E-005	13	...........	62,26
	510	51,1	1,37718E+000	-5,26836E-003	0,00000E+000	1,38000E+000	4,79116E-005	13	...........	62,26
	511	51,2	1,37519E+000	-7,21667E-003	0,00000E+000	1,37800E+000	4,55116E-005	13	...........	62,27
	512	51,3	1,37321E+000	-9,06388E-003	0,00000E+000	1,37600E+000	3,89116E-005	13	...........	62,26
	513	51,4	1,37132E+000	-1,08478E-002	0,00000E+000	1,37400E+000	4,75116E-005	13	...........	62,26
	514	51,5	1,36904E+000	-1,25030E-002	0,00000E+000	1,37200E+000	5,39116E-005	13	...........	62,25
	515	51,6	1,36709E+000	-1,28063E-002	0,00000E+000	1,37000E+000	3,97116E-005	13	...........	62,26
	516	51,7	1,36516E+000	-1,39173E-002	0,00000E+000	1,36800E+000	4,15116E-005	13	...........	62,26
	517	51,8	1,36317E+000	-1,45943E-002	0,00000E+000	1,36600E+000	4,17116E-005	13	...........	62,26
	518	51,9	1,36107E+000	-1,52396E-002	0,00000E+000	1,36400E+000	4,39116E-005	13	...........	62,26
	519	52	1,35915E+000	-1,55072E-002	0,00000E+000	1,36200E+000	4,49116E-005	13	...........	62,26
	520	52,1	1,35723E+000	-1,60678E-002	0,00000E+000	1,36000E+000	4,15116E-005	13	...........	62,26
	521	52,2	1,35546E+000	-1,61198E-002	0,00000E+000	1,35800E+000	5,05116E-005	13	...........	62,26
	522	52,3	1,35318E+000	-1,60402E-002	0,00000E+000	1,35600E+000	4,71116E-005	13	...........	62,26
	523	52,4	1,35126E+000	-1,65109E-002	0,00000E+000	1,35400E+000	5,15116E-005	13	...........	62,27
	524	52,5	1,34932E+000	-1,61260E-002	0,00000E+000	1,35200E+000	4,09116E-005	13	...........	62,26
	525	52,6	1,34751E+000	-1,63996E-002	0,00000E+000	1,35000E+000	4,11116E-005	13	...........	62,26
	526	52,7	1,34513E+000	-1,62934E-002	0,00000E+000	1,34800E+000	4,27116E-005	13	...........	62,27
	527	52,8	1,34315E+000	-1,65334E-002	0,00000E+000	1,34600E+000	4,81116E-005	13	...........	62,26
	528	52,9	1,34120E+000	-1,57461E-002	0,00000E+000	1,34400E+000	3,23116E-005	13	...........	62,26
	529	53	1,33928E+000	-1,65201E-002	0,00000E+000	1,34200E+000	4,91116E-005	13	...........	62,27
	530	53,1	1,33718E+000	-1,61219E-002	0,00000E+000	1,34000E+000	4,99116E-005	13	...........	62,27
	531	53,2	1,33524E+000	-1,61750E-002	0,00000E+000	1,33800E+000	3,81116E-005	13	...........	62,26
	532	53,3	1,33327E+000	-1,61566E-002	0,00000E+000	1,33600E+000	4,13116E-005	13	...........	62,26
	533	53,4	1,33145E+000	-1,63231E-002	0,00000E+000	1,33400E+000	4,07116E-005	13	...........	62,26
	534	53,5	1,32920E+000	-1,61883E-002	0,00000E+000	1,33200E+000	4,51116E-005	13	...........	62,27
	535	53,6	1,32729E+000	-1,64476E-002	0,00000E+000	1,33000E+000	4,01116E-005	13	...........	62,26
	536	53,7	1,32533E+000	-1,58043E-002	0,00000E+000	1,32800E+000	4,85116E-005	13	...........	62,26
	537	53,8	1,32352E+000	-1,63169E-002	0,00000E+000	1,32600E+000	3,77116E-005	13	...........	62,26
	538	53,9	1,32153E+000	-1,61188E-002	0,00000E+000	1,32400E+000	4,01116E-005	13	...........	62,27
	539	54	1,31926E+000	-1,61923E-002	0,00000E+000	1,32200E+000	3,83116E-005	13	...........	62,27
	540	54,1	1,31719E+000	-1,69786E-002	0,00000E+000	1,32000E+000	3,81116E-005	13	...........	62,27
	541	54,2	1,31524E+000	-1,64507E-002	0,00000E+000	1,31800E+000	3,51116E-005	13	...........	62,25
	542	54,3	1,31317E+000	-1,63016E-002	0,00000E+000	1,31600E+000	4,49116E-005	13	...........	62,27
	543	54,4	1,31123E+000	-1,66406E-002	0,00000E+000	1,31400E+000	3,77116E-005	13	...........	62,27
	544	54,5	1,30926E+000	-1,69715E-002	0,00000E+000	1,31200E+000	4,15116E-005	13	...........	62,26
	545	54,6	1,30745E+000	-1,66784E-002	0,00000E+000	1,31000E+000	3,79116E-005	13	...........	62,26
	546	54,7	1,30529E+000	-1,68357E-002	0,00000E+000	1,30800E+000	4,89116E-005	13	...........	62,27
	547	54,8	1,30333E+000	-1,70991E-002	0,00000E+000	1,30600E+000	4,09116E-005	13	...........	62,27
	548	54,9	1,30138E+000	-1,69755E-002	0,00000E+000	1,30400E+000	4,09116E-005	13	...........	62,26
	549	55	1,29953E+000	-1,75770E-002	0,00000E+000	1,30200E+000	4,75116E-005	13	...........	62,26
	550	55,1	1,29760E+000	-1,73891E-002	0,00000E+000	1,30000E+000	3,21116E-005	13	...........	62,26
	551	55,2	1,29539E+000	-1,76168E-002	0,00000E+000	1,29800E+000	3,37116E-005	13	...........	62,27
	552	55,3	1,29341E+000	-1,76760E-002	0,00000E+000	1,29600E+000	4,87116E-005	13	...........	62,25
	553	55,4	1,29134E+000	-1,80590E-002	0,00000E+000	1,29400E+000	3,33116E-005	13	...........	62,27
	554	55,5	1,28927E+000	-1,77067E-002	0,00000E+000	1,29200E+000	4,57116E-005	13	...........	62,27
	555	55,6	1,28730E+000	-1,83091E-002	0,00000E+000	1,29000E+000	4,81116E-005	13	...........	62,26
	556	55,7	1,28532E+000	-1,85573E-002	0,00000E+000	1,28800E+000	5,17116E-005	13	...........	62,27
	557	55,8	1,28347E+000	-1,86900E-002	0,00000E+000	1,28600E+000	2,87116E-005	13	...........	62,27
	558	55,9	1,28143E+000	-1,84276E-002	0,00000E+000	1,28400E+000	4,19116E-005	13	...........	62,26
	559	56	1,27935E+000	-1,90198E-002	0,00000E+000	1,28200E+000	4,17116E-005	13	...........	62,26
	560	56,1	1,27738E+000	-1,89586E-002	0,00000E+000	1,28000E+000	4,27116E-005	13	...........	62,26
	561	56,2	1,27554E+000	-1,92567E-002	0,00000E+000	1,27800E+000	3,69116E-005	13	...........	62,27
	562	56,3	1,27373E+000	-1,92353E-002	0,00000E+000	1,27600E+000	5,17116E-005	13	...........	62,26
	563	56,4	1,27138E+000	-2,02585E-002	0,00000E+000	1,27400E+000	5,25116E-005	13	...........	62,27
	564	56,5	1,26946E+000	-1,97612E-002	0,00000E+000	1,27200E+000	4,47116E-005	13	...........	62,27
	565	56,6	1,26743E+000	-1,98214E-002	0,00000E+000	1,27000E+000	3,63116E-005	13	...........	62,27
	566	56,7	1,26528E+000	-2,05066E-002	0,00000E+000	1,26800E+000	4,13116E-005	13	...........	62,28
	567	56,8	1,26330E+000	-2,10825E-002	0,00000E+000	1,26600E+000	3,27116E-005	13	...........	62,28
	568	56,9	1,26132E+000	-2,03769E-002	0,00000E+000	1,26400E+000	3,29116E-005	13	...........	62,27
	569	57	1,25948E+000	-2,11591E-002	0,00000E+000	1,26200E+000	3,11116E-005	13	...........	62,28
	570	57,1	1,25742E+000	-2,17309E-002	0,00000E+000	1,26000E+000	4,33116E-005	13	...........	62,28
	571	57,2	1,25538E+000	-2,18238E-002	0,00000E+000	1,25800E+000	4,63116E-005	13	...........	62,26
	572	57,3	1,25338E+000	-2,20271E-002	0,00000E+000	1,25600E+000	4,61116E-005	13	...........	62,26
	573	57,4	1,25153E+000	-2,25437E-002	0,00000E+000	1,25400E+000	4,77116E-005	13	...........	62,27
	574	57,5	1,24955E+000	-2,22517E-002	0,00000E+000	1,25200E+000	4,77116E-005	13	...........	62,28
	575	57,6	1,24749E+000	-2,25274E-002	0,00000E+000	1,25000E+000	6,15116E-005	13	...........	62,27
	576	57,7	1,24545E+000	-2,32126E-002	0,00000E+000	1,24800E+000	3,97116E-005	13	...........	62,27
	577	57,8	1,24358E+000	-2,30206E-002	0,00000E+000	1,24600E+000	4,33116E-005	13	...........	62,27
	578	57,9	1,24135E+000	-2,33698E-002	0,00000E+000	1,24400E+000	4,73116E-005	13	...........	62,28
	579	58	1,23936E+000	-2,39478E-002	0,00000E+000	1,24200E+000	4,49116E-005	13	...........	62,26
	580	58,1	1,23736E+000	-2,43103E-002	0,00000E+000	1,24000E+000	4,61116E-005	13	...........	62,27
	581	58,2	1,23550E+000	-2,37088E-002	0,00000E+000	1,23800E+000	3,75116E-005	13	...........	62,27
	582	58,3	1,23346E+000	-2,43327E-002	0,00000E+000	1,23600E+000	4,69116E-005	13	...........	62,27
	583	58,4	1,23143E+000	-2,41704E-002	0,00000E+000	1,23400E+000	4,69116E-005	13	...........	62,28
	584	58,5	1,22945E+000	-2,45860E-002	0,00000E+000	1,23200E+000	4,17116E-005	13	...........	62,27
	585	58,6	1,22752E+000	-2,44471E-002	0,00000E+000	1,23000E+000	4,77116E-005	13	...........	62,27
	586	58,7	1,22565E+000	-2,47249E-002	0,00000E+000	1,22800E+000	4,91116E-005	13	...........	62,27
	587	58,8	1,22340E+000	-2,47238E-002	0,00000E+000	1,22600E+000	4,55116E-005	13	...........	62,27
	588	58,9	1,22143E+000	-2,51650E-002	0,00000E+000	1,22400E+000	5,13116E-005	13	...........	62,27
	589	59	1,21954E+000	-2,52763E-002	0,00000E+000	1,22200E+000	4,47116E-005	13	...........	62,27
	590	59,1	1,21745E+000	-2,57889E-002	0,00000E+000	1,22000E+000	4,73116E-005	13	...........	62,27
	591	59,2	1,21530E+000	-2,47473E-002	0,00000E+000	1,21800E+000	5,47116E-005	13	...........	62,27
	592	59,3	1,21333E+000	-2,54550E-002	0,00000E+000	1,21600E+000	4,69116E-005	13	...........	62,27
	593	59,4	1,21147E+000	-2,47769E-002	0,00000E+000	1,21400E+000	3,93116E-005	13	...........	62,29
	594	59,5	1,20939E+000	-2,47963E-002	0,00000E+000	1,21200E+000	4,77116E-005	13	...........	62,29
	595	59,6	1,20737E+000	-2,51078E-002	0,00000E+000	1,21000E+000	5,63116E-005	13	...........	62,28
	596	59,7	1,20539E+000	-2,53508E-002	0,00000E+000	1,20800E+000	4,33116E-005	13	...........	62,27
	597	59,8	1,20353E+000	-2,46125E-002	0,00000E+000	1,20600E+000	3,35116E-005	13	...........	62,27
	598	59,9	1,20171E+000	-2,49699E-002	0,00000E+000	1,20400E+000	3,97116E-005	13	...........	62,28
	599	60	1,19944E+000	-2,49679E-002	0,00000E+000	1,20200E+000	5,17116E-005	13	...........	62,28
	600	60,1	1,19752E+000	-2,43807E-002	0,00000E+000	1,20000E+000	4,55116E-005	13	...........	62,29
	601	60,2	1,19557E+000	-2,44257E-002	0,00000E+000	1,19800E+000	3,75116E-005	13	...........	62,28
	602	60,3	1,19385E+000	-2,46074E-002	0,00000E+000	1,19600E+000	4,83116E-005	13	...........	62,28
	603	60,4	1,19143E+000	-2,37864E-002	0,00000E+000	1,19400E+000	4,63116E-005	13	...........	62,28
	604	60,5	1,18939E+000	-2,43470E-002	0,00000E+000	1,19200E+000	4,29116E-005	13	...........	62,28
	605	60,6	1,18749E+000	-2,44073E-002	0,00000E+000	1,19000E+000	4,15116E-005	13	...........	62,28
	606	60,7	1,18545E+000	-2,44604E-002	0,00000E+000	1,18800E+000	5,31116E-005	13	...........	62,27
	607	60,8	1,18342E+000	-2,29675E-002	0,00000E+000	1,18600E+000	4,83116E-005	13	...........	62,27
	608	60,9	1,18142E+000	-2,43031E-002	0,00000E+000	1,18400E+000	3,99116E-005	13	...........	62,28
	609	61	1,17954E+000	-2,36220E-002	0,00000E+000	1,18200E+000	4,47116E-005	13	...........	62,28
	610	61,1	1,17775E+000	-2,37395E-002	0,00000E+000	1,18000E+000	4,79116E-005	13	...........	62,27
	611	61,2	1,17546E+000	-2,35250E-002	0,00000E+000	1,17800E+000	3,81116E-005	13	...........	62,27
	612	61,3	1,17350E+000	-2,42000E-002	0,00000E+000	1,17600E+000	5,01116E-005	13	...........	62,28
	613	61,4	1,17161E+000	-2,31227E-002	0,00000E+000	1,17400E+000	5,03116E-005	13	...........	62,28
	614	61,5	1,16990E+000	-2,36700E-002	0,00000E+000	1,17200E+000	3,73116E-005	13	...........	62,28
	615	61,6	1,16773E+000	-2,29808E-002	0,00000E+000	1,17000E+000	4,23116E-005	13	...........	62,27
	616	61,7	1,16551E+000	-2,33504E-002	0,00000E+000	1,16800E+000	4,35116E-005	13	...........	62,28
	617	61,8	1,16352E+000	-2,22619E-002	0,00000E+000	1,16600E+000	3,83116E-005	13	...........	62,28
	618	61,9	1,16144E+000	-2,37242E-002	0,00000E+000	1,16400E+000	4,95116E-005	13	...........	62,27
	619	62	1,15944E+000	-2,25243E-002	0,00000E+000	1,16200E+000	4,83116E-005	13	...........	62,28
	620	62,1	1,15745E+000	-2,30829E-002	0,00000E+000	1,16000E+000	4,43116E-005	13	...........	62,28
	621	62,2	1,15555E+000	-2,22251E-002	0,00000E+000	1,15800E+000	3,45116E-005	13	...........	62,28
	622	62,3	1,15368E+000	-2,31227E-002	0,00000E+000	1,15600E+000	3,43116E-005	13	...........	62,28
	623	62,4	1,15152E+000	-2,23732E-002	0,00000E+000	1,15400E+000	4,77116E-005	13	...........	62,27
	624	62,5	1,14953E+000	-2,28235E-002	0,00000E+000	1,15200E+000	4,13116E-005	13	...........	62,27
	625	62,6	1,14762E+000	-2,24151E-002	0,00000E+000	1,15000E+000	3,79116E-005	13	...........	62,28
	626	62,7	1,14591E+000	-2,24386E-002	0,00000E+000	1,14800E+000	3,85116E-005	13	...........	62,26
	627	62,8	1,14376E+000	-2,18688E-002	0,00000E+000	1,14600E+000	4,71116E-005	13	...........	62,28
	628	62,9	1,14162E+000	-2,28286E-002	0,00000E+000	1,14400E+000	4,39116E-005	13	...........	62,28
	629	63	1,13971E+000	-2,15645E-002	0,00000E+000	1,14200E+000	4,59116E-005	13	...........	62,27
	630	63,1	1,13756E+000	-2,21394E-002	0,00000E+000	1,14000E+000	4,91116E-005	13	...........	62,29
	631	63,2	1,13553E+000	-2,15053E-002	0,00000E+000	1,13800E+000	5,01116E-005	13	...........	62,28
	632	63,3	1,13351E+000	-2,25029E-002	0,00000E+000	1,13600E+000	4,19116E-005	13	...........	62,28
	633	63,4	1,13158E+000	-2,12316E-002	0,00000E+000	1,13400E+000	4,11116E-005	13	...........	62,28
	634	63,5	1,12979E+000	-2,21210E-002	0,00000E+000	1,13200E+000	3,75116E-005	13	...........	62,28
	635	63,6	1,12765E+000	-2,09835E-002	0,00000E+000	1,13000E+000	4,19116E-005	13	...........	62,29
	636	63,7	1,12559E+000	-2,18310E-002	0,00000E+000	1,12800E+000	3,77116E-005	13	...........	62,28
	637	63,8	1,12364E+000	-2,07547E-002	0,00000E+000	1,12600E+000	3,55116E-005	13	...........	62,28
	638	63,9	1,12182E+000	-2,16993E-002	0,00000E+000	1,12400E+000	4,59116E-005	13	...........	62,28
	639	64	1,11981E+000	-2,05250E-002	0,00000E+000	1,12200E+000	4,79116E-005	13	...........	62,28
	640	64,1	1,11766E+000	-2,12929E-002	0,00000E+000	1,12000E+000	4,07116E-005	13	...........	62,28
	641	64,2	1,11575E+000	-2,02268E-002	0,00000E+000	1,11800E+000	4,11116E-005	13	...........	62,29
	642	64,3	1,11356E+000	-2,09896E-002	0,00000E+000	1,11600E+000	4,41116E-005	13	...........	62,27
	643	64,4	1,11152E+000	-1,97387E-002	0,00000E+000	1,11400E+000	3,57116E-005	13	...........	62,27
	644	64,5	1,10955E+000	-2,12867E-002	0,00000E+000	1,11200E+000	4,39116E-005	13	...........	62,28
	645	64,6	1,10759E+000	-1,94017E-002	0,00000E+000	1,11000E+000	3,81116E-005	13	...........	62,28
	646	64,7	1,10577E+000	-2,04361E-002	0,00000E+000	1,10800E+000	4,27116E-005	13	...........	62,28
	647	64,8	1,10362E+000	-1,95120E-002	0,00000E+000	1,10600E+000	4,87116E-005	13	...........	62,28
	648	64,9	1,10165E+000	-2,04913E-002	0,00000E+000	1,10400E+000	4,61116E-005	13	...........	62,28
	649	65	1,09969E+000	-1,87605E-002	0,00000E+000	1,10200E+000	3,67116E-005	13	...........	62,28
	650	65,1	1,09790E+000	-1,98378E-002	0,00000E+000	1,10000E+000	3,33116E-005	13	...........	62,29
	651	65,2	1,09569E+000	-1,91669E-002	0,00000E+000	1,09800E+000	4,01116E-005	13	...........	62,27
	652	65,3	1,09373E+000	-1,99511E-002	0,00000E+000	1,09600E+000	5,35116E-005	13	...........	62,28
	653	65,4	1,09176E+000	-1,91403E-002	0,00000E+000	1,09400E+000	4,29116E-005	13	...........	62,29
	654	65,5	1,08988E+000	-1,97755E-002	0,00000E+000	1,09200E+000	4,01116E-005	13	...........	62,28
	655	65,6	1,08757E+000	-1,90198E-002	0,00000E+000	1,09000E+000	4,93116E-005	13	...........	62,29
	656	65,7	1,08561E+000	-1,97775E-002	0,00000E+000	1,08800E+000	4,33116E-005	13	...........	62,28
	657	65,8	1,08364E+000	-1,91761E-002	0,00000E+000	1,08600E+000	3,11116E-005	13	...........	62,28
	658	65,9	1,08177E+000	-1,93262E-002	0,00000E+000	1,08400E+000	3,09116E-005	13	...........	62,29
	659	66	1,07965E+000	-1,88544E-002	0,00000E+000	1,08200E+000	5,25116E-005	13	...........	62,30
	660	66,1	1,07771E+000	-1,99664E-002	0,00000E+000	1,08000E+000	3,61116E-005	13	...........	62,28
	661	66,2	1,07574E+000	-1,90923E-002	0,00000E+000	1,07800E+000	3,99116E-005	13	...........	62,29
	662	66,3	1,07391E+000	-1,97520E-002	0,00000E+000	1,07600E+000	3,25116E-005	13	...........	62,29
	663	66,4	1,07184E+000	-1,92394E-002	0,00000E+000	1,07400E+000	3,89116E-005	13	...........	62,29
	664	66,5	1,06975E+000	-1,97724E-002	0,00000E+000	1,07200E+000	4,49116E-005	13	...........	62,29
	665	66,6	1,06779E+000	-1,86236E-002	0,00000E+000	1,07000E+000	4,37116E-005	13	...........	62,28
	666	66,7	1,06593E+000	-1,93282E-002	0,00000E+000	1,06800E+000	3,45116E-005	13	...........	62,29
	667	66,8	1,06377E+000	-1,94783E-002	0,00000E+000	1,06600E+000	4,01116E-005	13	...........	62,29
	668	66,9	1,06163E+000	-1,95692E-002	0,00000E+000	1,06400E+000	4,01116E-005	13	...........	62,31
	669	67	1,05965E+000	-1,90556E-002	0,00000E+000	1,06200E+000	3,77116E-005	13	...........	62,29
	670	67,1	1,05777E+000	-1,99460E-002	0,00000E+000	1,06000E+000	3,75116E-005	13	...........	62,30
	671	67,2	1,05566E+000	-1,89943E-002	0,00000E+000	1,05800E+000	4,57116E-005	13	...........	62,30
	672	67,3	1,05369E+000	-1,99909E-002	0,00000E+000	1,05600E+000	3,85116E-005	13	...........	62,29
	673	67,4	1,05170E+000	-1,93160E-002	0,00000E+000	1,05400E+000	4,37116E-005	13	...........	62,30
	674	67,5	1,04990E+000	-1,90443E-002	0,00000E+000	1,05200E+000	3,87116E-005	13	...........	62,29
	675	67,6	1,04787E+000	-1,86573E-002	0,00000E+000	1,05000E+000	3,57116E-005	13	...........	62,29
	676	67,7	1,04578E+000	-1,97091E-002	0,00000E+000	1,04800E+000	5,51116E-005	13	...........	62,29
	677	67,8	1,04385E+000	-1,89341E-002	0,00000E+000	1,04600E+000	5,37116E-005	13	...........	62,29
	678	67,9	1,04195E+000	-1,94987E-002	0,00000E+000	1,04400E+000	4,61116E-005	13	...........	62,29
	679	68	1,04022E+000	-1,92496E-002	0,00000E+000	1,04200E+000	4,01116E-005	13	...........	62,31
	680	68,1	1,03776E+000	-1,96652E-002	0,00000E+000	1,04000E+000	3,63116E-005	13	...........	62,31
	681	68,2	1,03571E+000	-1,87646E-002	0,00000E+000	1,03800E+000	4,21116E-005	13	...........	62,29
	682	68,3	1,03384E+000	-1,95651E-002	0,00000E+000	1,03600E+000	3,43116E-005	13	...........	62,29
	683	68,4	1,03173E+000	-1,89473E-002	0,00000E+000	1,03400E+000	4,15116E-005	13	...........	62,30
	684	68,5	1,02976E+000	-1,93374E-002	0,00000E+000	1,03200E+000	4,55116E-005	13	...........	62,30
	685	68,6	1,02779E+000	-1,91066E-002	0,00000E+000	1,03000E+000	4,11116E-005	13	...........	62,30
	686	68,7	1,02591E+000	-1,90872E-002	0,00000E+000	1,02800E+000	3,97116E-005	13	...........	62,30
	687	68,8	1,02398E+000	-1,86206E-002	0,00000E+000	1,02600E+000	5,19116E-005	13	...........	62,30
	688	68,9	1,02180E+000	-1,91199E-002	0,00000E+000	1,02400E+000	4,91116E-005	13	...........	62,31
	689	69	1,01991E+000	-1,89627E-002	0,00000E+000	1,02200E+000	3,77116E-005	13	...........	62,30
	690	69,1	1,01797E+000	-1,88054E-002	0,00000E+000	1,02000E+000	4,07116E-005	13	...........	62,28
	691	69,2	1,01624E+000	-1,87942E-002	0,00000E+000	1,01800E+000	3,41116E-005	13	...........	62,30
	692	69,3	1,01396E+000	-1,89872E-002	0,00000E+000	1,01600E+000	4,07116E-005	13	...........	62,30
	693	69,4	1,01190E+000	-1,84327E-002	0,00000E+000	1,01400E+000	4,33116E-005	13	...........	62,31
	694	69,5	1,00986E+000	-1,87513E-002	0,00000E+000	1,01200E+000	3,91116E-005	13	...........	62,29
	695	69,6	1,00779E+000	-1,79997E-002	0,00000E+000	1,01000E+000	3,39116E-005	13	...........	62,30
	696	69,7	1,00578E+000	-1,82908E-002	0,00000E+000	1,00800E+000	5,13116E-005	13	...........	62,30
	697	69,8	1,00382E+000	-1,79701E-002	0,00000E+000	1,00600E+000	4,85116E-005	13	...........	62,29
	698	69,9	1,00192E+000	-1,84684E-002	0,00000E+000	1,00400E+000	3,27116E-005	13	...........	62,30
	699	70	9,99956E-001	-1,75116E-002	0,00000E+000	1,00200E+000	4,11116E-005	13	...........	62,29
	700	70,1	9,97829E-001	-1,74779E-002	0,00000E+000	1,00000E+000	4,83116E-005	13	...........	62,30
	701	70,2	9,95874E-001	-1,77700E-002	0,00000E+000	9,98000E-001	4,29116E-005	13	...........	62,30
	702	70,3	9,93984E-001	-1,73135E-002	0,00000E+000	9,96000E-001	4,27116E-005	13	...........	62,29
	703	70,4	9,92240E-001	-1,69960E-002	0,00000E+000	9,94000E-001	3,57116E-005	13	...........	62,30
	704	70,5	9,89863E-001	-1,72502E-002	0,00000E+000	9,92000E-001	4,11116E-005	13	...........	62,30
	705	70,6	9,87952E-001	-1,68163E-002	0,00000E+000	9,90000E-001	3,99116E-005	13	...........	62,30
	706	70,7	9,86031E-001	-1,65691E-002	0,00000E+000	9,88000E-001	3,51116E-005	13	...........	62,28
	707	70,8	9,83830E-001	-1,69796E-002	0,00000E+000	9,86000E-001	4,55116E-005	13	...........	62,31
	708	70,9	9,81802E-001	-1,61433E-002	0,00000E+000	9,84000E-001	4,09116E-005	13	...........	62,30
	709	71	9,79827E-001	-1,57819E-002	0,00000E+000	9,82000E-001	3,57116E-005	13	...........	62,30
	710	71,1	9,77935E-001	-1,59054E-002	0,00000E+000	9,80000E-001	5,17116E-005	13	...........	62,31
	711	71,2	9,75977E-001	-1,59912E-002	0,00000E+000	9,78000E-001	3,55116E-005	13	...........	62,30
	712	71,3	9,73838E-001	-1,56430E-002	0,00000E+000	9,76000E-001	4,71116E-005	13	...........	62,30
	713	71,4	9,71873E-001	-1,57083E-002	0,00000E+000	9,74000E-001	4,55116E-005	13	...........	62,30
	714	71,5	9,69980E-001	-1,53172E-002	0,00000E+000	9,72000E-001	3,23116E-005	13	...........	62,30
	715	71,6	9,68087E-001	-1,52968E-002	0,00000E+000	9,70000E-001	4,85116E-005	13	...........	62,31
	716	71,7	9,65892E-001	-1,49415E-002	0,00000E+000	9,68000E-001	5,41116E-005	13	...........	62,31
	717	71,8	9,63919E-001	-1,47117E-002	0,00000E+000	9,66000E-001	3,87116E-005	13	...........	62,29
	718	71,9	9,62063E-001	-1,38877E-002	0,00000E+000	9,64000E-001	4,15116E-005	13	...........	62,30
	719	72	9,59849E-001	-1,44799E-002	0,00000E+000	9,62000E-001	4,75116E-005	13	...........	62,31
	720	72,1	9,57807E-001	-1,40684E-002	0,00000E+000	9,60000E-001	3,95116E-005	13	...........	62,32
	721	72,2	9,55857E-001	-1,39316E-002	0,00000E+000	9,58000E-001	3,57116E-005	13	...........	62,30
	722	72,3	9,53930E-001	-1,36446E-002	0,00000E+000	9,56000E-001	4,05116E-005	13	...........	62,31
	723	72,4	9,51969E-001	-1,40174E-002	0,00000E+000	9,54000E-001	3,73116E-005	13	...........	62,30
	724	72,5	9,49845E-001	-1,31872E-002	0,00000E+000	9,52000E-001	4,87116E-005	13	...........	62,31
	725	72,6	9,47907E-001	-1,37825E-002	0,00000E+000	9,50000E-001	4,15116E-005	13	...........	62,29
	726	72,7	9,45982E-001	-1,29166E-002	0,00000E+000	9,48000E-001	3,45116E-005	13	...........	62,31
	727	72,8	9,44243E-001	-1,30922E-002	0,00000E+000	9,46000E-001	4,07116E-005	13	...........	62,31
	728	72,9	9,41872E-001	-1,24571E-002	0,00000E+000	9,44000E-001	4,97116E-005	13	...........	62,31
	729	73	9,40038E-001	-1,32280E-002	0,00000E+000	9,42000E-001	4,93116E-005	13	...........	62,31
	730	73,1	9,38036E-001	-1,23979E-002	0,00000E+000	9,40000E-001	3,21116E-005	13	...........	62,31
	731	73,2	9,36142E-001	-1,26174E-002	0,00000E+000	9,38000E-001	4,31116E-005	13	...........	62,31
	732	73,3	9,33867E-001	-1,20793E-002	0,00000E+000	9,36000E-001	4,91116E-005	13	...........	62,31
	733	73,4	9,31922E-001	-1,23233E-002	0,00000E+000	9,34000E-001	3,89116E-005	13	...........	62,31
	734	73,5	9,29961E-001	-1,14441E-002	0,00000E+000	9,32000E-001	4,49116E-005	13	...........	62,30
	735	73,6	9,28041E-001	-1,23417E-002	0,00000E+000	9,30000E-001	4,05116E-005	13	...........	62,30
	736	73,7	9,25927E-001	-1,14492E-002	0,00000E+000	9,28000E-001	4,17116E-005	13	...........	62,30
	737	73,8	9,23990E-001	-1,19751E-002	0,00000E+000	9,26000E-001	4,71116E-005	13	...........	62,32
	738	73,9	9,22017E-001	-1,13471E-002	0,00000E+000	9,24000E-001	4,29116E-005	13	...........	62,31
	739	74	9,20228E-001	-1,18158E-002	0,00000E+000	9,22000E-001	4,51116E-005	13	...........	62,31
	740	74,1	9,17968E-001	-1,12011E-002	0,00000E+000	9,20000E-001	5,77116E-005	13	...........	62,30
	741	74,2	9,16049E-001	-1,15810E-002	0,00000E+000	9,18000E-001	4,95116E-005	13	...........	62,31
	742	74,3	9,14050E-001	-1,07845E-002	0,00000E+000	9,16000E-001	4,09116E-005	13	...........	62,31
	743	74,4	9,12286E-001	-1,14206E-002	0,00000E+000	9,14000E-001	4,33116E-005	13	...........	62,30
	744	74,5	9,09928E-001	-1,06139E-002	0,00000E+000	9,12000E-001	4,31116E-005	13	...........	62,30
	745	74,6	9,07916E-001	-1,15279E-002	0,00000E+000	9,10000E-001	3,41116E-005	13	...........	62,31
	746	74,7	9,05961E-001	-1,02627E-002	0,00000E+000	9,08000E-001	4,63116E-005	13	...........	62,31
	747	74,8	9,04032E-001	-1,08488E-002	0,00000E+000	9,06000E-001	4,39116E-005	13	...........	62,31
	748	74,9	9,01934E-001	-1,02698E-002	0,00000E+000	9,04000E-001	4,43116E-005	13	...........	62,32
	749	75	8,99970E-001	-1,07089E-002	0,00000E+000	9,02000E-001	4,49116E-005	13	...........	62,31
	750	75,1	8,97999E-001	-9,81237E-003	0,00000E+000	9,00000E-001	3,63116E-005	13	...........	62,30
	751	75,2	8,96250E-001	-1,08958E-002	0,00000E+000	8,98000E-001	4,29116E-005	13	...........	62,31
	752	75,3	8,94038E-001	-9,90835E-003	0,00000E+000	8,96000E-001	5,23116E-005	13	...........	62,31
	753	75,4	8,92061E-001	-1,06967E-002	0,00000E+000	8,94000E-001	5,11116E-005	13	...........	62,31
	754	75,5	8,90129E-001	-9,72659E-003	0,00000E+000	8,92000E-001	5,05116E-005	13	...........	62,31
	755	75,6	8,88297E-001	-1,02024E-002	0,00000E+000	8,90000E-001	3,95116E-005	13	...........	62,32
	756	75,7	8,86200E-001	-9,31610E-003	0,00000E+000	8,88000E-001	4,83116E-005	13	...........	62,32
	757	75,8	8,84034E-001	-1,02555E-002	0,00000E+000	8,86000E-001	4,19116E-005	13	...........	62,31
	758	75,9	8,82002E-001	-9,44170E-003	0,00000E+000	8,84000E-001	3,95116E-005	13	...........	62,31
	759	76	8,80070E-001	-9,99106E-003	0,00000E+000	8,82000E-001	4,55116E-005	13	...........	62,31
	760	76,1	8,78023E-001	-9,10166E-003	0,00000E+000	8,80000E-001	4,61116E-005	13	...........	62,31
	761	76,2	8,76011E-001	-1,00094E-002	0,00000E+000	8,78000E-001	4,17116E-005	13	...........	62,30
	762	76,3	8,74037E-001	-8,66871E-003	0,00000E+000	8,76000E-001	4,17116E-005	13	...........	62,31
	763	76,4	8,72205E-001	-1,00901E-002	0,00000E+000	8,74000E-001	3,09116E-005	13	...........	62,30
	764	76,5	8,70090E-001	-8,91378E-003	0,00000E+000	8,72000E-001	4,79116E-005	13	...........	62,31
	765	76,6	8,68061E-001	-9,62652E-003	0,00000E+000	8,70000E-001	4,35116E-005	13	...........	62,30
	766	76,7	8,66110E-001	-8,68504E-003	0,00000E+000	8,68000E-001	4,17116E-005	13	...........	62,31
	767	76,8	8,64322E-001	-1,02014E-002	0,00000E+000	8,66000E-001	4,21116E-005	13	...........	62,31
	768	76,9	8,62185E-001	-8,72997E-003	0,00000E+000	8,64000E-001	4,49116E-005	13	...........	62,32
	769	77	8,60086E-001	-9,83177E-003	0,00000E+000	8,62000E-001	4,83116E-005	13	...........	62,31
	770	77,1	8,58095E-001	-8,63909E-003	0,00000E+000	8,60000E-001	3,87116E-005	13	...........	62,31
	771	77,2	8,56091E-001	-9,79296E-003	0,00000E+000	8,58000E-001	4,53116E-005	13	...........	62,30
	772	77,3	8,54056E-001	-8,45631E-003	0,00000E+000	8,56000E-001	4,45116E-005	13	...........	62,31
	773	77,4	8,52026E-001	-9,92367E-003	0,00000E+000	8,54000E-001	5,03116E-005	13	...........	62,31
	774	77,5	8,50043E-001	-8,54413E-003	0,00000E+000	8,52000E-001	4,51116E-005	13	...........	62,31
	775	77,6	8,48219E-001	-9,60201E-003	0,00000E+000	8,50000E-001	4,13116E-005	13	...........	62,30
	776	77,7	8,46105E-001	-8,64420E-003	0,00000E+000	8,48000E-001	3,69116E-005	13	...........	62,31
	777	77,8	8,44073E-001	-9,72046E-003	0,00000E+000	8,46000E-001	5,07116E-005	13	...........	62,31
	778	77,9	8,42089E-001	-8,05501E-003	0,00000E+000	8,44000E-001	3,85116E-005	13	...........	62,31
	779	78	8,40304E-001	-9,53972E-003	0,00000E+000	8,42000E-001	3,75116E-005	13	...........	62,30
	780	78,1	8,38514E-001	-8,46142E-003	0,00000E+000	8,40000E-001	5,15116E-005	13	...........	62,31
	781	78,2	8,36161E-001	-9,40289E-003	0,00000E+000	8,38000E-001	4,45116E-005	13	...........	62,31
	782	78,3	8,34183E-001	-8,47469E-003	0,00000E+000	8,36000E-001	4,27116E-005	13	...........	62,31
	783	78,4	8,32226E-001	-9,35490E-003	0,00000E+000	8,34000E-001	4,49116E-005	13	...........	62,32
	784	78,5	8,30119E-001	-7,99476E-003	0,00000E+000	8,32000E-001	4,21116E-005	13	...........	62,31
	785	78,6	8,28125E-001	-9,19765E-003	0,00000E+000	8,30000E-001	3,97116E-005	13	...........	62,30
	786	78,7	8,26130E-001	-8,05603E-003	0,00000E+000	8,28000E-001	4,29116E-005	13	...........	62,31
	787	78,8	8,24292E-001	-9,04652E-003	0,00000E+000	8,26000E-001	3,99116E-005	13	...........	62,32
	788	78,9	8,22265E-001	-7,66800E-003	0,00000E+000	8,24000E-001	4,55116E-005	13	...........	62,31
	789	79	8,20194E-001	-9,33550E-003	0,00000E+000	8,22000E-001	5,11116E-005	13	...........	62,32
	790	79,1	8,18210E-001	-7,97945E-003	0,00000E+000	8,20000E-001	4,81116E-005	13	...........	62,31
	791	79,2	8,16340E-001	-8,85864E-003	0,00000E+000	8,18000E-001	3,79116E-005	13	...........	62,30
	792	79,3	8,14346E-001	-7,62308E-003	0,00000E+000	8,16000E-001	4,97116E-005	13	...........	62,31
	793	79,4	8,12300E-001	-8,76163E-003	0,00000E+000	8,14000E-001	5,11116E-005	13	...........	62,31
	794	79,5	8,10245E-001	-7,40047E-003	0,00000E+000	8,12000E-001	4,25116E-005	13	...........	62,31
	795	79,6	8,08385E-001	-9,06490E-003	0,00000E+000	8,10000E-001	4,41116E-005	13	...........	62,31
	796	79,7	8,06186E-001	-7,86406E-003	0,00000E+000	8,08000E-001	5,47116E-005	13	...........	62,31
	797	79,8	8,04186E-001	-8,55434E-003	0,00000E+000	8,06000E-001	4,63116E-005	13	...........	62,32
	798	79,9	8,02203E-001	-7,72621E-003	0,00000E+000	8,04000E-001	4,27116E-005	13	...........	62,31
	799	80	8,00314E-001	-8,41036E-003	0,00000E+000	8,02000E-001	3,51116E-005	13	...........	62,30
	800	80,1	7,98350E-001	-7,15744E-003	0,00000E+000	8,00000E-001	4,05116E-005	13	...........	62,32
	801	80,2	7,96254E-001	-8,49409E-003	0,00000E+000	7,98000E-001	4,97116E-005	13	...........	62,31
	802	80,3	7,94247E-001	-7,65269E-003	0,00000E+000	7,96000E-001	5,23116E-005	13	...........	62,31
	803	80,4	7,92348E-001	-8,44202E-003	0,00000E+000	7,94000E-001	3,83116E-005	13	...........	62,32
	804	80,5	7,90641E-001	-7,45459E-003	0,00000E+000	7,92000E-001	4,73116E-005	13	...........	62,31
	805	80,6	7,88330E-001	-8,25617E-003	0,00000E+000	7,90000E-001	6,39116E-005	13	...........	62,32
	806	80,7	7,86343E-001	-7,12375E-003	0,00000E+000	7,88000E-001	5,39116E-005	13	...........	62,32
	807	80,8	7,84399E-001	-8,06012E-003	0,00000E+000	7,86000E-001	3,99116E-005	13	...........	62,31
	808	80,9	7,82504E-001	-7,58019E-003	0,00000E+000	7,84000E-001	4,89116E-005	13	...........	62,32
	809	81	7,80251E-001	-8,10096E-003	0,00000E+000	7,82000E-001	4,83116E-005	13	...........	62,31
	810	81,1	7,78239E-001	-7,63227E-003	0,00000E+000	7,80000E-001	4,45116E-005	13	...........	62,31
	811	81,2	7,76339E-001	-8,12649E-003	0,00000E+000	7,78000E-001	4,51116E-005	13	...........	62,31
	812	81,3	7,74385E-001	-7,31265E-003	0,00000E+000	7,76000E-001	4,03116E-005	13	...........	62,32
	813	81,4	7,72297E-001	-8,20614E-003	0,00000E+000	7,74000E-001	3,61116E-005	13	...........	62,32
	814	81,5	7,70314E-001	-7,44438E-003	0,00000E+000	7,72000E-001	4,07116E-005	13	...........	62,32
	815	81,6	7,68399E-001	-8,10811E-003	0,00000E+000	7,70000E-001	4,17116E-005	13	...........	62,32
	816	81,7	7,66615E-001	-7,11864E-003	0,00000E+000	7,68000E-001	4,91116E-005	13	...........	62,31
	817	81,8	7,64396E-001	-7,97945E-003	0,00000E+000	7,66000E-001	4,99116E-005	13	...........	62,31
	818	81,9	7,62411E-001	-7,28100E-003	0,00000E+000	7,64000E-001	5,13116E-005	13	...........	62,31
	819	82	7,60439E-001	-7,75480E-003	0,00000E+000	7,62000E-001	4,35116E-005	13	...........	62,31
	820	82,1	7,58700E-001	-7,18910E-003	0,00000E+000	7,60000E-001	4,81116E-005	13	...........	62,31
	821	82,2	7,56357E-001	-7,79769E-003	0,00000E+000	7,58000E-001	5,05116E-005	13	...........	62,32
	822	82,3	7,54277E-001	-7,12170E-003	0,00000E+000	7,56000E-001	5,43116E-005	13	...........	62,31
	823	82,4	7,52341E-001	-7,62716E-003	0,00000E+000	7,54000E-001	4,45116E-005	13	...........	62,32
	824	82,5	7,50403E-001	-7,23301E-003	0,00000E+000	7,52000E-001	4,29116E-005	13	...........	62,31
	825	82,6	7,48337E-001	-7,45765E-003	0,00000E+000	7,50000E-001	4,35116E-005	13	...........	62,32
	826	82,7	7,46323E-001	-7,28610E-003	0,00000E+000	7,48000E-001	4,77116E-005	13	...........	62,32
	827	82,8	7,44379E-001	-7,58938E-003	0,00000E+000	7,46000E-001	3,41116E-005	13	...........	62,32
	828	82,9	7,42664E-001	-6,99713E-003	0,00000E+000	7,44000E-001	3,63116E-005	13	...........	62,32
	829	83	7,40415E-001	-7,10843E-003	0,00000E+000	7,42000E-001	3,67116E-005	13	...........	62,33
	830	83,1	7,38431E-001	-7,13498E-003	0,00000E+000	7,40000E-001	3,99116E-005	13	...........	62,32
	831	83,2	7,36489E-001	-7,47501E-003	0,00000E+000	7,38000E-001	5,11116E-005	13	...........	62,32
	832	83,3	7,34700E-001	-6,97772E-003	0,00000E+000	7,36000E-001	4,47116E-005	13	...........	62,32
	833	83,4	7,32654E-001	-7,47910E-003	0,00000E+000	7,34000E-001	4,21116E-005	13	...........	62,32
	834	83,5	7,30434E-001	-6,97977E-003	0,00000E+000	7,32000E-001	4,69116E-005	13	...........	62,32
	835	83,6	7,28388E-001	-7,06452E-003	0,00000E+000	7,30000E-001	3,91116E-005	13	...........	62,33
	836	83,7	7,26485E-001	-6,85519E-003	0,00000E+000	7,28000E-001	4,25116E-005	13	...........	62,32
	837	83,8	7,24422E-001	-7,36065E-003	0,00000E+000	7,26000E-001	4,37116E-005	13	...........	62,32
	838	83,9	7,22375E-001	-7,30142E-003	0,00000E+000	7,24000E-001	4,67116E-005	13	...........	62,33
	839	84	7,20430E-001	-7,33920E-003	0,00000E+000	7,22000E-001	4,57116E-005	13	...........	62,33
	840	84,1	7,18673E-001	-7,15234E-003	0,00000E+000	7,20000E-001	3,71116E-005	13	...........	62,32
	841	84,2	7,16475E-001	-6,97466E-003	0,00000E+000	7,18000E-001	4,71116E-005	13	...........	62,33
	842	84,3	7,14440E-001	-7,11660E-003	0,00000E+000	7,16000E-001	5,07116E-005	13	...........	62,33
	843	84,4	7,12503E-001	-7,27691E-003	0,00000E+000	7,14000E-001	3,65116E-005	13	...........	62,34
	844	84,5	7,10717E-001	-7,19829E-003	0,00000E+000	7,12000E-001	4,75116E-005	13	...........	62,33
	845	84,6	7,08521E-001	-7,07473E-003	0,00000E+000	7,10000E-001	4,85116E-005	13	...........	62,32
	846	84,7	7,06483E-001	-7,30040E-003	0,00000E+000	7,08000E-001	5,29116E-005	13	...........	62,33
	847	84,8	7,04496E-001	-7,17174E-003	0,00000E+000	7,06000E-001	4,25116E-005	13	...........	62,34
	848	84,9	7,02470E-001	-7,33103E-003	0,00000E+000	7,04000E-001	5,35116E-005	13	...........	62,32
	849	85	7,00419E-001	-7,16255E-003	0,00000E+000	7,02000E-001	5,19116E-005	13	...........	62,33
	850	85,1	6,98423E-001	-7,25445E-003	0,00000E+000	7,00000E-001	4,13116E-005	13	...........	62,34
	851	85,2	6,96447E-001	-7,00938E-003	0,00000E+000	6,98000E-001	3,91116E-005	13	...........	62,33
	852	85,3	6,94657E-001	-7,49543E-003	0,00000E+000	6,96000E-001	4,03116E-005	13	...........	62,34
	853	85,4	6,92504E-001	-6,95424E-003	0,00000E+000	6,94000E-001	4,27116E-005	13	...........	62,33
	854	85,5	6,90504E-001	-6,86949E-003	0,00000E+000	6,92000E-001	3,77116E-005	13	...........	62,33
	855	85,6	6,88494E-001	-7,37290E-003	0,00000E+000	6,90000E-001	4,51116E-005	13	...........	62,32
	856	85,7	6,86673E-001	-7,28202E-003	0,00000E+000	6,88000E-001	4,79116E-005	13	...........	62,33
	857	85,8	6,84859E-001	-6,62033E-003	0,00000E+000	6,86000E-001	4,21116E-005	13	...........	62,32
	858	85,9	6,82519E-001	-6,97058E-003	0,00000E+000	6,84000E-001	4,71116E-005	13	...........	62,34
	859	86	6,80576E-001	-6,55906E-003	0,00000E+000	6,82000E-001	4,31116E-005	13	...........	62,33
	860	86,1	6,78597E-001	-6,82558E-003	0,00000E+000	6,80000E-001	4,07116E-005	13	...........	62,34
	861	86,2	6,76466E-001	-6,69998E-003	0,00000E+000	6,78000E-001	4,81116E-005	13	...........	62,34
	862	86,3	6,74489E-001	-7,09413E-003	0,00000E+000	6,76000E-001	4,35116E-005	13	...........	62,34
	863	86,4	6,72485E-001	-6,87970E-003	0,00000E+000	6,74000E-001	4,13116E-005	13	...........	62,33
	864	86,5	6,70667E-001	-6,88480E-003	0,00000E+000	6,72000E-001	4,73116E-005	13	...........	62,34
	865	86,6	6,68609E-001	-6,95220E-003	0,00000E+000	6,70000E-001	4,45116E-005	13	...........	62,33
	866	86,7	6,66566E-001	-7,47910E-003	0,00000E+000	6,68000E-001	4,65116E-005	13	...........	62,33
	867	86,8	6,64539E-001	-6,76635E-003	0,00000E+000	6,66000E-001	4,65116E-005	13	...........	62,33
	868	86,9	6,62718E-001	-7,33512E-003	0,00000E+000	6,64000E-001	4,25116E-005	13	...........	62,34
	869	87	6,60615E-001	-7,16459E-003	0,00000E+000	6,62000E-001	5,17116E-005	13	...........	62,33
	870	87,1	6,58593E-001	-7,24015E-003	0,00000E+000	6,60000E-001	4,95116E-005	13	...........	62,34
	871	87,2	6,56554E-001	-7,11762E-003	0,00000E+000	6,58000E-001	3,39116E-005	13	...........	62,32
	872	87,3	6,54713E-001	-7,44336E-003	0,00000E+000	6,56000E-001	4,99116E-005	13	...........	62,33
	873	87,4	6,52495E-001	-6,85723E-003	0,00000E+000	6,54000E-001	4,93116E-005	13	...........	62,34
	874	87,5	6,50506E-001	-7,24934E-003	0,00000E+000	6,52000E-001	3,63116E-005	13	...........	62,33
	875	87,6	6,48517E-001	-6,97058E-003	0,00000E+000	6,50000E-001	4,25116E-005	13	...........	62,33
	876	87,7	6,46651E-001	-7,54547E-003	0,00000E+000	6,48000E-001	3,99116E-005	13	...........	62,32
	877	87,8	6,44594E-001	-6,99508E-003	0,00000E+000	6,46000E-001	3,75116E-005	13	...........	62,34
	878	87,9	6,42544E-001	-7,70272E-003	0,00000E+000	6,44000E-001	4,71116E-005	13	...........	62,33
	879	88	6,40553E-001	-7,23505E-003	0,00000E+000	6,42000E-001	4,17116E-005	13	...........	62,34
	880	88,1	6,38722E-001	-7,29632E-003	0,00000E+000	6,40000E-001	4,23116E-005	13	...........	62,33
	881	88,2	6,36792E-001	-7,73029E-003	0,00000E+000	6,38000E-001	4,43116E-005	13	...........	62,33
	882	88,3	6,34589E-001	-7,76399E-003	0,00000E+000	6,36000E-001	4,03116E-005	13	...........	62,34
	883	88,4	6,32631E-001	-7,26364E-003	0,00000E+000	6,34000E-001	4,55116E-005	13	...........	62,34
	884	88,5	6,30747E-001	-7,57202E-003	0,00000E+000	6,32000E-001	4,29116E-005	13	...........	62,33
	885	88,6	6,28705E-001	-7,34227E-003	0,00000E+000	6,30000E-001	5,39116E-005	13	...........	62,34
	886	88,7	6,26564E-001	-7,62308E-003	0,00000E+000	6,28000E-001	4,35116E-005	13	...........	62,34
	887	88,8	6,24558E-001	-7,47297E-003	0,00000E+000	6,26000E-001	4,59116E-005	13	...........	62,35
	888	88,9	6,22685E-001	-7,94167E-003	0,00000E+000	6,24000E-001	3,83116E-005	13	...........	62,33
	889	89	6,20620E-001	-7,51381E-003	0,00000E+000	6,22000E-001	5,05116E-005	13	...........	62,34
	890	89,1	6,18600E-001	-8,16529E-003	0,00000E+000	6,20000E-001	5,09116E-005	13	...........	62,34
	891	89,2	6,16604E-001	-7,64452E-003	0,00000E+000	6,18000E-001	4,33116E-005	13	...........	62,34
	892	89,3	6,14741E-001	-8,00498E-003	0,00000E+000	6,16000E-001	4,11116E-005	13	...........	62,34
	893	89,4	6,12827E-001	-7,79360E-003	0,00000E+000	6,14000E-001	4,97116E-005	13	...........	62,34
	894	89,5	6,10668E-001	-8,50839E-003	0,00000E+000	6,12000E-001	4,95116E-005	13	...........	62,35
	895	89,6	6,08687E-001	-8,15100E-003	0,00000E+000	6,10000E-001	5,67116E-005	13	...........	62,33
	896	89,7	6,06772E-001	-8,83923E-003	0,00000E+000	6,08000E-001	4,87116E-005	13	...........	62,34
	897	89,8	6,05027E-001	-8,22758E-003	0,00000E+000	6,06000E-001	4,71116E-005	13	...........	62,33
	898	89,9	6,02635E-001	-8,86170E-003	0,00000E+000	6,04000E-001	4,25116E-005	13	...........	62,34
	899	90	6,00594E-001	-8,06726E-003	0,00000E+000	6,02000E-001	5,53116E-005	13	...........	62,35
	900	90,1	5,98698E-001	-9,12413E-003	0,00000E+000	6,00000E-001	3,95116E-005	13	...........	62,34
	901	90,2	5,96656E-001	-8,54923E-003	0,00000E+000	5,98000E-001	4,21116E-005	13	...........	62,34
	902	90,3	5,94628E-001	-9,21705E-003	0,00000E+000	5,96000E-001	5,05116E-005	13	...........	62,35
	903	90,4	5,92631E-001	-8,95973E-003	0,00000E+000	5,94000E-001	4,15116E-005	13	...........	62,34
	904	90,5	5,90727E-001	-9,43557E-003	0,00000E+000	5,92000E-001	3,81116E-005	13	...........	62,34
	905	90,6	5,88966E-001	-8,61663E-003	0,00000E+000	5,90000E-001	4,05116E-005	13	...........	62,34
	906	90,7	5,86640E-001	-9,71230E-003	0,00000E+000	5,88000E-001	4,25116E-005	13	...........	62,35
	907	90,8	5,84715E-001	-9,16395E-003	0,00000E+000	5,86000E-001	4,41116E-005	13	...........	62,35
	908	90,9	5,82823E-001	-9,58874E-003	0,00000E+000	5,84000E-001	4,81116E-005	13	...........	62,35
	909	91	5,81010E-001	-9,11494E-003	0,00000E+000	5,82000E-001	4,33116E-005	13	...........	62,33
	910	91,1	5,78787E-001	-1,01820E-002	0,00000E+000	5,80000E-001	3,61116E-005	13	...........	62,36
	911	91,2	5,76714E-001	-9,17620E-003	0,00000E+000	5,78000E-001	4,77116E-005	13	...........	62,35
	912	91,3	5,74728E-001	-1,05414E-002	0,00000E+000	5,76000E-001	4,61116E-005	13	...........	62,36
	913	91,4	5,72702E-001	-9,83789E-003	0,00000E+000	5,74000E-001	4,95116E-005	13	...........	62,35
	914	91,5	5,70652E-001	-1,02331E-002	0,00000E+000	5,72000E-001	5,07116E-005	13	...........	62,36
	915	91,6	5,68706E-001	-9,77458E-003	0,00000E+000	5,70000E-001	4,91116E-005	13	...........	62,35
	916	91,7	5,66768E-001	-1,11419E-002	0,00000E+000	5,68000E-001	3,55116E-005	13	...........	62,35
	917	91,8	5,64900E-001	-1,00962E-002	0,00000E+000	5,66000E-001	3,07116E-005	13	...........	62,35
	918	91,9	5,62673E-001	-1,09499E-002	0,00000E+000	5,64000E-001	3,95116E-005	13	...........	62,34
	919	92	5,60740E-001	-1,00911E-002	0,00000E+000	5,62000E-001	4,01116E-005	13	...........	62,36
	920	92,1	5,58843E-001	-1,09775E-002	0,00000E+000	5,60000E-001	4,15116E-005	13	...........	62,35
	921	92,2	5,57102E-001	-1,00697E-002	0,00000E+000	5,58000E-001	3,31116E-005	13	...........	62,35
	922	92,3	5,54781E-001	-1,17454E-002	0,00000E+000	5,56000E-001	4,93116E-005	13	...........	62,35
	923	92,4	5,52804E-001	-1,04536E-002	0,00000E+000	5,54000E-001	4,39116E-005	13	...........	62,35
	924	92,5	5,50869E-001	-1,14502E-002	0,00000E+000	5,52000E-001	4,19116E-005	13	...........	62,36
	925	92,6	5,48742E-001	-1,07967E-002	0,00000E+000	5,50000E-001	4,81116E-005	13	...........	62,35
	926	92,7	5,46710E-001	-1,18260E-002	0,00000E+000	5,48000E-001	5,15116E-005	13	...........	62,35
	927	92,8	5,44735E-001	-1,09591E-002	0,00000E+000	5,46000E-001	4,81116E-005	13	...........	62,36
	928	92,9	5,42780E-001	-1,20731E-002	0,00000E+000	5,44000E-001	4,53116E-005	13	...........	62,36
	929	93	5,40927E-001	-1,14155E-002	0,00000E+000	5,42000E-001	4,25116E-005	13	...........	62,36
	930	93,1	5,38717E-001	-1,22590E-002	0,00000E+000	5,40000E-001	4,87116E-005	13	...........	62,36
	931	93,2	5,36810E-001	-1,16494E-002	0,00000E+000	5,38000E-001	4,43116E-005	13	...........	62,35
	932	93,3	5,34846E-001	-1,24203E-002	0,00000E+000	5,36000E-001	2,89116E-005	13	...........	62,36
	933	93,4	5,33077E-001	-1,16575E-002	0,00000E+000	5,34000E-001	4,45116E-005	13	...........	62,36
	934	93,5	5,30962E-001	-1,28951E-002	0,00000E+000	5,32000E-001	5,09116E-005	13	...........	62,36
	935	93,6	5,28880E-001	-1,22212E-002	0,00000E+000	5,30000E-001	4,01116E-005	13	...........	62,35
	936	93,7	5,26951E-001	-1,31637E-002	0,00000E+000	5,28000E-001	4,17116E-005	13	...........	62,36
	937	93,8	5,24810E-001	-1,24765E-002	0,00000E+000	5,26000E-001	4,55116E-005	13	...........	62,35
	938	93,9	5,22763E-001	-1,34108E-002	0,00000E+000	5,24000E-001	3,39116E-005	13	...........	62,36
	939	94	5,20810E-001	-1,27113E-002	0,00000E+000	5,22000E-001	4,27116E-005	13	...........	62,36
	940	94,1	5,18837E-001	-1,31331E-002	0,00000E+000	5,20000E-001	3,99116E-005	13	...........	62,36
	941	94,2	5,17014E-001	-1,29860E-002	0,00000E+000	5,18000E-001	3,91116E-005	13	...........	62,36
	942	94,3	5,14843E-001	-1,35344E-002	0,00000E+000	5,16000E-001	4,19116E-005	13	...........	62,37
	943	94,4	5,12920E-001	-1,33679E-002	0,00000E+000	5,14000E-001	4,41116E-005	13	...........	62,37
	944	94,5	5,10886E-001	-1,40265E-002	0,00000E+000	5,12000E-001	3,67116E-005	13	...........	62,36
	945	94,6	5,09103E-001	-1,31800E-002	0,00000E+000	5,10000E-001	4,05116E-005	13	...........	62,36
	946	94,7	5,06871E-001	-1,36232E-002	0,00000E+000	5,08000E-001	5,09116E-005	13	...........	62,36
	947	94,8	5,04939E-001	-1,32597E-002	0,00000E+000	5,06000E-001	5,17116E-005	13	...........	62,35
	948	94,9	5,02935E-001	-1,40255E-002	0,00000E+000	5,04000E-001	4,55116E-005	13	...........	62,36
	949	95	5,01035E-001	-1,32188E-002	0,00000E+000	5,02000E-001	4,61116E-005	13	...........	62,36
	950	95,1	4,98791E-001	-1,41123E-002	0,00000E+000	5,00000E-001	3,65116E-005	13	...........	62,36
	951	95,2	4,96817E-001	-1,38397E-002	0,00000E+000	4,98000E-001	4,27116E-005	13	...........	62,37
	952	95,3	4,94835E-001	-1,42910E-002	0,00000E+000	4,96000E-001	3,19116E-005	13	...........	62,36
	953	95,4	4,92974E-001	-1,39336E-002	0,00000E+000	4,94000E-001	4,29116E-005	13	...........	62,36
	954	95,5	4,90865E-001	-1,46290E-002	0,00000E+000	4,92000E-001	3,59116E-005	13	...........	62,37
	955	95,6	4,88894E-001	-1,43359E-002	0,00000E+000	4,90000E-001	4,41116E-005	13	...........	62,36
	956	95,7	4,86914E-001	-1,49425E-002	0,00000E+000	4,88000E-001	4,19116E-005	13	...........	62,36
	957	95,8	4,85115E-001	-1,45861E-002	0,00000E+000	4,86000E-001	3,53116E-005	13	...........	62,36
	958	95,9	4,83057E-001	-1,50436E-002	0,00000E+000	4,84000E-001	4,69116E-005	13	...........	62,36
	959	96	4,80965E-001	-1,45586E-002	0,00000E+000	4,82000E-001	5,27116E-005	13	...........	62,36
	960	96,1	4,78979E-001	-1,52590E-002	0,00000E+000	4,80000E-001	5,33116E-005	13	...........	62,37
	961	96,2	4,77134E-001	-1,47852E-002	0,00000E+000	4,78000E-001	2,73116E-005	13	...........	62,36
	962	96,3	4,74838E-001	-1,54143E-002	0,00000E+000	4,76000E-001	5,05116E-005	13	...........	62,37
	963	96,4	4,72892E-001	-1,52825E-002	0,00000E+000	4,74000E-001	5,59116E-005	13	...........	62,36
	964	96,5	4,70903E-001	-1,58891E-002	0,00000E+000	4,72000E-001	3,19116E-005	13	...........	62,36
	965	96,6	4,69031E-001	-1,57063E-002	0,00000E+000	4,70000E-001	4,21116E-005	13	...........	62,37
	966	96,7	4,66945E-001	-1,62506E-002	0,00000E+000	4,68000E-001	4,29116E-005	13	...........	62,36
	967	96,8	4,64947E-001	-1,60218E-002	0,00000E+000	4,66000E-001	2,85116E-005	13	...........	62,37
	968	96,9	4,62954E-001	-1,63455E-002	0,00000E+000	4,64000E-001	4,05116E-005	13	...........	62,37
	969	97	4,61116E-001	-1,67366E-002	0,00000E+000	4,62000E-001	4,99116E-005	13	...........	62,37
	970	97,1	4,59080E-001	-1,69419E-002	0,00000E+000	4,60000E-001	5,05116E-005	13	...........	62,37
	971	97,2	4,56986E-001	-1,65640E-002	0,00000E+000	4,58000E-001	5,51116E-005	13	...........	62,36
	972	97,3	4,55052E-001	-1,74330E-002	0,00000E+000	4,56000E-001	4,53116E-005	13	...........	62,38
	973	97,4	4,53152E-001	-1,74953E-002	0,00000E+000	4,54000E-001	4,17116E-005	13	...........	62,37
	974	97,5	4,51350E-001	-1,76127E-002	0,00000E+000	4,52000E-001	5,21116E-005	13	...........	62,36
	975	97,6	4,48932E-001	-1,74851E-002	0,00000E+000	4,50000E-001	4,51116E-005	13	...........	62,37
	976	97,7	4,46947E-001	-1,79068E-002	0,00000E+000	4,48000E-001	5,05116E-005	13	...........	62,37
	977	97,8	4,45007E-001	-1,75198E-002	0,00000E+000	4,46000E-001	3,13116E-005	13	...........	62,38
	978	97,9	4,42975E-001	-1,80528E-002	0,00000E+000	4,44000E-001	3,97116E-005	13	...........	62,37
	979	98	4,40970E-001	-1,84092E-002	0,00000E+000	4,42000E-001	4,69116E-005	13	...........	62,37
	980	98,1	4,38977E-001	-1,82795E-002	0,00000E+000	4,40000E-001	3,31116E-005	13	...........	62,36
	981	98,2	4,37075E-001	-1,82254E-002	0,00000E+000	4,38000E-001	2,59116E-005	13	...........	62,38
	982	98,3	4,35156E-001	-1,88544E-002	0,00000E+000	4,36000E-001	4,55116E-005	13	...........	62,37
	983	98,4	4,32983E-001	-1,88616E-002	0,00000E+000	4,34000E-001	4,33116E-005	13	...........	62,36
	984	98,5	4,31076E-001	-1,90311E-002	0,00000E+000	4,32000E-001	3,77116E-005	13	...........	62,37
	985	98,6	4,29177E-001	-1,92230E-002	0,00000E+000	4,30000E-001	3,89116E-005	13	...........	62,38
	986	98,7	4,27491E-001	-1,93895E-002	0,00000E+000	4,28000E-001	4,49116E-005	13	...........	62,38
	987	98,8	4,25275E-001	-1,96152E-002	0,00000E+000	4,26000E-001	4,61116E-005	13	...........	62,38
	988	98,9	4,23159E-001	-2,00787E-002	0,00000E+000	4,24000E-001	4,17116E-005	13	...........	62,38
	989	99	4,21088E-001	-1,98255E-002	0,00000E+000	4,22000E-001	4,17116E-005	13	...........	62,37
	990	99,1	4,19031E-001	-2,00542E-002	0,00000E+000	4,20000E-001	3,95116E-005	13	...........	62,37
	991	99,2	4,17003E-001	-2,04259E-002	0,00000E+000	4,18000E-001	4,17116E-005	13	...........	62,38
	992	99,3	4,15067E-001	-2,06730E-002	0,00000E+000	4,16000E-001	4,27116E-005	13	...........	62,38
	993	99,4	4,13139E-001	-2,08140E-002	0,00000E+000	4,14000E-001	4,09116E-005	13	...........	62,38
	994	99,5	4,11351E-001	-2,08558E-002	0,00000E+000	4,12000E-001	4,99116E-005	13	...........	62,38
	995	99,6	4,09009E-001	-2,10304E-002	0,00000E+000	4,10000E-001	4,95116E-005	13	...........	62,38
	996	99,7	4,07049E-001	-2,09692E-002	0,00000E+000	4,08000E-001	4,39116E-005	13	...........	62,38
	997	99,8	4,05167E-001	-2,15124E-002	0,00000E+000	4,06000E-001	4,63116E-005	13	...........	62,38
	998	99,9	4,03478E-001	-2,13286E-002	0,00000E+000	4,04000E-001	3,47116E-005	13	...........	62,38
	999	100	4,01088E-001	-2,15114E-002	0,00000E+000	4,02000E-001	4,29116E-005	13	...........	62,37
	1000	100,1	3,99112E-001	-2,17054E-002	0,00000E+000	4,00000E-001	3,99116E-005	13	...........	62,38
CURVE2	TABLE
	Pt	T	Vf	Im	Vu	Sig	Ach	IERange	Over	Temp
	#	s	V vs. Ref.	A	V	V	V	#	bits	deg C
	1001	100,2	4,00990E-001	-1,32617E-002	0,00000E+000	4,02000E-001	4,51116E-005	13	...........	62,38
	1002	100,3	4,03433E-001	-8,69321E-003	0,00000E+000	4,04000E-001	5,83116E-005	13	...........	62,39
	1003	100,4	4,05156E-001	-6,46614E-003	0,00000E+000	4,06000E-001	4,49116E-005	13	...........	62,39
	1004	100,5	4,07041E-001	-4,68428E-003	0,00000E+000	4,08000E-001	4,21116E-005	13	...........	62,39
	1005	100,6	4,09001E-001	-3,24654E-003	0,00000E+000	4,10000E-001	4,35116E-005	13	...........	62,39
	1006	100,7	4,11240E-001	-1,83841E-003	0,00000E+000	4,12000E-001	4,61116E-005	13	...........	62,39
	1007	100,8	4,13149E-001	-1,30232E-003	0,00000E+000	4,14000E-001	4,17116E-005	13	...........	62,38
	1008	100,9	4,15032E-001	4,72230E-006	0,00000E+000	4,16000E-001	4,45116E-005	13	...........	62,37
	1009	101	4,16990E-001	6,15355E-004	0,00000E+000	4,18000E-001	4,75116E-005	13	...........	62,38
	1010	101,1	4,19010E-001	9,64579E-004	0,00000E+000	4,20000E-001	4,11116E-005	13	...........	62,40
	1011	101,2	4,21077E-001	1,80803E-003	0,00000E+000	4,22000E-001	3,81116E-005	13	...........	62,38
	1012	101,3	4,23044E-001	2,00817E-003	0,00000E+000	4,24000E-001	3,77116E-005	13	...........	62,39
	1013	101,4	4,24994E-001	2,45950E-003	0,00000E+000	4,26000E-001	5,17116E-005	13	...........	62,38
	1014	101,5	4,27357E-001	3,50616E-003	0,00000E+000	4,28000E-001	4,35116E-005	13	...........	62,38
	1015	101,6	4,29149E-001	3,56538E-003	0,00000E+000	4,30000E-001	3,67116E-005	13	...........	62,38
	1016	101,7	4,31025E-001	4,21584E-003	0,00000E+000	4,32000E-001	5,19116E-005	13	...........	62,38
	1017	101,8	4,32940E-001	4,31795E-003	0,00000E+000	4,34000E-001	4,13116E-005	13	...........	62,39
	1018	101,9	4,35106E-001	5,15527E-003	0,00000E+000	4,36000E-001	5,09116E-005	13	...........	62,39
	1019	102	4,37035E-001	5,16855E-003	0,00000E+000	4,38000E-001	3,63116E-005	13	...........	62,40
	1020	102,1	4,38962E-001	5,59538E-003	0,00000E+000	4,40000E-001	3,63116E-005	13	...........	62,39
	1021	102,2	4,40922E-001	5,58210E-003	0,00000E+000	4,42000E-001	4,69116E-005	13	...........	62,39
	1022	102,3	4,42964E-001	6,05488E-003	0,00000E+000	4,44000E-001	4,33116E-005	13	...........	62,38
	1023	102,4	4,44987E-001	6,21418E-003	0,00000E+000	4,46000E-001	4,03116E-005	13	...........	62,39
	1024	102,5	4,46908E-001	6,84932E-003	0,00000E+000	4,48000E-001	4,67116E-005	13	...........	62,39
	1025	102,6	4,48937E-001	6,94735E-003	0,00000E+000	4,50000E-001	4,85116E-005	13	...........	62,39
	1026	102,7	4,51346E-001	7,23734E-003	0,00000E+000	4,52000E-001	4,65116E-005	13	...........	62,39
	1027	102,8	4,53147E-001	7,31801E-003	0,00000E+000	4,54000E-001	3,87116E-005	13	...........	62,38
	1028	102,9	4,55024E-001	7,44668E-003	0,00000E+000	4,56000E-001	4,93116E-005	13	...........	62,39
	1029	103	4,56978E-001	7,11379E-003	0,00000E+000	4,58000E-001	4,09116E-005	13	...........	62,38
	1030	103,1	4,59059E-001	7,86840E-003	0,00000E+000	4,60000E-001	4,63116E-005	13	...........	62,39
	1031	103,2	4,61118E-001	8,20027E-003	0,00000E+000	4,62000E-001	4,03116E-005	13	...........	62,39
	1032	103,3	4,62937E-001	8,12776E-003	0,00000E+000	4,64000E-001	4,73116E-005	13	...........	62,39
	1033	103,4	4,64937E-001	8,16861E-003	0,00000E+000	4,66000E-001	4,41116E-005	13	...........	62,39
	1034	103,5	4,66938E-001	8,49945E-003	0,00000E+000	4,68000E-001	5,01116E-005	13	...........	62,40
	1035	103,6	4,69051E-001	8,75269E-003	0,00000E+000	4,70000E-001	3,83116E-005	13	...........	62,39
	1036	103,7	4,70898E-001	8,83847E-003	0,00000E+000	4,72000E-001	3,59116E-005	13	...........	62,40
	1037	103,8	4,72891E-001	8,90586E-003	0,00000E+000	4,74000E-001	4,13116E-005	13	...........	62,39
	1038	103,9	4,75006E-001	9,26223E-003	0,00000E+000	4,76000E-001	3,81116E-005	13	...........	62,39
	1039	104	4,77129E-001	8,94262E-003	0,00000E+000	4,78000E-001	3,29116E-005	13	...........	62,40
	1040	104,1	4,78987E-001	9,42663E-003	0,00000E+000	4,80000E-001	4,91116E-005	13	...........	62,39
	1041	104,2	4,80980E-001	9,44195E-003	0,00000E+000	4,82000E-001	4,91116E-005	13	...........	62,38
	1042	104,3	4,83213E-001	9,52058E-003	0,00000E+000	4,84000E-001	4,59116E-005	13	...........	62,39
	1043	104,4	4,85116E-001	9,91269E-003	0,00000E+000	4,86000E-001	3,93116E-005	13	...........	62,39
	1044	104,5	4,86929E-001	9,98111E-003	0,00000E+000	4,88000E-001	5,03116E-005	13	...........	62,39
	1045	104,6	4,88889E-001	9,24998E-003	0,00000E+000	4,90000E-001	4,13116E-005	13	...........	62,38
	1046	104,7	4,90915E-001	9,87491E-003	0,00000E+000	4,92000E-001	4,69116E-005	13	...........	62,41
	1047	104,8	4,93028E-001	9,86776E-003	0,00000E+000	4,94000E-001	5,13116E-005	13	...........	62,40
	1048	104,9	4,94853E-001	1,01230E-002	0,00000E+000	4,96000E-001	3,41116E-005	13	...........	62,40
	1049	105	4,96821E-001	9,74522E-003	0,00000E+000	4,98000E-001	4,77116E-005	13	...........	62,40
	1050	105,1	4,98805E-001	1,02803E-002	0,00000E+000	5,00000E-001	3,99116E-005	13	...........	62,39
	1051	105,2	5,01052E-001	1,02058E-002	0,00000E+000	5,02000E-001	3,95116E-005	13	...........	62,40
	1052	105,3	5,02934E-001	1,03385E-002	0,00000E+000	5,04000E-001	3,57116E-005	13	...........	62,40
	1053	105,4	5,04962E-001	1,02711E-002	0,00000E+000	5,06000E-001	4,79116E-005	13	...........	62,40
	1054	105,5	5,06951E-001	1,05652E-002	0,00000E+000	5,08000E-001	4,49116E-005	13	...........	62,39
	1055	105,6	5,09111E-001	1,02640E-002	0,00000E+000	5,10000E-001	4,31116E-005	13	...........	62,38
	1056	105,7	5,10907E-001	1,07459E-002	0,00000E+000	5,12000E-001	4,73116E-005	13	...........	62,39
	1057	105,8	5,12933E-001	1,04682E-002	0,00000E+000	5,14000E-001	3,85116E-005	13	...........	62,40
	1058	105,9	5,14923E-001	1,08685E-002	0,00000E+000	5,16000E-001	5,03116E-005	13	...........	62,40
	1059	106	5,17067E-001	1,05488E-002	0,00000E+000	5,18000E-001	4,37116E-005	13	...........	62,40
	1060	106,1	5,18837E-001	1,09644E-002	0,00000E+000	5,20000E-001	3,87116E-005	13	...........	62,40
	1061	106,2	5,20828E-001	1,06019E-002	0,00000E+000	5,22000E-001	4,55116E-005	13	...........	62,41
	1062	106,3	5,22811E-001	1,07235E-002	0,00000E+000	5,24000E-001	4,73116E-005	13	...........	62,40
	1063	106,4	5,24877E-001	1,08511E-002	0,00000E+000	5,26000E-001	4,27116E-005	13	...........	62,39
	1064	106,5	5,26977E-001	1,10094E-002	0,00000E+000	5,28000E-001	3,83116E-005	13	...........	62,39
	1065	106,6	5,28913E-001	1,06949E-002	0,00000E+000	5,30000E-001	3,47116E-005	13	...........	62,40
	1066	106,7	5,31206E-001	1,11084E-002	0,00000E+000	5,32000E-001	4,47116E-005	13	...........	62,40
	1067	106,8	5,33013E-001	1,09226E-002	0,00000E+000	5,34000E-001	3,75116E-005	13	...........	62,40
	1068	106,9	5,34854E-001	1,09828E-002	0,00000E+000	5,36000E-001	3,79116E-005	13	...........	62,40
	1069	107	5,36866E-001	1,12759E-002	0,00000E+000	5,38000E-001	3,57116E-005	13	...........	62,39
	1070	107,1	5,38870E-001	1,10359E-002	0,00000E+000	5,40000E-001	5,11116E-005	13	...........	62,40
	1071	107,2	5,41002E-001	1,08388E-002	0,00000E+000	5,42000E-001	2,95116E-005	13	...........	62,40
	1072	107,3	5,42809E-001	1,12544E-002	0,00000E+000	5,44000E-001	3,37116E-005	13	...........	62,40
	1073	107,4	5,44765E-001	1,11094E-002	0,00000E+000	5,46000E-001	3,75116E-005	13	...........	62,39
	1074	107,5	5,46755E-001	1,10931E-002	0,00000E+000	5,48000E-001	4,03116E-005	13	...........	62,40
	1075	107,6	5,48813E-001	1,09961E-002	0,00000E+000	5,50000E-001	4,55116E-005	13	...........	62,40
	1076	107,7	5,50933E-001	1,12738E-002	0,00000E+000	5,52000E-001	4,41116E-005	13	...........	62,40
	1077	107,8	5,52885E-001	1,10451E-002	0,00000E+000	5,54000E-001	4,89116E-005	13	...........	62,40
	1078	107,9	5,54880E-001	1,10186E-002	0,00000E+000	5,56000E-001	4,65116E-005	13	...........	62,41
	1079	108	5,57117E-001	1,13127E-002	0,00000E+000	5,58000E-001	3,71116E-005	13	...........	62,40
	1080	108,1	5,58886E-001	1,14597E-002	0,00000E+000	5,60000E-001	4,81116E-005	13	...........	62,40
	1081	108,2	5,60814E-001	1,12524E-002	0,00000E+000	5,62000E-001	3,97116E-005	13	...........	62,40
	1082	108,3	5,62805E-001	1,13576E-002	0,00000E+000	5,64000E-001	4,95116E-005	13	...........	62,41
	1083	108,4	5,65044E-001	1,10727E-002	0,00000E+000	5,66000E-001	3,93116E-005	13	...........	62,41
	1084	108,5	5,66789E-001	1,12310E-002	0,00000E+000	5,68000E-001	4,29116E-005	13	...........	62,40
	1085	108,6	5,68739E-001	1,12473E-002	0,00000E+000	5,70000E-001	4,47116E-005	13	...........	62,41
	1086	108,7	5,70696E-001	1,16323E-002	0,00000E+000	5,72000E-001	3,83116E-005	13	...........	62,40
	1087	108,8	5,72767E-001	1,11472E-002	0,00000E+000	5,74000E-001	3,37116E-005	13	...........	62,40
	1088	108,9	5,74752E-001	1,12330E-002	0,00000E+000	5,76000E-001	3,75116E-005	13	...........	62,40
	1089	109	5,76813E-001	1,13760E-002	0,00000E+000	5,78000E-001	4,33116E-005	13	...........	62,41
	1090	109,1	5,79127E-001	1,12820E-002	0,00000E+000	5,80000E-001	4,13116E-005	13	...........	62,40
	1091	109,2	5,81069E-001	1,14035E-002	0,00000E+000	5,82000E-001	3,87116E-005	13	...........	62,40
	1092	109,3	5,82861E-001	1,13290E-002	0,00000E+000	5,84000E-001	3,95116E-005	13	...........	62,41
	1093	109,4	5,84806E-001	1,10604E-002	0,00000E+000	5,86000E-001	4,49116E-005	13	...........	62,40
	1094	109,5	5,86707E-001	1,11666E-002	0,00000E+000	5,88000E-001	4,53116E-005	13	...........	62,41
	1095	109,6	5,89028E-001	1,14086E-002	0,00000E+000	5,90000E-001	3,67116E-005	13	...........	62,41
	1096	109,7	5,90764E-001	1,11350E-002	0,00000E+000	5,92000E-001	3,75116E-005	13	...........	62,41
	1097	109,8	5,92678E-001	1,08501E-002	0,00000E+000	5,94000E-001	4,29116E-005	13	...........	62,40
	1098	109,9	5,94656E-001	1,12565E-002	0,00000E+000	5,96000E-001	4,27116E-005	13	...........	62,41
	1099	110	5,96726E-001	1,13841E-002	0,00000E+000	5,98000E-001	4,43116E-005	13	...........	62,40
	1100	110,1	5,98717E-001	1,11554E-002	0,00000E+000	6,00000E-001	4,19116E-005	13	...........	62,40
	1101	110,2	6,00631E-001	1,12289E-002	0,00000E+000	6,02000E-001	3,93116E-005	13	...........	62,41
	1102	110,3	6,02648E-001	1,09124E-002	0,00000E+000	6,04000E-001	4,65116E-005	13	...........	62,41
	1103	110,4	6,05108E-001	1,10686E-002	0,00000E+000	6,06000E-001	4,19116E-005	13	...........	62,41
	1104	110,5	6,06830E-001	1,12105E-002	0,00000E+000	6,08000E-001	4,63116E-005	13	...........	62,41
	1105	110,6	6,08767E-001	1,10216E-002	0,00000E+000	6,10000E-001	4,07116E-005	13	...........	62,41
	1106	110,7	6,10728E-001	1,09165E-002	0,00000E+000	6,12000E-001	4,75116E-005	13	...........	62,41
	1107	110,8	6,12890E-001	1,08654E-002	0,00000E+000	6,14000E-001	3,55116E-005	13	...........	62,41
	1108	110,9	6,14763E-001	1,12544E-002	0,00000E+000	6,16000E-001	3,95116E-005	13	...........	62,41
	1109	111	6,16657E-001	1,10369E-002	0,00000E+000	6,18000E-001	4,47116E-005	13	...........	62,41
	1110	111,1	6,18610E-001	1,07755E-002	0,00000E+000	6,20000E-001	4,57116E-005	13	...........	62,40
	1111	111,2	6,20646E-001	1,10043E-002	0,00000E+000	6,22000E-001	4,29116E-005	13	...........	62,40
	1112	111,3	6,22708E-001	1,09747E-002	0,00000E+000	6,24000E-001	3,93116E-005	13	...........	62,40
	1113	111,4	6,24583E-001	1,08215E-002	0,00000E+000	6,26000E-001	3,95116E-005	13	...........	62,41
	1114	111,5	6,26567E-001	1,06050E-002	0,00000E+000	6,28000E-001	4,69116E-005	13	...........	62,41
	1115	111,6	6,28754E-001	1,08531E-002	0,00000E+000	6,30000E-001	3,97116E-005	13	...........	62,41
	1116	111,7	6,30757E-001	1,05509E-002	0,00000E+000	6,32000E-001	4,37116E-005	13	...........	62,40
	1117	111,8	6,32706E-001	1,07480E-002	0,00000E+000	6,34000E-001	4,25116E-005	13	...........	62,40
	1118	111,9	6,34605E-001	1,05948E-002	0,00000E+000	6,36000E-001	4,73116E-005	13	...........	62,40
	1119	112	6,36932E-001	1,05019E-002	0,00000E+000	6,38000E-001	3,39116E-005	13	...........	62,40
	1120	112,1	6,38734E-001	1,02211E-002	0,00000E+000	6,40000E-001	5,11116E-005	13	...........	62,41
	1121	112,2	6,40593E-001	1,07337E-002	0,00000E+000	6,42000E-001	3,55116E-005	13	...........	62,40
	1122	112,3	6,42575E-001	1,01986E-002	0,00000E+000	6,44000E-001	4,67116E-005	13	...........	62,41
	1123	112,4	6,44615E-001	1,03640E-002	0,00000E+000	6,46000E-001	4,45116E-005	13	...........	62,41
	1124	112,5	6,46678E-001	1,07061E-002	0,00000E+000	6,48000E-001	3,03116E-005	13	...........	62,41
	1125	112,6	6,48533E-001	1,04335E-002	0,00000E+000	6,50000E-001	4,67116E-005	13	...........	62,41
	1126	112,7	6,50514E-001	1,02742E-002	0,00000E+000	6,52000E-001	4,55116E-005	13	...........	62,39
	1127	112,8	6,52470E-001	1,04314E-002	0,00000E+000	6,54000E-001	4,45116E-005	13	...........	62,40
	1128	112,9	6,54723E-001	1,06387E-002	0,00000E+000	6,56000E-001	4,71116E-005	13	...........	62,41
	1129	113	6,56580E-001	1,03436E-002	0,00000E+000	6,58000E-001	3,41116E-005	13	...........	62,41
	1130	113,1	6,58640E-001	1,04457E-002	0,00000E+000	6,60000E-001	4,89116E-005	13	...........	62,41
	1131	113,2	6,60646E-001	1,08235E-002	0,00000E+000	6,62000E-001	3,35116E-005	13	...........	62,41
	1132	113,3	6,62726E-001	1,05989E-002	0,00000E+000	6,64000E-001	3,03116E-005	13	...........	62,41
	1133	113,4	6,64572E-001	1,05774E-002	0,00000E+000	6,66000E-001	4,15116E-005	13	...........	62,40
	1134	113,5	6,66576E-001	1,05907E-002	0,00000E+000	6,68000E-001	4,55116E-005	13	...........	62,41
	1135	113,6	6,68610E-001	1,03314E-002	0,00000E+000	6,70000E-001	4,01116E-005	13	...........	62,41
	1136	113,7	6,70694E-001	1,05060E-002	0,00000E+000	6,72000E-001	4,27116E-005	13	...........	62,40
	1137	113,8	6,72516E-001	1,06663E-002	0,00000E+000	6,74000E-001	4,87116E-005	13	...........	62,41
	1138	113,9	6,74501E-001	1,02793E-002	0,00000E+000	6,76000E-001	4,49116E-005	13	...........	62,40
	1139	114	6,76450E-001	1,04406E-002	0,00000E+000	6,78000E-001	3,69116E-005	13	...........	62,40
	1140	114,1	6,78616E-001	1,05713E-002	0,00000E+000	6,80000E-001	4,35116E-005	13	...........	62,41
	1141	114,2	6,80615E-001	1,05152E-002	0,00000E+000	6,82000E-001	3,39116E-005	13	...........	62,41
	1142	114,3	6,82554E-001	1,01384E-002	0,00000E+000	6,84000E-001	3,99116E-005	13	...........	62,41
	1143	114,4	6,84960E-001	1,05254E-002	0,00000E+000	6,86000E-001	4,65116E-005	13	...........	62,40
	1144	114,5	6,86682E-001	1,00985E-002	0,00000E+000	6,88000E-001	4,87116E-005	13	...........	62,42
	1145	114,6	6,88529E-001	1,02078E-002	0,00000E+000	6,90000E-001	4,85116E-005	13	...........	62,41
	1146	114,7	6,90540E-001	1,02211E-002	0,00000E+000	6,92000E-001	4,29116E-005	13	...........	62,41
	1147	114,8	6,92593E-001	1,02895E-002	0,00000E+000	6,94000E-001	4,49116E-005	13	...........	62,42
	1148	114,9	6,94677E-001	1,01700E-002	0,00000E+000	6,96000E-001	3,45116E-005	13	...........	62,40
	1149	115	6,96460E-001	9,88308E-003	0,00000E+000	6,98000E-001	3,97116E-005	13	...........	62,41
	1150	115,1	6,98439E-001	9,73604E-003	0,00000E+000	7,00000E-001	4,35116E-005	13	...........	62,41
	1151	115,2	7,00432E-001	9,85244E-003	0,00000E+000	7,02000E-001	4,51116E-005	13	...........	62,42
	1152	115,3	7,02515E-001	9,93924E-003	0,00000E+000	7,04000E-001	3,15116E-005	13	...........	62,41
	1153	115,4	7,04544E-001	1,01292E-002	0,00000E+000	7,06000E-001	4,27116E-005	13	...........	62,42
	1154	115,5	7,06567E-001	1,01067E-002	0,00000E+000	7,08000E-001	4,23116E-005	13	...........	62,41
	1155	115,6	7,08606E-001	9,76871E-003	0,00000E+000	7,10000E-001	3,89116E-005	13	...........	62,40
	1156	115,7	7,10725E-001	1,01190E-002	0,00000E+000	7,12000E-001	3,57116E-005	13	...........	62,41
	1157	115,8	7,12546E-001	1,03007E-002	0,00000E+000	7,14000E-001	4,99116E-005	13	...........	62,42
	1158	115,9	7,14484E-001	9,95149E-003	0,00000E+000	7,16000E-001	3,63116E-005	13	...........	62,41
	1159	116	7,16519E-001	9,84427E-003	0,00000E+000	7,18000E-001	4,51116E-005	13	...........	62,42
	1160	116,1	7,18695E-001	1,03048E-002	0,00000E+000	7,20000E-001	4,13116E-005	13	...........	62,41
	1161	116,2	7,20455E-001	9,93822E-003	0,00000E+000	7,22000E-001	4,41116E-005	13	...........	62,41
	1162	116,3	7,22451E-001	9,92086E-003	0,00000E+000	7,24000E-001	5,59116E-005	13	...........	62,41
	1163	116,4	7,24414E-001	1,02129E-002	0,00000E+000	7,26000E-001	4,37116E-005	13	...........	62,41
	1164	116,5	7,26514E-001	1,00659E-002	0,00000E+000	7,28000E-001	3,75116E-005	13	...........	62,42
	1165	116,6	7,28405E-001	1,01649E-002	0,00000E+000	7,30000E-001	4,13116E-005	13	...........	62,42
	1166	116,7	7,30486E-001	1,04049E-002	0,00000E+000	7,32000E-001	4,45116E-005	13	...........	62,42
	1167	116,8	7,32955E-001	1,01414E-002	0,00000E+000	7,34000E-001	4,43116E-005	13	...........	62,43
	1168	116,9	7,34722E-001	1,01894E-002	0,00000E+000	7,36000E-001	4,53116E-005	13	...........	62,42
	1169	117	7,36523E-001	1,01333E-002	0,00000E+000	7,38000E-001	5,37116E-005	13	...........	62,42
	1170	117,1	7,38485E-001	1,02793E-002	0,00000E+000	7,40000E-001	4,81116E-005	13	...........	62,41
	1171	117,2	7,40437E-001	9,88512E-003	0,00000E+000	7,42000E-001	5,05116E-005	13	...........	62,43
	1172	117,3	7,42685E-001	1,03579E-002	0,00000E+000	7,44000E-001	3,47116E-005	13	...........	62,42
	1173	117,4	7,44413E-001	1,01394E-002	0,00000E+000	7,46000E-001	2,87116E-005	13	...........	62,42
	1174	117,5	7,46348E-001	9,83508E-003	0,00000E+000	7,48000E-001	3,49116E-005	13	...........	62,41
	1175	117,6	7,48352E-001	9,99948E-003	0,00000E+000	7,50000E-001	4,23116E-005	13	...........	62,42
	1176	117,7	7,50473E-001	1,01812E-002	0,00000E+000	7,52000E-001	3,89116E-005	13	...........	62,42
	1177	117,8	7,52353E-001	9,96579E-003	0,00000E+000	7,54000E-001	3,39116E-005	13	...........	62,42
	1178	117,9	7,54298E-001	9,97396E-003	0,00000E+000	7,56000E-001	4,79116E-005	13	...........	62,41
	1179	118	7,56392E-001	1,00781E-002	0,00000E+000	7,58000E-001	4,25116E-005	13	...........	62,42
	1180	118,1	7,58716E-001	1,00077E-002	0,00000E+000	7,60000E-001	4,29116E-005	13	...........	62,42
	1181	118,2	7,60489E-001	9,90963E-003	0,00000E+000	7,62000E-001	4,67116E-005	13	...........	62,42
	1182	118,3	7,62455E-001	1,06071E-002	0,00000E+000	7,64000E-001	4,77116E-005	13	...........	62,42
	1183	118,4	7,64466E-001	9,93822E-003	0,00000E+000	7,66000E-001	4,53116E-005	13	...........	62,42
	1184	118,5	7,66642E-001	1,02282E-002	0,00000E+000	7,68000E-001	4,17116E-005	13	...........	62,41
	1185	118,6	7,68427E-001	1,03038E-002	0,00000E+000	7,70000E-001	3,85116E-005	13	...........	62,42
	1186	118,7	7,70352E-001	1,04427E-002	0,00000E+000	7,72000E-001	4,63116E-005	13	...........	62,43
	1187	118,8	7,72320E-001	1,02343E-002	0,00000E+000	7,74000E-001	4,23116E-005	13	...........	62,43
	1188	118,9	7,74456E-001	1,04529E-002	0,00000E+000	7,76000E-001	4,51116E-005	13	...........	62,43
	1189	119	7,76354E-001	1,04314E-002	0,00000E+000	7,78000E-001	3,65116E-005	13	...........	62,43
	1190	119,1	7,78285E-001	1,04457E-002	0,00000E+000	7,80000E-001	3,05116E-005	13	...........	62,42
	1191	119,2	7,80271E-001	1,03722E-002	0,00000E+000	7,82000E-001	4,47116E-005	13	...........	62,42
	1192	119,3	7,82515E-001	1,06162E-002	0,00000E+000	7,84000E-001	4,91116E-005	13	...........	62,43
	1193	119,4	7,84435E-001	1,04437E-002	0,00000E+000	7,86000E-001	3,51116E-005	13	...........	62,43
	1194	119,5	7,86417E-001	1,06990E-002	0,00000E+000	7,88000E-001	4,65116E-005	13	...........	62,42
	1195	119,6	7,88383E-001	1,04447E-002	0,00000E+000	7,90000E-001	5,33116E-005	13	...........	62,42
	1196	119,7	7,90679E-001	1,06602E-002	0,00000E+000	7,92000E-001	4,79116E-005	13	...........	62,43
	1197	119,8	7,92386E-001	1,05213E-002	0,00000E+000	7,94000E-001	3,99116E-005	13	...........	62,44
	1198	119,9	7,94297E-001	1,07296E-002	0,00000E+000	7,96000E-001	4,31116E-005	13	...........	62,43
	1199	120	7,96287E-001	1,03191E-002	0,00000E+000	7,98000E-001	5,03116E-005	13	...........	62,43
	1200	120,1	7,98438E-001	1,06990E-002	0,00000E+000	8,00000E-001	4,97116E-005	13	...........	62,43
	1201	120,2	8,00324E-001	1,02783E-002	0,00000E+000	8,02000E-001	4,05116E-005	13	...........	62,42
	1202	120,3	8,02219E-001	1,05223E-002	0,00000E+000	8,04000E-001	4,05116E-005	13	...........	62,43
	1203	120,4	8,04209E-001	1,02354E-002	0,00000E+000	8,06000E-001	4,53116E-005	13	...........	62,44
	1204	120,5	8,06198E-001	1,08205E-002	0,00000E+000	8,08000E-001	4,91116E-005	13	...........	62,43
	1205	120,6	8,08421E-001	1,06203E-002	0,00000E+000	8,10000E-001	4,01116E-005	13	...........	62,44
	1206	120,7	8,10306E-001	1,08378E-002	0,00000E+000	8,12000E-001	3,39116E-005	13	...........	62,43
	1207	120,8	8,12374E-001	1,06642E-002	0,00000E+000	8,14000E-001	4,13116E-005	13	...........	62,44
	1208	120,9	8,14371E-001	1,12953E-002	0,00000E+000	8,16000E-001	3,71116E-005	13	...........	62,45
	1209	121	8,16359E-001	1,07071E-002	0,00000E+000	8,18000E-001	4,09116E-005	13	...........	62,44
	1210	121,1	8,18264E-001	1,08450E-002	0,00000E+000	8,20000E-001	4,71116E-005	13	...........	62,43
	1211	121,2	8,20227E-001	1,09828E-002	0,00000E+000	8,22000E-001	4,15116E-005	13	...........	62,43
	1212	121,3	8,22342E-001	1,11237E-002	0,00000E+000	8,24000E-001	4,33116E-005	13	...........	62,43
	1213	121,4	8,24312E-001	1,09052E-002	0,00000E+000	8,26000E-001	3,39116E-005	13	...........	62,43
	1214	121,5	8,26168E-001	1,15036E-002	0,00000E+000	8,28000E-001	4,19116E-005	13	...........	62,43
	1215	121,6	8,28151E-001	1,12218E-002	0,00000E+000	8,30000E-001	4,85116E-005	13	...........	62,43
	1216	121,7	8,30126E-001	1,14035E-002	0,00000E+000	8,32000E-001	5,07116E-005	13	...........	62,43
	1217	121,8	8,32327E-001	1,13637E-002	0,00000E+000	8,34000E-001	4,11116E-005	13	...........	62,43
	1218	121,9	8,34297E-001	1,14035E-002	0,00000E+000	8,36000E-001	4,27116E-005	13	...........	62,44
	1219	122	8,36194E-001	1,07643E-002	0,00000E+000	8,38000E-001	5,23116E-005	13	...........	62,44
	1220	122,1	8,38613E-001	1,17497E-002	0,00000E+000	8,40000E-001	5,15116E-005	13	...........	62,43
	1221	122,2	8,40326E-001	1,16506E-002	0,00000E+000	8,42000E-001	4,21116E-005	13	...........	62,43
	1222	122,3	8,42146E-001	1,16792E-002	0,00000E+000	8,44000E-001	4,25116E-005	13	...........	62,44
	1223	122,4	8,44142E-001	1,14219E-002	0,00000E+000	8,46000E-001	4,69116E-005	13	...........	62,44
	1224	122,5	8,46204E-001	1,20213E-002	0,00000E+000	8,48000E-001	4,53116E-005	13	...........	62,44
	1225	122,6	8,48263E-001	1,16098E-002	0,00000E+000	8,50000E-001	3,15116E-005	13	...........	62,44
	1226	122,7	8,50092E-001	1,19059E-002	0,00000E+000	8,52000E-001	4,07116E-005	13	...........	62,44
	1227	122,8	8,52070E-001	1,18590E-002	0,00000E+000	8,54000E-001	4,01116E-005	13	...........	62,44
	1228	122,9	8,54079E-001	1,21438E-002	0,00000E+000	8,56000E-001	4,05116E-005	13	...........	62,44
	1229	123	8,56157E-001	1,17834E-002	0,00000E+000	8,58000E-001	4,55116E-005	13	...........	62,45
	1230	123,1	8,58183E-001	1,21285E-002	0,00000E+000	8,60000E-001	3,79116E-005	13	...........	62,44
	1231	123,2	8,60170E-001	1,23205E-002	0,00000E+000	8,62000E-001	3,29116E-005	13	...........	62,44
	1232	123,3	8,62229E-001	1,21969E-002	0,00000E+000	8,64000E-001	4,07116E-005	13	...........	62,44
	1233	123,4	8,64337E-001	1,24430E-002	0,00000E+000	8,66000E-001	4,03116E-005	13	...........	62,44
	1234	123,5	8,66191E-001	1,24808E-002	0,00000E+000	8,68000E-001	3,75116E-005	13	...........	62,44
	1235	123,6	8,68109E-001	1,23297E-002	0,00000E+000	8,70000E-001	4,49116E-005	13	...........	62,44
	1236	123,7	8,70153E-001	1,29454E-002	0,00000E+000	8,72000E-001	4,03116E-005	13	...........	62,44
	1237	123,8	8,72279E-001	1,27320E-002	0,00000E+000	8,74000E-001	3,45116E-005	13	...........	62,43
	1238	123,9	8,74106E-001	1,30261E-002	0,00000E+000	8,76000E-001	3,75116E-005	13	...........	62,44
	1239	124	8,76073E-001	1,26044E-002	0,00000E+000	8,78000E-001	4,33116E-005	13	...........	62,44
	1240	124,1	8,78029E-001	1,31640E-002	0,00000E+000	8,80000E-001	3,91116E-005	13	...........	62,44
	1241	124,2	8,80113E-001	1,28719E-002	0,00000E+000	8,82000E-001	4,31116E-005	13	...........	62,44
	1242	124,3	8,82028E-001	1,34427E-002	0,00000E+000	8,84000E-001	4,29116E-005	13	...........	62,44
	1243	124,4	8,84100E-001	1,32559E-002	0,00000E+000	8,86000E-001	4,49116E-005	13	...........	62,45
	1244	124,5	8,86498E-001	1,33784E-002	0,00000E+000	8,88000E-001	4,11116E-005	13	...........	62,45
	1245	124,6	8,88322E-001	1,33835E-002	0,00000E+000	8,90000E-001	3,71116E-005	13	...........	62,44
	1246	124,7	8,90162E-001	1,37143E-002	0,00000E+000	8,92000E-001	3,79116E-005	13	...........	62,43
	1247	124,8	8,92132E-001	1,36378E-002	0,00000E+000	8,94000E-001	4,21116E-005	13	...........	62,45
	1248	124,9	8,94056E-001	1,37593E-002	0,00000E+000	8,96000E-001	4,17116E-005	13	...........	62,44
	1249	125	8,96261E-001	1,38981E-002	0,00000E+000	8,98000E-001	3,65116E-005	13	...........	62,44
	1250	125,1	8,98055E-001	1,39655E-002	0,00000E+000	9,00000E-001	2,19116E-005	13	...........	62,45
	1251	125,2	9,00006E-001	1,41606E-002	0,00000E+000	9,02000E-001	3,45116E-005	13	...........	62,44
	1252	125,3	9,01967E-001	1,41350E-002	0,00000E+000	9,04000E-001	3,95116E-005	13	...........	62,45
	1253	125,4	9,04081E-001	1,45568E-002	0,00000E+000	9,06000E-001	3,99116E-005	13	...........	62,44
	1254	125,5	9,05982E-001	1,44291E-002	0,00000E+000	9,08000E-001	3,69116E-005	13	...........	62,45
	1255	125,6	9,07933E-001	1,45108E-002	0,00000E+000	9,10000E-001	5,07116E-005	13	...........	62,44
	1256	125,7	9,09958E-001	1,44781E-002	0,00000E+000	9,12000E-001	3,71116E-005	13	...........	62,44
	1257	125,8	9,12306E-001	1,49867E-002	0,00000E+000	9,14000E-001	3,89116E-005	13	...........	62,43
	1258	125,9	9,14115E-001	1,49887E-002	0,00000E+000	9,16000E-001	5,05116E-005	13	...........	62,45
	1259	126	9,16063E-001	1,46150E-002	0,00000E+000	9,18000E-001	5,03116E-005	13	...........	62,44
	1260	126,1	9,18022E-001	1,50806E-002	0,00000E+000	9,20000E-001	5,25116E-005	13	...........	62,45
	1261	126,2	9,20220E-001	1,50377E-002	0,00000E+000	9,22000E-001	4,39116E-005	13	...........	62,45
	1262	126,3	9,22059E-001	1,55370E-002	0,00000E+000	9,24000E-001	3,13116E-005	13	...........	62,45
	1263	126,4	9,23992E-001	1,57494E-002	0,00000E+000	9,26000E-001	3,83116E-005	13	...........	62,45
	1264	126,5	9,25902E-001	1,53573E-002	0,00000E+000	9,28000E-001	4,11116E-005	13	...........	62,44
	1265	126,6	9,28016E-001	1,53573E-002	0,00000E+000	9,30000E-001	4,01116E-005	13	...........	62,45
	1266	126,7	9,29971E-001	1,58046E-002	0,00000E+000	9,32000E-001	3,87116E-005	13	...........	62,45
	1267	126,8	9,31905E-001	1,58413E-002	0,00000E+000	9,34000E-001	4,13116E-005	13	...........	62,45
	1268	126,9	9,33877E-001	1,60803E-002	0,00000E+000	9,36000E-001	4,33116E-005	13	...........	62,46
	1269	127	9,36147E-001	1,63999E-002	0,00000E+000	9,38000E-001	5,33116E-005	13	...........	62,46
	1270	127,1	9,38071E-001	1,62273E-002	0,00000E+000	9,40000E-001	4,51116E-005	13	...........	62,45
	1271	127,2	9,40027E-001	1,67113E-002	0,00000E+000	9,42000E-001	4,77116E-005	13	...........	62,45
	1272	127,3	9,41862E-001	1,67501E-002	0,00000E+000	9,44000E-001	5,17116E-005	13	...........	62,45
	1273	127,4	9,44221E-001	1,72505E-002	0,00000E+000	9,46000E-001	3,55116E-005	13	...........	62,44
	1274	127,5	9,46012E-001	1,69002E-002	0,00000E+000	9,48000E-001	4,29116E-005	13	...........	62,44
	1275	127,6	9,47910E-001	1,74700E-002	0,00000E+000	9,50000E-001	4,19116E-005	13	...........	62,43
	1276	127,7	9,49832E-001	1,75844E-002	0,00000E+000	9,52000E-001	4,23116E-005	13	...........	62,44
	1277	127,8	9,51984E-001	1,78121E-002	0,00000E+000	9,54000E-001	3,49116E-005	13	...........	62,44
	1278	127,9	9,53939E-001	1,74772E-002	0,00000E+000	9,56000E-001	4,29116E-005	13	...........	62,45
	1279	128	9,55852E-001	1,80827E-002	0,00000E+000	9,58000E-001	3,21116E-005	13	...........	62,44
	1280	128,1	9,57801E-001	1,75650E-002	0,00000E+000	9,60000E-001	4,07116E-005	13	...........	62,44
	1281	128,2	9,59840E-001	1,83339E-002	0,00000E+000	9,62000E-001	4,53116E-005	13	...........	62,43
	1282	128,3	9,62046E-001	1,86586E-002	0,00000E+000	9,64000E-001	3,89116E-005	13	...........	62,44
	1283	128,4	9,63907E-001	1,87076E-002	0,00000E+000	9,66000E-001	3,17116E-005	13	...........	62,44
	1284	128,5	9,65895E-001	1,83206E-002	0,00000E+000	9,68000E-001	5,89116E-005	13	...........	62,44
	1285	128,6	9,68005E-001	1,93019E-002	0,00000E+000	9,70000E-001	5,29116E-005	13	...........	62,43
	1286	128,7	9,69963E-001	1,91661E-002	0,00000E+000	9,72000E-001	4,31116E-005	13	...........	62,44
	1287	128,8	9,71881E-001	1,93795E-002	0,00000E+000	9,74000E-001	4,33116E-005	13	...........	62,45
	1288	128,9	9,73826E-001	1,97645E-002	0,00000E+000	9,76000E-001	4,81116E-005	13	...........	62,44
	1289	129	9,75980E-001	1,99013E-002	0,00000E+000	9,78000E-001	4,61116E-005	13	...........	62,45
	1290	129,1	9,77929E-001	1,97492E-002	0,00000E+000	9,80000E-001	3,23116E-005	13	...........	62,44
	1291	129,2	9,79833E-001	2,03343E-002	0,00000E+000	9,82000E-001	4,55116E-005	13	...........	62,45
	1292	129,3	9,81799E-001	2,00453E-002	0,00000E+000	9,84000E-001	5,01116E-005	13	...........	62,45
	1293	129,4	9,83828E-001	2,03996E-002	0,00000E+000	9,86000E-001	5,33116E-005	13	...........	62,45
	1294	129,5	9,85976E-001	2,07938E-002	0,00000E+000	9,88000E-001	4,01116E-005	13	...........	62,44
	1295	129,6	9,87920E-001	2,07917E-002	0,00000E+000	9,90000E-001	3,85116E-005	13	...........	62,45
	1296	129,7	9,89795E-001	2,07580E-002	0,00000E+000	9,92000E-001	4,67116E-005	13	...........	62,44
	1297	129,8	9,92236E-001	2,13350E-002	0,00000E+000	9,94000E-001	4,83116E-005	13	...........	62,44
	1298	129,9	9,93960E-001	2,12165E-002	0,00000E+000	9,96000E-001	4,29116E-005	13	...........	62,44
	1299	130	9,95829E-001	2,17924E-002	0,00000E+000	9,98000E-001	4,95116E-005	13	...........	62,45
	1300	130,1	9,97792E-001	2,16771E-002	0,00000E+000	1,00000E+000	4,81116E-005	13	...........	62,44
	1301	130,2	9,99919E-001	2,23857E-002	0,00000E+000	1,00200E+000	4,49116E-005	13	...........	62,45
	1302	130,3	1,00190E+000	2,19732E-002	0,00000E+000	1,00400E+000	4,31116E-005	13	...........	62,45
	1303	130,4	1,00376E+000	2,24991E-002	0,00000E+000	1,00600E+000	4,57116E-005	13	...........	62,43
	1304	130,5	1,00575E+000	2,25808E-002	0,00000E+000	1,00800E+000	4,23116E-005	13	...........	62,45
	1305	130,6	1,00777E+000	2,33476E-002	0,00000E+000	1,01000E+000	4,69116E-005	13	...........	62,45
	1306	130,7	1,00984E+000	2,26931E-002	0,00000E+000	1,01200E+000	4,39116E-005	13	...........	62,45
	1307	130,8	1,01181E+000	2,39235E-002	0,00000E+000	1,01400E+000	4,19116E-005	13	...........	62,44
	1308	130,9	1,01378E+000	2,32384E-002	0,00000E+000	1,01600E+000	4,23116E-005	13	...........	62,45
	1309	131	1,01615E+000	2,41839E-002	0,00000E+000	1,01800E+000	5,11116E-005	13	...........	62,45
	1310	131,1	1,01795E+000	2,39715E-002	0,00000E+000	1,02000E+000	4,21116E-005	13	...........	62,44
	1311	131,2	1,01982E+000	2,46373E-002	0,00000E+000	1,02200E+000	4,73116E-005	13	...........	62,44
	1312	131,3	1,02177E+000	2,39940E-002	0,00000E+000	1,02400E+000	4,67116E-005	13	...........	62,45
	1313	131,4	1,02393E+000	2,47905E-002	0,00000E+000	1,02600E+000	5,13116E-005	13	...........	62,45
	1314	131,5	1,02590E+000	2,46046E-002	0,00000E+000	1,02800E+000	3,43116E-005	13	...........	62,44
	1315	131,6	1,02775E+000	2,49773E-002	0,00000E+000	1,03000E+000	4,07116E-005	13	...........	62,45
	1316	131,7	1,02973E+000	2,43422E-002	0,00000E+000	1,03200E+000	4,63116E-005	13	...........	62,44
	1317	131,8	1,03170E+000	2,48987E-002	0,00000E+000	1,03400E+000	4,35116E-005	13	...........	62,45
	1318	131,9	1,03382E+000	2,48813E-002	0,00000E+000	1,03600E+000	3,79116E-005	13	...........	62,45
	1319	132	1,03569E+000	2,55635E-002	0,00000E+000	1,03800E+000	4,81116E-005	13	...........	62,43
	1320	132,1	1,03774E+000	2,53500E-002	0,00000E+000	1,04000E+000	4,77116E-005	13	...........	62,44
	1321	132,2	1,04014E+000	2,62895E-002	0,00000E+000	1,04200E+000	5,09116E-005	13	...........	62,45
	1322	132,3	1,04193E+000	2,50948E-002	0,00000E+000	1,04400E+000	4,43116E-005	13	...........	62,45
	1323	132,4	1,04378E+000	2,61608E-002	0,00000E+000	1,04600E+000	5,41116E-005	13	...........	62,43
	1324	132,5	1,04575E+000	2,58269E-002	0,00000E+000	1,04800E+000	4,43116E-005	13	...........	62,43
	1325	132,6	1,04783E+000	2,61475E-002	0,00000E+000	1,05000E+000	4,49116E-005	13	...........	62,44
	1326	132,7	1,04989E+000	2,50243E-002	0,00000E+000	1,05200E+000	4,57116E-005	13	...........	62,44
	1327	132,8	1,05169E+000	2,66632E-002	0,00000E+000	1,05400E+000	3,39116E-005	13	...........	62,45
	1328	132,9	1,05368E+000	2,57054E-002	0,00000E+000	1,05600E+000	3,65116E-005	13	...........	62,44
	1329	133	1,05567E+000	2,66019E-002	0,00000E+000	1,05800E+000	4,55116E-005	13	...........	62,44
	1330	133,1	1,05778E+000	2,62650E-002	0,00000E+000	1,06000E+000	4,45116E-005	13	...........	62,44
	1331	133,2	1,05963E+000	2,63661E-002	0,00000E+000	1,06200E+000	4,21116E-005	13	...........	62,44
	1332	133,3	1,06161E+000	2,57176E-002	0,00000E+000	1,06400E+000	4,07116E-005	13	...........	62,45
	1333	133,4	1,06374E+000	2,66275E-002	0,00000E+000	1,06600E+000	4,13116E-005	13	...........	62,43
	1334	133,5	1,06593E+000	2,60403E-002	0,00000E+000	1,06800E+000	3,89116E-005	13	...........	62,44
	1335	133,6	1,06775E+000	2,69522E-002	0,00000E+000	1,07000E+000	4,91116E-005	13	...........	62,44
	1336	133,7	1,06973E+000	2,63691E-002	0,00000E+000	1,07200E+000	5,01116E-005	13	...........	62,44
	1337	133,8	1,07185E+000	2,69522E-002	0,00000E+000	1,07400E+000	5,05116E-005	13	...........	62,44
	1338	133,9	1,07390E+000	2,60597E-002	0,00000E+000	1,07600E+000	4,39116E-005	13	...........	62,44
	1339	134	1,07570E+000	2,65509E-002	0,00000E+000	1,07800E+000	3,65116E-005	13	...........	62,44
	1340	134,1	1,07767E+000	2,61006E-002	0,00000E+000	1,08000E+000	3,91116E-005	13	...........	62,44
	1341	134,2	1,07967E+000	2,63007E-002	0,00000E+000	1,08200E+000	4,53116E-005	13	...........	62,43
	1342	134,3	1,08175E+000	2,66387E-002	0,00000E+000	1,08400E+000	3,25116E-005	13	...........	62,44
	1343	134,4	1,08362E+000	2,70369E-002	0,00000E+000	1,08600E+000	3,79116E-005	13	...........	62,43
	1344	134,5	1,08559E+000	2,62997E-002	0,00000E+000	1,08800E+000	4,15116E-005	13	...........	62,44
	1345	134,6	1,08759E+000	2,72085E-002	0,00000E+000	1,09000E+000	4,13116E-005	13	...........	62,43
	1346	134,7	1,08982E+000	2,62527E-002	0,00000E+000	1,09200E+000	3,99116E-005	13	...........	62,43
	1347	134,8	1,09173E+000	2,69981E-002	0,00000E+000	1,09400E+000	4,43116E-005	13	...........	62,44
	1348	134,9	1,09370E+000	2,66663E-002	0,00000E+000	1,09600E+000	5,11116E-005	13	...........	62,44
	1349	135	1,09570E+000	2,74025E-002	0,00000E+000	1,09800E+000	3,89116E-005	13	...........	62,45
	1350	135,1	1,09790E+000	2,67786E-002	0,00000E+000	1,10000E+000	4,85116E-005	13	...........	62,44
	1351	135,2	1,09965E+000	2,72177E-002	0,00000E+000	1,10200E+000	4,85116E-005	13	...........	62,43
	1352	135,3	1,10162E+000	2,74229E-002	0,00000E+000	1,10400E+000	4,25116E-005	13	...........	62,44
	1353	135,4	1,10359E+000	2,76537E-002	0,00000E+000	1,10600E+000	3,85116E-005	13	...........	62,44
	1354	135,5	1,10570E+000	2,70492E-002	0,00000E+000	1,10800E+000	3,85116E-005	13	...........	62,43
	1355	135,6	1,10758E+000	2,84461E-002	0,00000E+000	1,11000E+000	3,81116E-005	13	...........	62,43
	1356	135,7	1,10953E+000	2,75904E-002	0,00000E+000	1,11200E+000	4,69116E-005	13	...........	62,43
	1357	135,8	1,11151E+000	2,82817E-002	0,00000E+000	1,11400E+000	4,25116E-005	13	...........	62,43
	1358	135,9	1,11353E+000	2,81877E-002	0,00000E+000	1,11600E+000	3,89116E-005	13	...........	62,44
	1359	136	1,11575E+000	2,86064E-002	0,00000E+000	1,11800E+000	4,59116E-005	13	...........	62,43
	1360	136,1	1,11767E+000	2,81765E-002	0,00000E+000	1,12000E+000	4,23116E-005	13	...........	62,42
	1361	136,2	1,11980E+000	2,91415E-002	0,00000E+000	1,12200E+000	4,63116E-005	13	...........	62,44
	1362	136,3	1,12171E+000	2,86105E-002	0,00000E+000	1,12400E+000	4,27116E-005	13	...........	62,43
	1363	136,4	1,12364E+000	2,92395E-002	0,00000E+000	1,12600E+000	3,99116E-005	13	...........	62,43
	1364	136,5	1,12559E+000	2,92058E-002	0,00000E+000	1,12800E+000	4,29116E-005	13	...........	62,43
	1365	136,6	1,12759E+000	2,97102E-002	0,00000E+000	1,13000E+000	3,71116E-005	13	...........	62,43
	1366	136,7	1,12976E+000	2,95581E-002	0,00000E+000	1,13200E+000	3,47116E-005	13	...........	62,43
	1367	136,8	1,13159E+000	3,04761E-002	0,00000E+000	1,13400E+000	4,23116E-005	13	...........	62,43
	1368	136,9	1,13353E+000	2,99022E-002	0,00000E+000	1,13600E+000	4,33116E-005	13	...........	62,44
	1369	137	1,13549E+000	3,03668E-002	0,00000E+000	1,13800E+000	4,39116E-005	13	...........	62,42
	1370	137,1	1,13753E+000	3,06303E-002	0,00000E+000	1,14000E+000	3,81116E-005	13	...........	62,43
	1371	137,2	1,13972E+000	3,09795E-002	0,00000E+000	1,14200E+000	4,29116E-005	13	...........	62,43
	1372	137,3	1,14163E+000	3,07651E-002	0,00000E+000	1,14400E+000	4,49116E-005	13	...........	62,43
	1373	137,4	1,14362E+000	3,13675E-002	0,00000E+000	1,14600E+000	4,77116E-005	13	...........	62,42
	1374	137,5	1,14588E+000	3,16279E-002	0,00000E+000	1,14800E+000	4,37116E-005	13	...........	62,43
	1375	137,6	1,14764E+000	3,22498E-002	0,00000E+000	1,15000E+000	2,73116E-005	13	...........	62,43
	1376	137,7	1,14954E+000	3,18097E-002	0,00000E+000	1,15200E+000	4,45116E-005	13	...........	62,43
	1377	137,8	1,15145E+000	3,23846E-002	0,00000E+000	1,15400E+000	4,63116E-005	13	...........	62,43
	1378	137,9	1,15363E+000	3,30503E-002	0,00000E+000	1,15600E+000	4,33116E-005	13	...........	62,43
	1379	138	1,15555E+000	3,35139E-002	0,00000E+000	1,15800E+000	3,75116E-005	13	...........	62,43
	1380	138,1	1,15743E+000	3,40041E-002	0,00000E+000	1,16000E+000	4,33116E-005	13	...........	62,44
	1381	138,2	1,15940E+000	3,45269E-002	0,00000E+000	1,16200E+000	4,65116E-005	13	...........	62,44
	1382	138,3	1,16145E+000	3,38611E-002	0,00000E+000	1,16400E+000	4,43116E-005	13	...........	62,43
	1383	138,4	1,16349E+000	3,43002E-002	0,00000E+000	1,16600E+000	3,87116E-005	13	...........	62,44
	1384	138,5	1,16550E+000	3,52825E-002	0,00000E+000	1,16800E+000	4,63116E-005	13	...........	62,42
	1385	138,6	1,16746E+000	3,52529E-002	0,00000E+000	1,17000E+000	5,49116E-005	13	...........	62,43
	1386	138,7	1,16985E+000	3,56471E-002	0,00000E+000	1,17200E+000	4,97116E-005	13	...........	62,43
	1387	138,8	1,17160E+000	3,63006E-002	0,00000E+000	1,17400E+000	4,81116E-005	13	...........	62,42
	1388	138,9	1,17353E+000	3,62352E-002	0,00000E+000	1,17600E+000	5,03116E-005	13	...........	62,42
	1389	139	1,17541E+000	3,68428E-002	0,00000E+000	1,17800E+000	5,23116E-005	13	...........	62,42
	1390	139,1	1,17764E+000	3,74830E-002	0,00000E+000	1,18000E+000	4,15116E-005	13	...........	62,44
	1391	139,2	1,17953E+000	3,76546E-002	0,00000E+000	1,18200E+000	3,99116E-005	13	...........	62,43
	1392	139,3	1,18143E+000	3,79926E-002	0,00000E+000	1,18400E+000	4,69116E-005	13	...........	62,42
	1393	139,4	1,18339E+000	3,80845E-002	0,00000E+000	1,18600E+000	4,93116E-005	13	...........	62,43
	1394	139,5	1,18544E+000	3,89024E-002	0,00000E+000	1,18800E+000	5,29116E-005	13	...........	62,42
	1395	139,6	1,18749E+000	3,88432E-002	0,00000E+000	1,19000E+000	3,49116E-005	13	...........	62,41
	1396	139,7	1,18939E+000	3,99899E-002	0,00000E+000	1,19200E+000	4,29116E-005	13	...........	62,42
	1397	139,8	1,19140E+000	3,95386E-002	0,00000E+000	1,19400E+000	4,27116E-005	13	...........	62,42
	1398	139,9	1,19383E+000	3,99879E-002	0,00000E+000	1,19600E+000	5,19116E-005	13	...........	62,42
	1399	140	1,19556E+000	4,07966E-002	0,00000E+000	1,19800E+000	3,47116E-005	13	...........	62,43
	1400	140,1	1,19750E+000	4,12255E-002	0,00000E+000	1,20000E+000	4,97116E-005	13	...........	62,42
	1401	140,2	1,19944E+000	4,10478E-002	0,00000E+000	1,20200E+000	5,09116E-005	13	...........	62,41
	1402	140,3	1,20166E+000	4,13950E-002	0,00000E+000	1,20400E+000	4,97116E-005	13	...........	62,41
	1403	140,4	1,20353E+000	4,23752E-002	0,00000E+000	1,20600E+000	4,05116E-005	13	...........	62,42
	1404	140,5	1,20540E+000	4,25815E-002	0,00000E+000	1,20800E+000	4,43116E-005	13	...........	62,41
	1405	140,6	1,20737E+000	4,22160E-002	0,00000E+000	1,21000E+000	4,85116E-005	13	...........	62,42
	1406	140,7	1,20938E+000	4,31860E-002	0,00000E+000	1,21200E+000	4,65116E-005	13	...........	62,42
	1407	140,8	1,21148E+000	4,30890E-002	0,00000E+000	1,21400E+000	3,41116E-005	13	...........	62,41
	1408	140,9	1,21333E+000	4,35005E-002	0,00000E+000	1,21600E+000	4,01116E-005	13	...........	62,42
	1409	141	1,21532E+000	4,40632E-002	0,00000E+000	1,21800E+000	4,25116E-005	13	...........	62,41
	1410	141,1	1,21753E+000	4,44226E-002	0,00000E+000	1,22000E+000	3,65116E-005	13	...........	62,43
	1411	141,2	1,21955E+000	4,40560E-002	0,00000E+000	1,22200E+000	3,79116E-005	13	...........	62,41
	1412	141,3	1,22148E+000	4,49934E-002	0,00000E+000	1,22400E+000	3,59116E-005	13	...........	62,42
	1413	141,4	1,22339E+000	4,44849E-002	0,00000E+000	1,22600E+000	5,07116E-005	13	...........	62,42
	1414	141,5	1,22567E+000	4,58093E-002	0,00000E+000	1,22800E+000	3,95116E-005	13	...........	62,42
	1415	141,6	1,22753E+000	4,55571E-002	0,00000E+000	1,23000E+000	4,29116E-005	13	...........	62,42
	1416	141,7	1,22947E+000	4,61779E-002	0,00000E+000	1,23200E+000	4,17116E-005	13	...........	62,42
	1417	141,8	1,23142E+000	4,53753E-002	0,00000E+000	1,23400E+000	4,81116E-005	13	...........	62,42
	1418	141,9	1,23346E+000	4,65690E-002	0,00000E+000	1,23600E+000	4,75116E-005	13	...........	62,42
	1419	142	1,23550E+000	4,65649E-002	0,00000E+000	1,23800E+000	4,13116E-005	13	...........	62,41
	1420	142,1	1,23738E+000	4,67058E-002	0,00000E+000	1,24000E+000	3,93116E-005	13	...........	62,41
	1421	142,2	1,23935E+000	4,66966E-002	0,00000E+000	1,24200E+000	3,67116E-005	13	...........	62,42
	1422	142,3	1,24135E+000	4,69754E-002	0,00000E+000	1,24400E+000	4,95116E-005	13	...........	62,42
	1423	142,4	1,24357E+000	4,63454E-002	0,00000E+000	1,24600E+000	4,37116E-005	13	...........	62,41
	1424	142,5	1,24549E+000	4,72092E-002	0,00000E+000	1,24800E+000	4,01116E-005	13	...........	62,42
	1425	142,6	1,24746E+000	4,63444E-002	0,00000E+000	1,25000E+000	4,85116E-005	13	...........	62,42
	1426	142,7	1,24945E+000	4,69703E-002	0,00000E+000	1,25200E+000	4,33116E-005	13	...........	62,42
	1427	142,8	1,25153E+000	4,69836E-002	0,00000E+000	1,25400E+000	3,35116E-005	13	...........	62,42
	1428	142,9	1,25338E+000	4,74267E-002	0,00000E+000	1,25600E+000	4,59116E-005	13	...........	62,42
	1429	143	1,25537E+000	4,72521E-002	0,00000E+000	1,25800E+000	5,09116E-005	13	...........	62,42
	1430	143,1	1,25737E+000	4,71837E-002	0,00000E+000	1,26000E+000	4,11116E-005	13	...........	62,41
	1431	143,2	1,25944E+000	4,72766E-002	0,00000E+000	1,26200E+000	3,83116E-005	13	...........	62,43
	1432	143,3	1,26131E+000	4,81691E-002	0,00000E+000	1,26400E+000	3,51116E-005	13	...........	62,42
	1433	143,4	1,26330E+000	4,71316E-002	0,00000E+000	1,26600E+000	4,59116E-005	13	...........	62,42
	1434	143,5	1,26526E+000	4,77862E-002	0,00000E+000	1,26800E+000	3,93116E-005	13	...........	62,42
	1435	143,6	1,26736E+000	4,77116E-002	0,00000E+000	1,27000E+000	4,37116E-005	13	...........	62,42
	1436	143,7	1,26943E+000	4,80874E-002	0,00000E+000	1,27200E+000	3,23116E-005	13	...........	62,42
	1437	143,8	1,27135E+000	4,75166E-002	0,00000E+000	1,27400E+000	4,89116E-005	13	...........	62,42
	1438	143,9	1,27365E+000	4,87981E-002	0,00000E+000	1,27600E+000	4,71116E-005	13	...........	62,42
	1439	144	1,27549E+000	4,79016E-002	0,00000E+000	1,27800E+000	4,51116E-005	13	...........	62,42
	1440	144,1	1,27735E+000	4,90738E-002	0,00000E+000	1,28000E+000	3,71116E-005	13	...........	62,41
	1441	144,2	1,27933E+000	4,84183E-002	0,00000E+000	1,28200E+000	4,41116E-005	13	...........	62,42
	1442	144,3	1,28135E+000	4,90248E-002	0,00000E+000	1,28400E+000	2,99116E-005	13	...........	62,41
	1443	144,4	1,28343E+000	4,85347E-002	0,00000E+000	1,28600E+000	2,99116E-005	13	...........	62,42
	1444	144,5	1,28528E+000	4,96528E-002	0,00000E+000	1,28800E+000	4,51116E-005	13	...........	62,42
	1445	144,6	1,28726E+000	4,90800E-002	0,00000E+000	1,29000E+000	4,71116E-005	13	...........	62,42
	1446	144,7	1,28924E+000	4,96283E-002	0,00000E+000	1,29200E+000	5,31116E-005	13	...........	62,42
	1447	144,8	1,29128E+000	4,89268E-002	0,00000E+000	1,29400E+000	4,31116E-005	13	...........	62,43
	1448	144,9	1,29335E+000	5,03829E-002	0,00000E+000	1,29600E+000	3,09116E-005	13	...........	62,43
	1449	145	1,29534E+000	5,05667E-002	0,00000E+000	1,29800E+000	3,87116E-005	13	...........	62,42
	1450	145,1	1,29745E+000	5,15092E-002	0,00000E+000	1,30000E+000	3,57116E-005	13	...........	62,42
	1451	145,2	1,29953E+000	5,08475E-002	0,00000E+000	1,30200E+000	4,51116E-005	13	...........	62,42
	1452	145,3	1,30135E+000	5,24292E-002	0,00000E+000	1,30400E+000	4,07116E-005	13	...........	62,42
	1453	145,4	1,30328E+000	5,13816E-002	0,00000E+000	1,30600E+000	3,15116E-005	13	...........	62,42
	1454	145,5	1,30526E+000	5,32288E-002	0,00000E+000	1,30800E+000	5,41116E-005	13	...........	62,43
	1455	145,6	1,30738E+000	5,28091E-002	0,00000E+000	1,31000E+000	3,81116E-005	13	...........	62,42
	1456	145,7	1,30921E+000	5,38690E-002	0,00000E+000	1,31200E+000	3,41116E-005	13	...........	62,42
	1457	145,8	1,31117E+000	5,37352E-002	0,00000E+000	1,31400E+000	5,19116E-005	13	...........	62,42
	1458	145,9	1,31315E+000	5,54477E-002	0,00000E+000	1,31600E+000	4,75116E-005	13	...........	62,43
	1459	146	1,31522E+000	5,47972E-002	0,00000E+000	1,31800E+000	5,25116E-005	13	...........	62,42
	1460	146,1	1,31717E+000	5,64341E-002	0,00000E+000	1,32000E+000	4,15116E-005	13	...........	62,42
	1461	146,2	1,31919E+000	5,64647E-002	0,00000E+000	1,32200E+000	4,15116E-005	13	...........	62,43
	1462	146,3	1,32136E+000	5,81802E-002	0,00000E+000	1,32400E+000	5,37116E-005	13	...........	62,42
	1463	146,4	1,32348E+000	5,77452E-002	0,00000E+000	1,32600E+000	3,87116E-005	13	...........	62,41
	1464	146,5	1,32531E+000	5,96547E-002	0,00000E+000	1,32800E+000	5,65116E-005	13	...........	62,42
	1465	146,6	1,32726E+000	5,94250E-002	0,00000E+000	1,33000E+000	3,73116E-005	13	...........	62,42
	1466	146,7	1,32921E+000	6,08239E-002	0,00000E+000	1,33200E+000	4,29116E-005	13	...........	62,41
	1467	146,8	1,33147E+000	6,06574E-002	0,00000E+000	1,33400E+000	4,43116E-005	13	...........	62,41
	1468	146,9	1,33327E+000	6,30234E-002	0,00000E+000	1,33600E+000	3,03116E-005	13	...........	62,42
	1469	147	1,33522E+000	6,18307E-002	0,00000E+000	1,33800E+000	3,71116E-005	13	...........	62,42
	1470	147,1	1,33716E+000	6,42273E-002	0,00000E+000	1,34000E+000	4,13116E-005	13	...........	62,42
	1471	147,2	1,33925E+000	6,40792E-002	0,00000E+000	1,34200E+000	4,01116E-005	13	...........	62,41
	1472	147,3	1,34117E+000	6,59469E-002	0,00000E+000	1,34400E+000	4,77116E-005	13	...........	62,41
	1473	147,4	1,34313E+000	6,62216E-002	0,00000E+000	1,34600E+000	4,57116E-005	13	...........	62,42
	1474	147,5	1,34506E+000	6,86018E-002	0,00000E+000	1,34800E+000	5,19116E-005	13	...........	62,41
	1475	147,6	1,34748E+000	6,81413E-002	0,00000E+000	1,35000E+000	4,59116E-005	13	...........	62,41
	1476	147,7	1,34925E+000	7,05144E-002	0,00000E+000	1,35200E+000	4,99116E-005	13	...........	62,41
	1477	147,8	1,35121E+000	7,04235E-002	0,00000E+000	1,35400E+000	5,15116E-005	13	...........	62,41
	1478	147,9	1,35320E+000	7,26618E-002	0,00000E+000	1,35600E+000	4,15116E-005	13	...........	62,42
	1479	148	1,35544E+000	7,25689E-002	0,00000E+000	1,35800E+000	4,87116E-005	13	...........	62,41
	1480	148,1	1,35720E+000	7,51901E-002	0,00000E+000	1,36000E+000	3,25116E-005	13	...........	62,41
	1481	148,2	1,35912E+000	7,50849E-002	0,00000E+000	1,36200E+000	4,13116E-005	13	...........	62,41
	1482	148,3	1,36110E+000	7,71057E-002	0,00000E+000	1,36400E+000	3,17116E-005	13	...........	62,40
	1483	148,4	1,36321E+000	7,77061E-002	0,00000E+000	1,36600E+000	3,51116E-005	13	...........	62,42
	1484	148,5	1,36515E+000	8,02855E-002	0,00000E+000	1,36800E+000	4,33116E-005	13	...........	62,40
	1485	148,6	1,36706E+000	7,96973E-002	0,00000E+000	1,37000E+000	3,65116E-005	13	...........	62,41
	1486	148,7	1,36902E+000	8,32978E-002	0,00000E+000	1,37200E+000	5,31116E-005	13	...........	62,42
	1487	148,8	1,37130E+000	8,46488E-002	0,00000E+000	1,37400E+000	4,41116E-005	13	...........	62,40
	1488	148,9	1,37320E+000	8,70607E-002	0,00000E+000	1,37600E+000	4,23116E-005	13	...........	62,42
	1489	149	1,37514E+000	8,85862E-002	0,00000E+000	1,37800E+000	4,51116E-005	13	...........	62,42
	1490	149,1	1,37716E+000	9,18773E-002	0,00000E+000	1,38000E+000	5,43116E-005	13	...........	62,42
	1491	149,2	1,37941E+000	9,32640E-002	0,00000E+000	1,38200E+000	4,43116E-005	13	...........	62,41
	1492	149,3	1,38118E+000	9,68532E-002	0,00000E+000	1,38400E+000	4,11116E-005	13	...........	62,41
	1493	149,4	1,38309E+000	9,90803E-002	0,00000E+000	1,38600E+000	5,15116E-005	13	...........	62,41
	1494	149,5	1,38504E+000	1,03355E-001	0,00000E+000	1,38800E+000	3,99116E-005	13	...........	62,41
	1495	149,6	1,38706E+000	1,05573E-001	0,00000E+000	1,39000E+000	5,91116E-005	13	...........	62,42
	1496	149,7	1,38911E+000	1,10319E-001	0,00000E+000	1,39200E+000	3,41116E-005	13	...........	62,41
	1497	149,8	1,39103E+000	1,13283E-001	0,00000E+000	1,39400E+000	3,87116E-005	13	...........	62,41
	1498	149,9	1,39300E+000	1,17922E-001	0,00000E+000	1,39600E+000	4,31116E-005	13	...........	62,40
	1499	150	1,39501E+000	1,22030E-001	0,00000E+000	1,39800E+000	4,63116E-005	13	...........	62,41
	1500	150,1	1,39725E+000	1,27833E-001	0,00000E+000	1,40000E+000	3,51116E-005	13	...........	62,40
	1501	150,2	1,39505E+000	7,59529E-002	0,00000E+000	1,39800E+000	4,83116E-005	13	...........	62,41
	1502	150,3	1,39301E+000	5,29990E-002	0,00000E+000	1,39600E+000	4,41116E-005	13	...........	62,42
	1503	150,4	1,39105E+000	3,81825E-002	0,00000E+000	1,39400E+000	3,53116E-005	13	...........	62,42
	1504	150,5	1,38915E+000	2,85023E-002	0,00000E+000	1,39200E+000	3,45116E-005	13	...........	62,41
	1505	150,6	1,38720E+000	1,97614E-002	0,00000E+000	1,39000E+000	4,31116E-005	13	...........	62,40
	1506	150,7	1,38511E+000	1,34008E-002	0,00000E+000	1,38800E+000	4,01116E-005	13	...........	62,41
	1507	150,8	1,38311E+000	7,19650E-003	0,00000E+000	1,38600E+000	5,11116E-005	13	...........	62,41
	1508	150,9	1,38118E+000	3,18552E-003	0,00000E+000	1,38400E+000	5,41116E-005	13	...........	62,41
	1509	151	1,37942E+000	-9,38796E-004	0,00000E+000	1,38200E+000	3,99116E-005	13	...........	62,42
	1510	151,1	1,37717E+000	-3,79897E-003	0,00000E+000	1,38000E+000	3,71116E-005	13	...........	62,42
	1511	151,2	1,37516E+000	-7,25649E-003	0,00000E+000	1,37800E+000	4,91116E-005	13	...........	62,42
	1512	151,3	1,37320E+000	-9,07409E-003	0,00000E+000	1,37600E+000	3,73116E-005	13	...........	62,42
	1513	151,4	1,37127E+000	-1,10816E-002	0,00000E+000	1,37400E+000	4,29116E-005	13	...........	62,42
	1514	151,5	1,36904E+000	-1,32188E-002	0,00000E+000	1,37200E+000	5,15116E-005	13	...........	62,42
	1515	151,6	1,36708E+000	-1,37151E-002	0,00000E+000	1,37000E+000	3,67116E-005	13	...........	62,41
	1516	151,7	1,36516E+000	-1,49119E-002	0,00000E+000	1,36800E+000	3,01116E-005	13	...........	62,41
	1517	151,8	1,36317E+000	-1,64415E-002	0,00000E+000	1,36600E+000	4,51116E-005	13	...........	62,41
	1518	151,9	1,36107E+000	-1,65212E-002	0,00000E+000	1,36400E+000	4,23116E-005	13	...........	62,42
	1519	152	1,35914E+000	-1,66917E-002	0,00000E+000	1,36200E+000	2,37116E-005	13	...........	62,42
	1520	152,1	1,35724E+000	-1,71910E-002	0,00000E+000	1,36000E+000	4,21116E-005	13	...........	62,42
	1521	152,2	1,35545E+000	-1,70909E-002	0,00000E+000	1,35800E+000	3,93116E-005	13	...........	62,42
	1522	152,3	1,35321E+000	-1,71165E-002	0,00000E+000	1,35600E+000	3,69116E-005	13	...........	62,42
	1523	152,4	1,35128E+000	-1,74575E-002	0,00000E+000	1,35400E+000	4,73116E-005	13	...........	62,43
	1524	152,5	1,34934E+000	-1,76669E-002	0,00000E+000	1,35200E+000	3,97116E-005	13	...........	62,42
	1525	152,6	1,34751E+000	-1,71614E-002	0,00000E+000	1,35000E+000	3,27116E-005	13	...........	62,41
	1526	152,7	1,34516E+000	-1,70971E-002	0,00000E+000	1,34800E+000	3,99116E-005	13	...........	62,42
	1527	152,8	1,34314E+000	-1,71726E-002	0,00000E+000	1,34600E+000	3,69116E-005	13	...........	62,41
	1528	152,9	1,34119E+000	-1,70348E-002	0,00000E+000	1,34400E+000	4,29116E-005	13	...........	62,41
	1529	153	1,33926E+000	-1,63741E-002	0,00000E+000	1,34200E+000	3,03116E-005	13	...........	62,42
	1530	153,1	1,33715E+000	-1,69225E-002	0,00000E+000	1,34000E+000	4,87116E-005	13	...........	62,42
	1531	153,2	1,33520E+000	-1,65140E-002	0,00000E+000	1,33800E+000	4,23116E-005	13	...........	62,42
	1532	153,3	1,33326E+000	-1,64007E-002	0,00000E+000	1,33600E+000	4,43116E-005	13	...........	62,42
	1533	153,4	1,33144E+000	-1,61495E-002	0,00000E+000	1,33400E+000	3,91116E-005	13	...........	62,41
	1534	153,5	1,32918E+000	-1,62495E-002	0,00000E+000	1,33200E+000	4,05116E-005	13	...........	62,41
	1535	153,6	1,32728E+000	-1,54684E-002	0,00000E+000	1,33000E+000	3,61116E-005	13	...........	62,42
	1536	153,7	1,32532E+000	-1,62802E-002	0,00000E+000	1,32800E+000	3,39116E-005	13	...........	62,42
	1537	153,8	1,32352E+000	-1,61689E-002	0,00000E+000	1,32600E+000	3,77116E-005	13	...........	62,41
	1538	153,9	1,32152E+000	-1,60239E-002	0,00000E+000	1,32400E+000	4,71116E-005	13	...........	62,41
	1539	154	1,31924E+000	-1,58104E-002	0,00000E+000	1,32200E+000	3,95116E-005	13	...........	62,41
	1540	154,1	1,31719E+000	-1,63088E-002	0,00000E+000	1,32000E+000	3,89116E-005	13	...........	62,41
	1541	154,2	1,31523E+000	-1,56818E-002	0,00000E+000	1,31800E+000	5,03116E-005	13	...........	62,42
	1542	154,3	1,31315E+000	-1,60810E-002	0,00000E+000	1,31600E+000	4,11116E-005	13	...........	62,42
	1543	154,4	1,31120E+000	-1,63741E-002	0,00000E+000	1,31400E+000	3,37116E-005	13	...........	62,41
	1544	154,5	1,30925E+000	-1,57104E-002	0,00000E+000	1,31200E+000	3,65116E-005	13	...........	62,42
	1545	154,6	1,30744E+000	-1,54234E-002	0,00000E+000	1,31000E+000	3,25116E-005	13	...........	62,41
	1546	154,7	1,30529E+000	-1,63802E-002	0,00000E+000	1,30800E+000	4,35116E-005	13	...........	62,40
	1547	154,8	1,30331E+000	-1,57461E-002	0,00000E+000	1,30600E+000	4,17116E-005	13	...........	62,41
	1548	154,9	1,30136E+000	-1,64711E-002	0,00000E+000	1,30400E+000	3,73116E-005	13	...........	62,41
	1549	155	1,29953E+000	-1,64793E-002	0,00000E+000	1,30200E+000	4,05116E-005	13	...........	62,41
	1550	155,1	1,29757E+000	-1,61423E-002	0,00000E+000	1,30000E+000	3,85116E-005	13	...........	62,41
	1551	155,2	1,29536E+000	-1,59187E-002	0,00000E+000	1,29800E+000	4,09116E-005	13	...........	62,41
	1552	155,3	1,29339E+000	-1,72860E-002	0,00000E+000	1,29600E+000	4,33116E-005	13	...........	62,41
	1553	155,4	1,29131E+000	-1,62822E-002	0,00000E+000	1,29400E+000	3,77116E-005	13	...........	62,40
	1554	155,5	1,28925E+000	-1,63251E-002	0,00000E+000	1,29200E+000	4,55116E-005	13	...........	62,42
	1555	155,6	1,28729E+000	-1,68418E-002	0,00000E+000	1,29000E+000	3,59116E-005	13	...........	62,42
	1556	155,7	1,28532E+000	-1,71736E-002	0,00000E+000	1,28800E+000	4,19116E-005	13	...........	62,41
	1557	155,8	1,28347E+000	-1,68275E-002	0,00000E+000	1,28600E+000	3,09116E-005	13	...........	62,42
	1558	155,9	1,28140E+000	-1,73983E-002	0,00000E+000	1,28400E+000	3,63116E-005	13	...........	62,40
	1559	156	1,27934E+000	-1,78027E-002	0,00000E+000	1,28200E+000	5,45116E-005	13	...........	62,41
	1560	156,1	1,27737E+000	-1,75974E-002	0,00000E+000	1,28000E+000	3,43116E-005	13	...........	62,41
	1561	156,2	1,27553E+000	-1,79528E-002	0,00000E+000	1,27800E+000	4,53116E-005	13	...........	62,41
	1562	156,3	1,27372E+000	-1,81795E-002	0,00000E+000	1,27600E+000	4,51116E-005	13	...........	62,42
	1563	156,4	1,27137E+000	-1,82734E-002	0,00000E+000	1,27400E+000	3,79116E-005	13	...........	62,41
	1564	156,5	1,26946E+000	-1,79844E-002	0,00000E+000	1,27200E+000	3,89116E-005	13	...........	62,41
	1565	156,6	1,26740E+000	-1,91087E-002	0,00000E+000	1,27000E+000	4,09116E-005	13	...........	62,41
	1566	156,7	1,26528E+000	-1,90740E-002	0,00000E+000	1,26800E+000	4,21116E-005	13	...........	62,40
	1567	156,8	1,26331E+000	-1,90209E-002	0,00000E+000	1,26600E+000	3,61116E-005	13	...........	62,41
	1568	156,9	1,26133E+000	-1,95049E-002	0,00000E+000	1,26400E+000	3,29116E-005	13	...........	62,40
	1569	157	1,25947E+000	-2,00011E-002	0,00000E+000	1,26200E+000	3,45116E-005	13	...........	62,42
	1570	157,1	1,25743E+000	-1,96172E-002	0,00000E+000	1,26000E+000	4,81116E-005	13	...........	62,40
	1571	157,2	1,25538E+000	-2,03555E-002	0,00000E+000	1,25800E+000	5,35116E-005	13	...........	62,41
	1572	157,3	1,25339E+000	-2,07241E-002	0,00000E+000	1,25600E+000	3,61116E-005	13	...........	62,40
	1573	157,4	1,25153E+000	-2,06894E-002	0,00000E+000	1,25400E+000	4,05116E-005	13	...........	62,41
	1574	157,5	1,24956E+000	-2,09038E-002	0,00000E+000	1,25200E+000	3,91116E-005	13	...........	62,42
	1575	157,6	1,24748E+000	-2,17718E-002	0,00000E+000	1,25000E+000	5,51116E-005	13	...........	62,40
	1576	157,7	1,24547E+000	-2,14562E-002	0,00000E+000	1,24800E+000	3,55116E-005	13	...........	62,42
	1577	157,8	1,24359E+000	-2,20077E-002	0,00000E+000	1,24600E+000	4,33116E-005	13	...........	62,41
	1578	157,9	1,24134E+000	-2,21823E-002	0,00000E+000	1,24400E+000	4,53116E-005	13	...........	62,42
	1579	158	1,23934E+000	-2,27847E-002	0,00000E+000	1,24200E+000	5,01116E-005	13	...........	62,41
	1580	158,1	1,23738E+000	-2,20955E-002	0,00000E+000	1,24000E+000	4,21116E-005	13	...........	62,41
	1581	158,2	1,23549E+000	-2,38130E-002	0,00000E+000	1,23800E+000	3,75116E-005	13	...........	62,42
	1582	158,3	1,23347E+000	-2,30849E-002	0,00000E+000	1,23600E+000	4,87116E-005	13	...........	62,42
	1583	158,4	1,23141E+000	-2,33637E-002	0,00000E+000	1,23400E+000	4,31116E-005	13	...........	62,41
	1584	158,5	1,22943E+000	-2,37466E-002	0,00000E+000	1,23200E+000	4,45116E-005	13	...........	62,43
	1585	158,6	1,22753E+000	-2,40601E-002	0,00000E+000	1,23000E+000	4,19116E-005	13	...........	62,42
	1586	158,7	1,22565E+000	-2,37660E-002	0,00000E+000	1,22800E+000	4,65116E-005	13	...........	62,42
	1587	158,8	1,22340E+000	-2,43787E-002	0,00000E+000	1,22600E+000	4,37116E-005	13	...........	62,42
	1588	158,9	1,22143E+000	-2,43848E-002	0,00000E+000	1,22400E+000	3,77116E-005	13	...........	62,43
	1589	159	1,21954E+000	-2,44349E-002	0,00000E+000	1,22200E+000	3,61116E-005	13	...........	62,43
	1590	159,1	1,21746E+000	-2,42123E-002	0,00000E+000	1,22000E+000	4,03116E-005	13	...........	62,43
	1591	159,2	1,21531E+000	-2,52109E-002	0,00000E+000	1,21800E+000	4,71116E-005	13	...........	62,42
	1592	159,3	1,21332E+000	-2,43879E-002	0,00000E+000	1,21600E+000	4,07116E-005	13	...........	62,42
	1593	159,4	1,21148E+000	-2,43470E-002	0,00000E+000	1,21400E+000	4,31116E-005	13	...........	62,41
	1594	159,5	1,20937E+000	-2,46136E-002	0,00000E+000	1,21200E+000	4,93116E-005	13	...........	62,41
	1595	159,6	1,20738E+000	-2,47892E-002	0,00000E+000	1,21000E+000	4,49116E-005	13	...........	62,42
	1596	159,7	1,20539E+000	-2,40938E-002	0,00000E+000	1,20800E+000	3,99116E-005	13	...........	62,41
	1597	159,8	1,20353E+000	-2,46381E-002	0,00000E+000	1,20600E+000	4,11116E-005	13	...........	62,41
	1598	159,9	1,20172E+000	-2,41346E-002	0,00000E+000	1,20400E+000	4,39116E-005	13	...........	62,42
	1599	160	1,19943E+000	-2,45809E-002	0,00000E+000	1,20200E+000	4,75116E-005	13	...........	62,41
	1600	160,1	1,19752E+000	-2,36118E-002	0,00000E+000	1,20000E+000	5,05116E-005	13	...........	62,41
	1601	160,2	1,19557E+000	-2,44614E-002	0,00000E+000	1,19800E+000	4,49116E-005	13	...........	62,41
	1602	160,3	1,19387E+000	-2,32412E-002	0,00000E+000	1,19600E+000	3,53116E-005	13	...........	62,42
	1603	160,4	1,19140E+000	-2,41918E-002	0,00000E+000	1,19400E+000	4,51116E-005	13	...........	62,42
	1604	160,5	1,18937E+000	-2,38538E-002	0,00000E+000	1,19200E+000	3,95116E-005	13	...........	62,41
	1605	160,6	1,18750E+000	-2,38181E-002	0,00000E+000	1,19000E+000	4,01116E-005	13	...........	62,41
	1606	160,7	1,18545E+000	-2,30696E-002	0,00000E+000	1,18800E+000	4,59116E-005	13	...........	62,41
	1607	160,8	1,18342E+000	-2,34546E-002	0,00000E+000	1,18600E+000	5,49116E-005	13	...........	62,42
	1608	160,9	1,18144E+000	-2,25713E-002	0,00000E+000	1,18400E+000	4,45116E-005	13	...........	62,41
	1609	161	1,17955E+000	-2,32871E-002	0,00000E+000	1,18200E+000	4,07116E-005	13	...........	62,41
	1610	161,1	1,17778E+000	-2,20802E-002	0,00000E+000	1,18000E+000	4,49116E-005	13	...........	62,41
	1611	161,2	1,17546E+000	-2,35271E-002	0,00000E+000	1,17800E+000	4,39116E-005	13	...........	62,41
	1612	161,3	1,17354E+000	-2,19352E-002	0,00000E+000	1,17600E+000	4,45116E-005	13	...........	62,41
	1613	161,4	1,17162E+000	-2,26806E-002	0,00000E+000	1,17400E+000	4,55116E-005	13	...........	62,41
	1614	161,5	1,16991E+000	-2,21384E-002	0,00000E+000	1,17200E+000	3,91116E-005	13	...........	62,40
	1615	161,6	1,16775E+000	-2,24835E-002	0,00000E+000	1,17000E+000	4,51116E-005	13	...........	62,40
	1616	161,7	1,16554E+000	-2,14838E-002	0,00000E+000	1,16800E+000	3,55116E-005	13	...........	62,41
	1617	161,8	1,16352E+000	-2,26071E-002	0,00000E+000	1,16600E+000	3,87116E-005	13	...........	62,40
	1618	161,9	1,16147E+000	-2,16656E-002	0,00000E+000	1,16400E+000	4,37116E-005	13	...........	62,41
	1619	162	1,15943E+000	-2,17687E-002	0,00000E+000	1,16200E+000	5,13116E-005	13	...........	62,42
	1620	162,1	1,15749E+000	-2,10509E-002	0,00000E+000	1,16000E+000	4,69116E-005	13	...........	62,39
	1621	162,2	1,15555E+000	-2,20618E-002	0,00000E+000	1,15800E+000	3,67116E-005	13	...........	62,40
	1622	162,3	1,15373E+000	-2,03677E-002	0,00000E+000	1,15600E+000	3,45116E-005	13	...........	62,40
	1623	162,4	1,15152E+000	-2,18963E-002	0,00000E+000	1,15400E+000	4,99116E-005	13	...........	62,41
	1624	162,5	1,14957E+000	-2,06016E-002	0,00000E+000	1,15200E+000	3,85116E-005	13	...........	62,41
	1625	162,6	1,14764E+000	-2,14440E-002	0,00000E+000	1,15000E+000	4,31116E-005	13	...........	62,40
	1626	162,7	1,14591E+000	-2,03820E-002	0,00000E+000	1,14800E+000	4,21116E-005	13	...........	62,41
	1627	162,8	1,14378E+000	-2,16298E-002	0,00000E+000	1,14600E+000	4,95116E-005	13	...........	62,41
	1628	162,9	1,14168E+000	-1,98224E-002	0,00000E+000	1,14400E+000	4,37116E-005	13	...........	62,40
	1629	163	1,13971E+000	-2,07404E-002	0,00000E+000	1,14200E+000	3,17116E-005	13	...........	62,40
	1630	163,1	1,13755E+000	-1,97224E-002	0,00000E+000	1,14000E+000	4,13116E-005	13	...........	62,41
	1631	163,2	1,13551E+000	-2,04923E-002	0,00000E+000	1,13800E+000	3,89116E-005	13	...........	62,40
	1632	163,3	1,13354E+000	-1,94334E-002	0,00000E+000	1,13600E+000	3,75116E-005	13	...........	62,40
	1633	163,4	1,13159E+000	-2,04688E-002	0,00000E+000	1,13400E+000	3,83116E-005	13	...........	62,40
	1634	163,5	1,12976E+000	-1,92302E-002	0,00000E+000	1,13200E+000	3,33116E-005	13	...........	62,40
	1635	163,6	1,12762E+000	-1,99552E-002	0,00000E+000	1,13000E+000	4,93116E-005	13	...........	62,41
	1636	163,7	1,12560E+000	-1,93629E-002	0,00000E+000	1,12800E+000	4,47116E-005	13	...........	62,40
	1637	163,8	1,12363E+000	-1,98122E-002	0,00000E+000	1,12600E+000	2,73116E-005	13	...........	62,40
	1638	163,9	1,12179E+000	-1,85808E-002	0,00000E+000	1,12400E+000	5,55116E-005	13	...........	62,41
	1639	164	1,11978E+000	-1,98909E-002	0,00000E+000	1,12200E+000	4,25116E-005	13	...........	62,41
	1640	164,1	1,11767E+000	-1,84654E-002	0,00000E+000	1,12000E+000	4,15116E-005	13	...........	62,41
	1641	164,2	1,11576E+000	-1,89371E-002	0,00000E+000	1,11800E+000	4,25116E-005	13	...........	62,40
	1642	164,3	1,11354E+000	-1,86369E-002	0,00000E+000	1,11600E+000	4,15116E-005	13	...........	62,41
	1643	164,4	1,11148E+000	-1,92057E-002	0,00000E+000	1,11400E+000	4,05116E-005	13	...........	62,40
	1644	164,5	1,10955E+000	-1,78762E-002	0,00000E+000	1,11200E+000	3,91116E-005	13	...........	62,39
	1645	164,6	1,10759E+000	-1,87360E-002	0,00000E+000	1,11000E+000	3,15116E-005	13	...........	62,41
	1646	164,7	1,10572E+000	-1,81590E-002	0,00000E+000	1,10800E+000	3,33116E-005	13	...........	62,40
	1647	164,8	1,10358E+000	-1,85481E-002	0,00000E+000	1,10600E+000	3,75116E-005	13	...........	62,41
	1648	164,9	1,10162E+000	-1,82407E-002	0,00000E+000	1,10400E+000	4,25116E-005	13	...........	62,40
	1649	165	1,09967E+000	-1,86155E-002	0,00000E+000	1,10200E+000	5,01116E-005	13	...........	62,41
	1650	165,1	1,09788E+000	-1,75801E-002	0,00000E+000	1,10000E+000	3,53116E-005	13	...........	62,40
	1651	165,2	1,09565E+000	-1,84756E-002	0,00000E+000	1,09800E+000	4,63116E-005	13	...........	62,40
	1652	165,3	1,09371E+000	-1,81039E-002	0,00000E+000	1,09600E+000	4,75116E-005	13	...........	62,40
	1653	165,4	1,09174E+000	-1,80406E-002	0,00000E+000	1,09400E+000	2,91116E-005	13	...........	62,41
	1654	165,5	1,08983E+000	-1,70266E-002	0,00000E+000	1,09200E+000	4,13116E-005	13	...........	62,40
	1655	165,6	1,08756E+000	-1,76066E-002	0,00000E+000	1,09000E+000	4,15116E-005	13	...........	62,39
	1656	165,7	1,08559E+000	-1,72084E-002	0,00000E+000	1,08800E+000	2,81116E-005	13	...........	62,40
	1657	165,8	1,08363E+000	-1,74606E-002	0,00000E+000	1,08600E+000	3,67116E-005	13	...........	62,40
	1658	165,9	1,08172E+000	-1,66631E-002	0,00000E+000	1,08400E+000	4,53116E-005	13	...........	62,40
	1659	166	1,07961E+000	-1,77843E-002	0,00000E+000	1,08200E+000	3,75116E-005	13	...........	62,41
	1660	166,1	1,07768E+000	-1,66804E-002	0,00000E+000	1,08000E+000	4,11116E-005	13	...........	62,41
	1661	166,2	1,07573E+000	-1,71685E-002	0,00000E+000	1,07800E+000	4,03116E-005	13	...........	62,41
	1662	166,3	1,07390E+000	-1,68581E-002	0,00000E+000	1,07600E+000	4,35116E-005	13	...........	62,41
	1663	166,4	1,07178E+000	-1,72839E-002	0,00000E+000	1,07400E+000	3,63116E-005	13	...........	62,40
	1664	166,5	1,06973E+000	-1,66723E-002	0,00000E+000	1,07200E+000	4,83116E-005	13	...........	62,40
	1665	166,6	1,06779E+000	-1,70889E-002	0,00000E+000	1,07000E+000	4,15116E-005	13	...........	62,40
	1666	166,7	1,06593E+000	-1,66233E-002	0,00000E+000	1,06800E+000	3,95116E-005	13	...........	62,41
	1667	166,8	1,06365E+000	-1,75903E-002	0,00000E+000	1,06600E+000	4,29116E-005	13	...........	62,40
	1668	166,9	1,06160E+000	-1,64742E-002	0,00000E+000	1,06400E+000	4,01116E-005	13	...........	62,40
	1669	167	1,05965E+000	-1,71910E-002	0,00000E+000	1,06200E+000	4,17116E-005	13	...........	62,41
	1670	167,1	1,05776E+000	-1,64813E-002	0,00000E+000	1,06000E+000	3,73116E-005	13	...........	62,40
	1671	167,2	1,05563E+000	-1,72921E-002	0,00000E+000	1,05800E+000	3,59116E-005	13	...........	62,40
	1672	167,3	1,05368E+000	-1,69592E-002	0,00000E+000	1,05600E+000	3,35116E-005	13	...........	62,40
	1673	167,4	1,05171E+000	-1,69888E-002	0,00000E+000	1,05400E+000	3,37116E-005	13	...........	62,41
	1674	167,5	1,04989E+000	-1,66723E-002	0,00000E+000	1,05200E+000	3,57116E-005	13	...........	62,40
	1675	167,6	1,04780E+000	-1,72870E-002	0,00000E+000	1,05000E+000	4,15116E-005	13	...........	62,41
	1676	167,7	1,04575E+000	-1,71257E-002	0,00000E+000	1,04800E+000	3,99116E-005	13	...........	62,41
	1677	167,8	1,04382E+000	-1,70634E-002	0,00000E+000	1,04600E+000	5,65116E-005	13	...........	62,41
	1678	167,9	1,04194E+000	-1,70715E-002	0,00000E+000	1,04400E+000	3,81116E-005	13	...........	62,41
	1679	168	1,04016E+000	-1,72308E-002	0,00000E+000	1,04200E+000	4,01116E-005	13	...........	62,41
	1680	168,1	1,03774E+000	-1,68336E-002	0,00000E+000	1,04000E+000	4,05116E-005	13	...........	62,41
	1681	168,2	1,03570E+000	-1,69153E-002	0,00000E+000	1,03800E+000	4,69116E-005	13	...........	62,40
	1682	168,3	1,03381E+000	-1,69776E-002	0,00000E+000	1,03600E+000	3,27116E-005	13	...........	62,41
	1683	168,4	1,03171E+000	-1,71471E-002	0,00000E+000	1,03400E+000	4,81116E-005	13	...........	62,39
	1684	168,5	1,02975E+000	-1,67274E-002	0,00000E+000	1,03200E+000	4,47116E-005	13	...........	62,40
	1685	168,6	1,02777E+000	-1,73605E-002	0,00000E+000	1,03000E+000	4,03116E-005	13	...........	62,40
	1686	168,7	1,02592E+000	-1,68408E-002	0,00000E+000	1,02800E+000	2,49116E-005	13	...........	62,40
	1687	168,8	1,02391E+000	-1,68020E-002	0,00000E+000	1,02600E+000	5,21116E-005	13	...........	62,40
	1688	168,9	1,02178E+000	-1,71063E-002	0,00000E+000	1,02400E+000	4,97116E-005	13	...........	62,39
	1689	169	1,01985E+000	-1,70399E-002	0,00000E+000	1,02200E+000	4,29116E-005	13	...........	62,41
	1690	169,1	1,01796E+000	-1,66661E-002	0,00000E+000	1,02000E+000	3,91116E-005	13	...........	62,41
	1691	169,2	1,01619E+000	-1,67785E-002	0,00000E+000	1,01800E+000	4,55116E-005	13	...........	62,40
	1692	169,3	1,01390E+000	-1,72421E-002	0,00000E+000	1,01600E+000	4,25116E-005	13	...........	62,40
	1693	169,4	1,01186E+000	-1,71318E-002	0,00000E+000	1,01400E+000	3,87116E-005	13	...........	62,39
	1694	169,5	1,00985E+000	-1,65242E-002	0,00000E+000	1,01200E+000	4,23116E-005	13	...........	62,41
	1695	169,6	1,00777E+000	-1,66386E-002	0,00000E+000	1,01000E+000	4,49116E-005	13	...........	62,40
	1696	169,7	1,00576E+000	-1,68918E-002	0,00000E+000	1,00800E+000	3,63116E-005	13	...........	62,40
	1697	169,8	1,00379E+000	-1,64262E-002	0,00000E+000	1,00600E+000	3,99116E-005	13	...........	62,40
	1698	169,9	1,00192E+000	-1,66958E-002	0,00000E+000	1,00400E+000	3,23116E-005	13	...........	62,41
	1699	170	9,99919E-001	-1,62567E-002	0,00000E+000	1,00200E+000	4,07116E-005	13	...........	62,40
	1700	170,1	9,97808E-001	-1,59258E-002	0,00000E+000	1,00000E+000	4,97116E-005	13	...........	62,40
	1701	170,2	9,95835E-001	-1,59963E-002	0,00000E+000	9,98000E-001	4,39116E-005	13	...........	62,40
	1702	170,3	9,93979E-001	-1,60055E-002	0,00000E+000	9,96000E-001	3,89116E-005	13	...........	62,39
	1703	170,4	9,92227E-001	-1,51631E-002	0,00000E+000	9,94000E-001	3,83116E-005	13	...........	62,40
	1704	170,5	9,89832E-001	-1,58186E-002	0,00000E+000	9,92000E-001	3,99116E-005	13	...........	62,40
	1705	170,6	9,87913E-001	-1,52253E-002	0,00000E+000	9,90000E-001	3,79116E-005	13	...........	62,40
	1706	170,7	9,85997E-001	-1,54071E-002	0,00000E+000	9,88000E-001	4,53116E-005	13	...........	62,39
	1707	170,8	9,83815E-001	-1,49364E-002	0,00000E+000	9,86000E-001	4,55116E-005	13	...........	62,41
	1708	170,9	9,81803E-001	-1,54959E-002	0,00000E+000	9,84000E-001	4,01116E-005	13	...........	62,41
	1709	171	9,79824E-001	-1,50906E-002	0,00000E+000	9,82000E-001	4,31116E-005	13	...........	62,40
	1710	171,1	9,77937E-001	-1,47781E-002	0,00000E+000	9,80000E-001	4,71116E-005	13	...........	62,40
	1711	171,2	9,75984E-001	-1,46321E-002	0,00000E+000	9,78000E-001	4,67116E-005	13	...........	62,41
	1712	171,3	9,73834E-001	-1,49701E-002	0,00000E+000	9,76000E-001	5,11116E-005	13	...........	62,41
	1713	171,4	9,71862E-001	-1,41685E-002	0,00000E+000	9,74000E-001	4,23116E-005	13	...........	62,40
	1714	171,5	9,69968E-001	-1,41368E-002	0,00000E+000	9,72000E-001	4,23116E-005	13	...........	62,40
	1715	171,6	9,68053E-001	-1,37907E-002	0,00000E+000	9,70000E-001	4,69116E-005	13	...........	62,40
	1716	171,7	9,65872E-001	-1,39908E-002	0,00000E+000	9,68000E-001	5,19116E-005	13	...........	62,40
	1717	171,8	9,63911E-001	-1,33434E-002	0,00000E+000	9,66000E-001	4,05116E-005	13	...........	62,40
	1718	171,9	9,62053E-001	-1,39285E-002	0,00000E+000	9,64000E-001	3,19116E-005	13	...........	62,40
	1719	172	9,59843E-001	-1,26143E-002	0,00000E+000	9,62000E-001	4,95116E-005	13	...........	62,40
	1720	172,1	9,57803E-001	-1,33036E-002	0,00000E+000	9,60000E-001	3,69116E-005	13	...........	62,41
	1721	172,2	9,55863E-001	-1,26245E-002	0,00000E+000	9,58000E-001	3,75116E-005	13	...........	62,40
	1722	172,3	9,53929E-001	-1,34670E-002	0,00000E+000	9,56000E-001	3,77116E-005	13	...........	62,40
	1723	172,4	9,52000E-001	-1,24857E-002	0,00000E+000	9,54000E-001	4,13116E-005	13	...........	62,40
	1724	172,5	9,49842E-001	-1,29687E-002	0,00000E+000	9,52000E-001	4,21116E-005	13	...........	62,40
	1725	172,6	9,47919E-001	-1,28614E-002	0,00000E+000	9,50000E-001	3,65116E-005	13	...........	62,40
	1726	172,7	9,45983E-001	-1,22008E-002	0,00000E+000	9,48000E-001	3,53116E-005	13	...........	62,40
	1727	172,8	9,44220E-001	-1,20742E-002	0,00000E+000	9,46000E-001	3,13116E-005	13	...........	62,41
	1728	172,9	9,41872E-001	-1,21119E-002	0,00000E+000	9,44000E-001	4,27116E-005	13	...........	62,41
	1729	173	9,40029E-001	-1,14850E-002	0,00000E+000	9,42000E-001	4,53116E-005	13	...........	62,40
	1730	173,1	9,38038E-001	-1,20129E-002	0,00000E+000	9,40000E-001	3,85116E-005	13	...........	62,40
	1731	173,2	9,36108E-001	-1,12409E-002	0,00000E+000	9,38000E-001	3,93116E-005	13	...........	62,40
	1732	173,3	9,33868E-001	-1,17699E-002	0,00000E+000	9,36000E-001	4,47116E-005	13	...........	62,40
	1733	173,4	9,31909E-001	-1,09101E-002	0,00000E+000	9,34000E-001	4,41116E-005	13	...........	62,40
	1734	173,5	9,29960E-001	-1,19955E-002	0,00000E+000	9,32000E-001	3,61116E-005	13	...........	62,40
	1735	173,6	9,27999E-001	-1,01299E-002	0,00000E+000	9,30000E-001	4,57116E-005	13	...........	62,41
	1736	173,7	9,25908E-001	-1,12062E-002	0,00000E+000	9,28000E-001	5,03116E-005	13	...........	62,40
	1737	173,8	9,23954E-001	-1,06579E-002	0,00000E+000	9,26000E-001	4,11116E-005	13	...........	62,41
	1738	173,9	9,22018E-001	-1,07212E-002	0,00000E+000	9,24000E-001	4,11116E-005	13	...........	62,41
	1739	174	9,20200E-001	-1,00176E-002	0,00000E+000	9,22000E-001	4,57116E-005	13	...........	62,41
	1740	174,1	9,17945E-001	-1,10357E-002	0,00000E+000	9,20000E-001	5,41116E-005	13	...........	62,41
	1741	174,2	9,16023E-001	-9,29261E-003	0,00000E+000	9,18000E-001	4,55116E-005	13	...........	62,40
	1742	174,3	9,14063E-001	-1,05874E-002	0,00000E+000	9,16000E-001	4,03116E-005	13	...........	62,41
	1743	174,4	9,12277E-001	-9,77050E-003	0,00000E+000	9,14000E-001	4,49116E-005	13	...........	62,41
	1744	174,5	9,09890E-001	-1,05649E-002	0,00000E+000	9,12000E-001	5,31116E-005	13	...........	62,41
	1745	174,6	9,07898E-001	-9,04346E-003	0,00000E+000	9,10000E-001	4,59116E-005	13	...........	62,40
	1746	174,7	9,05963E-001	-9,88691E-003	0,00000E+000	9,08000E-001	4,19116E-005	13	...........	62,40
	1747	174,8	9,04016E-001	-8,63501E-003	0,00000E+000	9,06000E-001	4,37116E-005	13	...........	62,41
	1748	174,9	9,01935E-001	-9,66532E-003	0,00000E+000	9,04000E-001	4,23116E-005	13	...........	62,40
	1749	175	8,99935E-001	-8,62071E-003	0,00000E+000	9,02000E-001	4,15116E-005	13	...........	62,41
	1750	175,1	8,97994E-001	-9,75416E-003	0,00000E+000	9,00000E-001	3,81116E-005	13	...........	62,40
	1751	175,2	8,96259E-001	-8,37258E-003	0,00000E+000	8,98000E-001	3,89116E-005	13	...........	62,40
	1752	175,3	8,94002E-001	-9,57240E-003	0,00000E+000	8,96000E-001	4,65116E-005	13	...........	62,41
	1753	175,4	8,92044E-001	-8,23371E-003	0,00000E+000	8,94000E-001	5,01116E-005	13	...........	62,40
	1754	175,5	8,90112E-001	-9,32937E-003	0,00000E+000	8,92000E-001	4,89116E-005	13	...........	62,39
	1755	175,6	8,88286E-001	-7,90593E-003	0,00000E+000	8,90000E-001	4,37116E-005	13	...........	62,40
	1756	175,7	8,86206E-001	-9,22113E-003	0,00000E+000	8,88000E-001	4,69116E-005	13	...........	62,41
	1757	175,8	8,84012E-001	-7,76501E-003	0,00000E+000	8,86000E-001	4,95116E-005	13	...........	62,40
	1758	175,9	8,82001E-001	-9,16497E-003	0,00000E+000	8,84000E-001	3,63116E-005	13	...........	62,40
	1759	176	8,80095E-001	-7,89265E-003	0,00000E+000	8,82000E-001	4,51116E-005	13	...........	62,40
	1760	176,1	8,78035E-001	-8,74835E-003	0,00000E+000	8,80000E-001	3,95116E-005	13	...........	62,41
	1761	176,2	8,76008E-001	-7,66800E-003	0,00000E+000	8,78000E-001	3,85116E-005	13	...........	62,41
	1762	176,3	8,74013E-001	-8,91276E-003	0,00000E+000	8,76000E-001	3,69116E-005	13	...........	62,39
	1763	176,4	8,72248E-001	-7,21769E-003	0,00000E+000	8,74000E-001	3,89116E-005	13	...........	62,41
	1764	176,5	8,70102E-001	-8,40321E-003	0,00000E+000	8,72000E-001	4,61116E-005	13	...........	62,40
	1765	176,6	8,68056E-001	-7,47910E-003	0,00000E+000	8,70000E-001	3,85116E-005	13	...........	62,41
	1766	176,7	8,66120E-001	-8,40526E-003	0,00000E+000	8,68000E-001	4,33116E-005	13	...........	62,41
	1767	176,8	8,64331E-001	-6,81537E-003	0,00000E+000	8,66000E-001	4,57116E-005	13	...........	62,40
	1768	176,9	8,62151E-001	-8,14385E-003	0,00000E+000	8,64000E-001	5,35116E-005	13	...........	62,40
	1769	177	8,60086E-001	-7,17072E-003	0,00000E+000	8,62000E-001	4,39116E-005	13	...........	62,40
	1770	177,1	8,58092E-001	-7,64860E-003	0,00000E+000	8,60000E-001	2,71116E-005	13	...........	62,40
	1771	177,2	8,56131E-001	-6,60399E-003	0,00000E+000	8,58000E-001	4,07116E-005	13	...........	62,41
	1772	177,3	8,54055E-001	-7,80994E-003	0,00000E+000	8,56000E-001	5,07116E-005	13	...........	62,41
	1773	177,4	8,52048E-001	-6,54579E-003	0,00000E+000	8,54000E-001	4,21116E-005	13	...........	62,42
	1774	177,5	8,50056E-001	-7,34839E-003	0,00000E+000	8,52000E-001	4,47116E-005	13	...........	62,41
	1775	177,6	8,48259E-001	-6,64586E-003	0,00000E+000	8,50000E-001	3,59116E-005	13	...........	62,42
	1776	177,7	8,46130E-001	-7,18501E-003	0,00000E+000	8,48000E-001	4,93116E-005	13	...........	62,41
	1777	177,8	8,44109E-001	-6,09037E-003	0,00000E+000	8,46000E-001	4,73116E-005	13	...........	62,40
	1778	177,9	8,42110E-001	-7,22075E-003	0,00000E+000	8,44000E-001	4,11116E-005	13	...........	62,41
	1779	178	8,40321E-001	-5,99642E-003	0,00000E+000	8,42000E-001	4,57116E-005	13	...........	62,42
	1780	178,1	8,38554E-001	-7,27691E-003	0,00000E+000	8,40000E-001	4,01116E-005	13	...........	62,41
	1781	178,2	8,36179E-001	-6,14347E-003	0,00000E+000	8,38000E-001	4,35116E-005	13	...........	62,41
	1782	178,3	8,34199E-001	-6,94505E-003	0,00000E+000	8,36000E-001	4,37116E-005	13	...........	62,42
	1783	178,4	8,32300E-001	-5,82896E-003	0,00000E+000	8,34000E-001	4,41116E-005	13	...........	62,42
	1784	178,5	8,30120E-001	-6,83272E-003	0,00000E+000	8,32000E-001	4,75116E-005	13	...........	62,41
	1785	178,6	8,28145E-001	-5,78505E-003	0,00000E+000	8,30000E-001	4,89116E-005	13	...........	62,41
	1786	178,7	8,26136E-001	-6,59174E-003	0,00000E+000	8,28000E-001	3,83116E-005	13	...........	62,41
	1787	178,8	8,24300E-001	-5,89840E-003	0,00000E+000	8,26000E-001	4,79116E-005	13	...........	62,40
	1788	178,9	8,22276E-001	-6,82966E-003	0,00000E+000	8,24000E-001	4,99116E-005	13	...........	62,41
	1789	179	8,20220E-001	-5,71868E-003	0,00000E+000	8,22000E-001	5,61116E-005	13	...........	62,41
	1790	179,1	8,18213E-001	-6,45797E-003	0,00000E+000	8,20000E-001	5,43116E-005	13	...........	62,41
	1791	179,2	8,16346E-001	-5,78709E-003	0,00000E+000	8,18000E-001	3,07116E-005	13	...........	62,42
	1792	179,3	8,14335E-001	-6,27928E-003	0,00000E+000	8,16000E-001	5,51116E-005	13	...........	62,41
	1793	179,4	8,12342E-001	-5,61657E-003	0,00000E+000	8,14000E-001	5,11116E-005	13	...........	62,42
	1794	179,5	8,10267E-001	-6,39262E-003	0,00000E+000	8,12000E-001	5,43116E-005	13	...........	62,41
	1795	179,6	8,08417E-001	-5,61861E-003	0,00000E+000	8,10000E-001	4,01116E-005	13	...........	62,41
	1796	179,7	8,06184E-001	-6,42836E-003	0,00000E+000	8,08000E-001	5,25116E-005	13	...........	62,41
	1797	179,8	8,04202E-001	-5,44298E-003	0,00000E+000	8,06000E-001	5,27116E-005	13	...........	62,42
	1798	179,9	8,02221E-001	-6,08935E-003	0,00000E+000	8,04000E-001	4,01116E-005	13	...........	62,41
	1799	180	8,00329E-001	-5,44604E-003	0,00000E+000	8,02000E-001	4,75116E-005	13	...........	62,41
	1800	180,1	7,98396E-001	-6,20678E-003	0,00000E+000	8,00000E-001	4,87116E-005	13	...........	62,42
	1801	180,2	7,96270E-001	-5,44910E-003	0,00000E+000	7,98000E-001	5,01116E-005	13	...........	62,41
	1802	180,3	7,94304E-001	-5,96171E-003	0,00000E+000	7,96000E-001	4,75116E-005	13	...........	62,42
	1803	180,4	7,92382E-001	-5,57368E-003	0,00000E+000	7,94000E-001	4,95116E-005	13	...........	62,41
	1804	180,5	7,90669E-001	-5,73400E-003	0,00000E+000	7,92000E-001	4,19116E-005	13	...........	62,41
	1805	180,6	7,88359E-001	-5,17442E-003	0,00000E+000	7,90000E-001	4,47116E-005	13	...........	62,42
	1806	180,7	7,86401E-001	-5,79016E-003	0,00000E+000	7,88000E-001	4,51116E-005	13	...........	62,42
	1807	180,8	7,84430E-001	-5,26428E-003	0,00000E+000	7,86000E-001	4,81116E-005	13	...........	62,40
	1808	180,9	7,82516E-001	-5,60329E-003	0,00000E+000	7,84000E-001	4,83116E-005	13	...........	62,41
	1809	181	7,80262E-001	-5,08252E-003	0,00000E+000	7,82000E-001	5,69116E-005	13	...........	62,42
	1810	181,1	7,78279E-001	-5,59819E-003	0,00000E+000	7,80000E-001	3,99116E-005	13	...........	62,41
	1811	181,2	7,76353E-001	-5,16727E-003	0,00000E+000	7,78000E-001	4,57116E-005	13	...........	62,41
	1812	181,3	7,74422E-001	-5,16319E-003	0,00000E+000	7,76000E-001	4,39116E-005	13	...........	62,42
	1813	181,4	7,72316E-001	-4,96100E-003	0,00000E+000	7,74000E-001	4,07116E-005	13	...........	62,42
	1814	181,5	7,70366E-001	-5,12336E-003	0,00000E+000	7,72000E-001	3,95116E-005	13	...........	62,42
	1815	181,6	7,68431E-001	-4,73227E-003	0,00000E+000	7,70000E-001	3,95116E-005	13	...........	62,41
	1816	181,7	7,66634E-001	-5,17850E-003	0,00000E+000	7,68000E-001	3,97116E-005	13	...........	62,42
	1817	181,8	7,64445E-001	-4,95181E-003	0,00000E+000	7,66000E-001	4,43116E-005	13	...........	62,42
	1818	181,9	7,62465E-001	-5,16114E-003	0,00000E+000	7,64000E-001	5,55116E-005	13	...........	62,43
	1819	182	7,60489E-001	-5,20607E-003	0,00000E+000	7,62000E-001	4,69116E-005	13	...........	62,42
	1820	182,1	7,58719E-001	-5,00593E-003	0,00000E+000	7,60000E-001	3,95116E-005	13	...........	62,41
	1821	182,2	7,56355E-001	-4,87217E-003	0,00000E+000	7,58000E-001	5,15116E-005	13	...........	62,42
	1822	182,3	7,54303E-001	-4,82826E-003	0,00000E+000	7,56000E-001	5,09116E-005	13	...........	62,42
	1823	182,4	7,52364E-001	-4,71798E-003	0,00000E+000	7,54000E-001	3,49116E-005	13	...........	62,42
	1824	182,5	7,50465E-001	-4,75372E-003	0,00000E+000	7,52000E-001	3,83116E-005	13	...........	62,41
	1825	182,6	7,48341E-001	-4,77210E-003	0,00000E+000	7,50000E-001	4,75116E-005	13	...........	62,42
	1826	182,7	7,46367E-001	-4,77414E-003	0,00000E+000	7,48000E-001	4,09116E-005	13	...........	62,42
	1827	182,8	7,44404E-001	-4,74963E-003	0,00000E+000	7,46000E-001	3,33116E-005	13	...........	62,42
	1828	182,9	7,42671E-001	-4,46065E-003	0,00000E+000	7,44000E-001	4,09116E-005	13	...........	62,42
	1829	183	7,40432E-001	-4,64037E-003	0,00000E+000	7,42000E-001	4,25116E-005	13	...........	62,42
	1830	183,1	7,38482E-001	-4,68020E-003	0,00000E+000	7,40000E-001	4,57116E-005	13	...........	62,42
	1831	183,2	7,36538E-001	-4,46882E-003	0,00000E+000	7,38000E-001	4,93116E-005	13	...........	62,41
	1832	183,3	7,34713E-001	-4,46474E-003	0,00000E+000	7,36000E-001	3,39116E-005	13	...........	62,42
	1833	183,4	7,32745E-001	-4,69041E-003	0,00000E+000	7,34000E-001	4,67116E-005	13	...........	62,41
	1834	183,5	7,30499E-001	-4,21967E-003	0,00000E+000	7,32000E-001	5,01116E-005	13	...........	62,41
	1835	183,6	7,28402E-001	-4,32791E-003	0,00000E+000	7,30000E-001	3,39116E-005	13	...........	62,41
	1836	183,7	7,26498E-001	-4,48516E-003	0,00000E+000	7,28000E-001	3,91116E-005	13	...........	62,43
	1837	183,8	7,24403E-001	-4,53417E-003	0,00000E+000	7,26000E-001	4,93116E-005	13	...........	62,41
	1838	183,9	7,22434E-001	-3,97051E-003	0,00000E+000	7,24000E-001	5,01116E-005	13	...........	62,41
	1839	184	7,20469E-001	-4,68530E-003	0,00000E+000	7,22000E-001	4,23116E-005	13	...........	62,42
	1840	184,1	7,18689E-001	-4,39530E-003	0,00000E+000	7,20000E-001	3,85116E-005	13	...........	62,42
	1841	184,2	7,16479E-001	-4,41368E-003	0,00000E+000	7,18000E-001	5,21116E-005	13	...........	62,41
	1842	184,3	7,14484E-001	-4,39837E-003	0,00000E+000	7,16000E-001	4,21116E-005	13	...........	62,41
	1843	184,4	7,12522E-001	-4,44942E-003	0,00000E+000	7,14000E-001	3,95116E-005	13	...........	62,41
	1844	184,5	7,10726E-001	-4,13696E-003	0,00000E+000	7,12000E-001	3,95116E-005	13	...........	62,41
	1845	184,6	7,08576E-001	-4,38918E-003	0,00000E+000	7,10000E-001	4,53116E-005	13	...........	62,42
	1846	184,7	7,06539E-001	-4,24315E-003	0,00000E+000	7,08000E-001	4,45116E-005	13	...........	62,41
	1847	184,8	7,04589E-001	-4,32484E-003	0,00000E+000	7,06000E-001	4,31116E-005	13	...........	62,42
	1848	184,9	7,02499E-001	-4,06242E-003	0,00000E+000	7,04000E-001	3,99116E-005	13	...........	62,41
	1849	185	7,00434E-001	-4,55358E-003	0,00000E+000	7,02000E-001	4,87116E-005	13	...........	62,41
	1850	185,1	6,98454E-001	-4,12981E-003	0,00000E+000	7,00000E-001	4,59116E-005	13	...........	62,42
	1851	185,2	6,96477E-001	-4,29523E-003	0,00000E+000	6,98000E-001	4,43116E-005	13	...........	62,41
	1852	185,3	6,94674E-001	-4,27787E-003	0,00000E+000	6,96000E-001	3,81116E-005	13	...........	62,41
	1853	185,4	6,92567E-001	-4,53928E-003	0,00000E+000	6,94000E-001	3,45116E-005	13	...........	62,41
	1854	185,5	6,90532E-001	-4,07263E-003	0,00000E+000	6,92000E-001	5,55116E-005	13	...........	62,41
	1855	185,6	6,88546E-001	-4,44636E-003	0,00000E+000	6,90000E-001	4,37116E-005	13	...........	62,41
	1856	185,7	6,86691E-001	-4,19108E-003	0,00000E+000	6,88000E-001	4,75116E-005	13	...........	62,42
	1857	185,8	6,84919E-001	-4,35854E-003	0,00000E+000	6,86000E-001	4,75116E-005	13	...........	62,42
	1858	185,9	6,82557E-001	-4,05629E-003	0,00000E+000	6,84000E-001	4,69116E-005	13	...........	62,42
	1859	186	6,80631E-001	-4,29523E-003	0,00000E+000	6,82000E-001	4,25116E-005	13	...........	62,42
	1860	186,1	6,78578E-001	-4,05118E-003	0,00000E+000	6,80000E-001	4,05116E-005	13	...........	62,42
	1861	186,2	6,76480E-001	-4,35446E-003	0,00000E+000	6,78000E-001	4,45116E-005	13	...........	62,43
	1862	186,3	6,74498E-001	-4,22273E-003	0,00000E+000	6,76000E-001	4,21116E-005	13	...........	62,42
	1863	186,4	6,72510E-001	-4,33812E-003	0,00000E+000	6,74000E-001	3,93116E-005	13	...........	62,42
	1864	186,5	6,70689E-001	-4,07671E-003	0,00000E+000	6,72000E-001	4,05116E-005	13	...........	62,42
	1865	186,6	6,68608E-001	-4,58115E-003	0,00000E+000	6,70000E-001	5,03116E-005	13	...........	62,43
	1866	186,7	6,66569E-001	-4,22273E-003	0,00000E+000	6,68000E-001	4,09116E-005	13	...........	62,42
	1867	186,8	6,64573E-001	-4,38713E-003	0,00000E+000	6,66000E-001	4,37116E-005	13	...........	62,43
	1868	186,9	6,62726E-001	-4,10734E-003	0,00000E+000	6,64000E-001	3,73116E-005	13	...........	62,42
	1869	187	6,60660E-001	-4,65365E-003	0,00000E+000	6,62000E-001	4,75116E-005	13	...........	62,41
	1870	187,1	6,58613E-001	-4,28400E-003	0,00000E+000	6,60000E-001	4,61116E-005	13	...........	62,42
	1871	187,2	6,56622E-001	-4,59646E-003	0,00000E+000	6,58000E-001	4,39116E-005	13	...........	62,41
	1872	187,3	6,54728E-001	-4,14206E-003	0,00000E+000	6,56000E-001	4,43116E-005	13	...........	62,41
	1873	187,4	6,52511E-001	-4,40449E-003	0,00000E+000	6,54000E-001	4,45116E-005	13	...........	62,41
	1874	187,5	6,50518E-001	-4,09509E-003	0,00000E+000	6,52000E-001	3,73116E-005	13	...........	62,42
	1875	187,6	6,48516E-001	-4,85379E-003	0,00000E+000	6,50000E-001	4,09116E-005	13	...........	62,42
	1876	187,7	6,46661E-001	-3,86738E-003	0,00000E+000	6,48000E-001	3,37116E-005	13	...........	62,42
	1877	187,8	6,44622E-001	-4,71593E-003	0,00000E+000	6,46000E-001	3,91116E-005	13	...........	62,41
	1878	187,9	6,42566E-001	-4,24724E-003	0,00000E+000	6,44000E-001	4,47116E-005	13	...........	62,42
	1879	188	6,40613E-001	-4,49027E-003	0,00000E+000	6,42000E-001	4,13116E-005	13	...........	62,43
	1880	188,1	6,38735E-001	-4,23396E-003	0,00000E+000	6,40000E-001	4,05116E-005	13	...........	62,42
	1881	188,2	6,36901E-001	-4,80681E-003	0,00000E+000	6,38000E-001	3,77116E-005	13	...........	62,43
	1882	188,3	6,34606E-001	-4,06854E-003	0,00000E+000	6,36000E-001	4,81116E-005	13	...........	62,41
	1883	188,4	6,32694E-001	-5,06107E-003	0,00000E+000	6,34000E-001	4,33116E-005	13	...........	62,43
	1884	188,5	6,30767E-001	-4,31157E-003	0,00000E+000	6,32000E-001	4,05116E-005	13	...........	62,42
	1885	188,6	6,28781E-001	-4,89055E-003	0,00000E+000	6,30000E-001	5,13116E-005	13	...........	62,43
	1886	188,7	6,26560E-001	-4,39837E-003	0,00000E+000	6,28000E-001	4,83116E-005	13	...........	62,42
	1887	188,8	6,24581E-001	-5,25713E-003	0,00000E+000	6,26000E-001	4,43116E-005	13	...........	62,42
	1888	188,9	6,22707E-001	-4,48618E-003	0,00000E+000	6,24000E-001	4,29116E-005	13	...........	62,42
	1889	189	6,20641E-001	-5,31431E-003	0,00000E+000	6,22000E-001	5,01116E-005	13	...........	62,41
	1890	189,1	6,18598E-001	-4,80579E-003	0,00000E+000	6,20000E-001	4,43116E-005	13	...........	62,43
	1891	189,2	6,16646E-001	-5,22548E-003	0,00000E+000	6,18000E-001	3,49116E-005	13	...........	62,42
	1892	189,3	6,14766E-001	-4,62914E-003	0,00000E+000	6,16000E-001	3,43116E-005	13	...........	62,43
	1893	189,4	6,12847E-001	-5,70336E-003	0,00000E+000	6,14000E-001	5,01116E-005	13	...........	62,42
	1894	189,5	6,10693E-001	-4,89157E-003	0,00000E+000	6,12000E-001	4,97116E-005	13	...........	62,43
	1895	189,6	6,08762E-001	-5,30104E-003	0,00000E+000	6,10000E-001	5,65116E-005	13	...........	62,42
	1896	189,7	6,06809E-001	-4,80784E-003	0,00000E+000	6,08000E-001	4,71116E-005	13	...........	62,40
	1897	189,8	6,05087E-001	-5,54917E-003	0,00000E+000	6,06000E-001	4,61116E-005	13	...........	62,42
	1898	189,9	6,02646E-001	-4,80579E-003	0,00000E+000	6,04000E-001	4,77116E-005	13	...........	62,41
	1899	190	6,00615E-001	-5,51343E-003	0,00000E+000	6,02000E-001	4,61116E-005	13	...........	62,43
	1900	190,1	5,98709E-001	-4,97122E-003	0,00000E+000	6,00000E-001	3,95116E-005	13	...........	62,41
	1901	190,2	5,96675E-001	-5,67477E-003	0,00000E+000	5,98000E-001	5,01116E-005	13	...........	62,43
	1902	190,3	5,94637E-001	-5,04984E-003	0,00000E+000	5,96000E-001	4,31116E-005	13	...........	62,41
	1903	190,4	5,92641E-001	-6,05973E-003	0,00000E+000	5,94000E-001	3,53116E-005	13	...........	62,41
	1904	190,5	5,90747E-001	-5,21731E-003	0,00000E+000	5,92000E-001	3,35116E-005	13	...........	62,41
	1905	190,6	5,89015E-001	-5,72787E-003	0,00000E+000	5,90000E-001	4,81116E-005	13	...........	62,41
	1906	190,7	5,86691E-001	-5,40111E-003	0,00000E+000	5,88000E-001	4,87116E-005	13	...........	62,42
	1907	190,8	5,84779E-001	-6,08322E-003	0,00000E+000	5,86000E-001	5,31116E-005	13	...........	62,42
	1908	190,9	5,82847E-001	-5,43991E-003	0,00000E+000	5,84000E-001	5,11116E-005	13	...........	62,43
	1909	191	5,81017E-001	-6,43959E-003	0,00000E+000	5,82000E-001	4,73116E-005	13	...........	62,43
	1910	191,1	5,78866E-001	-5,76565E-003	0,00000E+000	5,80000E-001	4,17116E-005	13	...........	62,42
	1911	191,2	5,76730E-001	-6,67547E-003	0,00000E+000	5,78000E-001	4,67116E-005	13	...........	62,42
	1912	191,3	5,74741E-001	-6,23741E-003	0,00000E+000	5,76000E-001	4,15116E-005	13	...........	62,42
	1913	191,4	5,72728E-001	-6,84294E-003	0,00000E+000	5,74000E-001	4,31116E-005	13	...........	62,41
	1914	191,5	5,70691E-001	-5,96885E-003	0,00000E+000	5,72000E-001	4,41116E-005	13	...........	62,42
	1915	191,6	5,68698E-001	-6,91748E-003	0,00000E+000	5,70000E-001	4,87116E-005	13	...........	62,43
	1916	191,7	5,66771E-001	-6,67649E-003	0,00000E+000	5,68000E-001	4,07116E-005	13	...........	62,41
	1917	191,8	5,64978E-001	-7,20441E-003	0,00000E+000	5,66000E-001	4,31116E-005	13	...........	62,42
	1918	191,9	5,62742E-001	-6,62952E-003	0,00000E+000	5,64000E-001	4,39116E-005	13	...........	62,41
	1919	192	5,60719E-001	-7,55262E-003	0,00000E+000	5,62000E-001	4,21116E-005	13	...........	62,42
	1920	192,1	5,58847E-001	-7,10332E-003	0,00000E+000	5,60000E-001	4,61116E-005	13	...........	62,41
	1921	192,2	5,57106E-001	-7,78645E-003	0,00000E+000	5,58000E-001	4,65116E-005	13	...........	62,41
	1922	192,3	5,54790E-001	-7,54547E-003	0,00000E+000	5,56000E-001	4,63116E-005	13	...........	62,42
	1923	192,4	5,52762E-001	-8,09483E-003	0,00000E+000	5,54000E-001	4,47116E-005	13	...........	62,42
	1924	192,5	5,50843E-001	-7,54036E-003	0,00000E+000	5,52000E-001	3,77116E-005	13	...........	62,41
	1925	192,6	5,48751E-001	-8,40832E-003	0,00000E+000	5,50000E-001	4,43116E-005	13	...........	62,42
	1926	192,7	5,46723E-001	-7,76501E-003	0,00000E+000	5,48000E-001	4,87116E-005	13	...........	62,41
	1927	192,8	5,44702E-001	-8,35318E-003	0,00000E+000	5,46000E-001	3,97116E-005	13	...........	62,42
	1928	192,9	5,42774E-001	-8,32254E-003	0,00000E+000	5,44000E-001	3,79116E-005	13	...........	62,41
	1929	193	5,40949E-001	-8,59416E-003	0,00000E+000	5,42000E-001	3,45116E-005	13	...........	62,42
	1930	193,1	5,38809E-001	-8,28681E-003	0,00000E+000	5,40000E-001	4,49116E-005	13	...........	62,41
	1931	193,2	5,36766E-001	-8,93624E-003	0,00000E+000	5,38000E-001	4,05116E-005	13	...........	62,43
	1932	193,3	5,34820E-001	-8,59518E-003	0,00000E+000	5,36000E-001	4,37116E-005	13	...........	62,42
	1933	193,4	5,33063E-001	-8,75448E-003	0,00000E+000	5,34000E-001	3,89116E-005	13	...........	62,42
	1934	193,5	5,31119E-001	-8,67075E-003	0,00000E+000	5,32000E-001	5,37116E-005	13	...........	62,42
	1935	193,6	5,28842E-001	-9,19561E-003	0,00000E+000	5,30000E-001	5,23116E-005	13	...........	62,41
	1936	193,7	5,26894E-001	-9,04142E-003	0,00000E+000	5,28000E-001	4,49116E-005	13	...........	62,42
	1937	193,8	5,24793E-001	-9,73986E-003	0,00000E+000	5,26000E-001	4,63116E-005	13	...........	62,41
	1938	193,9	5,22789E-001	-9,15272E-003	0,00000E+000	5,24000E-001	4,45116E-005	13	...........	62,42
	1939	194	5,20801E-001	-9,38553E-003	0,00000E+000	5,22000E-001	4,39116E-005	13	...........	62,43
	1940	194,1	5,18818E-001	-9,16089E-003	0,00000E+000	5,20000E-001	4,05116E-005	13	...........	62,41
	1941	194,2	5,16994E-001	-1,01340E-002	0,00000E+000	5,18000E-001	5,33116E-005	13	...........	62,42
	1942	194,3	5,14890E-001	-9,70821E-003	0,00000E+000	5,16000E-001	4,37116E-005	13	...........	62,41
	1943	194,4	5,12883E-001	-1,00033E-002	0,00000E+000	5,14000E-001	4,59116E-005	13	...........	62,41
	1944	194,5	5,10854E-001	-1,01820E-002	0,00000E+000	5,12000E-001	4,39116E-005	13	...........	62,42
	1945	194,6	5,09097E-001	-1,04056E-002	0,00000E+000	5,10000E-001	4,35116E-005	13	...........	62,43
	1946	194,7	5,06864E-001	-1,01473E-002	0,00000E+000	5,08000E-001	4,93116E-005	13	...........	62,42
	1947	194,8	5,04909E-001	-1,03995E-002	0,00000E+000	5,06000E-001	4,89116E-005	13	...........	62,43
	1948	194,9	5,02890E-001	-1,03668E-002	0,00000E+000	5,04000E-001	4,17116E-005	13	...........	62,43
	1949	195	5,01024E-001	-1,07263E-002	0,00000E+000	5,02000E-001	4,47116E-005	13	...........	62,43
	1950	195,1	4,98789E-001	-1,08008E-002	0,00000E+000	5,00000E-001	4,75116E-005	13	...........	62,42
	1951	195,2	4,96806E-001	-1,08774E-002	0,00000E+000	4,98000E-001	3,89116E-005	13	...........	62,41
	1952	195,3	4,94825E-001	-1,08223E-002	0,00000E+000	4,96000E-001	4,05116E-005	13	...........	62,42
	1953	195,4	4,92952E-001	-1,12389E-002	0,00000E+000	4,94000E-001	3,53116E-005	13	...........	62,42
	1954	195,5	4,90863E-001	-1,14605E-002	0,00000E+000	4,92000E-001	4,15116E-005	13	...........	62,43
	1955	195,6	4,88866E-001	-1,16065E-002	0,00000E+000	4,90000E-001	4,69116E-005	13	...........	62,43
	1956	195,7	4,86903E-001	-1,15033E-002	0,00000E+000	4,88000E-001	3,37116E-005	13	...........	62,43
	1957	195,8	4,85098E-001	-1,20149E-002	0,00000E+000	4,86000E-001	4,61116E-005	13	...........	62,42
	1958	195,9	4,83037E-001	-1,19976E-002	0,00000E+000	4,84000E-001	4,43116E-005	13	...........	62,42
	1959	196	4,80947E-001	-1,19475E-002	0,00000E+000	4,82000E-001	4,15116E-005	13	...........	62,42
	1960	196,1	4,78999E-001	-1,21844E-002	0,00000E+000	4,80000E-001	5,27116E-005	13	...........	62,42
	1961	196,2	4,77123E-001	-1,23590E-002	0,00000E+000	4,78000E-001	3,53116E-005	13	...........	62,43
	1962	196,3	4,74843E-001	-1,24254E-002	0,00000E+000	4,76000E-001	3,59116E-005	13	...........	62,43
	1963	196,4	4,72884E-001	-1,31565E-002	0,00000E+000	4,74000E-001	4,63116E-005	13	...........	62,42
	1964	196,5	4,70884E-001	-1,29064E-002	0,00000E+000	4,72000E-001	4,09116E-005	13	...........	62,42
	1965	196,6	4,69020E-001	-1,29850E-002	0,00000E+000	4,70000E-001	4,93116E-005	13	...........	62,42
	1966	196,7	4,66938E-001	-1,32148E-002	0,00000E+000	4,68000E-001	4,33116E-005	13	...........	62,42
	1967	196,8	4,64940E-001	-1,36753E-002	0,00000E+000	4,66000E-001	3,37116E-005	13	...........	62,42
	1968	196,9	4,62961E-001	-1,34108E-002	0,00000E+000	4,64000E-001	3,65116E-005	13	...........	62,42
	1969	197	4,61117E-001	-1,37631E-002	0,00000E+000	4,62000E-001	4,29116E-005	13	...........	62,42
	1970	197,1	4,59061E-001	-1,42869E-002	0,00000E+000	4,60000E-001	4,41116E-005	13	...........	62,41
	1971	197,2	4,56979E-001	-1,42491E-002	0,00000E+000	4,58000E-001	5,51116E-005	13	...........	62,43
	1972	197,3	4,55027E-001	-1,44799E-002	0,00000E+000	4,56000E-001	4,45116E-005	13	...........	62,43
	1973	197,4	4,53146E-001	-1,47914E-002	0,00000E+000	4,54000E-001	4,79116E-005	13	...........	62,42
	1974	197,5	4,51355E-001	-1,47648E-002	0,00000E+000	4,52000E-001	3,91116E-005	13	...........	62,42
	1975	197,6	4,48926E-001	-1,49905E-002	0,00000E+000	4,50000E-001	4,17116E-005	13	...........	62,43
	1976	197,7	4,46916E-001	-1,54622E-002	0,00000E+000	4,48000E-001	4,45116E-005	13	...........	62,43
	1977	197,8	4,45022E-001	-1,54520E-002	0,00000E+000	4,46000E-001	3,77116E-005	13	...........	62,43
	1978	197,9	4,42960E-001	-1,58891E-002	0,00000E+000	4,44000E-001	3,89116E-005	13	...........	62,42
	1979	198	4,40957E-001	-1,59687E-002	0,00000E+000	4,42000E-001	4,89116E-005	13	...........	62,42
	1980	198,1	4,38969E-001	-1,65579E-002	0,00000E+000	4,40000E-001	3,43116E-005	13	...........	62,43
	1981	198,2	4,37087E-001	-1,62291E-002	0,00000E+000	4,38000E-001	2,67116E-005	13	...........	62,42
	1982	198,3	4,35102E-001	-1,67060E-002	0,00000E+000	4,36000E-001	4,33116E-005	13	...........	62,42
	1983	198,4	4,32972E-001	-1,67795E-002	0,00000E+000	4,34000E-001	3,21116E-005	13	...........	62,43
	1984	198,5	4,31026E-001	-1,68265E-002	0,00000E+000	4,32000E-001	3,41116E-005	13	...........	62,43
	1985	198,6	4,29171E-001	-1,68295E-002	0,00000E+000	4,30000E-001	4,03116E-005	13	...........	62,43
	1986	198,7	4,27464E-001	-1,76413E-002	0,00000E+000	4,28000E-001	3,95116E-005	13	...........	62,43
	1987	198,8	4,25205E-001	-1,73911E-002	0,00000E+000	4,26000E-001	4,99116E-005	13	...........	62,43
	1988	198,9	4,23157E-001	-1,78149E-002	0,00000E+000	4,24000E-001	3,47116E-005	13	...........	62,42
	1989	199	4,21089E-001	-1,78353E-002	0,00000E+000	4,22000E-001	4,23116E-005	13	...........	62,43
	1990	199,1	4,19030E-001	-1,84521E-002	0,00000E+000	4,20000E-001	4,09116E-005	13	...........	62,42
	1991	199,2	4,17003E-001	-1,82724E-002	0,00000E+000	4,18000E-001	4,53116E-005	13	...........	62,42
	1992	199,3	4,15077E-001	-1,85930E-002	0,00000E+000	4,16000E-001	4,43116E-005	13	...........	62,43
	1993	199,4	4,13145E-001	-1,84858E-002	0,00000E+000	4,14000E-001	3,45116E-005	13	...........	62,42
	1994	199,5	4,11321E-001	-1,88636E-002	0,00000E+000	4,12000E-001	3,33116E-005	13	...........	62,43
	1995	199,6	4,09019E-001	-1,88422E-002	0,00000E+000	4,10000E-001	5,07116E-005	13	...........	62,41
	1996	199,7	4,07078E-001	-1,94395E-002	0,00000E+000	4,08000E-001	4,33116E-005	13	...........	62,43
	1997	199,8	4,05168E-001	-1,90403E-002	0,00000E+000	4,06000E-001	3,93116E-005	13	...........	62,42
	1998	199,9	4,03470E-001	-1,95396E-002	0,00000E+000	4,04000E-001	3,71116E-005	13	...........	62,44
	1999	200	4,01074E-001	-1,97898E-002	0,00000E+000	4,02000E-001	4,99116E-005	13	...........	62,43
	2000	200,1	3,99153E-001	-2,04647E-002	0,00000E+000	4,00000E-001	4,19116E-005	13	...........	62,43
CURVE3	TABLE
	Pt	T	Vf	Im	Vu	Sig	Ach	IERange	Over	Temp
	#	s	V vs. Ref.	A	V	V	V	#	bits	deg C
	2001	200,2	4,00982E-001	-1,06415E-002	0,00000E+000	4,02000E-001	4,51116E-005	13	...........	62,43
	2002	200,3	4,03445E-001	-7,45663E-003	0,00000E+000	4,04000E-001	5,35116E-005	13	...........	62,42
	2003	200,4	4,05155E-001	-4,93445E-003	0,00000E+000	4,06000E-001	4,01116E-005	13	...........	62,44
	2004	200,5	4,07061E-001	-3,37111E-003	0,00000E+000	4,08000E-001	4,57116E-005	13	...........	62,43
	2005	200,6	4,09003E-001	-2,13351E-003	0,00000E+000	4,10000E-001	5,05116E-005	13	...........	62,42
	2006	200,7	4,11244E-001	-1,60151E-003	0,00000E+000	4,12000E-001	4,33116E-005	13	...........	62,42
	2007	200,8	4,13144E-001	2,45708E-004	0,00000E+000	4,14000E-001	3,57116E-005	13	...........	62,43
	2008	200,9	4,15008E-001	6,22502E-004	0,00000E+000	4,16000E-001	3,75116E-005	13	...........	62,44
	2009	201	4,16979E-001	1,74268E-003	0,00000E+000	4,18000E-001	4,85116E-005	13	...........	62,42
	2010	201,1	4,19017E-001	2,31655E-003	0,00000E+000	4,20000E-001	4,61116E-005	13	...........	62,42
	2011	201,2	4,21073E-001	3,03133E-003	0,00000E+000	4,22000E-001	4,43116E-005	13	...........	62,43
	2012	201,3	4,23096E-001	3,23045E-003	0,00000E+000	4,24000E-001	4,59116E-005	13	...........	62,42
	2013	201,4	4,24988E-001	4,15661E-003	0,00000E+000	4,26000E-001	4,83116E-005	13	...........	62,43
	2014	201,5	4,27337E-001	3,79514E-003	0,00000E+000	4,28000E-001	4,43116E-005	13	...........	62,42
	2015	201,6	4,29138E-001	4,97555E-003	0,00000E+000	4,30000E-001	4,33116E-005	13	...........	62,43
	2016	201,7	4,31023E-001	5,03682E-003	0,00000E+000	4,32000E-001	3,29116E-005	13	...........	62,43
	2017	201,8	4,32955E-001	5,78939E-003	0,00000E+000	4,34000E-001	3,03116E-005	13	...........	62,44
	2018	201,9	4,35104E-001	5,44119E-003	0,00000E+000	4,36000E-001	5,07116E-005	13	...........	62,44
	2019	202	4,37027E-001	6,05488E-003	0,00000E+000	4,38000E-001	3,29116E-005	13	...........	62,43
	2020	202,1	4,38943E-001	6,33569E-003	0,00000E+000	4,40000E-001	2,95116E-005	13	...........	62,44
	2021	202,2	4,40940E-001	6,52052E-003	0,00000E+000	4,42000E-001	4,33116E-005	13	...........	62,43
	2022	202,3	4,42965E-001	6,40717E-003	0,00000E+000	4,44000E-001	4,99116E-005	13	...........	62,44
	2023	202,4	4,45002E-001	7,37724E-003	0,00000E+000	4,46000E-001	3,09116E-005	13	...........	62,43
	2024	202,5	4,46910E-001	6,95756E-003	0,00000E+000	4,48000E-001	4,87116E-005	13	...........	62,43
	2025	202,6	4,48929E-001	7,40379E-003	0,00000E+000	4,50000E-001	4,33116E-005	13	...........	62,44
	2026	202,7	4,51354E-001	7,44055E-003	0,00000E+000	4,52000E-001	3,77116E-005	13	...........	62,43
	2027	202,8	4,53148E-001	8,16044E-003	0,00000E+000	4,54000E-001	4,11116E-005	13	...........	62,45
	2028	202,9	4,55032E-001	7,73565E-003	0,00000E+000	4,56000E-001	5,17116E-005	13	...........	62,44
	2029	203	4,56993E-001	8,35037E-003	0,00000E+000	4,58000E-001	4,67116E-005	13	...........	62,44
	2030	203,1	4,59030E-001	8,26664E-003	0,00000E+000	4,60000E-001	4,29116E-005	13	...........	62,44
	2031	203,2	4,61121E-001	8,65364E-003	0,00000E+000	4,62000E-001	3,93116E-005	13	...........	62,44
	2032	203,3	4,62936E-001	8,58523E-003	0,00000E+000	4,64000E-001	4,03116E-005	13	...........	62,44
	2033	203,4	4,64938E-001	8,94364E-003	0,00000E+000	4,66000E-001	4,03116E-005	13	...........	62,44
	2034	203,5	4,66950E-001	8,72614E-003	0,00000E+000	4,68000E-001	4,57116E-005	13	...........	62,44
	2035	203,6	4,69052E-001	9,09477E-003	0,00000E+000	4,70000E-001	3,65116E-005	13	...........	62,44
	2036	203,7	4,70890E-001	9,10294E-003	0,00000E+000	4,72000E-001	3,55116E-005	13	...........	62,43
	2037	203,8	4,72899E-001	9,27653E-003	0,00000E+000	4,74000E-001	4,81116E-005	13	...........	62,44
	2038	203,9	4,74977E-001	9,11213E-003	0,00000E+000	4,76000E-001	5,37116E-005	13	...........	62,46
	2039	204	4,77135E-001	9,77280E-003	0,00000E+000	4,78000E-001	3,09116E-005	13	...........	62,43
	2040	204,1	4,78976E-001	9,24385E-003	0,00000E+000	4,80000E-001	4,51116E-005	13	...........	62,45
	2041	204,2	4,80976E-001	9,74318E-003	0,00000E+000	4,82000E-001	4,53116E-005	13	...........	62,44
	2042	204,3	4,83217E-001	9,84427E-003	0,00000E+000	4,84000E-001	4,15116E-005	13	...........	62,44
	2043	204,4	4,85120E-001	1,01241E-002	0,00000E+000	4,86000E-001	3,99116E-005	13	...........	62,45
	2044	204,5	4,86911E-001	9,59104E-003	0,00000E+000	4,88000E-001	3,91116E-005	13	...........	62,45
	2045	204,6	4,88888E-001	1,00761E-002	0,00000E+000	4,90000E-001	4,41116E-005	13	...........	62,46
	2046	204,7	4,90902E-001	1,01843E-002	0,00000E+000	4,92000E-001	4,89116E-005	13	...........	62,44
	2047	204,8	4,93001E-001	1,02272E-002	0,00000E+000	4,94000E-001	4,33116E-005	13	...........	62,45
	2048	204,9	4,94837E-001	1,01445E-002	0,00000E+000	4,96000E-001	2,91116E-005	13	...........	62,45
	2049	205	4,96827E-001	1,04171E-002	0,00000E+000	4,98000E-001	3,87116E-005	13	...........	62,44
	2050	205,1	4,98805E-001	9,99029E-003	0,00000E+000	5,00000E-001	4,81116E-005	13	...........	62,44
	2051	205,2	5,01069E-001	1,04427E-002	0,00000E+000	5,02000E-001	4,87116E-005	13	...........	62,44
	2052	205,3	5,02938E-001	1,05080E-002	0,00000E+000	5,04000E-001	4,51116E-005	13	...........	62,44
	2053	205,4	5,04949E-001	1,05611E-002	0,00000E+000	5,06000E-001	5,31116E-005	13	...........	62,45
	2054	205,5	5,06941E-001	1,03814E-002	0,00000E+000	5,08000E-001	4,05116E-005	13	...........	62,45
	2055	205,6	5,09113E-001	1,07459E-002	0,00000E+000	5,10000E-001	4,09116E-005	13	...........	62,45
	2056	205,7	5,10897E-001	1,06367E-002	0,00000E+000	5,12000E-001	4,53116E-005	13	...........	62,45
	2057	205,8	5,12921E-001	1,08593E-002	0,00000E+000	5,14000E-001	4,51116E-005	13	...........	62,45
	2058	205,9	5,14903E-001	1,05305E-002	0,00000E+000	5,16000E-001	3,85116E-005	13	...........	62,45
	2059	206	5,17060E-001	1,11033E-002	0,00000E+000	5,18000E-001	4,15116E-005	13	...........	62,45
	2060	206,1	5,18854E-001	1,07030E-002	0,00000E+000	5,20000E-001	3,99116E-005	13	...........	62,45
	2061	206,2	5,20832E-001	1,06826E-002	0,00000E+000	5,22000E-001	4,47116E-005	13	...........	62,45
	2062	206,3	5,22790E-001	1,08072E-002	0,00000E+000	5,24000E-001	4,33116E-005	13	...........	62,45
	2063	206,4	5,24888E-001	1,11431E-002	0,00000E+000	5,26000E-001	4,83116E-005	13	...........	62,45
	2064	206,5	5,26987E-001	1,10063E-002	0,00000E+000	5,28000E-001	4,21116E-005	13	...........	62,45
	2065	206,6	5,28915E-001	1,12585E-002	0,00000E+000	5,30000E-001	4,13116E-005	13	...........	62,45
	2066	206,7	5,31169E-001	1,12422E-002	0,00000E+000	5,32000E-001	4,47116E-005	13	...........	62,45
	2067	206,8	5,33035E-001	1,12851E-002	0,00000E+000	5,34000E-001	4,51116E-005	13	...........	62,45
	2068	206,9	5,34868E-001	1,14331E-002	0,00000E+000	5,36000E-001	4,09116E-005	13	...........	62,46
	2069	207	5,36861E-001	1,14587E-002	0,00000E+000	5,38000E-001	4,47116E-005	13	...........	62,45
	2070	207,1	5,38845E-001	1,11748E-002	0,00000E+000	5,40000E-001	3,15116E-005	13	...........	62,46
	2071	207,2	5,41000E-001	1,15016E-002	0,00000E+000	5,42000E-001	4,33116E-005	13	...........	62,45
	2072	207,3	5,42812E-001	1,16343E-002	0,00000E+000	5,44000E-001	3,57116E-005	13	...........	62,45
	2073	207,4	5,44759E-001	1,10982E-002	0,00000E+000	5,46000E-001	4,43116E-005	13	...........	62,46
	2074	207,5	5,46755E-001	1,09910E-002	0,00000E+000	5,48000E-001	4,35116E-005	13	...........	62,46
	2075	207,6	5,48800E-001	1,12422E-002	0,00000E+000	5,50000E-001	4,79116E-005	13	...........	62,46
	2076	207,7	5,50922E-001	1,12759E-002	0,00000E+000	5,52000E-001	4,21116E-005	13	...........	62,45
	2077	207,8	5,52893E-001	1,12085E-002	0,00000E+000	5,54000E-001	4,47116E-005	13	...........	62,45
	2078	207,9	5,54842E-001	1,13862E-002	0,00000E+000	5,56000E-001	3,83116E-005	13	...........	62,45
	2079	208	5,57114E-001	1,14025E-002	0,00000E+000	5,58000E-001	5,65116E-005	13	...........	62,46
	2080	208,1	5,58885E-001	1,10329E-002	0,00000E+000	5,60000E-001	4,43116E-005	13	...........	62,46
	2081	208,2	5,60812E-001	1,13392E-002	0,00000E+000	5,62000E-001	3,85116E-005	13	...........	62,45
	2082	208,3	5,62771E-001	1,10216E-002	0,00000E+000	5,64000E-001	4,79116E-005	13	...........	62,45
	2083	208,4	5,65054E-001	1,12320E-002	0,00000E+000	5,66000E-001	4,21116E-005	13	...........	62,45
	2084	208,5	5,66773E-001	1,13218E-002	0,00000E+000	5,68000E-001	3,85116E-005	13	...........	62,45
	2085	208,6	5,68744E-001	1,17783E-002	0,00000E+000	5,70000E-001	4,59116E-005	13	...........	62,45
	2086	208,7	5,70710E-001	1,12585E-002	0,00000E+000	5,72000E-001	4,55116E-005	13	...........	62,46
	2087	208,8	5,72789E-001	1,15373E-002	0,00000E+000	5,74000E-001	3,03116E-005	13	...........	62,47
	2088	208,9	5,74755E-001	1,13361E-002	0,00000E+000	5,76000E-001	4,15116E-005	13	...........	62,46
	2089	209	5,76804E-001	1,09747E-002	0,00000E+000	5,78000E-001	4,19116E-005	13	...........	62,46
	2090	209,1	5,79162E-001	1,12585E-002	0,00000E+000	5,80000E-001	4,07116E-005	13	...........	62,46
	2091	209,2	5,81057E-001	1,13525E-002	0,00000E+000	5,82000E-001	5,01116E-005	13	...........	62,46
	2092	209,3	5,82864E-001	1,13361E-002	0,00000E+000	5,84000E-001	4,39116E-005	13	...........	62,46
	2093	209,4	5,84806E-001	1,10717E-002	0,00000E+000	5,86000E-001	4,65116E-005	13	...........	62,46
	2094	209,5	5,86681E-001	1,11503E-002	0,00000E+000	5,88000E-001	4,35116E-005	13	...........	62,45
	2095	209,6	5,89022E-001	1,13637E-002	0,00000E+000	5,90000E-001	3,71116E-005	13	...........	62,46
	2096	209,7	5,90761E-001	1,11830E-002	0,00000E+000	5,92000E-001	2,67116E-005	13	...........	62,46
	2097	209,8	5,92680E-001	1,12197E-002	0,00000E+000	5,94000E-001	4,15116E-005	13	...........	62,46
	2098	209,9	5,94640E-001	1,11656E-002	0,00000E+000	5,96000E-001	4,99116E-005	13	...........	62,45
	2099	210	5,96693E-001	1,10390E-002	0,00000E+000	5,98000E-001	5,11116E-005	13	...........	62,45
	2100	210,1	5,98716E-001	1,11452E-002	0,00000E+000	6,00000E-001	3,63116E-005	13	...........	62,45
	2101	210,2	6,00633E-001	1,12606E-002	0,00000E+000	6,02000E-001	4,27116E-005	13	...........	62,46
	2102	210,3	6,02671E-001	1,11115E-002	0,00000E+000	6,04000E-001	4,59116E-005	13	...........	62,46
	2103	210,4	6,05107E-001	1,09614E-002	0,00000E+000	6,06000E-001	4,29116E-005	13	...........	62,46
	2104	210,5	6,06826E-001	1,14975E-002	0,00000E+000	6,08000E-001	4,33116E-005	13	...........	62,45
	2105	210,6	6,08765E-001	1,08103E-002	0,00000E+000	6,10000E-001	4,01116E-005	13	...........	62,46
	2106	210,7	6,10735E-001	1,07265E-002	0,00000E+000	6,12000E-001	4,85116E-005	13	...........	62,45
	2107	210,8	6,12878E-001	1,08930E-002	0,00000E+000	6,14000E-001	4,47116E-005	13	...........	62,45
	2108	210,9	6,14766E-001	1,09154E-002	0,00000E+000	6,16000E-001	4,53116E-005	13	...........	62,45
	2109	211	6,16650E-001	1,08256E-002	0,00000E+000	6,18000E-001	4,43116E-005	13	...........	62,46
	2110	211,1	6,18609E-001	1,09624E-002	0,00000E+000	6,20000E-001	4,35116E-005	13	...........	62,45
	2111	211,2	6,20656E-001	1,07878E-002	0,00000E+000	6,22000E-001	4,25116E-005	13	...........	62,45
	2112	211,3	6,22707E-001	1,08777E-002	0,00000E+000	6,24000E-001	3,61116E-005	13	...........	62,45
	2113	211,4	6,24586E-001	1,06857E-002	0,00000E+000	6,26000E-001	5,19116E-005	13	...........	62,46
	2114	211,5	6,26573E-001	1,08991E-002	0,00000E+000	6,28000E-001	5,59116E-005	13	...........	62,46
	2115	211,6	6,28736E-001	1,05713E-002	0,00000E+000	6,30000E-001	4,79116E-005	13	...........	62,46
	2116	211,7	6,30762E-001	1,09022E-002	0,00000E+000	6,32000E-001	4,41116E-005	13	...........	62,46
	2117	211,8	6,32717E-001	1,11319E-002	0,00000E+000	6,34000E-001	4,43116E-005	13	...........	62,45
	2118	211,9	6,34604E-001	1,09879E-002	0,00000E+000	6,36000E-001	3,81116E-005	13	...........	62,45
	2119	212	6,36943E-001	1,07051E-002	0,00000E+000	6,38000E-001	3,93116E-005	13	...........	62,46
	2120	212,1	6,38734E-001	1,10696E-002	0,00000E+000	6,40000E-001	3,53116E-005	13	...........	62,45
	2121	212,2	6,40592E-001	1,06111E-002	0,00000E+000	6,42000E-001	4,01116E-005	13	...........	62,45
	2122	212,3	6,42570E-001	1,06744E-002	0,00000E+000	6,44000E-001	3,49116E-005	13	...........	62,45
	2123	212,4	6,44617E-001	1,09338E-002	0,00000E+000	6,46000E-001	5,21116E-005	13	...........	62,45
	2124	212,5	6,46679E-001	1,07378E-002	0,00000E+000	6,48000E-001	3,35116E-005	13	...........	62,45
	2125	212,6	6,48534E-001	1,05397E-002	0,00000E+000	6,50000E-001	4,17116E-005	13	...........	62,46
	2126	212,7	6,50515E-001	1,07214E-002	0,00000E+000	6,52000E-001	3,57116E-005	13	...........	62,46
	2127	212,8	6,52501E-001	1,04345E-002	0,00000E+000	6,54000E-001	5,43116E-005	13	...........	62,46
	2128	212,9	6,54716E-001	1,02691E-002	0,00000E+000	6,56000E-001	4,75116E-005	13	...........	62,46
	2129	213	6,56587E-001	1,04937E-002	0,00000E+000	6,58000E-001	3,69116E-005	13	...........	62,45
	2130	213,1	6,58638E-001	1,05928E-002	0,00000E+000	6,60000E-001	4,77116E-005	13	...........	62,45
	2131	213,2	6,60627E-001	1,02160E-002	0,00000E+000	6,62000E-001	4,91116E-005	13	...........	62,46
	2132	213,3	6,62727E-001	1,03661E-002	0,00000E+000	6,64000E-001	3,03116E-005	13	...........	62,45
	2133	213,4	6,64562E-001	1,02966E-002	0,00000E+000	6,66000E-001	4,89116E-005	13	...........	62,46
	2134	213,5	6,66580E-001	1,02190E-002	0,00000E+000	6,68000E-001	4,85116E-005	13	...........	62,46
	2135	213,6	6,68620E-001	1,03211E-002	0,00000E+000	6,70000E-001	3,91116E-005	13	...........	62,46
	2136	213,7	6,70692E-001	1,06826E-002	0,00000E+000	6,72000E-001	4,13116E-005	13	...........	62,47
	2137	213,8	6,72513E-001	1,04672E-002	0,00000E+000	6,74000E-001	3,29116E-005	13	...........	62,46
	2138	213,9	6,74506E-001	1,02405E-002	0,00000E+000	6,76000E-001	3,77116E-005	13	...........	62,46
	2139	214	6,76474E-001	1,04110E-002	0,00000E+000	6,78000E-001	3,99116E-005	13	...........	62,47
	2140	214,1	6,78612E-001	1,00608E-002	0,00000E+000	6,80000E-001	4,45116E-005	13	...........	62,46
	2141	214,2	6,80603E-001	9,96170E-003	0,00000E+000	6,82000E-001	3,49116E-005	13	...........	62,46
	2142	214,3	6,82559E-001	1,04559E-002	0,00000E+000	6,84000E-001	3,89116E-005	13	...........	62,46
	2143	214,4	6,84954E-001	9,99029E-003	0,00000E+000	6,86000E-001	4,73116E-005	13	...........	62,46
	2144	214,5	6,86690E-001	9,84836E-003	0,00000E+000	6,88000E-001	4,55116E-005	13	...........	62,47
	2145	214,6	6,88536E-001	1,02823E-002	0,00000E+000	6,90000E-001	4,27116E-005	13	...........	62,46
	2146	214,7	6,90533E-001	9,98213E-003	0,00000E+000	6,92000E-001	4,81116E-005	13	...........	62,46
	2147	214,8	6,92582E-001	9,84632E-003	0,00000E+000	6,94000E-001	3,91116E-005	13	...........	62,46
	2148	214,9	6,94679E-001	1,01700E-002	0,00000E+000	6,96000E-001	3,93116E-005	13	...........	62,47
	2149	215	6,96463E-001	9,98723E-003	0,00000E+000	6,98000E-001	3,33116E-005	13	...........	62,45
	2150	215,1	6,98440E-001	1,00220E-002	0,00000E+000	7,00000E-001	3,59116E-005	13	...........	62,45
	2151	215,2	7,00415E-001	9,88206E-003	0,00000E+000	7,02000E-001	3,83116E-005	13	...........	62,46
	2152	215,3	7,02505E-001	1,01516E-002	0,00000E+000	7,04000E-001	3,97116E-005	13	...........	62,47
	2153	215,4	7,04543E-001	9,99336E-003	0,00000E+000	7,06000E-001	3,39116E-005	13	...........	62,47
	2154	215,5	7,06555E-001	9,94741E-003	0,00000E+000	7,08000E-001	4,19116E-005	13	...........	62,47
	2155	215,6	7,08573E-001	1,01435E-002	0,00000E+000	7,10000E-001	5,01116E-005	13	...........	62,47
	2156	215,7	7,10726E-001	9,78096E-003	0,00000E+000	7,12000E-001	4,91116E-005	13	...........	62,48
	2157	215,8	7,12537E-001	9,99438E-003	0,00000E+000	7,14000E-001	4,43116E-005	13	...........	62,47
	2158	215,9	7,14469E-001	9,81262E-003	0,00000E+000	7,16000E-001	4,09116E-005	13	...........	62,47
	2159	216	7,16489E-001	9,90554E-003	0,00000E+000	7,18000E-001	4,35116E-005	13	...........	62,48
	2160	216,1	7,18694E-001	9,76565E-003	0,00000E+000	7,20000E-001	3,99116E-005	13	...........	62,47
	2161	216,2	7,20464E-001	9,90350E-003	0,00000E+000	7,22000E-001	4,19116E-005	13	...........	62,47
	2162	216,3	7,22444E-001	9,72276E-003	0,00000E+000	7,24000E-001	4,35116E-005	13	...........	62,48
	2163	216,4	7,24406E-001	9,64311E-003	0,00000E+000	7,26000E-001	3,63116E-005	13	...........	62,47
	2164	216,5	7,26501E-001	9,70744E-003	0,00000E+000	7,28000E-001	4,31116E-005	13	...........	62,48
	2165	216,6	7,28404E-001	9,92392E-003	0,00000E+000	7,30000E-001	3,67116E-005	13	...........	62,47
	2166	216,7	7,30447E-001	9,46033E-003	0,00000E+000	7,32000E-001	5,13116E-005	13	...........	62,47
	2167	216,8	7,32949E-001	9,69213E-003	0,00000E+000	7,34000E-001	5,35116E-005	13	...........	62,47
	2168	216,9	7,34723E-001	9,80854E-003	0,00000E+000	7,36000E-001	4,13116E-005	13	...........	62,48
	2169	217	7,36536E-001	9,71561E-003	0,00000E+000	7,38000E-001	4,71116E-005	13	...........	62,48
	2170	217,1	7,38478E-001	9,51956E-003	0,00000E+000	7,40000E-001	4,09116E-005	13	...........	62,48
	2171	217,2	7,40430E-001	1,00536E-002	0,00000E+000	7,42000E-001	4,25116E-005	13	...........	62,47
	2172	217,3	7,42681E-001	9,56857E-003	0,00000E+000	7,44000E-001	3,57116E-005	13	...........	62,48
	2173	217,4	7,44410E-001	9,97804E-003	0,00000E+000	7,46000E-001	3,11116E-005	13	...........	62,48
	2174	217,5	7,46337E-001	9,75442E-003	0,00000E+000	7,48000E-001	3,11116E-005	13	...........	62,48
	2175	217,6	7,48349E-001	9,72276E-003	0,00000E+000	7,50000E-001	4,29116E-005	13	...........	62,48
	2176	217,7	7,50458E-001	9,74625E-003	0,00000E+000	7,52000E-001	3,93116E-005	13	...........	62,48
	2177	217,8	7,52359E-001	9,81364E-003	0,00000E+000	7,54000E-001	4,11116E-005	13	...........	62,48
	2178	217,9	7,54293E-001	9,70949E-003	0,00000E+000	7,56000E-001	3,75116E-005	13	...........	62,49
	2179	218	7,56353E-001	9,45523E-003	0,00000E+000	7,58000E-001	4,37116E-005	13	...........	62,48
	2180	218,1	7,58717E-001	9,86368E-003	0,00000E+000	7,60000E-001	3,15116E-005	13	...........	62,46
	2181	218,2	7,60486E-001	9,65026E-003	0,00000E+000	7,62000E-001	4,39116E-005	13	...........	62,47
	2182	218,3	7,62459E-001	9,55836E-003	0,00000E+000	7,64000E-001	3,85116E-005	13	...........	62,48
	2183	218,4	7,64474E-001	9,51751E-003	0,00000E+000	7,66000E-001	4,43116E-005	13	...........	62,49
	2184	218,5	7,66643E-001	9,69927E-003	0,00000E+000	7,68000E-001	4,37116E-005	13	...........	62,48
	2185	218,6	7,68432E-001	9,67681E-003	0,00000E+000	7,70000E-001	4,35116E-005	13	...........	62,49
	2186	218,7	7,70336E-001	9,61146E-003	0,00000E+000	7,72000E-001	4,35116E-005	13	...........	62,49
	2187	218,8	7,72292E-001	1,01312E-002	0,00000E+000	7,74000E-001	3,95116E-005	13	...........	62,47
	2188	218,9	7,74427E-001	9,70438E-003	0,00000E+000	7,76000E-001	5,35116E-005	13	...........	62,49
	2189	219	7,76350E-001	1,00812E-002	0,00000E+000	7,78000E-001	3,71116E-005	13	...........	62,48
	2190	219,1	7,78262E-001	9,64209E-003	0,00000E+000	7,80000E-001	3,19116E-005	13	...........	62,47
	2191	219,2	7,80253E-001	9,42255E-003	0,00000E+000	7,82000E-001	4,77116E-005	13	...........	62,49
	2192	219,3	7,82484E-001	9,48994E-003	0,00000E+000	7,84000E-001	4,89116E-005	13	...........	62,49
	2193	219,4	7,84436E-001	9,89635E-003	0,00000E+000	7,86000E-001	3,73116E-005	13	...........	62,49
	2194	219,5	7,86400E-001	9,72787E-003	0,00000E+000	7,88000E-001	5,53116E-005	13	...........	62,48
	2195	219,6	7,88363E-001	9,79628E-003	0,00000E+000	7,90000E-001	4,09116E-005	13	...........	62,48
	2196	219,7	7,90671E-001	9,67885E-003	0,00000E+000	7,92000E-001	4,01116E-005	13	...........	62,48
	2197	219,8	7,92387E-001	1,00117E-002	0,00000E+000	7,94000E-001	4,65116E-005	13	...........	62,48
	2198	219,9	7,94289E-001	9,50118E-003	0,00000E+000	7,96000E-001	4,71116E-005	13	...........	62,50
	2199	220	7,96290E-001	9,82794E-003	0,00000E+000	7,98000E-001	4,69116E-005	13	...........	62,48
	2200	220,1	7,98436E-001	9,84427E-003	0,00000E+000	8,00000E-001	4,79116E-005	13	...........	62,49
	2201	220,2	8,00328E-001	1,01241E-002	0,00000E+000	8,02000E-001	4,31116E-005	13	...........	62,49
	2202	220,3	8,02216E-001	9,76565E-003	0,00000E+000	8,04000E-001	3,77116E-005	13	...........	62,48
	2203	220,4	8,04206E-001	1,02241E-002	0,00000E+000	8,06000E-001	3,91116E-005	13	...........	62,48
	2204	220,5	8,06188E-001	9,80547E-003	0,00000E+000	8,08000E-001	4,41116E-005	13	...........	62,49
	2205	220,6	8,08417E-001	1,01006E-002	0,00000E+000	8,10000E-001	4,71116E-005	13	...........	62,48
	2206	220,7	8,10265E-001	9,78505E-003	0,00000E+000	8,12000E-001	4,15116E-005	13	...........	62,49
	2207	220,8	8,12345E-001	1,00209E-002	0,00000E+000	8,14000E-001	4,91116E-005	13	...........	62,50
	2208	220,9	8,14346E-001	9,62167E-003	0,00000E+000	8,16000E-001	4,39116E-005	13	...........	62,49
	2209	221	8,16356E-001	1,00608E-002	0,00000E+000	8,18000E-001	3,45116E-005	13	...........	62,48
	2210	221,1	8,18259E-001	1,04600E-002	0,00000E+000	8,20000E-001	5,17116E-005	13	...........	62,49
	2211	221,2	8,20204E-001	1,03140E-002	0,00000E+000	8,22000E-001	4,05116E-005	13	...........	62,49
	2212	221,3	8,22319E-001	1,00536E-002	0,00000E+000	8,24000E-001	5,07116E-005	13	...........	62,49
	2213	221,4	8,24311E-001	1,04427E-002	0,00000E+000	8,26000E-001	4,73116E-005	13	...........	62,48
	2214	221,5	8,26153E-001	1,02803E-002	0,00000E+000	8,28000E-001	4,57116E-005	13	...........	62,49
	2215	221,6	8,28128E-001	1,01414E-002	0,00000E+000	8,30000E-001	4,93116E-005	13	...........	62,49
	2216	221,7	8,30103E-001	1,03753E-002	0,00000E+000	8,32000E-001	4,37116E-005	13	...........	62,49
	2217	221,8	8,32305E-001	1,03732E-002	0,00000E+000	8,34000E-001	4,31116E-005	13	...........	62,50
	2218	221,9	8,34270E-001	1,04059E-002	0,00000E+000	8,36000E-001	4,41116E-005	13	...........	62,50
	2219	222	8,36194E-001	1,04549E-002	0,00000E+000	8,38000E-001	5,41116E-005	13	...........	62,49
	2220	222,1	8,38594E-001	1,06530E-002	0,00000E+000	8,40000E-001	3,77116E-005	13	...........	62,49
	2221	222,2	8,40320E-001	1,05386E-002	0,00000E+000	8,42000E-001	4,09116E-005	13	...........	62,50
	2222	222,3	8,42136E-001	1,06305E-002	0,00000E+000	8,44000E-001	2,99116E-005	13	...........	62,49
	2223	222,4	8,44133E-001	1,10992E-002	0,00000E+000	8,46000E-001	4,15116E-005	13	...........	62,49
	2224	222,5	8,46174E-001	1,07092E-002	0,00000E+000	8,48000E-001	4,13116E-005	13	...........	62,50
	2225	222,6	8,48266E-001	1,07010E-002	0,00000E+000	8,50000E-001	3,79116E-005	13	...........	62,49
	2226	222,7	8,50091E-001	1,09042E-002	0,00000E+000	8,52000E-001	3,77116E-005	13	...........	62,49
	2227	222,8	8,52086E-001	1,09767E-002	0,00000E+000	8,54000E-001	3,99116E-005	13	...........	62,50
	2228	222,9	8,54076E-001	1,07541E-002	0,00000E+000	8,56000E-001	4,23116E-005	13	...........	62,49
	2229	223	8,56164E-001	1,12881E-002	0,00000E+000	8,58000E-001	3,47116E-005	13	...........	62,50
	2230	223,1	8,58163E-001	1,11911E-002	0,00000E+000	8,60000E-001	3,19116E-005	13	...........	62,49
	2231	223,2	8,60160E-001	1,13872E-002	0,00000E+000	8,62000E-001	4,75116E-005	13	...........	62,49
	2232	223,3	8,62204E-001	1,13045E-002	0,00000E+000	8,64000E-001	4,63116E-005	13	...........	62,49
	2233	223,4	8,64336E-001	1,15107E-002	0,00000E+000	8,66000E-001	4,03116E-005	13	...........	62,49
	2234	223,5	8,66185E-001	1,15353E-002	0,00000E+000	8,68000E-001	4,33116E-005	13	...........	62,50
	2235	223,6	8,68114E-001	1,17395E-002	0,00000E+000	8,70000E-001	4,65116E-005	13	...........	62,49
	2236	223,7	8,70166E-001	1,19447E-002	0,00000E+000	8,72000E-001	4,67116E-005	13	...........	62,50
	2237	223,8	8,72285E-001	1,19723E-002	0,00000E+000	8,74000E-001	3,47116E-005	13	...........	62,50
	2238	223,9	8,74087E-001	1,20407E-002	0,00000E+000	8,76000E-001	2,97116E-005	13	...........	62,50
	2239	224	8,76071E-001	1,22500E-002	0,00000E+000	8,78000E-001	4,31116E-005	13	...........	62,50
	2240	224,1	8,78024E-001	1,22102E-002	0,00000E+000	8,80000E-001	4,05116E-005	13	...........	62,50
	2241	224,2	8,80111E-001	1,19988E-002	0,00000E+000	8,82000E-001	4,07116E-005	13	...........	62,50
	2242	224,3	8,82019E-001	1,23940E-002	0,00000E+000	8,84000E-001	3,91116E-005	13	...........	62,50
	2243	224,4	8,84113E-001	1,23501E-002	0,00000E+000	8,86000E-001	3,51116E-005	13	...........	62,50
	2244	224,5	8,86541E-001	1,22888E-002	0,00000E+000	8,88000E-001	3,93116E-005	13	...........	62,49
	2245	224,6	8,88321E-001	1,28351E-002	0,00000E+000	8,90000E-001	4,69116E-005	13	...........	62,50
	2246	224,7	8,90180E-001	1,31752E-002	0,00000E+000	8,92000E-001	4,81116E-005	13	...........	62,50
	2247	224,8	8,92123E-001	1,26585E-002	0,00000E+000	8,94000E-001	4,37116E-005	13	...........	62,50
	2248	224,9	8,94059E-001	1,30465E-002	0,00000E+000	8,96000E-001	4,53116E-005	13	...........	62,50
	2249	225	8,96269E-001	1,33559E-002	0,00000E+000	8,98000E-001	4,01116E-005	13	...........	62,51
	2250	225,1	8,98060E-001	1,32242E-002	0,00000E+000	9,00000E-001	3,63116E-005	13	...........	62,51
	2251	225,2	9,00017E-001	1,33304E-002	0,00000E+000	9,02000E-001	3,05116E-005	13	...........	62,50
	2252	225,3	9,01953E-001	1,35734E-002	0,00000E+000	9,04000E-001	3,87116E-005	13	...........	62,50
	2253	225,4	9,04080E-001	1,37245E-002	0,00000E+000	9,06000E-001	4,23116E-005	13	...........	62,50
	2254	225,5	9,05983E-001	1,38338E-002	0,00000E+000	9,08000E-001	2,43116E-005	13	...........	62,50
	2255	225,6	9,07948E-001	1,41677E-002	0,00000E+000	9,10000E-001	3,39116E-005	13	...........	62,50
	2256	225,7	9,09989E-001	1,42514E-002	0,00000E+000	9,12000E-001	3,67116E-005	13	...........	62,50
	2257	225,8	9,12313E-001	1,40922E-002	0,00000E+000	9,14000E-001	3,37116E-005	13	...........	62,50
	2258	225,9	9,14124E-001	1,47763E-002	0,00000E+000	9,16000E-001	4,29116E-005	13	...........	62,51
	2259	226	9,16047E-001	1,45578E-002	0,00000E+000	9,18000E-001	4,61116E-005	13	...........	62,51
	2260	226,1	9,18030E-001	1,47579E-002	0,00000E+000	9,20000E-001	4,27116E-005	13	...........	62,51
	2261	226,2	9,20228E-001	1,49673E-002	0,00000E+000	9,22000E-001	5,01116E-005	13	...........	62,51
	2262	226,3	9,22067E-001	1,57219E-002	0,00000E+000	9,24000E-001	3,83116E-005	13	...........	62,50
	2263	226,4	9,24013E-001	1,51602E-002	0,00000E+000	9,26000E-001	4,87116E-005	13	...........	62,50
	2264	226,5	9,25888E-001	1,57719E-002	0,00000E+000	9,28000E-001	3,57116E-005	13	...........	62,50
	2265	226,6	9,28014E-001	1,59261E-002	0,00000E+000	9,30000E-001	3,79116E-005	13	...........	62,50
	2266	226,7	9,29976E-001	1,59751E-002	0,00000E+000	9,32000E-001	3,81116E-005	13	...........	62,51
	2267	226,8	9,31900E-001	1,58638E-002	0,00000E+000	9,34000E-001	3,91116E-005	13	...........	62,51
	2268	226,9	9,33874E-001	1,64305E-002	0,00000E+000	9,36000E-001	5,19116E-005	13	...........	62,49
	2269	227	9,36091E-001	1,56198E-002	0,00000E+000	9,38000E-001	4,25116E-005	13	...........	62,51
	2270	227,1	9,38058E-001	1,70361E-002	0,00000E+000	9,40000E-001	3,69116E-005	13	...........	62,52
	2271	227,2	9,40033E-001	1,68053E-002	0,00000E+000	9,42000E-001	4,71116E-005	13	...........	62,50
	2272	227,3	9,41851E-001	1,70891E-002	0,00000E+000	9,44000E-001	5,03116E-005	13	...........	62,52
	2273	227,4	9,44200E-001	1,65377E-002	0,00000E+000	9,46000E-001	3,71116E-005	13	...........	62,51
	2274	227,5	9,46001E-001	1,77958E-002	0,00000E+000	9,48000E-001	4,01116E-005	13	...........	62,51
	2275	227,6	9,47902E-001	1,75476E-002	0,00000E+000	9,50000E-001	4,09116E-005	13	...........	62,52
	2276	227,7	9,49835E-001	1,79142E-002	0,00000E+000	9,52000E-001	4,93116E-005	13	...........	62,51
	2277	227,8	9,51985E-001	1,73230E-002	0,00000E+000	9,54000E-001	4,09116E-005	13	...........	62,51
	2278	227,9	9,53931E-001	1,87679E-002	0,00000E+000	9,56000E-001	3,07116E-005	13	...........	62,51
	2279	228	9,55853E-001	1,84084E-002	0,00000E+000	9,58000E-001	3,85116E-005	13	...........	62,51
	2280	228,1	9,57798E-001	1,87934E-002	0,00000E+000	9,60000E-001	4,05116E-005	13	...........	62,51
	2281	228,2	9,59825E-001	1,87046E-002	0,00000E+000	9,62000E-001	4,55116E-005	13	...........	62,50
	2282	228,3	9,62033E-001	1,97349E-002	0,00000E+000	9,64000E-001	3,93116E-005	13	...........	62,51
	2283	228,4	9,63912E-001	1,92641E-002	0,00000E+000	9,66000E-001	3,91116E-005	13	...........	62,51
	2284	228,5	9,65872E-001	1,98768E-002	0,00000E+000	9,68000E-001	5,07116E-005	13	...........	62,50
	2285	228,6	9,67997E-001	1,95848E-002	0,00000E+000	9,70000E-001	4,41116E-005	13	...........	62,51
	2286	228,7	9,69959E-001	2,04527E-002	0,00000E+000	9,72000E-001	4,65116E-005	13	...........	62,51
	2287	228,8	9,71879E-001	2,01413E-002	0,00000E+000	9,74000E-001	4,71116E-005	13	...........	62,51
	2288	228,9	9,73818E-001	2,09286E-002	0,00000E+000	9,76000E-001	4,83116E-005	13	...........	62,51
	2289	229	9,75985E-001	2,02689E-002	0,00000E+000	9,78000E-001	4,15116E-005	13	...........	62,51
	2290	229,1	9,77922E-001	2,10511E-002	0,00000E+000	9,80000E-001	4,15116E-005	13	...........	62,50
	2291	229,2	9,79824E-001	2,08418E-002	0,00000E+000	9,82000E-001	4,89116E-005	13	...........	62,51
	2292	229,3	9,81791E-001	2,17036E-002	0,00000E+000	9,84000E-001	4,23116E-005	13	...........	62,51
	2293	229,4	9,83819E-001	2,06141E-002	0,00000E+000	9,86000E-001	4,99116E-005	13	...........	62,51
	2294	229,5	9,85961E-001	2,19977E-002	0,00000E+000	9,88000E-001	3,49116E-005	13	...........	62,51
	2295	229,6	9,87909E-001	2,15443E-002	0,00000E+000	9,90000E-001	3,35116E-005	13	...........	62,50
	2296	229,7	9,89801E-001	2,21529E-002	0,00000E+000	9,92000E-001	5,07116E-005	13	...........	62,51
	2297	229,8	9,92213E-001	2,16668E-002	0,00000E+000	9,94000E-001	4,47116E-005	13	...........	62,50
	2298	229,9	9,93974E-001	2,33701E-002	0,00000E+000	9,96000E-001	4,31116E-005	13	...........	62,51
	2299	230	9,95830E-001	2,23643E-002	0,00000E+000	9,98000E-001	4,35116E-005	13	...........	62,51
	2300	230,1	9,97789E-001	2,32496E-002	0,00000E+000	1,00000E+000	5,29116E-005	13	...........	62,50
	2301	230,2	9,99906E-001	2,30198E-002	0,00000E+000	1,00200E+000	3,79116E-005	13	...........	62,51
	2302	230,3	1,00190E+000	2,39715E-002	0,00000E+000	1,00400E+000	3,67116E-005	13	...........	62,51
	2303	230,4	1,00378E+000	2,29575E-002	0,00000E+000	1,00600E+000	4,15116E-005	13	...........	62,50
	2304	230,5	1,00576E+000	2,40777E-002	0,00000E+000	1,00800E+000	4,79116E-005	13	...........	62,51
	2305	230,6	1,00777E+000	2,35570E-002	0,00000E+000	1,01000E+000	4,59116E-005	13	...........	62,50
	2306	230,7	1,00984E+000	2,41175E-002	0,00000E+000	1,01200E+000	4,23116E-005	13	...........	62,51
	2307	230,8	1,01181E+000	2,39889E-002	0,00000E+000	1,01400E+000	4,29116E-005	13	...........	62,51
	2308	230,9	1,01379E+000	2,48936E-002	0,00000E+000	1,01600E+000	4,73116E-005	13	...........	62,51
	2309	231	1,01612E+000	2,41849E-002	0,00000E+000	1,01800E+000	3,61116E-005	13	...........	62,51
	2310	231,1	1,01796E+000	2,51428E-002	0,00000E+000	1,02000E+000	4,43116E-005	13	...........	62,52
	2311	231,2	1,01982E+000	2,45822E-002	0,00000E+000	1,02200E+000	5,05116E-005	13	...........	62,51
	2312	231,3	1,02178E+000	2,50774E-002	0,00000E+000	1,02400E+000	4,01116E-005	13	...........	62,51
	2313	231,4	1,02390E+000	2,43749E-002	0,00000E+000	1,02600E+000	4,63116E-005	13	...........	62,51
	2314	231,5	1,02591E+000	2,55073E-002	0,00000E+000	1,02800E+000	4,19116E-005	13	...........	62,51
	2315	231,6	1,02772E+000	2,44566E-002	0,00000E+000	1,03000E+000	4,69116E-005	13	...........	62,51
	2316	231,7	1,02973E+000	2,56543E-002	0,00000E+000	1,03200E+000	4,53116E-005	13	...........	62,51
	2317	231,8	1,03172E+000	2,51765E-002	0,00000E+000	1,03400E+000	4,33116E-005	13	...........	62,50
	2318	231,9	1,03382E+000	2,60924E-002	0,00000E+000	1,03600E+000	3,25116E-005	13	...........	62,50
	2319	232	1,03569E+000	2,54154E-002	0,00000E+000	1,03800E+000	4,25116E-005	13	...........	62,50
	2320	232,1	1,03774E+000	2,58667E-002	0,00000E+000	1,04000E+000	4,51116E-005	13	...........	62,49
	2321	232,2	1,04009E+000	2,57524E-002	0,00000E+000	1,04200E+000	4,49116E-005	13	...........	62,50
	2322	232,3	1,04193E+000	2,57023E-002	0,00000E+000	1,04400E+000	3,77116E-005	13	...........	62,50
	2323	232,4	1,04376E+000	2,53388E-002	0,00000E+000	1,04600E+000	4,73116E-005	13	...........	62,50
	2324	232,5	1,04575E+000	2,65284E-002	0,00000E+000	1,04800E+000	4,99116E-005	13	...........	62,51
	2325	232,6	1,04783E+000	2,53592E-002	0,00000E+000	1,05000E+000	4,25116E-005	13	...........	62,51
	2326	232,7	1,04989E+000	2,63140E-002	0,00000E+000	1,05200E+000	4,39116E-005	13	...........	62,51
	2327	232,8	1,05168E+000	2,56727E-002	0,00000E+000	1,05400E+000	4,55116E-005	13	...........	62,50
	2328	232,9	1,05368E+000	2,62711E-002	0,00000E+000	1,05600E+000	3,81116E-005	13	...........	62,51
	2329	233	1,05568E+000	2,56972E-002	0,00000E+000	1,05800E+000	4,49116E-005	13	...........	62,51
	2330	233,1	1,05778E+000	2,64763E-002	0,00000E+000	1,06000E+000	3,93116E-005	13	...........	62,51
	2331	233,2	1,05963E+000	2,59842E-002	0,00000E+000	1,06200E+000	3,71116E-005	13	...........	62,51
	2332	233,3	1,06162E+000	2,64069E-002	0,00000E+000	1,06400E+000	4,05116E-005	13	...........	62,49
	2333	233,4	1,06367E+000	2,54583E-002	0,00000E+000	1,06600E+000	4,81116E-005	13	...........	62,51
	2334	233,5	1,06593E+000	2,67224E-002	0,00000E+000	1,06800E+000	3,47116E-005	13	...........	62,51
	2335	233,6	1,06773E+000	2,60556E-002	0,00000E+000	1,07000E+000	3,85116E-005	13	...........	62,51
	2336	233,7	1,06973E+000	2,63906E-002	0,00000E+000	1,07200E+000	4,91116E-005	13	...........	62,51
	2337	233,8	1,07185E+000	2,63834E-002	0,00000E+000	1,07400E+000	4,17116E-005	13	...........	62,51
	2338	233,9	1,07391E+000	2,66285E-002	0,00000E+000	1,07600E+000	4,29116E-005	13	...........	62,51
	2339	234	1,07568E+000	2,57585E-002	0,00000E+000	1,07800E+000	4,93116E-005	13	...........	62,51
	2340	234,1	1,07765E+000	2,66653E-002	0,00000E+000	1,08000E+000	4,49116E-005	13	...........	62,52
	2341	234,2	1,07966E+000	2,65111E-002	0,00000E+000	1,08200E+000	4,83116E-005	13	...........	62,52
	2342	234,3	1,08176E+000	2,62680E-002	0,00000E+000	1,08400E+000	4,45116E-005	13	...........	62,51
	2343	234,4	1,08360E+000	2,62129E-002	0,00000E+000	1,08600E+000	4,09116E-005	13	...........	62,52
	2344	234,5	1,08559E+000	2,67663E-002	0,00000E+000	1,08800E+000	4,97116E-005	13	...........	62,53
	2345	234,6	1,08757E+000	2,61853E-002	0,00000E+000	1,09000E+000	4,85116E-005	13	...........	62,50
	2346	234,7	1,08983E+000	2,70237E-002	0,00000E+000	1,09200E+000	4,09116E-005	13	...........	62,53
	2347	234,8	1,09172E+000	2,69563E-002	0,00000E+000	1,09400E+000	4,05116E-005	13	...........	62,52
	2348	234,9	1,09372E+000	2,72310E-002	0,00000E+000	1,09600E+000	5,17116E-005	13	...........	62,52
	2349	235	1,09571E+000	2,67888E-002	0,00000E+000	1,09800E+000	4,25116E-005	13	...........	62,52
	2350	235,1	1,09791E+000	2,73913E-002	0,00000E+000	1,10000E+000	3,83116E-005	13	...........	62,52
	2351	235,2	1,09965E+000	2,67704E-002	0,00000E+000	1,10200E+000	5,81116E-005	13	...........	62,52
	2352	235,3	1,10162E+000	2,77497E-002	0,00000E+000	1,10400E+000	4,79116E-005	13	...........	62,52
	2353	235,4	1,10360E+000	2,78498E-002	0,00000E+000	1,10600E+000	3,81116E-005	13	...........	62,52
	2354	235,5	1,10575E+000	2,76864E-002	0,00000E+000	1,10800E+000	4,31116E-005	13	...........	62,52
	2355	235,6	1,10758E+000	2,73484E-002	0,00000E+000	1,11000E+000	4,33116E-005	13	...........	62,52
	2356	235,7	1,10954E+000	2,82051E-002	0,00000E+000	1,11200E+000	3,37116E-005	13	...........	62,51
	2357	235,8	1,11151E+000	2,87320E-002	0,00000E+000	1,11400E+000	4,17116E-005	13	...........	62,52
	2358	235,9	1,11356E+000	2,85063E-002	0,00000E+000	1,11600E+000	3,97116E-005	13	...........	62,52
	2359	236	1,11574E+000	2,85196E-002	0,00000E+000	1,11800E+000	4,15116E-005	13	...........	62,51
	2360	236,1	1,11768E+000	2,93641E-002	0,00000E+000	1,12000E+000	4,11116E-005	13	...........	62,52
	2361	236,2	1,11977E+000	2,86299E-002	0,00000E+000	1,12200E+000	4,99116E-005	13	...........	62,52
	2362	236,3	1,12170E+000	2,91762E-002	0,00000E+000	1,12400E+000	5,15116E-005	13	...........	62,52
	2363	236,4	1,12364E+000	2,93865E-002	0,00000E+000	1,12600E+000	3,35116E-005	13	...........	62,52
	2364	236,5	1,12559E+000	2,94437E-002	0,00000E+000	1,12800E+000	4,95116E-005	13	...........	62,51
	2365	236,6	1,12759E+000	2,96316E-002	0,00000E+000	1,13000E+000	4,17116E-005	13	...........	62,51
	2366	236,7	1,12976E+000	3,02188E-002	0,00000E+000	1,13200E+000	4,47116E-005	13	...........	62,51
	2367	236,8	1,13159E+000	3,04597E-002	0,00000E+000	1,13400E+000	3,71116E-005	13	...........	62,52
	2368	236,9	1,13353E+000	2,98818E-002	0,00000E+000	1,13600E+000	4,31116E-005	13	...........	62,51
	2369	237	1,13548E+000	3,12133E-002	0,00000E+000	1,13800E+000	3,81116E-005	13	...........	62,52
	2370	237,1	1,13752E+000	3,10632E-002	0,00000E+000	1,14000E+000	3,89116E-005	13	...........	62,52
	2371	237,2	1,13973E+000	3,10489E-002	0,00000E+000	1,14200E+000	3,95116E-005	13	...........	62,53
	2372	237,3	1,14165E+000	3,18270E-002	0,00000E+000	1,14400E+000	4,29116E-005	13	...........	62,52
	2373	237,4	1,14356E+000	3,21814E-002	0,00000E+000	1,14600E+000	4,39116E-005	13	...........	62,53
	2374	237,5	1,14589E+000	3,21293E-002	0,00000E+000	1,14800E+000	3,99116E-005	13	...........	62,53
	2375	237,6	1,14763E+000	3,25194E-002	0,00000E+000	1,15000E+000	4,37116E-005	13	...........	62,52
	2376	237,7	1,14953E+000	3,34670E-002	0,00000E+000	1,15200E+000	4,37116E-005	13	...........	62,53
	2377	237,8	1,15142E+000	3,31902E-002	0,00000E+000	1,15400E+000	4,07116E-005	13	...........	62,52
	2378	237,9	1,15361E+000	3,37580E-002	0,00000E+000	1,15600E+000	3,87116E-005	13	...........	62,52
	2379	238	1,15555E+000	3,44891E-002	0,00000E+000	1,15800E+000	3,61116E-005	13	...........	62,52
	2380	238,1	1,15745E+000	3,46892E-002	0,00000E+000	1,16000E+000	4,71116E-005	13	...........	62,52
	2381	238,2	1,15940E+000	3,51253E-002	0,00000E+000	1,16200E+000	4,49116E-005	13	...........	62,54
	2382	238,3	1,16145E+000	3,50711E-002	0,00000E+000	1,16400E+000	5,07116E-005	13	...........	62,53
	2383	238,4	1,16349E+000	3,54939E-002	0,00000E+000	1,16600E+000	4,57116E-005	13	...........	62,52
	2384	238,5	1,16552E+000	3,61729E-002	0,00000E+000	1,16800E+000	3,99116E-005	13	...........	62,53
	2385	238,6	1,16744E+000	3,65099E-002	0,00000E+000	1,17000E+000	4,27116E-005	13	...........	62,53
	2386	238,7	1,16984E+000	3,66855E-002	0,00000E+000	1,17200E+000	4,27116E-005	13	...........	62,53
	2387	238,8	1,17160E+000	3,73146E-002	0,00000E+000	1,17400E+000	4,73116E-005	13	...........	62,54
	2388	238,9	1,17352E+000	3,74248E-002	0,00000E+000	1,17600E+000	4,53116E-005	13	...........	62,53
	2389	239	1,17541E+000	3,82254E-002	0,00000E+000	1,17800E+000	4,69116E-005	13	...........	62,54
	2390	239,1	1,17764E+000	3,81366E-002	0,00000E+000	1,18000E+000	4,61116E-005	13	...........	62,54
	2391	239,2	1,17953E+000	3,85777E-002	0,00000E+000	1,18200E+000	3,83116E-005	13	...........	62,52
	2392	239,3	1,18143E+000	3,89637E-002	0,00000E+000	1,18400E+000	3,69116E-005	13	...........	62,53
	2393	239,4	1,18340E+000	3,97479E-002	0,00000E+000	1,18600E+000	5,37116E-005	13	...........	62,52
	2394	239,5	1,18543E+000	3,93742E-002	0,00000E+000	1,18800E+000	4,13116E-005	13	...........	62,54
	2395	239,6	1,18747E+000	4,02952E-002	0,00000E+000	1,19000E+000	3,55116E-005	13	...........	62,53
	2396	239,7	1,18938E+000	4,10508E-002	0,00000E+000	1,19200E+000	4,27116E-005	13	...........	62,55
	2397	239,8	1,19141E+000	4,13684E-002	0,00000E+000	1,19400E+000	4,23116E-005	13	...........	62,54
	2398	239,9	1,19382E+000	4,07997E-002	0,00000E+000	1,19600E+000	3,55116E-005	13	...........	62,53
	2399	240	1,19557E+000	4,21363E-002	0,00000E+000	1,19800E+000	4,13116E-005	13	...........	62,53
	2400	240,1	1,19752E+000	4,19249E-002	0,00000E+000	1,20000E+000	5,21116E-005	13	...........	62,53
	2401	240,2	1,19947E+000	4,24876E-002	0,00000E+000	1,20200E+000	4,71116E-005	13	...........	62,54
	2402	240,3	1,20173E+000	4,26775E-002	0,00000E+000	1,20400E+000	5,33116E-005	13	...........	62,53
	2403	240,4	1,20353E+000	4,31023E-002	0,00000E+000	1,20600E+000	3,49116E-005	13	...........	62,54
	2404	240,5	1,20538E+000	4,27663E-002	0,00000E+000	1,20800E+000	3,99116E-005	13	...........	62,54
	2405	240,6	1,20737E+000	4,38937E-002	0,00000E+000	1,21000E+000	3,87116E-005	13	...........	62,53
	2406	240,7	1,20939E+000	4,42990E-002	0,00000E+000	1,21200E+000	4,63116E-005	13	...........	62,54
	2407	240,8	1,21148E+000	4,40356E-002	0,00000E+000	1,21400E+000	3,63116E-005	13	...........	62,54
	2408	240,9	1,21335E+000	4,47851E-002	0,00000E+000	1,21600E+000	3,41116E-005	13	...........	62,52
	2409	241	1,21533E+000	4,53988E-002	0,00000E+000	1,21800E+000	4,87116E-005	13	...........	62,53
	2410	241,1	1,21750E+000	4,46789E-002	0,00000E+000	1,22000E+000	4,21116E-005	13	...........	62,53
	2411	241,2	1,21956E+000	4,58450E-002	0,00000E+000	1,22200E+000	3,89116E-005	13	...........	62,54
	2412	241,3	1,22148E+000	4,53743E-002	0,00000E+000	1,22400E+000	4,41116E-005	13	...........	62,53
	2413	241,4	1,22339E+000	4,59277E-002	0,00000E+000	1,22600E+000	4,05116E-005	13	...........	62,54
	2414	241,5	1,22565E+000	4,61166E-002	0,00000E+000	1,22800E+000	3,87116E-005	13	...........	62,52
	2415	241,6	1,22753E+000	4,69529E-002	0,00000E+000	1,23000E+000	4,59116E-005	13	...........	62,53
	2416	241,7	1,22946E+000	4,63066E-002	0,00000E+000	1,23200E+000	4,15116E-005	13	...........	62,54
	2417	241,8	1,23141E+000	4,66629E-002	0,00000E+000	1,23400E+000	4,99116E-005	13	...........	62,53
	2418	241,9	1,23347E+000	4,67804E-002	0,00000E+000	1,23600E+000	4,01116E-005	13	...........	62,54
	2419	242	1,23549E+000	4,71368E-002	0,00000E+000	1,23800E+000	3,31116E-005	13	...........	62,52
	2420	242,1	1,23737E+000	4,69233E-002	0,00000E+000	1,24000E+000	3,87116E-005	13	...........	62,53
	2421	242,2	1,23935E+000	4,74390E-002	0,00000E+000	1,24200E+000	4,69116E-005	13	...........	62,54
	2422	242,3	1,24134E+000	4,71827E-002	0,00000E+000	1,24400E+000	4,45116E-005	13	...........	62,53
	2423	242,4	1,24358E+000	4,76095E-002	0,00000E+000	1,24600E+000	3,71116E-005	13	...........	62,54
	2424	242,5	1,24549E+000	4,70357E-002	0,00000E+000	1,24800E+000	4,01116E-005	13	...........	62,53
	2425	242,6	1,24744E+000	4,81732E-002	0,00000E+000	1,25000E+000	5,95116E-005	13	...........	62,53
	2426	242,7	1,24947E+000	4,72470E-002	0,00000E+000	1,25200E+000	4,61116E-005	13	...........	62,52
	2427	242,8	1,25152E+000	4,80741E-002	0,00000E+000	1,25400E+000	3,61116E-005	13	...........	62,52
	2428	242,9	1,25338E+000	4,78189E-002	0,00000E+000	1,25600E+000	4,45116E-005	13	...........	62,53
	2429	243	1,25537E+000	4,83978E-002	0,00000E+000	1,25800E+000	3,99116E-005	13	...........	62,52
	2430	243,1	1,25737E+000	4,73502E-002	0,00000E+000	1,26000E+000	5,03116E-005	13	...........	62,53
	2431	243,2	1,25944E+000	4,85275E-002	0,00000E+000	1,26200E+000	4,61116E-005	13	...........	62,53
	2432	243,3	1,26131E+000	4,78934E-002	0,00000E+000	1,26400E+000	3,43116E-005	13	...........	62,52
	2433	243,4	1,26329E+000	4,87144E-002	0,00000E+000	1,26600E+000	3,61116E-005	13	...........	62,53
	2434	243,5	1,26526E+000	4,82916E-002	0,00000E+000	1,26800E+000	4,11116E-005	13	...........	62,53
	2435	243,6	1,26734E+000	4,92382E-002	0,00000E+000	1,27000E+000	4,13116E-005	13	...........	62,53
	2436	243,7	1,26943E+000	4,83172E-002	0,00000E+000	1,27200E+000	3,49116E-005	13	...........	62,52
	2437	243,8	1,27135E+000	4,92791E-002	0,00000E+000	1,27400E+000	4,87116E-005	13	...........	62,52
	2438	243,9	1,27365E+000	4,86255E-002	0,00000E+000	1,27600E+000	4,53116E-005	13	...........	62,53
	2439	244	1,27550E+000	4,98264E-002	0,00000E+000	1,27800E+000	4,27116E-005	13	...........	62,54
	2440	244,1	1,27736E+000	4,82651E-002	0,00000E+000	1,28000E+000	4,37116E-005	13	...........	62,53
	2441	244,2	1,27932E+000	5,01521E-002	0,00000E+000	1,28200E+000	5,83116E-005	13	...........	62,52
	2442	244,3	1,28135E+000	4,94353E-002	0,00000E+000	1,28400E+000	4,69116E-005	13	...........	62,52
	2443	244,4	1,28344E+000	5,10099E-002	0,00000E+000	1,28600E+000	3,55116E-005	13	...........	62,52
	2444	244,5	1,28526E+000	5,01276E-002	0,00000E+000	1,28800E+000	4,19116E-005	13	...........	62,52
	2445	244,6	1,28725E+000	5,19953E-002	0,00000E+000	1,29000E+000	4,89116E-005	13	...........	62,52
	2446	244,7	1,28923E+000	5,10354E-002	0,00000E+000	1,29200E+000	3,91116E-005	13	...........	62,53
	2447	244,8	1,29130E+000	5,26774E-002	0,00000E+000	1,29400E+000	4,29116E-005	13	...........	62,53
	2448	244,9	1,29334E+000	5,20606E-002	0,00000E+000	1,29600E+000	3,87116E-005	13	...........	62,53
	2449	245	1,29532E+000	5,38547E-002	0,00000E+000	1,29800E+000	4,39116E-005	13	...........	62,53
	2450	245,1	1,29739E+000	5,29888E-002	0,00000E+000	1,30000E+000	4,11116E-005	13	...........	62,52
	2451	245,2	1,29951E+000	5,48840E-002	0,00000E+000	1,30200E+000	4,61116E-005	13	...........	62,53
	2452	245,3	1,30133E+000	5,45899E-002	0,00000E+000	1,30400E+000	4,91116E-005	13	...........	62,52
	2453	245,4	1,30324E+000	5,57918E-002	0,00000E+000	1,30600E+000	4,27116E-005	13	...........	62,53
	2454	245,5	1,30526E+000	5,57193E-002	0,00000E+000	1,30800E+000	4,79116E-005	13	...........	62,52
	2455	245,6	1,30739E+000	5,75543E-002	0,00000E+000	1,31000E+000	3,95116E-005	13	...........	62,52
	2456	245,7	1,30922E+000	5,69263E-002	0,00000E+000	1,31200E+000	3,01116E-005	13	...........	62,53
	2457	245,8	1,31121E+000	5,91145E-002	0,00000E+000	1,31400E+000	4,39116E-005	13	...........	62,52
	2458	245,9	1,31320E+000	5,84130E-002	0,00000E+000	1,31600E+000	5,21116E-005	13	...........	62,52
	2459	246	1,31527E+000	6,00979E-002	0,00000E+000	1,31800E+000	3,95116E-005	13	...........	62,52
	2460	246,1	1,31719E+000	5,99937E-002	0,00000E+000	1,32000E+000	4,63116E-005	13	...........	62,52
	2461	246,2	1,31930E+000	6,17480E-002	0,00000E+000	1,32200E+000	4,27116E-005	13	...........	62,53
	2462	246,3	1,32138E+000	6,16377E-002	0,00000E+000	1,32400E+000	5,43116E-005	13	...........	62,53
	2463	246,4	1,32350E+000	6,33951E-002	0,00000E+000	1,32600E+000	4,11116E-005	13	...........	62,52
	2464	246,5	1,32533E+000	6,30254E-002	0,00000E+000	1,32800E+000	4,97116E-005	13	...........	62,53
	2465	246,6	1,32725E+000	6,51085E-002	0,00000E+000	1,33000E+000	4,27116E-005	13	...........	62,52
	2466	246,7	1,32915E+000	6,46541E-002	0,00000E+000	1,33200E+000	4,55116E-005	13	...........	62,53
	2467	246,8	1,33141E+000	6,68567E-002	0,00000E+000	1,33400E+000	5,31116E-005	13	...........	62,53
	2468	246,9	1,33325E+000	6,71089E-002	0,00000E+000	1,33600E+000	4,79116E-005	13	...........	62,52
	2469	247	1,33518E+000	6,81954E-002	0,00000E+000	1,33800E+000	3,17116E-005	13	...........	62,52
	2470	247,1	1,33712E+000	6,79881E-002	0,00000E+000	1,34000E+000	5,21116E-005	13	...........	62,52
	2471	247,2	1,33921E+000	7,03438E-002	0,00000E+000	1,34200E+000	3,81116E-005	13	...........	62,53
	2472	247,3	1,34117E+000	7,06042E-002	0,00000E+000	1,34400E+000	3,99116E-005	13	...........	62,52
	2473	247,4	1,34313E+000	7,17867E-002	0,00000E+000	1,34600E+000	3,67116E-005	13	...........	62,53
	2474	247,5	1,34517E+000	7,20920E-002	0,00000E+000	1,34800E+000	3,13116E-005	13	...........	62,53
	2475	247,6	1,34751E+000	7,44048E-002	0,00000E+000	1,35000E+000	3,37116E-005	13	...........	62,52
	2476	247,7	1,34929E+000	7,39954E-002	0,00000E+000	1,35200E+000	3,79116E-005	13	...........	62,53
	2477	247,8	1,35126E+000	7,56363E-002	0,00000E+000	1,35400E+000	5,45116E-005	13	...........	62,54
	2478	247,9	1,35329E+000	7,62367E-002	0,00000E+000	1,35600E+000	4,09116E-005	13	...........	62,52
	2479	248	1,35542E+000	7,78082E-002	0,00000E+000	1,35800E+000	4,17116E-005	13	...........	62,52
	2480	248,1	1,35722E+000	7,83168E-002	0,00000E+000	1,36000E+000	4,17116E-005	13	...........	62,53
	2481	248,2	1,35915E+000	8,02630E-002	0,00000E+000	1,36200E+000	4,19116E-005	13	...........	62,53
	2482	248,3	1,36107E+000	8,10207E-002	0,00000E+000	1,36400E+000	4,27116E-005	13	...........	62,53
	2483	248,4	1,36314E+000	8,25238E-002	0,00000E+000	1,36600E+000	3,57116E-005	13	...........	62,51
	2484	248,5	1,36515E+000	8,37737E-002	0,00000E+000	1,36800E+000	3,61116E-005	13	...........	62,52
	2485	248,6	1,36706E+000	8,60222E-002	0,00000E+000	1,37000E+000	3,19116E-005	13	...........	62,53
	2486	248,7	1,36903E+000	8,73027E-002	0,00000E+000	1,37200E+000	5,29116E-005	13	...........	62,53
	2487	248,8	1,37127E+000	8,92050E-002	0,00000E+000	1,37400E+000	4,11116E-005	13	...........	62,52
	2488	248,9	1,37321E+000	9,14147E-002	0,00000E+000	1,37600E+000	3,97116E-005	13	...........	62,54
	2489	249	1,37516E+000	9,37480E-002	0,00000E+000	1,37800E+000	5,69116E-005	13	...........	62,52
	2490	249,1	1,37713E+000	9,50714E-002	0,00000E+000	1,38000E+000	4,89116E-005	13	...........	62,54
	2491	249,2	1,37938E+000	9,85759E-002	0,00000E+000	1,38200E+000	3,95116E-005	13	...........	62,53
	2492	249,3	1,38114E+000	1,00450E-001	0,00000E+000	1,38400E+000	3,91116E-005	13	...........	62,53
	2493	249,4	1,38308E+000	1,04507E-001	0,00000E+000	1,38600E+000	4,93116E-005	13	...........	62,52
	2494	249,5	1,38508E+000	1,07642E-001	0,00000E+000	1,38800E+000	4,61116E-005	13	...........	62,52
	2495	249,6	1,38712E+000	1,11458E-001	0,00000E+000	1,39000E+000	4,23116E-005	13	...........	62,54
	2496	249,7	1,38912E+000	1,14400E-001	0,00000E+000	1,39200E+000	4,31116E-005	13	...........	62,54
	2497	249,8	1,39104E+000	1,18925E-001	0,00000E+000	1,39400E+000	4,09116E-005	13	...........	62,54
	2498	249,9	1,39301E+000	1,23244E-001	0,00000E+000	1,39600E+000	3,55116E-005	13	...........	62,54
	2499	250	1,39504E+000	1,27637E-001	0,00000E+000	1,39800E+000	5,63116E-005	13	...........	62,53
	2500	250,1	1,39722E+000	1,32094E-001	0,00000E+000	1,40000E+000	3,73116E-005	13	...........	62,53
	2501	250,2	1,39504E+000	8,03580E-002	0,00000E+000	1,39800E+000	4,79116E-005	13	...........	62,53
	2502	250,3	1,39302E+000	5,65811E-002	0,00000E+000	1,39600E+000	5,51116E-005	13	...........	62,54
	2503	250,4	1,39103E+000	4,09671E-002	0,00000E+000	1,39400E+000	4,67116E-005	13	...........	62,54
	2504	250,5	1,38915E+000	3,00789E-002	0,00000E+000	1,39200E+000	4,09116E-005	13	...........	62,53
	2505	250,6	1,38720E+000	2,17812E-002	0,00000E+000	1,39000E+000	4,67116E-005	13	...........	62,53
	2506	250,7	1,38509E+000	1,45098E-002	0,00000E+000	1,38800E+000	3,89116E-005	13	...........	62,54
	2507	250,8	1,38312E+000	8,63628E-003	0,00000E+000	1,38600E+000	3,93116E-005	13	...........	62,54
	2508	250,9	1,38116E+000	3,84109E-003	0,00000E+000	1,38400E+000	3,55116E-005	13	...........	62,54
	2509	251	1,37941E+000	-1,68869E-004	0,00000E+000	1,38200E+000	4,63116E-005	13	...........	62,54
	2510	251,1	1,37717E+000	-3,48242E-003	0,00000E+000	1,38000E+000	4,23116E-005	13	...........	62,54
	2511	251,2	1,37520E+000	-6,13121E-003	0,00000E+000	1,37800E+000	4,95116E-005	13	...........	62,55
	2512	251,3	1,37320E+000	-9,11596E-003	0,00000E+000	1,37600E+000	4,23116E-005	13	...........	62,54
	2513	251,4	1,37128E+000	-1,14104E-002	0,00000E+000	1,37400E+000	4,11116E-005	13	...........	62,55
	2514	251,5	1,36904E+000	-1,24019E-002	0,00000E+000	1,37200E+000	4,85116E-005	13	...........	62,55
	2515	251,6	1,36708E+000	-1,42012E-002	0,00000E+000	1,37000E+000	3,73116E-005	13	...........	62,54
	2516	251,7	1,36516E+000	-1,51784E-002	0,00000E+000	1,36800E+000	3,03116E-005	13	...........	62,54
	2517	251,8	1,36316E+000	-1,65824E-002	0,00000E+000	1,36600E+000	3,67116E-005	13	...........	62,54
	2518	251,9	1,36107E+000	-1,67591E-002	0,00000E+000	1,36400E+000	4,51116E-005	13	...........	62,54
	2519	252	1,35916E+000	-1,77291E-002	0,00000E+000	1,36200E+000	3,43116E-005	13	...........	62,54
	2520	252,1	1,35722E+000	-1,79477E-002	0,00000E+000	1,36000E+000	2,35116E-005	13	...........	62,55
	2521	252,2	1,35546E+000	-1,76648E-002	0,00000E+000	1,35800E+000	3,01116E-005	13	...........	62,54
	2522	252,3	1,35323E+000	-1,79783E-002	0,00000E+000	1,35600E+000	4,41116E-005	13	...........	62,55
	2523	252,4	1,35128E+000	-1,79967E-002	0,00000E+000	1,35400E+000	4,09116E-005	13	...........	62,56
	2524	252,5	1,34934E+000	-1,76005E-002	0,00000E+000	1,35200E+000	4,83116E-005	13	...........	62,54
	2525	252,6	1,34752E+000	-1,80610E-002	0,00000E+000	1,35000E+000	4,33116E-005	13	...........	62,56
	2526	252,7	1,34519E+000	-1,77751E-002	0,00000E+000	1,34800E+000	3,69116E-005	13	...........	62,55
	2527	252,8	1,34315E+000	-1,75617E-002	0,00000E+000	1,34600E+000	3,89116E-005	13	...........	62,55
	2528	252,9	1,34119E+000	-1,72227E-002	0,00000E+000	1,34400E+000	3,31116E-005	13	...........	62,54
	2529	253	1,33928E+000	-1,75116E-002	0,00000E+000	1,34200E+000	4,05116E-005	13	...........	62,54
	2530	253,1	1,33714E+000	-1,71369E-002	0,00000E+000	1,34000E+000	5,13116E-005	13	...........	62,54
	2531	253,2	1,33523E+000	-1,73697E-002	0,00000E+000	1,33800E+000	2,91116E-005	13	...........	62,55
	2532	253,3	1,33328E+000	-1,71900E-002	0,00000E+000	1,33600E+000	3,61116E-005	13	...........	62,56
	2533	253,4	1,33144E+000	-1,65947E-002	0,00000E+000	1,33400E+000	4,25116E-005	13	...........	62,55
	2534	253,5	1,32917E+000	-1,72196E-002	0,00000E+000	1,33200E+000	4,47116E-005	13	...........	62,55
	2535	253,6	1,32727E+000	-1,66079E-002	0,00000E+000	1,33000E+000	5,47116E-005	13	...........	62,55
	2536	253,7	1,32532E+000	-1,69439E-002	0,00000E+000	1,32800E+000	4,53116E-005	13	...........	62,55
	2537	253,8	1,32352E+000	-1,60177E-002	0,00000E+000	1,32600E+000	3,41116E-005	13	...........	62,55
	2538	253,9	1,32152E+000	-1,67672E-002	0,00000E+000	1,32400E+000	4,93116E-005	13	...........	62,55
	2539	254	1,31924E+000	-1,66835E-002	0,00000E+000	1,32200E+000	3,55116E-005	13	...........	62,55
	2540	254,1	1,31719E+000	-1,58227E-002	0,00000E+000	1,32000E+000	3,95116E-005	13	...........	62,55
	2541	254,2	1,31524E+000	-1,64476E-002	0,00000E+000	1,31800E+000	3,91116E-005	13	...........	62,55
	2542	254,3	1,31316E+000	-1,62955E-002	0,00000E+000	1,31600E+000	4,61116E-005	13	...........	62,55
	2543	254,4	1,31123E+000	-1,62832E-002	0,00000E+000	1,31400E+000	4,35116E-005	13	...........	62,56
	2544	254,5	1,30927E+000	-1,64374E-002	0,00000E+000	1,31200E+000	3,85116E-005	13	...........	62,55
	2545	254,6	1,30745E+000	-1,68642E-002	0,00000E+000	1,31000E+000	4,43116E-005	13	...........	62,54
	2546	254,7	1,30529E+000	-1,65620E-002	0,00000E+000	1,30800E+000	4,49116E-005	13	...........	62,56
	2547	254,8	1,30330E+000	-1,65436E-002	0,00000E+000	1,30600E+000	4,33116E-005	13	...........	62,54
	2548	254,9	1,30137E+000	-1,65834E-002	0,00000E+000	1,30400E+000	4,19116E-005	13	...........	62,54
	2549	255	1,29953E+000	-1,64966E-002	0,00000E+000	1,30200E+000	3,77116E-005	13	...........	62,54
	2550	255,1	1,29750E+000	-1,68704E-002	0,00000E+000	1,30000E+000	4,05116E-005	13	...........	62,55
	2551	255,2	1,29536E+000	-1,65661E-002	0,00000E+000	1,29800E+000	4,37116E-005	13	...........	62,55
	2552	255,3	1,29338E+000	-1,70460E-002	0,00000E+000	1,29600E+000	3,97116E-005	13	...........	62,56
	2553	255,4	1,29131E+000	-1,67601E-002	0,00000E+000	1,29400E+000	3,39116E-005	13	...........	62,56
	2554	255,5	1,28924E+000	-1,73084E-002	0,00000E+000	1,29200E+000	3,63116E-005	13	...........	62,55
	2555	255,6	1,28727E+000	-1,76189E-002	0,00000E+000	1,29000E+000	3,99116E-005	13	...........	62,55
	2556	255,7	1,28531E+000	-1,70562E-002	0,00000E+000	1,28800E+000	4,15116E-005	13	...........	62,55
	2557	255,8	1,28345E+000	-1,74636E-002	0,00000E+000	1,28600E+000	3,17116E-005	13	...........	62,57
	2558	255,9	1,28140E+000	-1,76536E-002	0,00000E+000	1,28400E+000	3,89116E-005	13	...........	62,55
	2559	256	1,27934E+000	-1,77189E-002	0,00000E+000	1,28200E+000	4,87116E-005	13	...........	62,55
	2560	256,1	1,27737E+000	-1,83530E-002	0,00000E+000	1,28000E+000	3,01116E-005	13	...........	62,55
	2561	256,2	1,27553E+000	-1,82152E-002	0,00000E+000	1,27800E+000	3,21116E-005	13	...........	62,55
	2562	256,3	1,27371E+000	-1,82315E-002	0,00000E+000	1,27600E+000	4,67116E-005	13	...........	62,55
	2563	256,4	1,27136E+000	-1,85021E-002	0,00000E+000	1,27400E+000	4,15116E-005	13	...........	62,55
	2564	256,5	1,26947E+000	-1,90066E-002	0,00000E+000	1,27200E+000	3,61116E-005	13	...........	62,55
	2565	256,6	1,26739E+000	-1,89126E-002	0,00000E+000	1,27000E+000	3,81116E-005	13	...........	62,55
	2566	256,7	1,26528E+000	-1,92710E-002	0,00000E+000	1,26800E+000	4,23116E-005	13	...........	62,55
	2567	256,8	1,26332E+000	-1,95406E-002	0,00000E+000	1,26600E+000	3,51116E-005	13	...........	62,54
	2568	256,9	1,26133E+000	-1,99756E-002	0,00000E+000	1,26400E+000	3,41116E-005	13	...........	62,55
	2569	257	1,25947E+000	-1,95712E-002	0,00000E+000	1,26200E+000	3,49116E-005	13	...........	62,55
	2570	257,1	1,25742E+000	-2,03044E-002	0,00000E+000	1,26000E+000	4,25116E-005	13	...........	62,55
	2571	257,2	1,25538E+000	-2,02166E-002	0,00000E+000	1,25800E+000	4,13116E-005	13	...........	62,56
	2572	257,3	1,25338E+000	-2,08313E-002	0,00000E+000	1,25600E+000	4,35116E-005	13	...........	62,56
	2573	257,4	1,25153E+000	-2,07894E-002	0,00000E+000	1,25400E+000	2,81116E-005	13	...........	62,56
	2574	257,5	1,24954E+000	-2,13970E-002	0,00000E+000	1,25200E+000	4,57116E-005	13	...........	62,56
	2575	257,6	1,24747E+000	-2,11111E-002	0,00000E+000	1,25000E+000	5,09116E-005	13	...........	62,55
	2576	257,7	1,24544E+000	-2,20883E-002	0,00000E+000	1,24800E+000	4,49116E-005	13	...........	62,56
	2577	257,8	1,24357E+000	-2,21404E-002	0,00000E+000	1,24600E+000	4,25116E-005	13	...........	62,56
	2578	257,9	1,24133E+000	-2,27919E-002	0,00000E+000	1,24400E+000	4,49116E-005	13	...........	62,56
	2579	258	1,23934E+000	-2,29267E-002	0,00000E+000	1,24200E+000	3,63116E-005	13	...........	62,56
	2580	258,1	1,23736E+000	-2,30717E-002	0,00000E+000	1,24000E+000	4,31116E-005	13	...........	62,57
	2581	258,2	1,23550E+000	-2,29389E-002	0,00000E+000	1,23800E+000	2,93116E-005	13	...........	62,57
	2582	258,3	1,23347E+000	-2,37783E-002	0,00000E+000	1,23600E+000	4,95116E-005	13	...........	62,57
	2583	258,4	1,23141E+000	-2,36414E-002	0,00000E+000	1,23400E+000	4,57116E-005	13	...........	62,57
	2584	258,5	1,22943E+000	-2,39886E-002	0,00000E+000	1,23200E+000	4,09116E-005	13	...........	62,56
	2585	258,6	1,22753E+000	-2,37589E-002	0,00000E+000	1,23000E+000	3,55116E-005	13	...........	62,57
	2586	258,7	1,22563E+000	-2,49740E-002	0,00000E+000	1,22800E+000	4,73116E-005	13	...........	62,57
	2587	258,8	1,22341E+000	-2,37538E-002	0,00000E+000	1,22600E+000	3,67116E-005	13	...........	62,56
	2588	258,9	1,22142E+000	-2,48872E-002	0,00000E+000	1,22400E+000	4,99116E-005	13	...........	62,56
	2589	259	1,21954E+000	-2,43532E-002	0,00000E+000	1,22200E+000	3,73116E-005	13	...........	62,57
	2590	259,1	1,21745E+000	-2,49781E-002	0,00000E+000	1,22000E+000	4,55116E-005	13	...........	62,57
	2591	259,2	1,21532E+000	-2,42398E-002	0,00000E+000	1,21800E+000	5,35116E-005	13	...........	62,57
	2592	259,3	1,21332E+000	-2,53069E-002	0,00000E+000	1,21600E+000	3,69116E-005	13	...........	62,57
	2593	259,4	1,21147E+000	-2,45645E-002	0,00000E+000	1,21400E+000	4,01116E-005	13	...........	62,56
	2594	259,5	1,20939E+000	-2,48290E-002	0,00000E+000	1,21200E+000	5,01116E-005	13	...........	62,56
	2595	259,6	1,20738E+000	-2,43307E-002	0,00000E+000	1,21000E+000	5,53116E-005	13	...........	62,57
	2596	259,7	1,20539E+000	-2,52916E-002	0,00000E+000	1,20800E+000	3,83116E-005	13	...........	62,56
	2597	259,8	1,20353E+000	-2,39651E-002	0,00000E+000	1,20600E+000	3,25116E-005	13	...........	62,57
	2598	259,9	1,20169E+000	-2,50996E-002	0,00000E+000	1,20400E+000	4,19116E-005	13	...........	62,57
	2599	260	1,19943E+000	-2,41449E-002	0,00000E+000	1,20200E+000	4,59116E-005	13	...........	62,59
	2600	260,1	1,19751E+000	-2,46544E-002	0,00000E+000	1,20000E+000	4,47116E-005	13	...........	62,57
	2601	260,2	1,19557E+000	-2,38906E-002	0,00000E+000	1,19800E+000	3,43116E-005	13	...........	62,56
	2602	260,3	1,19384E+000	-2,48351E-002	0,00000E+000	1,19600E+000	3,59116E-005	13	...........	62,56
	2603	260,4	1,19141E+000	-2,32963E-002	0,00000E+000	1,19400E+000	4,27116E-005	13	...........	62,58
	2604	260,5	1,18938E+000	-2,42296E-002	0,00000E+000	1,19200E+000	4,83116E-005	13	...........	62,57
	2605	260,6	1,18749E+000	-2,37711E-002	0,00000E+000	1,19000E+000	3,89116E-005	13	...........	62,57
	2606	260,7	1,18546E+000	-2,38038E-002	0,00000E+000	1,18800E+000	5,17116E-005	13	...........	62,57
	2607	260,8	1,18342E+000	-2,27102E-002	0,00000E+000	1,18600E+000	4,65116E-005	13	...........	62,56
	2608	260,9	1,18141E+000	-2,42317E-002	0,00000E+000	1,18400E+000	4,31116E-005	13	...........	62,57
	2609	261	1,17955E+000	-2,25958E-002	0,00000E+000	1,18200E+000	3,63116E-005	13	...........	62,58
	2610	261,1	1,17777E+000	-2,31472E-002	0,00000E+000	1,18000E+000	3,83116E-005	13	...........	62,57
	2611	261,2	1,17546E+000	-2,25917E-002	0,00000E+000	1,17800E+000	4,37116E-005	13	...........	62,56
	2612	261,3	1,17349E+000	-2,32238E-002	0,00000E+000	1,17600E+000	4,63116E-005	13	...........	62,57
	2613	261,4	1,17162E+000	-2,14021E-002	0,00000E+000	1,17400E+000	3,55116E-005	13	...........	62,57
	2614	261,5	1,16991E+000	-2,26091E-002	0,00000E+000	1,17200E+000	3,25116E-005	13	...........	62,56
	2615	261,6	1,16773E+000	-2,19004E-002	0,00000E+000	1,17000E+000	3,37116E-005	13	...........	62,57
	2616	261,7	1,16549E+000	-2,24314E-002	0,00000E+000	1,16800E+000	4,31116E-005	13	...........	62,58
	2617	261,8	1,16351E+000	-2,16788E-002	0,00000E+000	1,16600E+000	3,17116E-005	13	...........	62,56
	2618	261,9	1,16145E+000	-2,24151E-002	0,00000E+000	1,16400E+000	4,23116E-005	13	...........	62,57
	2619	262	1,15943E+000	-2,12030E-002	0,00000E+000	1,16200E+000	3,91116E-005	13	...........	62,57
	2620	262,1	1,15747E+000	-2,16748E-002	0,00000E+000	1,16000E+000	4,27116E-005	13	...........	62,58
	2621	262,2	1,15555E+000	-2,10151E-002	0,00000E+000	1,15800E+000	3,07116E-005	13	...........	62,58
	2622	262,3	1,15372E+000	-2,13991E-002	0,00000E+000	1,15600E+000	4,61116E-005	13	...........	62,58
	2623	262,4	1,15153E+000	-2,06312E-002	0,00000E+000	1,15400E+000	4,13116E-005	13	...........	62,58
	2624	262,5	1,14952E+000	-2,14552E-002	0,00000E+000	1,15200E+000	3,67116E-005	13	...........	62,56
	2625	262,6	1,14763E+000	-2,06322E-002	0,00000E+000	1,15000E+000	4,59116E-005	13	...........	62,57
	2626	262,7	1,14591E+000	-2,04994E-002	0,00000E+000	1,14800E+000	4,27116E-005	13	...........	62,56
	2627	262,8	1,14371E+000	-2,05791E-002	0,00000E+000	1,14600E+000	4,67116E-005	13	...........	62,57
	2628	262,9	1,14169E+000	-2,06322E-002	0,00000E+000	1,14400E+000	4,13116E-005	13	...........	62,57
	2629	263	1,13973E+000	-1,98112E-002	0,00000E+000	1,14200E+000	3,73116E-005	13	...........	62,58
	2630	263,1	1,13754E+000	-2,07711E-002	0,00000E+000	1,14000E+000	4,31116E-005	13	...........	62,57
	2631	263,2	1,13551E+000	-1,97969E-002	0,00000E+000	1,13800E+000	4,17116E-005	13	...........	62,57
	2632	263,3	1,13354E+000	-2,01768E-002	0,00000E+000	1,13600E+000	3,85116E-005	13	...........	62,58
	2633	263,4	1,13159E+000	-1,95253E-002	0,00000E+000	1,13400E+000	3,49116E-005	13	...........	62,58
	2634	263,5	1,12978E+000	-2,01308E-002	0,00000E+000	1,13200E+000	3,75116E-005	13	...........	62,57
	2635	263,6	1,12757E+000	-1,90035E-002	0,00000E+000	1,13000E+000	4,07116E-005	13	...........	62,58
	2636	263,7	1,12561E+000	-1,97796E-002	0,00000E+000	1,12800E+000	3,97116E-005	13	...........	62,58
	2637	263,8	1,12364E+000	-1,89964E-002	0,00000E+000	1,12600E+000	3,53116E-005	13	...........	62,57
	2638	263,9	1,12180E+000	-1,95222E-002	0,00000E+000	1,12400E+000	4,71116E-005	13	...........	62,58
	2639	264	1,11979E+000	-1,91260E-002	0,00000E+000	1,12200E+000	5,29116E-005	13	...........	62,58
	2640	264,1	1,11768E+000	-1,95110E-002	0,00000E+000	1,12000E+000	3,77116E-005	13	...........	62,57
	2641	264,2	1,11575E+000	-1,81366E-002	0,00000E+000	1,11800E+000	3,85116E-005	13	...........	62,58
	2642	264,3	1,11356E+000	-1,86390E-002	0,00000E+000	1,11600E+000	3,53116E-005	13	...........	62,58
	2643	264,4	1,11150E+000	-1,83224E-002	0,00000E+000	1,11400E+000	4,01116E-005	13	...........	62,58
	2644	264,5	1,10955E+000	-1,86859E-002	0,00000E+000	1,11200E+000	4,41116E-005	13	...........	62,58
	2645	264,6	1,10759E+000	-1,80876E-002	0,00000E+000	1,11000E+000	4,37116E-005	13	...........	62,58
	2646	264,7	1,10573E+000	-1,86635E-002	0,00000E+000	1,10800E+000	3,55116E-005	13	...........	62,57
	2647	264,8	1,10355E+000	-1,76352E-002	0,00000E+000	1,10600E+000	4,01116E-005	13	...........	62,58
	2648	264,9	1,10163E+000	-1,82734E-002	0,00000E+000	1,10400E+000	3,85116E-005	13	...........	62,58
	2649	265	1,09968E+000	-1,77159E-002	0,00000E+000	1,10200E+000	4,31116E-005	13	...........	62,57
	2650	265,1	1,09788E+000	-1,77822E-002	0,00000E+000	1,10000E+000	3,27116E-005	13	...........	62,57
	2651	265,2	1,09560E+000	-1,69919E-002	0,00000E+000	1,09800E+000	4,53116E-005	13	...........	62,57
	2652	265,3	1,09371E+000	-1,76679E-002	0,00000E+000	1,09600E+000	4,37116E-005	13	...........	62,58
	2653	265,4	1,09173E+000	-1,72114E-002	0,00000E+000	1,09400E+000	3,85116E-005	13	...........	62,58
	2654	265,5	1,08984E+000	-1,72043E-002	0,00000E+000	1,09200E+000	4,39116E-005	13	...........	62,58
	2655	265,6	1,08754E+000	-1,69051E-002	0,00000E+000	1,09000E+000	4,85116E-005	13	...........	62,58
	2656	265,7	1,08559E+000	-1,73626E-002	0,00000E+000	1,08800E+000	3,63116E-005	13	...........	62,58
	2657	265,8	1,08362E+000	-1,67223E-002	0,00000E+000	1,08600E+000	2,69116E-005	13	...........	62,57
	2658	265,9	1,08171E+000	-1,70879E-002	0,00000E+000	1,08400E+000	3,67116E-005	13	...........	62,57
	2659	266	1,07959E+000	-1,64987E-002	0,00000E+000	1,08200E+000	4,03116E-005	13	...........	62,57
	2660	266,1	1,07767E+000	-1,67989E-002	0,00000E+000	1,08000E+000	3,61116E-005	13	...........	62,59
	2661	266,2	1,07572E+000	-1,61004E-002	0,00000E+000	1,07800E+000	3,77116E-005	13	...........	62,57
	2662	266,3	1,07390E+000	-1,69664E-002	0,00000E+000	1,07600E+000	3,49116E-005	13	...........	62,57
	2663	266,4	1,07174E+000	-1,69827E-002	0,00000E+000	1,07400E+000	4,35116E-005	13	...........	62,58
	2664	266,5	1,06973E+000	-1,66835E-002	0,00000E+000	1,07200E+000	5,17116E-005	13	...........	62,57
	2665	266,6	1,06778E+000	-1,67652E-002	0,00000E+000	1,07000E+000	4,61116E-005	13	...........	62,59
	2666	266,7	1,06592E+000	-1,65109E-002	0,00000E+000	1,06800E+000	3,65116E-005	13	...........	62,58
	2667	266,8	1,06358E+000	-1,65681E-002	0,00000E+000	1,06600E+000	3,53116E-005	13	...........	62,56
	2668	266,9	1,06161E+000	-1,67989E-002	0,00000E+000	1,06400E+000	3,83116E-005	13	...........	62,58
	2669	267	1,05964E+000	-1,65906E-002	0,00000E+000	1,06200E+000	4,09116E-005	13	...........	62,58
	2670	267,1	1,05775E+000	-1,64568E-002	0,00000E+000	1,06000E+000	3,47116E-005	13	...........	62,57
	2671	267,2	1,05563E+000	-1,63608E-002	0,00000E+000	1,05800E+000	4,53116E-005	13	...........	62,57
	2672	267,3	1,05367E+000	-1,63302E-002	0,00000E+000	1,05600E+000	4,01116E-005	13	...........	62,58
	2673	267,4	1,05170E+000	-1,63516E-002	0,00000E+000	1,05400E+000	3,41116E-005	13	...........	62,58
	2674	267,5	1,04988E+000	-1,64660E-002	0,00000E+000	1,05200E+000	3,79116E-005	13	...........	62,58
	2675	267,6	1,04776E+000	-1,65742E-002	0,00000E+000	1,05000E+000	4,67116E-005	13	...........	62,58
	2676	267,7	1,04576E+000	-1,62179E-002	0,00000E+000	1,04800E+000	3,73116E-005	13	...........	62,59
	2677	267,8	1,04380E+000	-1,68163E-002	0,00000E+000	1,04600E+000	4,25116E-005	13	...........	62,58
	2678	267,9	1,04194E+000	-1,66907E-002	0,00000E+000	1,04400E+000	3,77116E-005	13	...........	62,58
	2679	268	1,04013E+000	-1,66600E-002	0,00000E+000	1,04200E+000	4,45116E-005	13	...........	62,58
	2680	268,1	1,03773E+000	-1,65896E-002	0,00000E+000	1,04000E+000	3,97116E-005	13	...........	62,58
	2681	268,2	1,03570E+000	-1,68939E-002	0,00000E+000	1,03800E+000	3,95116E-005	13	...........	62,59
	2682	268,3	1,03379E+000	-1,61862E-002	0,00000E+000	1,03600E+000	3,97116E-005	13	...........	62,58
	2683	268,4	1,03171E+000	-1,66376E-002	0,00000E+000	1,03400E+000	3,55116E-005	13	...........	62,58
	2684	268,5	1,02974E+000	-1,70562E-002	0,00000E+000	1,03200E+000	4,13116E-005	13	...........	62,58
	2685	268,6	1,02777E+000	-1,65957E-002	0,00000E+000	1,03000E+000	3,73116E-005	13	...........	62,59
	2686	268,7	1,02591E+000	-1,68724E-002	0,00000E+000	1,02800E+000	3,69116E-005	13	...........	62,58
	2687	268,8	1,02388E+000	-1,69286E-002	0,00000E+000	1,02600E+000	4,35116E-005	13	...........	62,58
	2688	268,9	1,02177E+000	-1,63149E-002	0,00000E+000	1,02400E+000	3,61116E-005	13	...........	62,58
	2689	269	1,01985E+000	-1,68663E-002	0,00000E+000	1,02200E+000	4,41116E-005	13	...........	62,58
	2690	269,1	1,01796E+000	-1,66120E-002	0,00000E+000	1,02000E+000	3,25116E-005	13	...........	62,57
	2691	269,2	1,01620E+000	-1,70501E-002	0,00000E+000	1,01800E+000	4,15116E-005	13	...........	62,58
	2692	269,3	1,01387E+000	-1,65385E-002	0,00000E+000	1,01600E+000	4,85116E-005	13	...........	62,58
	2693	269,4	1,01188E+000	-1,72819E-002	0,00000E+000	1,01400E+000	3,71116E-005	13	...........	62,58
	2694	269,5	1,00984E+000	-1,65457E-002	0,00000E+000	1,01200E+000	3,29116E-005	13	...........	62,58
	2695	269,6	1,00778E+000	-1,68469E-002	0,00000E+000	1,01000E+000	4,15116E-005	13	...........	62,57
	2696	269,7	1,00576E+000	-1,73646E-002	0,00000E+000	1,00800E+000	4,41116E-005	13	...........	62,58
	2697	269,8	1,00379E+000	-1,74943E-002	0,00000E+000	1,00600E+000	3,93116E-005	13	...........	62,57
	2698	269,9	1,00191E+000	-1,62506E-002	0,00000E+000	1,00400E+000	2,83116E-005	13	...........	62,58
	2699	270	9,99931E-001	-1,70184E-002	0,00000E+000	1,00200E+000	3,97116E-005	13	...........	62,58
	2700	270,1	9,97814E-001	-1,62557E-002	0,00000E+000	1,00000E+000	5,25116E-005	13	...........	62,57
	2701	270,2	9,95849E-001	-1,67070E-002	0,00000E+000	9,98000E-001	3,53116E-005	13	...........	62,58
	2702	270,3	9,93986E-001	-1,57043E-002	0,00000E+000	9,96000E-001	3,81116E-005	13	...........	62,58
	2703	270,4	9,92242E-001	-1,65855E-002	0,00000E+000	9,94000E-001	4,39116E-005	13	...........	62,58
	2704	270,5	9,89818E-001	-1,58268E-002	0,00000E+000	9,92000E-001	5,13116E-005	13	...........	62,57
	2705	270,6	9,87937E-001	-1,65365E-002	0,00000E+000	9,90000E-001	4,33116E-005	13	...........	62,58
	2706	270,7	9,86004E-001	-1,59330E-002	0,00000E+000	9,88000E-001	4,03116E-005	13	...........	62,59
	2707	270,8	9,83823E-001	-1,63935E-002	0,00000E+000	9,86000E-001	4,41116E-005	13	...........	62,57
	2708	270,9	9,81805E-001	-1,48680E-002	0,00000E+000	9,84000E-001	4,55116E-005	13	...........	62,59
	2709	271	9,79832E-001	-1,62393E-002	0,00000E+000	9,82000E-001	3,57116E-005	13	...........	62,58
	2710	271,1	9,77937E-001	-1,51488E-002	0,00000E+000	9,80000E-001	3,57116E-005	13	...........	62,57
	2711	271,2	9,75963E-001	-1,53979E-002	0,00000E+000	9,78000E-001	3,83116E-005	13	...........	62,57
	2712	271,3	9,73817E-001	-1,49159E-002	0,00000E+000	9,76000E-001	3,55116E-005	13	...........	62,57
	2713	271,4	9,71877E-001	-1,53142E-002	0,00000E+000	9,74000E-001	4,49116E-005	13	...........	62,58
	2714	271,5	9,69970E-001	-1,42931E-002	0,00000E+000	9,72000E-001	3,37116E-005	13	...........	62,58
	2715	271,6	9,68072E-001	-1,52560E-002	0,00000E+000	9,70000E-001	4,09116E-005	13	...........	62,58
	2716	271,7	9,65895E-001	-1,39745E-002	0,00000E+000	9,68000E-001	4,71116E-005	13	...........	62,58
	2717	271,8	9,63907E-001	-1,46249E-002	0,00000E+000	9,66000E-001	4,25116E-005	13	...........	62,57
	2718	271,9	9,62058E-001	-1,34343E-002	0,00000E+000	9,64000E-001	3,57116E-005	13	...........	62,57
	2719	272	9,59840E-001	-1,46464E-002	0,00000E+000	9,62000E-001	4,65116E-005	13	...........	62,57
	2720	272,1	9,57804E-001	-1,32301E-002	0,00000E+000	9,60000E-001	4,37116E-005	13	...........	62,58
	2721	272,2	9,55850E-001	-1,41634E-002	0,00000E+000	9,58000E-001	3,97116E-005	13	...........	62,57
	2722	272,3	9,53933E-001	-1,30677E-002	0,00000E+000	9,56000E-001	3,95116E-005	13	...........	62,58
	2723	272,4	9,51987E-001	-1,37253E-002	0,00000E+000	9,54000E-001	4,31116E-005	13	...........	62,57
	2724	272,5	9,49814E-001	-1,29666E-002	0,00000E+000	9,52000E-001	5,35116E-005	13	...........	62,58
	2725	272,6	9,47904E-001	-1,34261E-002	0,00000E+000	9,50000E-001	4,05116E-005	13	...........	62,57
	2726	272,7	9,45972E-001	-1,18822E-002	0,00000E+000	9,48000E-001	3,53116E-005	13	...........	62,57
	2727	272,8	9,44237E-001	-1,28696E-002	0,00000E+000	9,46000E-001	4,33116E-005	13	...........	62,57
	2728	272,9	9,41864E-001	-1,20017E-002	0,00000E+000	9,44000E-001	4,17116E-005	13	...........	62,58
	2729	273	9,40043E-001	-1,29125E-002	0,00000E+000	9,42000E-001	4,65116E-005	13	...........	62,58
	2730	273,1	9,38033E-001	-1,12910E-002	0,00000E+000	9,40000E-001	4,21116E-005	13	...........	62,57
	2731	273,2	9,36107E-001	-1,23233E-002	0,00000E+000	9,38000E-001	4,37116E-005	13	...........	62,57
	2732	273,3	9,33862E-001	-1,12072E-002	0,00000E+000	9,36000E-001	5,55116E-005	13	...........	62,58
	2733	273,4	9,31910E-001	-1,19475E-002	0,00000E+000	9,34000E-001	3,65116E-005	13	...........	62,58
	2734	273,5	9,29955E-001	-1,01953E-002	0,00000E+000	9,32000E-001	4,39116E-005	13	...........	62,57
	2735	273,6	9,28028E-001	-1,19057E-002	0,00000E+000	9,30000E-001	4,29116E-005	13	...........	62,57
	2736	273,7	9,25909E-001	-1,01116E-002	0,00000E+000	9,28000E-001	4,07116E-005	13	...........	62,57
	2737	273,8	9,23973E-001	-1,12981E-002	0,00000E+000	9,26000E-001	4,25116E-005	13	...........	62,57
	2738	273,9	9,22027E-001	-9,92163E-003	0,00000E+000	9,24000E-001	4,45116E-005	13	...........	62,58
	2739	274	9,20218E-001	-1,07896E-002	0,00000E+000	9,22000E-001	4,39116E-005	13	...........	62,58
	2740	274,1	9,17991E-001	-9,46212E-003	0,00000E+000	9,20000E-001	4,37116E-005	13	...........	62,59
	2741	274,2	9,16039E-001	-1,05894E-002	0,00000E+000	9,18000E-001	4,63116E-005	13	...........	62,58
	2742	274,3	9,14058E-001	-9,51011E-003	0,00000E+000	9,16000E-001	4,29116E-005	13	...........	62,58
	2743	274,4	9,12287E-001	-1,01871E-002	0,00000E+000	9,14000E-001	4,21116E-005	13	...........	62,58
	2744	274,5	9,09928E-001	-8,89233E-003	0,00000E+000	9,12000E-001	4,21116E-005	13	...........	62,58
	2745	274,6	9,07913E-001	-9,98187E-003	0,00000E+000	9,10000E-001	3,95116E-005	13	...........	62,57
	2746	274,7	9,05961E-001	-8,41342E-003	0,00000E+000	9,08000E-001	3,75116E-005	13	...........	62,57
	2747	274,8	9,03989E-001	-9,48867E-003	0,00000E+000	9,06000E-001	3,09116E-005	13	...........	62,57
	2748	274,9	9,01926E-001	-8,44304E-003	0,00000E+000	9,04000E-001	4,57116E-005	13	...........	62,58
	2749	275	8,99943E-001	-9,30589E-003	0,00000E+000	9,02000E-001	3,45116E-005	13	...........	62,57
	2750	275,1	8,98003E-001	-7,96311E-003	0,00000E+000	9,00000E-001	3,47116E-005	13	...........	62,56
	2751	275,2	8,96250E-001	-9,09554E-003	0,00000E+000	8,98000E-001	4,33116E-005	13	...........	62,57
	2752	275,3	8,94042E-001	-7,93962E-003	0,00000E+000	8,96000E-001	4,13116E-005	13	...........	62,58
	2753	275,4	8,92054E-001	-8,89642E-003	0,00000E+000	8,94000E-001	4,11116E-005	13	...........	62,57
	2754	275,5	8,90105E-001	-8,06726E-003	0,00000E+000	8,92000E-001	4,93116E-005	13	...........	62,58
	2755	275,6	8,88282E-001	-8,46754E-003	0,00000E+000	8,90000E-001	4,65116E-005	13	...........	62,57
	2756	275,7	8,86214E-001	-7,15336E-003	0,00000E+000	8,88000E-001	5,53116E-005	13	...........	62,58
	2757	275,8	8,84003E-001	-8,36033E-003	0,00000E+000	8,86000E-001	6,19116E-005	13	...........	62,57
	2758	275,9	8,81999E-001	-7,45357E-003	0,00000E+000	8,84000E-001	4,01116E-005	13	...........	62,57
	2759	276	8,80084E-001	-8,12547E-003	0,00000E+000	8,82000E-001	4,03116E-005	13	...........	62,58
	2760	276,1	8,78030E-001	-7,35452E-003	0,00000E+000	8,80000E-001	4,85116E-005	13	...........	62,58
	2761	276,2	8,76026E-001	-8,08156E-003	0,00000E+000	8,78000E-001	4,45116E-005	13	...........	62,58
	2762	276,3	8,74048E-001	-6,87970E-003	0,00000E+000	8,76000E-001	4,01116E-005	13	...........	62,58
	2763	276,4	8,72242E-001	-7,43417E-003	0,00000E+000	8,74000E-001	3,01116E-005	13	...........	62,58
	2764	276,5	8,70100E-001	-6,87255E-003	0,00000E+000	8,72000E-001	4,81116E-005	13	...........	62,59
	2765	276,6	8,68052E-001	-7,49952E-003	0,00000E+000	8,70000E-001	4,29116E-005	13	...........	62,59
	2766	276,7	8,66124E-001	-6,58970E-003	0,00000E+000	8,68000E-001	4,15116E-005	13	...........	62,58
	2767	276,8	8,64325E-001	-7,58529E-003	0,00000E+000	8,66000E-001	4,19116E-005	13	...........	62,59
	2768	276,9	8,62147E-001	-6,39160E-003	0,00000E+000	8,64000E-001	4,73116E-005	13	...........	62,57
	2769	277	8,60065E-001	-7,21667E-003	0,00000E+000	8,62000E-001	5,17116E-005	13	...........	62,58
	2770	277,1	8,58128E-001	-6,31501E-003	0,00000E+000	8,60000E-001	4,21116E-005	13	...........	62,58
	2771	277,2	8,56144E-001	-6,97262E-003	0,00000E+000	8,58000E-001	4,77116E-005	13	...........	62,58
	2772	277,3	8,54068E-001	-6,15776E-003	0,00000E+000	8,56000E-001	4,29116E-005	13	...........	62,58
	2773	277,4	8,52038E-001	-6,83272E-003	0,00000E+000	8,54000E-001	4,09116E-005	13	...........	62,57
	2774	277,5	8,50077E-001	-5,94639E-003	0,00000E+000	8,52000E-001	4,61116E-005	13	...........	62,58
	2775	277,6	8,48254E-001	-6,48350E-003	0,00000E+000	8,50000E-001	4,15116E-005	13	...........	62,58
	2776	277,7	8,46148E-001	-5,88716E-003	0,00000E+000	8,48000E-001	3,91116E-005	13	...........	62,57
	2777	277,8	8,44086E-001	-6,86438E-003	0,00000E+000	8,46000E-001	3,87116E-005	13	...........	62,57
	2778	277,9	8,42101E-001	-5,87797E-003	0,00000E+000	8,44000E-001	4,61116E-005	13	...........	62,57
	2779	278	8,40317E-001	-6,43551E-003	0,00000E+000	8,42000E-001	4,11116E-005	13	...........	62,57
	2780	278,1	8,38569E-001	-6,03829E-003	0,00000E+000	8,40000E-001	4,67116E-005	13	...........	62,58
	2781	278,2	8,36171E-001	-6,07403E-003	0,00000E+000	8,38000E-001	5,49116E-005	13	...........	62,57
	2782	278,3	8,34245E-001	-5,57368E-003	0,00000E+000	8,36000E-001	4,23116E-005	13	...........	62,58
	2783	278,4	8,32267E-001	-6,31399E-003	0,00000E+000	8,34000E-001	4,47116E-005	13	...........	62,57
	2784	278,5	8,30117E-001	-5,60942E-003	0,00000E+000	8,32000E-001	5,43116E-005	13	...........	62,57
	2785	278,6	8,28142E-001	-6,17002E-003	0,00000E+000	8,30000E-001	5,19116E-005	13	...........	62,58
	2786	278,7	8,26135E-001	-6,15878E-003	0,00000E+000	8,28000E-001	4,13116E-005	13	...........	62,58
	2787	278,8	8,24304E-001	-5,87695E-003	0,00000E+000	8,26000E-001	3,95116E-005	13	...........	62,57
	2788	278,9	8,22288E-001	-5,47667E-003	0,00000E+000	8,24000E-001	4,85116E-005	13	...........	62,57
	2789	279	8,20209E-001	-5,91065E-003	0,00000E+000	8,22000E-001	4,85116E-005	13	...........	62,58
	2790	279,1	8,18254E-001	-5,32350E-003	0,00000E+000	8,20000E-001	4,79116E-005	13	...........	62,58
	2791	279,2	8,16354E-001	-5,64311E-003	0,00000E+000	8,18000E-001	4,75116E-005	13	...........	62,57
	2792	279,3	8,14349E-001	-5,72174E-003	0,00000E+000	8,16000E-001	5,51116E-005	13	...........	62,57
	2793	279,4	8,12330E-001	-5,91065E-003	0,00000E+000	8,14000E-001	4,63116E-005	13	...........	62,57
	2794	279,5	8,10319E-001	-5,27959E-003	0,00000E+000	8,12000E-001	4,91116E-005	13	...........	62,59
	2795	279,6	8,08415E-001	-5,52160E-003	0,00000E+000	8,10000E-001	5,11116E-005	13	...........	62,57
	2796	279,7	8,06210E-001	-5,35822E-003	0,00000E+000	8,08000E-001	5,39116E-005	13	...........	62,58
	2797	279,8	8,04201E-001	-5,20607E-003	0,00000E+000	8,06000E-001	4,89116E-005	13	...........	62,58
	2798	279,9	8,02227E-001	-5,30614E-003	0,00000E+000	8,04000E-001	4,19116E-005	13	...........	62,58
	2799	280	8,00323E-001	-5,50118E-003	0,00000E+000	8,02000E-001	4,37116E-005	13	...........	62,58
	2800	280,1	7,98401E-001	-4,91812E-003	0,00000E+000	8,00000E-001	4,27116E-005	13	...........	62,57
	2801	280,2	7,96259E-001	-5,24590E-003	0,00000E+000	7,98000E-001	5,03116E-005	13	...........	62,57
	2802	280,3	7,94307E-001	-5,16625E-003	0,00000E+000	7,96000E-001	4,21116E-005	13	...........	62,58
	2803	280,4	7,92382E-001	-4,94773E-003	0,00000E+000	7,94000E-001	4,37116E-005	13	...........	62,56
	2804	280,5	7,90667E-001	-4,97428E-003	0,00000E+000	7,92000E-001	4,53116E-005	13	...........	62,57
	2805	280,6	7,88345E-001	-4,97938E-003	0,00000E+000	7,90000E-001	4,75116E-005	13	...........	62,57
	2806	280,7	7,86419E-001	-5,09477E-003	0,00000E+000	7,88000E-001	5,09116E-005	13	...........	62,58
	2807	280,8	7,84437E-001	-5,30819E-003	0,00000E+000	7,86000E-001	4,29116E-005	13	...........	62,57
	2808	280,9	7,82507E-001	-5,41336E-003	0,00000E+000	7,84000E-001	4,65116E-005	13	...........	62,58
	2809	281	7,80260E-001	-4,94773E-003	0,00000E+000	7,82000E-001	4,27116E-005	13	...........	62,57
	2810	281,1	7,78274E-001	-4,75882E-003	0,00000E+000	7,80000E-001	4,13116E-005	13	...........	62,58
	2811	281,2	7,76348E-001	-5,10090E-003	0,00000E+000	7,78000E-001	4,11116E-005	13	...........	62,58
	2812	281,3	7,74433E-001	-4,75780E-003	0,00000E+000	7,76000E-001	4,69116E-005	13	...........	62,57
	2813	281,4	7,72322E-001	-4,57298E-003	0,00000E+000	7,74000E-001	4,37116E-005	13	...........	62,58
	2814	281,5	7,70358E-001	-4,98755E-003	0,00000E+000	7,72000E-001	3,67116E-005	13	...........	62,58
	2815	281,6	7,68433E-001	-4,87931E-003	0,00000E+000	7,70000E-001	3,65116E-005	13	...........	62,56
	2816	281,7	7,66607E-001	-4,93650E-003	0,00000E+000	7,68000E-001	4,51116E-005	13	...........	62,57
	2817	281,8	7,64416E-001	-4,67407E-003	0,00000E+000	7,66000E-001	4,27116E-005	13	...........	62,58
	2818	281,9	7,62462E-001	-4,88136E-003	0,00000E+000	7,64000E-001	5,45116E-005	13	...........	62,57
	2819	282	7,60509E-001	-4,33506E-003	0,00000E+000	7,62000E-001	4,85116E-005	13	...........	62,57
	2820	282,1	7,58717E-001	-4,71593E-003	0,00000E+000	7,60000E-001	5,01116E-005	13	...........	62,57
	2821	282,2	7,56372E-001	-4,57400E-003	0,00000E+000	7,58000E-001	5,47116E-005	13	...........	62,57
	2822	282,3	7,54315E-001	-4,82009E-003	0,00000E+000	7,56000E-001	4,77116E-005	13	...........	62,57
	2823	282,4	7,52375E-001	-4,22069E-003	0,00000E+000	7,54000E-001	3,07116E-005	13	...........	62,57
	2824	282,5	7,50466E-001	-4,89361E-003	0,00000E+000	7,52000E-001	4,63116E-005	13	...........	62,57
	2825	282,6	7,48349E-001	-4,43206E-003	0,00000E+000	7,50000E-001	3,71116E-005	13	...........	62,57
	2826	282,7	7,46373E-001	-4,74759E-003	0,00000E+000	7,48000E-001	3,83116E-005	13	...........	62,56
	2827	282,8	7,44405E-001	-4,59544E-003	0,00000E+000	7,46000E-001	3,37116E-005	13	...........	62,58
	2828	282,9	7,42679E-001	-4,68734E-003	0,00000E+000	7,44000E-001	4,81116E-005	13	...........	62,57
	2829	283	7,40408E-001	-4,06854E-003	0,00000E+000	7,42000E-001	3,23116E-005	13	...........	62,57
	2830	283,1	7,38491E-001	-4,36160E-003	0,00000E+000	7,40000E-001	4,29116E-005	13	...........	62,57
	2831	283,2	7,36552E-001	-4,02565E-003	0,00000E+000	7,38000E-001	4,53116E-005	13	...........	62,57
	2832	283,3	7,34717E-001	-4,19720E-003	0,00000E+000	7,36000E-001	4,13116E-005	13	...........	62,57
	2833	283,4	7,32768E-001	-3,92661E-003	0,00000E+000	7,34000E-001	4,21116E-005	13	...........	62,56
	2834	283,5	7,30493E-001	-4,48108E-003	0,00000E+000	7,32000E-001	4,57116E-005	13	...........	62,57
	2835	283,6	7,28402E-001	-3,77752E-003	0,00000E+000	7,30000E-001	3,75116E-005	13	...........	62,57
	2836	283,7	7,26494E-001	-4,10632E-003	0,00000E+000	7,28000E-001	4,15116E-005	13	...........	62,58
	2837	283,8	7,24406E-001	-3,86023E-003	0,00000E+000	7,26000E-001	4,55116E-005	13	...........	62,57
	2838	283,9	7,22450E-001	-4,18903E-003	0,00000E+000	7,24000E-001	4,95116E-005	13	...........	62,57
	2839	284	7,20485E-001	-3,78365E-003	0,00000E+000	7,22000E-001	4,05116E-005	13	...........	62,58
	2840	284,1	7,18689E-001	-4,24724E-003	0,00000E+000	7,20000E-001	3,57116E-005	13	...........	62,56
	2841	284,2	7,16461E-001	-3,57942E-003	0,00000E+000	7,18000E-001	4,25116E-005	13	...........	62,58
	2842	284,3	7,14487E-001	-4,03484E-003	0,00000E+000	7,16000E-001	3,87116E-005	13	...........	62,57
	2843	284,4	7,12547E-001	-3,91435E-003	0,00000E+000	7,14000E-001	3,35116E-005	13	...........	62,57
	2844	284,5	7,10731E-001	-4,00625E-003	0,00000E+000	7,12000E-001	4,45116E-005	13	...........	62,57
	2845	284,6	7,08588E-001	-3,66520E-003	0,00000E+000	7,10000E-001	4,73116E-005	13	...........	62,57
	2846	284,7	7,06539E-001	-4,15125E-003	0,00000E+000	7,08000E-001	4,69116E-005	13	...........	62,57
	2847	284,8	7,04596E-001	-3,70706E-003	0,00000E+000	7,06000E-001	4,31116E-005	13	...........	62,57
	2848	284,9	7,02500E-001	-3,80611E-003	0,00000E+000	7,04000E-001	4,25116E-005	13	...........	62,56
	2849	285	7,00420E-001	-3,66418E-003	0,00000E+000	7,02000E-001	4,47116E-005	13	...........	62,57
	2850	285,1	6,98445E-001	-4,00421E-003	0,00000E+000	7,00000E-001	3,55116E-005	13	...........	62,56
	2851	285,2	6,96485E-001	-3,41809E-003	0,00000E+000	6,98000E-001	3,87116E-005	13	...........	62,56
	2852	285,3	6,94669E-001	-3,91333E-003	0,00000E+000	6,96000E-001	4,11116E-005	13	...........	62,57
	2853	285,4	6,92551E-001	-3,77037E-003	0,00000E+000	6,94000E-001	5,05116E-005	13	...........	62,57
	2854	285,5	6,90531E-001	-4,06242E-003	0,00000E+000	6,92000E-001	4,61116E-005	13	...........	62,56
	2855	285,6	6,88561E-001	-3,45893E-003	0,00000E+000	6,90000E-001	4,15116E-005	13	...........	62,56
	2856	285,7	6,86694E-001	-4,20741E-003	0,00000E+000	6,88000E-001	4,63116E-005	13	...........	62,56
	2857	285,8	6,84892E-001	-3,38235E-003	0,00000E+000	6,86000E-001	4,27116E-005	13	...........	62,57
	2858	285,9	6,82553E-001	-4,08488E-003	0,00000E+000	6,84000E-001	4,59116E-005	13	...........	62,58
	2859	286	6,80649E-001	-3,66826E-003	0,00000E+000	6,82000E-001	3,85116E-005	13	...........	62,57
	2860	286,1	6,78575E-001	-4,09509E-003	0,00000E+000	6,80000E-001	4,05116E-005	13	...........	62,57
	2861	286,2	6,76450E-001	-3,37316E-003	0,00000E+000	6,78000E-001	5,09116E-005	13	...........	62,57
	2862	286,3	6,74501E-001	-3,92048E-003	0,00000E+000	6,76000E-001	4,87116E-005	13	...........	62,56
	2863	286,4	6,72531E-001	-3,36397E-003	0,00000E+000	6,74000E-001	3,87116E-005	13	...........	62,57
	2864	286,5	6,70687E-001	-3,77752E-003	0,00000E+000	6,72000E-001	3,49116E-005	13	...........	62,56
	2865	286,6	6,68605E-001	-3,63048E-003	0,00000E+000	6,70000E-001	4,21116E-005	13	...........	62,57
	2866	286,7	6,66579E-001	-4,00013E-003	0,00000E+000	6,68000E-001	5,41116E-005	13	...........	62,56
	2867	286,8	6,64588E-001	-3,41298E-003	0,00000E+000	6,66000E-001	4,77116E-005	13	...........	62,57
	2868	286,9	6,62731E-001	-4,20027E-003	0,00000E+000	6,64000E-001	4,03116E-005	13	...........	62,55
	2869	287	6,60663E-001	-3,62333E-003	0,00000E+000	6,62000E-001	4,89116E-005	13	...........	62,56
	2870	287,1	6,58619E-001	-4,10632E-003	0,00000E+000	6,60000E-001	5,31116E-005	13	...........	62,57
	2871	287,2	6,56638E-001	-3,63354E-003	0,00000E+000	6,58000E-001	3,83116E-005	13	...........	62,57
	2872	287,3	6,54729E-001	-4,29319E-003	0,00000E+000	6,56000E-001	3,97116E-005	13	...........	62,57
	2873	287,4	6,52496E-001	-3,30576E-003	0,00000E+000	6,54000E-001	4,47116E-005	13	...........	62,56
	2874	287,5	6,50515E-001	-4,33097E-003	0,00000E+000	6,52000E-001	5,25116E-005	13	...........	62,56
	2875	287,6	6,48528E-001	-3,75506E-003	0,00000E+000	6,50000E-001	3,71116E-005	13	...........	62,56
	2876	287,7	6,46662E-001	-4,14615E-003	0,00000E+000	6,48000E-001	3,45116E-005	13	...........	62,56
	2877	287,8	6,44607E-001	-3,71625E-003	0,00000E+000	6,46000E-001	4,63116E-005	13	...........	62,57
	2878	287,9	6,42564E-001	-4,45453E-003	0,00000E+000	6,44000E-001	4,77116E-005	13	...........	62,55
	2879	288	6,40624E-001	-3,54981E-003	0,00000E+000	6,42000E-001	3,97116E-005	13	...........	62,56
	2880	288,1	6,38731E-001	-4,19414E-003	0,00000E+000	6,40000E-001	4,05116E-005	13	...........	62,56
	2881	288,2	6,36865E-001	-3,93784E-003	0,00000E+000	6,38000E-001	4,05116E-005	13	...........	62,55
	2882	288,3	6,34584E-001	-4,58319E-003	0,00000E+000	6,36000E-001	4,45116E-005	13	...........	62,56
	2883	288,4	6,32728E-001	-3,83981E-003	0,00000E+000	6,34000E-001	4,41116E-005	13	...........	62,57
	2884	288,5	6,30767E-001	-4,55153E-003	0,00000E+000	6,32000E-001	4,37116E-005	13	...........	62,57
	2885	288,6	6,28790E-001	-4,08488E-003	0,00000E+000	6,30000E-001	5,37116E-005	13	...........	62,56
	2886	288,7	6,26567E-001	-4,39326E-003	0,00000E+000	6,28000E-001	5,29116E-005	13	...........	62,56
	2887	288,8	6,24589E-001	-4,05731E-003	0,00000E+000	6,26000E-001	4,15116E-005	13	...........	62,56
	2888	288,9	6,22706E-001	-4,44432E-003	0,00000E+000	6,24000E-001	3,99116E-005	13	...........	62,56
	2889	289	6,20671E-001	-3,83981E-003	0,00000E+000	6,22000E-001	4,19116E-005	13	...........	62,57
	2890	289,1	6,18602E-001	-4,85481E-003	0,00000E+000	6,20000E-001	4,97116E-005	13	...........	62,57
	2891	289,2	6,16657E-001	-4,19210E-003	0,00000E+000	6,18000E-001	4,63116E-005	13	...........	62,57
	2892	289,3	6,14758E-001	-4,73125E-003	0,00000E+000	6,16000E-001	4,47116E-005	13	...........	62,56
	2893	289,4	6,12843E-001	-4,43002E-003	0,00000E+000	6,14000E-001	5,01116E-005	13	...........	62,56
	2894	289,5	6,10697E-001	-4,88340E-003	0,00000E+000	6,12000E-001	4,73116E-005	13	...........	62,55
	2895	289,6	6,08775E-001	-4,48210E-003	0,00000E+000	6,10000E-001	4,63116E-005	13	...........	62,56
	2896	289,7	6,06814E-001	-4,76086E-003	0,00000E+000	6,08000E-001	3,79116E-005	13	...........	62,56
	2897	289,8	6,05100E-001	-4,44942E-003	0,00000E+000	6,06000E-001	3,67116E-005	13	...........	62,56
	2898	289,9	6,02636E-001	-5,18667E-003	0,00000E+000	6,04000E-001	5,07116E-005	13	...........	62,56
	2899	290	6,00640E-001	-4,53111E-003	0,00000E+000	6,02000E-001	4,97116E-005	13	...........	62,56
	2900	290,1	5,98720E-001	-5,23569E-003	0,00000E+000	6,00000E-001	3,79116E-005	13	...........	62,56
	2901	290,2	5,96708E-001	-5,14174E-003	0,00000E+000	5,98000E-001	4,47116E-005	13	...........	62,56
	2902	290,3	5,94633E-001	-5,04065E-003	0,00000E+000	5,96000E-001	4,89116E-005	13	...........	62,56
	2903	290,4	5,92670E-001	-4,88034E-003	0,00000E+000	5,94000E-001	4,49116E-005	13	...........	62,56
	2904	290,5	5,90754E-001	-5,26224E-003	0,00000E+000	5,92000E-001	3,49116E-005	13	...........	62,55
	2905	290,6	5,89000E-001	-4,83030E-003	0,00000E+000	5,90000E-001	4,09116E-005	13	...........	62,55
	2906	290,7	5,86693E-001	-5,55836E-003	0,00000E+000	5,88000E-001	5,01116E-005	13	...........	62,54
	2907	290,8	5,84769E-001	-5,32146E-003	0,00000E+000	5,86000E-001	3,95116E-005	13	...........	62,55
	2908	290,9	5,82844E-001	-5,62780E-003	0,00000E+000	5,84000E-001	4,69116E-005	13	...........	62,56
	2909	291	5,81018E-001	-5,42459E-003	0,00000E+000	5,82000E-001	4,59116E-005	13	...........	62,56
	2910	291,1	5,78851E-001	-5,81364E-003	0,00000E+000	5,80000E-001	4,91116E-005	13	...........	62,55
	2911	291,2	5,76758E-001	-5,48178E-003	0,00000E+000	5,78000E-001	3,57116E-005	13	...........	62,54
	2912	291,3	5,74730E-001	-6,05667E-003	0,00000E+000	5,76000E-001	3,71116E-005	13	...........	62,55
	2913	291,4	5,72735E-001	-6,02297E-003	0,00000E+000	5,74000E-001	3,95116E-005	13	...........	62,56
	2914	291,5	5,70686E-001	-6,28949E-003	0,00000E+000	5,72000E-001	5,05116E-005	13	...........	62,55
	2915	291,6	5,68691E-001	-6,32829E-003	0,00000E+000	5,70000E-001	4,77116E-005	13	...........	62,55
	2916	291,7	5,66769E-001	-6,61523E-003	0,00000E+000	5,68000E-001	3,81116E-005	13	...........	62,55
	2917	291,8	5,64998E-001	-6,41406E-003	0,00000E+000	5,66000E-001	3,77116E-005	13	...........	62,55
	2918	291,9	5,62740E-001	-6,44163E-003	0,00000E+000	5,64000E-001	5,25116E-005	13	...........	62,55
	2919	292	5,60737E-001	-6,32523E-003	0,00000E+000	5,62000E-001	4,31116E-005	13	...........	62,55
	2920	292,1	5,58851E-001	-6,73265E-003	0,00000E+000	5,60000E-001	4,37116E-005	13	...........	62,55
	2921	292,2	5,57112E-001	-6,30582E-003	0,00000E+000	5,58000E-001	4,15116E-005	13	...........	62,55
	2922	292,3	5,54795E-001	-6,98181E-003	0,00000E+000	5,56000E-001	4,33116E-005	13	...........	62,54
	2923	292,4	5,52741E-001	-7,21258E-003	0,00000E+000	5,54000E-001	4,21116E-005	13	...........	62,55
	2924	292,5	5,50848E-001	-7,11455E-003	0,00000E+000	5,52000E-001	4,33116E-005	13	...........	62,55
	2925	292,6	5,48748E-001	-7,15029E-003	0,00000E+000	5,50000E-001	4,51116E-005	13	...........	62,55
	2926	292,7	5,46735E-001	-7,71906E-003	0,00000E+000	5,48000E-001	3,65116E-005	13	...........	62,54
	2927	292,8	5,44708E-001	-7,43519E-003	0,00000E+000	5,46000E-001	4,31116E-005	13	...........	62,54
	2928	292,9	5,42759E-001	-7,74153E-003	0,00000E+000	5,44000E-001	4,67116E-005	13	...........	62,54
	2929	293	5,40955E-001	-7,57304E-003	0,00000E+000	5,42000E-001	4,23116E-005	13	...........	62,54
	2930	293,1	5,38780E-001	-8,15100E-003	0,00000E+000	5,40000E-001	4,13116E-005	13	...........	62,53
	2931	293,2	5,36746E-001	-7,85589E-003	0,00000E+000	5,38000E-001	4,23116E-005	13	...........	62,54
	2932	293,3	5,34814E-001	-8,15814E-003	0,00000E+000	5,36000E-001	3,99116E-005	13	...........	62,55
	2933	293,4	5,33041E-001	-8,12138E-003	0,00000E+000	5,34000E-001	4,39116E-005	13	...........	62,55
	2934	293,5	5,31090E-001	-8,14895E-003	0,00000E+000	5,32000E-001	5,61116E-005	13	...........	62,54
	2935	293,6	5,28804E-001	-8,29906E-003	0,00000E+000	5,30000E-001	4,09116E-005	13	...........	62,55
	2936	293,7	5,26880E-001	-8,78920E-003	0,00000E+000	5,28000E-001	4,59116E-005	13	...........	62,55
	2937	293,8	5,24813E-001	-8,40423E-003	0,00000E+000	5,26000E-001	5,25116E-005	13	...........	62,53
	2938	293,9	5,22785E-001	-8,56659E-003	0,00000E+000	5,24000E-001	4,83116E-005	13	...........	62,54
	2939	294	5,20783E-001	-8,77592E-003	0,00000E+000	5,22000E-001	3,15116E-005	13	...........	62,54
	2940	294,1	5,18814E-001	-8,87293E-003	0,00000E+000	5,20000E-001	4,93116E-005	13	...........	62,53
	2941	294,2	5,16997E-001	-8,68402E-003	0,00000E+000	5,18000E-001	4,83116E-005	13	...........	62,54
	2942	294,3	5,14874E-001	-9,20275E-003	0,00000E+000	5,16000E-001	4,13116E-005	13	...........	62,54
	2943	294,4	5,12884E-001	-9,51726E-003	0,00000E+000	5,14000E-001	5,07116E-005	13	...........	62,54
	2944	294,5	5,10841E-001	-9,28036E-003	0,00000E+000	5,12000E-001	4,29116E-005	13	...........	62,54
	2945	294,6	5,09096E-001	-9,31508E-003	0,00000E+000	5,10000E-001	4,59116E-005	13	...........	62,55
	2946	294,7	5,06870E-001	-9,83177E-003	0,00000E+000	5,08000E-001	4,85116E-005	13	...........	62,55
	2947	294,8	5,04897E-001	-9,98902E-003	0,00000E+000	5,06000E-001	5,05116E-005	13	...........	62,54
	2948	294,9	5,02897E-001	-9,76641E-003	0,00000E+000	5,04000E-001	4,71116E-005	13	...........	62,53
	2949	295	5,01013E-001	-1,00033E-002	0,00000E+000	5,02000E-001	3,75116E-005	13	...........	62,54
	2950	295,1	4,98801E-001	-1,00227E-002	0,00000E+000	5,00000E-001	4,45116E-005	13	...........	62,54
	2951	295,2	4,96794E-001	-1,01647E-002	0,00000E+000	4,98000E-001	3,83116E-005	13	...........	62,54
	2952	295,3	4,94824E-001	-1,03525E-002	0,00000E+000	4,96000E-001	3,81116E-005	13	...........	62,53
	2953	295,4	4,92930E-001	-1,06446E-002	0,00000E+000	4,94000E-001	4,05116E-005	13	...........	62,54
	2954	295,5	4,90858E-001	-1,03760E-002	0,00000E+000	4,92000E-001	4,95116E-005	13	...........	62,54
	2955	295,6	4,88862E-001	-1,08743E-002	0,00000E+000	4,90000E-001	4,99116E-005	13	...........	62,53
	2956	295,7	4,86903E-001	-1,08355E-002	0,00000E+000	4,88000E-001	3,75116E-005	13	...........	62,53
	2957	295,8	4,85097E-001	-1,11133E-002	0,00000E+000	4,86000E-001	4,37116E-005	13	...........	62,52
	2958	295,9	4,83043E-001	-1,13430E-002	0,00000E+000	4,84000E-001	4,57116E-005	13	...........	62,54
	2959	296	4,80944E-001	-1,19169E-002	0,00000E+000	4,82000E-001	4,79116E-005	13	...........	62,54
	2960	296,1	4,78981E-001	-1,12511E-002	0,00000E+000	4,80000E-001	5,21116E-005	13	...........	62,54
	2961	296,2	4,77122E-001	-1,16524E-002	0,00000E+000	4,78000E-001	3,97116E-005	13	...........	62,54
	2962	296,3	4,74860E-001	-1,19271E-002	0,00000E+000	4,76000E-001	4,53116E-005	13	...........	62,53
	2963	296,4	4,72880E-001	-1,19353E-002	0,00000E+000	4,74000E-001	4,25116E-005	13	...........	62,54
	2964	296,5	4,70870E-001	-1,16902E-002	0,00000E+000	4,72000E-001	3,23116E-005	13	...........	62,53
	2965	296,6	4,69012E-001	-1,24479E-002	0,00000E+000	4,70000E-001	3,03116E-005	13	...........	62,53
	2966	296,7	4,66941E-001	-1,21885E-002	0,00000E+000	4,68000E-001	5,15116E-005	13	...........	62,53
	2967	296,8	4,64921E-001	-1,26684E-002	0,00000E+000	4,66000E-001	4,25116E-005	13	...........	62,54
	2968	296,9	4,62935E-001	-1,27440E-002	0,00000E+000	4,64000E-001	4,37116E-005	13	...........	62,53
	2969	297	4,61112E-001	-1,29248E-002	0,00000E+000	4,62000E-001	3,21116E-005	13	...........	62,53
	2970	297,1	4,59059E-001	-1,26644E-002	0,00000E+000	4,60000E-001	3,79116E-005	13	...........	62,54
	2971	297,2	4,56971E-001	-1,36446E-002	0,00000E+000	4,58000E-001	4,73116E-005	13	...........	62,54
	2972	297,3	4,55038E-001	-1,33220E-002	0,00000E+000	4,56000E-001	4,03116E-005	13	...........	62,55
	2973	297,4	4,53142E-001	-1,37753E-002	0,00000E+000	4,54000E-001	3,91116E-005	13	...........	62,53
	2974	297,5	4,51353E-001	-1,36743E-002	0,00000E+000	4,52000E-001	4,25116E-005	13	...........	62,53
	2975	297,6	4,48916E-001	-1,46208E-002	0,00000E+000	4,50000E-001	4,19116E-005	13	...........	62,53
	2976	297,7	4,46891E-001	-1,38264E-002	0,00000E+000	4,48000E-001	5,03116E-005	13	...........	62,53
	2977	297,8	4,45007E-001	-1,46556E-002	0,00000E+000	4,46000E-001	3,59116E-005	13	...........	62,52
	2978	297,9	4,42926E-001	-1,53254E-002	0,00000E+000	4,44000E-001	4,07116E-005	13	...........	62,53
	2979	298	4,40943E-001	-1,54306E-002	0,00000E+000	4,42000E-001	4,43116E-005	13	...........	62,53
	2980	298,1	4,38942E-001	-1,48649E-002	0,00000E+000	4,40000E-001	3,77116E-005	13	...........	62,54
	2981	298,2	4,37092E-001	-1,55756E-002	0,00000E+000	4,38000E-001	3,53116E-005	13	...........	62,54
	2982	298,3	4,35063E-001	-1,52182E-002	0,00000E+000	4,36000E-001	4,33116E-005	13	...........	62,53
	2983	298,4	4,32964E-001	-1,59503E-002	0,00000E+000	4,34000E-001	3,73116E-005	13	...........	62,53
	2984	298,5	4,31005E-001	-1,61535E-002	0,00000E+000	4,32000E-001	4,67116E-005	13	...........	62,53
	2985	298,6	4,29170E-001	-1,66784E-002	0,00000E+000	4,30000E-001	3,37116E-005	13	...........	62,54
	2986	298,7	4,27448E-001	-1,64211E-002	0,00000E+000	4,28000E-001	3,73116E-005	13	...........	62,53
	2987	298,8	4,25193E-001	-1,74116E-002	0,00000E+000	4,26000E-001	4,97116E-005	13	...........	62,53
	2988	298,9	4,23098E-001	-1,68418E-002	0,00000E+000	4,24000E-001	3,09116E-005	13	...........	62,53
	2989	299	4,21079E-001	-1,73830E-002	0,00000E+000	4,22000E-001	3,61116E-005	13	...........	62,54
	2990	299,1	4,19014E-001	-1,72860E-002	0,00000E+000	4,20000E-001	4,17116E-005	13	...........	62,53
	2991	299,2	4,17001E-001	-1,79783E-002	0,00000E+000	4,18000E-001	4,29116E-005	13	...........	62,54
	2992	299,3	4,15040E-001	-1,73564E-002	0,00000E+000	4,16000E-001	3,17116E-005	13	...........	62,53
	2993	299,4	4,13148E-001	-1,85940E-002	0,00000E+000	4,14000E-001	3,19116E-005	13	...........	62,53
	2994	299,5	4,11276E-001	-1,79477E-002	0,00000E+000	4,12000E-001	4,49116E-005	13	...........	62,54
	2995	299,6	4,09009E-001	-1,90954E-002	0,00000E+000	4,10000E-001	4,85116E-005	13	...........	62,53
	2996	299,7	4,07069E-001	-1,86808E-002	0,00000E+000	4,08000E-001	4,39116E-005	13	...........	62,53
	2997	299,8	4,05171E-001	-1,96080E-002	0,00000E+000	4,06000E-001	3,89116E-005	13	...........	62,52
	2998	299,9	4,03430E-001	-1,86992E-002	0,00000E+000	4,04000E-001	3,89116E-005	13	...........	62,53
	2999	300	4,01058E-001	-1,99195E-002	0,00000E+000	4,02000E-001	3,53116E-005	13	...........	62,53
	3000	300,1	3,99190E-001	-1,91771E-002	0,00000E+000	4,00000E-001	4,51116E-005	13	...........	62,53
CURVE4	TABLE
	Pt	T	Vf	Im	Vu	Sig	Ach	IERange	Over	Temp
	#	s	V vs. Ref.	A	V	V	V	#	bits	deg C
	3001	300,2	4,00977E-001	-1,15605E-002	0,00000E+000	4,02000E-001	5,01116E-005	13	...........	62,54
	3002	300,3	4,03426E-001	-6,91544E-003	0,00000E+000	4,04000E-001	4,81116E-005	13	...........	62,53
	3003	300,4	4,05158E-001	-5,12132E-003	0,00000E+000	4,06000E-001	4,37116E-005	13	...........	62,54
	3004	300,5	4,07060E-001	-2,69615E-003	0,00000E+000	4,08000E-001	4,55116E-005	13	...........	62,52
	3005	300,6	4,08987E-001	-2,29179E-003	0,00000E+000	4,10000E-001	5,39116E-005	13	...........	62,53
	3006	300,7	4,11200E-001	-4,68058E-004	0,00000E+000	4,12000E-001	3,81116E-005	13	...........	62,54
	3007	300,8	4,13149E-001	1,38490E-004	0,00000E+000	4,14000E-001	3,63116E-005	13	...........	62,52
	3008	300,9	4,15023E-001	1,34954E-003	0,00000E+000	4,16000E-001	5,25116E-005	13	...........	62,53
	3009	301	4,16982E-001	1,11060E-003	0,00000E+000	4,18000E-001	4,53116E-005	13	...........	62,54
	3010	301,1	4,19010E-001	2,96700E-003	0,00000E+000	4,20000E-001	5,01116E-005	13	...........	62,53
	3011	301,2	4,21063E-001	2,40130E-003	0,00000E+000	4,22000E-001	4,55116E-005	13	...........	62,54
	3012	301,3	4,23073E-001	3,72059E-003	0,00000E+000	4,24000E-001	4,61116E-005	13	...........	62,54
	3013	301,4	4,24989E-001	3,57764E-003	0,00000E+000	4,26000E-001	5,89116E-005	13	...........	62,54
	3014	301,5	4,27322E-001	4,77133E-003	0,00000E+000	4,28000E-001	4,47116E-005	13	...........	62,54
	3015	301,6	4,29150E-001	4,08718E-003	0,00000E+000	4,30000E-001	4,55116E-005	13	...........	62,55
	3016	301,7	4,31018E-001	5,10830E-003	0,00000E+000	4,32000E-001	4,37116E-005	13	...........	62,54
	3017	301,8	4,32953E-001	5,28802E-003	0,00000E+000	4,34000E-001	4,85116E-005	13	...........	62,54
	3018	301,9	4,35081E-001	5,94154E-003	0,00000E+000	4,36000E-001	4,25116E-005	13	...........	62,54
	3019	302	4,37042E-001	5,70362E-003	0,00000E+000	4,38000E-001	4,45116E-005	13	...........	62,54
	3020	302,1	4,38938E-001	6,59506E-003	0,00000E+000	4,40000E-001	3,77116E-005	13	...........	62,53
	3021	302,2	4,40928E-001	6,05386E-003	0,00000E+000	4,42000E-001	3,73116E-005	13	...........	62,55
	3022	302,3	4,42942E-001	7,03925E-003	0,00000E+000	4,44000E-001	4,95116E-005	13	...........	62,53
	3023	302,4	4,44989E-001	7,02291E-003	0,00000E+000	4,46000E-001	3,41116E-005	13	...........	62,53
	3024	302,5	4,46901E-001	7,45280E-003	0,00000E+000	4,48000E-001	3,91116E-005	13	...........	62,54
	3025	302,6	4,48920E-001	7,26083E-003	0,00000E+000	4,50000E-001	3,43116E-005	13	...........	62,54
	3026	302,7	4,51366E-001	7,81428E-003	0,00000E+000	4,52000E-001	5,31116E-005	13	...........	62,54
	3027	302,8	4,53138E-001	7,29555E-003	0,00000E+000	4,54000E-001	4,37116E-005	13	...........	62,54
	3028	302,9	4,55019E-001	8,00012E-003	0,00000E+000	4,56000E-001	5,01116E-005	13	...........	62,54
	3029	303	4,56977E-001	7,85002E-003	0,00000E+000	4,58000E-001	4,63116E-005	13	...........	62,54
	3030	303,1	4,59035E-001	8,34220E-003	0,00000E+000	4,60000E-001	4,13116E-005	13	...........	62,54
	3031	303,2	4,61112E-001	7,91741E-003	0,00000E+000	4,62000E-001	4,55116E-005	13	...........	62,53
	3032	303,3	4,62947E-001	9,03248E-003	0,00000E+000	4,64000E-001	4,53116E-005	13	...........	62,52
	3033	303,4	4,64932E-001	8,35548E-003	0,00000E+000	4,66000E-001	3,61116E-005	13	...........	62,54
	3034	303,5	4,66950E-001	8,97938E-003	0,00000E+000	4,68000E-001	4,19116E-005	13	...........	62,54
	3035	303,6	4,69049E-001	8,75780E-003	0,00000E+000	4,70000E-001	3,19116E-005	13	...........	62,54
	3036	303,7	4,70886E-001	9,33269E-003	0,00000E+000	4,72000E-001	4,75116E-005	13	...........	62,54
	3037	303,8	4,72876E-001	9,03759E-003	0,00000E+000	4,74000E-001	5,01116E-005	13	...........	62,55
	3038	303,9	4,74968E-001	9,48382E-003	0,00000E+000	4,76000E-001	4,19116E-005	13	...........	62,54
	3039	304	4,77136E-001	9,71153E-003	0,00000E+000	4,78000E-001	4,19116E-005	13	...........	62,54
	3040	304,1	4,78996E-001	9,75033E-003	0,00000E+000	4,80000E-001	4,39116E-005	13	...........	62,55
	3041	304,2	4,80976E-001	9,34188E-003	0,00000E+000	4,82000E-001	4,67116E-005	13	...........	62,53
	3042	304,3	4,83202E-001	9,99438E-003	0,00000E+000	4,84000E-001	4,51116E-005	13	...........	62,54
	3043	304,4	4,85116E-001	9,69927E-003	0,00000E+000	4,86000E-001	4,01116E-005	13	...........	62,55
	3044	304,5	4,86920E-001	9,77892E-003	0,00000E+000	4,88000E-001	4,89116E-005	13	...........	62,55
	3045	304,6	4,88880E-001	9,66864E-003	0,00000E+000	4,90000E-001	3,89116E-005	13	...........	62,54
	3046	304,7	4,90886E-001	9,98519E-003	0,00000E+000	4,92000E-001	4,95116E-005	13	...........	62,54
	3047	304,8	4,93002E-001	9,86674E-003	0,00000E+000	4,94000E-001	3,65116E-005	13	...........	62,53
	3048	304,9	4,94842E-001	1,03844E-002	0,00000E+000	4,96000E-001	3,77116E-005	13	...........	62,55
	3049	305	4,96826E-001	9,92392E-003	0,00000E+000	4,98000E-001	4,45116E-005	13	...........	62,54
	3050	305,1	4,98809E-001	1,00996E-002	0,00000E+000	5,00000E-001	4,37116E-005	13	...........	62,55
	3051	305,2	5,01054E-001	1,04447E-002	0,00000E+000	5,02000E-001	4,77116E-005	13	...........	62,54
	3052	305,3	5,02943E-001	1,06765E-002	0,00000E+000	5,04000E-001	4,85116E-005	13	...........	62,54
	3053	305,4	5,04956E-001	1,03916E-002	0,00000E+000	5,06000E-001	4,67116E-005	13	...........	62,54
	3054	305,5	5,06946E-001	1,07786E-002	0,00000E+000	5,08000E-001	5,07116E-005	13	...........	62,55
	3055	305,6	5,09115E-001	1,07827E-002	0,00000E+000	5,10000E-001	3,93116E-005	13	...........	62,54
	3056	305,7	5,10906E-001	1,06162E-002	0,00000E+000	5,12000E-001	4,93116E-005	13	...........	62,55
	3057	305,8	5,12915E-001	1,06724E-002	0,00000E+000	5,14000E-001	4,41116E-005	13	...........	62,54
	3058	305,9	5,14913E-001	1,08154E-002	0,00000E+000	5,16000E-001	4,49116E-005	13	...........	62,55
	3059	306	5,17054E-001	1,11064E-002	0,00000E+000	5,18000E-001	3,31116E-005	13	...........	62,55
	3060	306,1	5,18844E-001	1,10757E-002	0,00000E+000	5,20000E-001	4,03116E-005	13	...........	62,55
	3061	306,2	5,20832E-001	1,13106E-002	0,00000E+000	5,22000E-001	3,79116E-005	13	...........	62,54
	3062	306,3	5,22798E-001	1,10278E-002	0,00000E+000	5,24000E-001	3,57116E-005	13	...........	62,55
	3063	306,4	5,24874E-001	1,10043E-002	0,00000E+000	5,26000E-001	3,73116E-005	13	...........	62,56
	3064	306,5	5,26973E-001	1,11074E-002	0,00000E+000	5,28000E-001	3,49116E-005	13	...........	62,55
	3065	306,6	5,28904E-001	1,10135E-002	0,00000E+000	5,30000E-001	4,63116E-005	13	...........	62,55
	3066	306,7	5,31157E-001	1,12922E-002	0,00000E+000	5,32000E-001	4,99116E-005	13	...........	62,56
	3067	306,8	5,33035E-001	1,13606E-002	0,00000E+000	5,34000E-001	4,41116E-005	13	...........	62,55
	3068	306,9	5,34880E-001	1,12453E-002	0,00000E+000	5,36000E-001	3,75116E-005	13	...........	62,55
	3069	307	5,36857E-001	1,10778E-002	0,00000E+000	5,38000E-001	4,03116E-005	13	...........	62,54
	3070	307,1	5,38844E-001	1,12187E-002	0,00000E+000	5,40000E-001	4,19116E-005	13	...........	62,55
	3071	307,2	5,40991E-001	1,12861E-002	0,00000E+000	5,42000E-001	4,11116E-005	13	...........	62,55
	3072	307,3	5,42799E-001	1,12146E-002	0,00000E+000	5,44000E-001	3,95116E-005	13	...........	62,55
	3073	307,4	5,44751E-001	1,14781E-002	0,00000E+000	5,46000E-001	3,03116E-005	13	...........	62,56
	3074	307,5	5,46744E-001	1,13412E-002	0,00000E+000	5,48000E-001	4,19116E-005	13	...........	62,54
	3075	307,6	5,48808E-001	1,13167E-002	0,00000E+000	5,50000E-001	4,65116E-005	13	...........	62,56
	3076	307,7	5,50917E-001	1,11391E-002	0,00000E+000	5,52000E-001	3,61116E-005	13	...........	62,56
	3077	307,8	5,52898E-001	1,14086E-002	0,00000E+000	5,54000E-001	4,29116E-005	13	...........	62,55
	3078	307,9	5,54827E-001	1,11278E-002	0,00000E+000	5,56000E-001	5,53116E-005	13	...........	62,56
	3079	308	5,57118E-001	1,13719E-002	0,00000E+000	5,58000E-001	4,77116E-005	13	...........	62,55
	3080	308,1	5,58885E-001	1,12095E-002	0,00000E+000	5,60000E-001	4,55116E-005	13	...........	62,55
	3081	308,2	5,60801E-001	1,12881E-002	0,00000E+000	5,62000E-001	4,21116E-005	13	...........	62,56
	3082	308,3	5,62800E-001	1,12167E-002	0,00000E+000	5,64000E-001	5,07116E-005	13	...........	62,56
	3083	308,4	5,65045E-001	1,12330E-002	0,00000E+000	5,66000E-001	3,75116E-005	13	...........	62,56
	3084	308,5	5,66792E-001	1,11677E-002	0,00000E+000	5,68000E-001	4,01116E-005	13	...........	62,56
	3085	308,6	5,68759E-001	1,11278E-002	0,00000E+000	5,70000E-001	4,73116E-005	13	...........	62,55
	3086	308,7	5,70690E-001	1,12565E-002	0,00000E+000	5,72000E-001	4,87116E-005	13	...........	62,55
	3087	308,8	5,72763E-001	1,11472E-002	0,00000E+000	5,74000E-001	4,23116E-005	13	...........	62,55
	3088	308,9	5,74743E-001	1,09502E-002	0,00000E+000	5,76000E-001	3,39116E-005	13	...........	62,55
	3089	309	5,76798E-001	1,11217E-002	0,00000E+000	5,78000E-001	4,15116E-005	13	...........	62,55
	3090	309,1	5,79111E-001	1,09665E-002	0,00000E+000	5,80000E-001	3,39116E-005	13	...........	62,56
	3091	309,2	5,81056E-001	1,10941E-002	0,00000E+000	5,82000E-001	3,15116E-005	13	...........	62,55
	3092	309,3	5,82854E-001	1,08440E-002	0,00000E+000	5,84000E-001	4,45116E-005	13	...........	62,56
	3093	309,4	5,84801E-001	1,13964E-002	0,00000E+000	5,86000E-001	3,93116E-005	13	...........	62,55
	3094	309,5	5,86690E-001	1,08562E-002	0,00000E+000	5,88000E-001	3,77116E-005	13	...........	62,56
	3095	309,6	5,89013E-001	1,11707E-002	0,00000E+000	5,90000E-001	3,53116E-005	13	...........	62,54
	3096	309,7	5,90751E-001	1,14965E-002	0,00000E+000	5,92000E-001	3,03116E-005	13	...........	62,55
	3097	309,8	5,92671E-001	1,11574E-002	0,00000E+000	5,94000E-001	4,83116E-005	13	...........	62,56
	3098	309,9	5,94649E-001	1,09522E-002	0,00000E+000	5,96000E-001	4,13116E-005	13	...........	62,55
	3099	310	5,96697E-001	1,13208E-002	0,00000E+000	5,98000E-001	4,25116E-005	13	...........	62,56
	3100	310,1	5,98708E-001	1,11840E-002	0,00000E+000	6,00000E-001	3,89116E-005	13	...........	62,55
	3101	310,2	6,00611E-001	1,07858E-002	0,00000E+000	6,02000E-001	4,31116E-005	13	...........	62,56
	3102	310,3	6,02636E-001	1,10369E-002	0,00000E+000	6,04000E-001	4,87116E-005	13	...........	62,56
	3103	310,4	6,05108E-001	1,10553E-002	0,00000E+000	6,06000E-001	3,51116E-005	13	...........	62,56
	3104	310,5	6,06824E-001	1,07735E-002	0,00000E+000	6,08000E-001	4,39116E-005	13	...........	62,55
	3105	310,6	6,08767E-001	1,10329E-002	0,00000E+000	6,10000E-001	5,13116E-005	13	...........	62,56
	3106	310,7	6,10726E-001	1,09093E-002	0,00000E+000	6,12000E-001	4,87116E-005	13	...........	62,56
	3107	310,8	6,12850E-001	1,06520E-002	0,00000E+000	6,14000E-001	4,93116E-005	13	...........	62,56
	3108	310,9	6,14758E-001	1,07715E-002	0,00000E+000	6,16000E-001	3,67116E-005	13	...........	62,55
	3109	311	6,16660E-001	1,12759E-002	0,00000E+000	6,18000E-001	4,61116E-005	13	...........	62,55
	3110	311,1	6,18601E-001	1,07337E-002	0,00000E+000	6,20000E-001	3,99116E-005	13	...........	62,56
	3111	311,2	6,20628E-001	1,04365E-002	0,00000E+000	6,22000E-001	5,37116E-005	13	...........	62,55
	3112	311,3	6,22702E-001	1,06714E-002	0,00000E+000	6,24000E-001	3,67116E-005	13	...........	62,55
	3113	311,4	6,24568E-001	1,09787E-002	0,00000E+000	6,26000E-001	3,91116E-005	13	...........	62,56
	3114	311,5	6,26562E-001	1,04324E-002	0,00000E+000	6,28000E-001	4,75116E-005	13	...........	62,56
	3115	311,6	6,28738E-001	1,07735E-002	0,00000E+000	6,30000E-001	4,45116E-005	13	...........	62,56
	3116	311,7	6,30765E-001	1,05652E-002	0,00000E+000	6,32000E-001	3,97116E-005	13	...........	62,55
	3117	311,8	6,32707E-001	1,06408E-002	0,00000E+000	6,34000E-001	5,33116E-005	13	...........	62,55
	3118	311,9	6,34604E-001	1,04314E-002	0,00000E+000	6,36000E-001	5,57116E-005	13	...........	62,56
	3119	312	6,36937E-001	1,08501E-002	0,00000E+000	6,38000E-001	4,13116E-005	13	...........	62,57
	3120	312,1	6,38736E-001	1,05019E-002	0,00000E+000	6,40000E-001	4,89116E-005	13	...........	62,56
	3121	312,2	6,40589E-001	1,07316E-002	0,00000E+000	6,42000E-001	3,37116E-005	13	...........	62,56
	3122	312,3	6,42569E-001	1,05591E-002	0,00000E+000	6,44000E-001	4,41116E-005	13	...........	62,56
	3123	312,4	6,44604E-001	1,05162E-002	0,00000E+000	6,46000E-001	3,99116E-005	13	...........	62,57
	3124	312,5	6,46672E-001	1,06111E-002	0,00000E+000	6,48000E-001	3,25116E-005	13	...........	62,56
	3125	312,6	6,48534E-001	1,06448E-002	0,00000E+000	6,50000E-001	3,75116E-005	13	...........	62,56
	3126	312,7	6,50512E-001	1,02589E-002	0,00000E+000	6,52000E-001	4,63116E-005	13	...........	62,57
	3127	312,8	6,52498E-001	1,05621E-002	0,00000E+000	6,54000E-001	4,39116E-005	13	...........	62,56
	3128	312,9	6,54731E-001	1,06152E-002	0,00000E+000	6,56000E-001	4,23116E-005	13	...........	62,57
	3129	313	6,56586E-001	1,07010E-002	0,00000E+000	6,58000E-001	3,41116E-005	13	...........	62,56
	3130	313,1	6,58637E-001	1,03548E-002	0,00000E+000	6,60000E-001	5,01116E-005	13	...........	62,57
	3131	313,2	6,60639E-001	1,03896E-002	0,00000E+000	6,62000E-001	4,03116E-005	13	...........	62,57
	3132	313,3	6,62729E-001	1,05591E-002	0,00000E+000	6,64000E-001	3,41116E-005	13	...........	62,57
	3133	313,4	6,64562E-001	1,03620E-002	0,00000E+000	6,66000E-001	3,69116E-005	13	...........	62,57
	3134	313,5	6,66580E-001	1,04569E-002	0,00000E+000	6,68000E-001	4,43116E-005	13	...........	62,56
	3135	313,6	6,68620E-001	1,07245E-002	0,00000E+000	6,70000E-001	3,95116E-005	13	...........	62,57
	3136	313,7	6,70688E-001	1,01190E-002	0,00000E+000	6,72000E-001	3,67116E-005	13	...........	62,56
	3137	313,8	6,72505E-001	1,02997E-002	0,00000E+000	6,74000E-001	3,51116E-005	13	...........	62,57
	3138	313,9	6,74495E-001	1,04161E-002	0,00000E+000	6,76000E-001	4,09116E-005	13	...........	62,56
	3139	314	6,76450E-001	1,02578E-002	0,00000E+000	6,78000E-001	4,03116E-005	13	...........	62,56
	3140	314,1	6,78595E-001	1,01639E-002	0,00000E+000	6,80000E-001	4,45116E-005	13	...........	62,57
	3141	314,2	6,80610E-001	1,06510E-002	0,00000E+000	6,82000E-001	3,77116E-005	13	...........	62,57
	3142	314,3	6,82546E-001	1,02354E-002	0,00000E+000	6,84000E-001	4,11116E-005	13	...........	62,58
	3143	314,4	6,84949E-001	1,02149E-002	0,00000E+000	6,86000E-001	3,79116E-005	13	...........	62,58
	3144	314,5	6,86685E-001	1,05346E-002	0,00000E+000	6,88000E-001	4,35116E-005	13	...........	62,57
	3145	314,6	6,88535E-001	1,03599E-002	0,00000E+000	6,90000E-001	3,39116E-005	13	...........	62,57
	3146	314,7	6,90535E-001	1,00720E-002	0,00000E+000	6,92000E-001	4,33116E-005	13	...........	62,57
	3147	314,8	6,92550E-001	1,02650E-002	0,00000E+000	6,94000E-001	3,87116E-005	13	...........	62,57
	3148	314,9	6,94674E-001	1,05601E-002	0,00000E+000	6,96000E-001	3,35116E-005	13	...........	62,56
	3149	315	6,96460E-001	1,01904E-002	0,00000E+000	6,98000E-001	4,31116E-005	13	...........	62,57
	3150	315,1	6,98427E-001	1,03487E-002	0,00000E+000	7,00000E-001	4,55116E-005	13	...........	62,57
	3151	315,2	7,00409E-001	1,01159E-002	0,00000E+000	7,02000E-001	4,53116E-005	13	...........	62,57
	3152	315,3	7,02501E-001	1,01057E-002	0,00000E+000	7,04000E-001	3,73116E-005	13	...........	62,57
	3153	315,4	7,04540E-001	1,00740E-002	0,00000E+000	7,06000E-001	3,11116E-005	13	...........	62,58
	3154	315,5	7,06544E-001	1,02282E-002	0,00000E+000	7,08000E-001	4,57116E-005	13	...........	62,58
	3155	315,6	7,08537E-001	9,94434E-003	0,00000E+000	7,10000E-001	4,33116E-005	13	...........	62,58
	3156	315,7	7,10723E-001	1,01802E-002	0,00000E+000	7,12000E-001	4,75116E-005	13	...........	62,57
	3157	315,8	7,12521E-001	1,02680E-002	0,00000E+000	7,14000E-001	4,21116E-005	13	...........	62,58
	3158	315,9	7,14461E-001	9,98723E-003	0,00000E+000	7,16000E-001	4,95116E-005	13	...........	62,58
	3159	316	7,16475E-001	9,83304E-003	0,00000E+000	7,18000E-001	4,35116E-005	13	...........	62,58
	3160	316,1	7,18687E-001	1,01935E-002	0,00000E+000	7,20000E-001	4,21116E-005	13	...........	62,57
	3161	316,2	7,20447E-001	9,93618E-003	0,00000E+000	7,22000E-001	3,39116E-005	13	...........	62,57
	3162	316,3	7,22423E-001	9,63596E-003	0,00000E+000	7,24000E-001	3,77116E-005	13	...........	62,58
	3163	316,4	7,24374E-001	1,00771E-002	0,00000E+000	7,26000E-001	3,93116E-005	13	...........	62,58
	3164	316,5	7,26488E-001	1,00985E-002	0,00000E+000	7,28000E-001	3,87116E-005	13	...........	62,57
	3165	316,6	7,28400E-001	9,73808E-003	0,00000E+000	7,30000E-001	3,83116E-005	13	...........	62,58
	3166	316,7	7,30446E-001	1,00046E-002	0,00000E+000	7,32000E-001	4,31116E-005	13	...........	62,57
	3167	316,8	7,32920E-001	1,00403E-002	0,00000E+000	7,34000E-001	3,79116E-005	13	...........	62,59
	3168	316,9	7,34713E-001	9,74318E-003	0,00000E+000	7,36000E-001	3,93116E-005	13	...........	62,59
	3169	317	7,36531E-001	9,95251E-003	0,00000E+000	7,38000E-001	4,67116E-005	13	...........	62,58
	3170	317,1	7,38486E-001	1,00128E-002	0,00000E+000	7,40000E-001	4,51116E-005	13	...........	62,59
	3171	317,2	7,40422E-001	9,78505E-003	0,00000E+000	7,42000E-001	4,89116E-005	13	...........	62,58
	3172	317,3	7,42679E-001	9,78096E-003	0,00000E+000	7,44000E-001	3,73116E-005	13	...........	62,58
	3173	317,4	7,44403E-001	9,64209E-003	0,00000E+000	7,46000E-001	3,49116E-005	13	...........	62,58
	3174	317,5	7,46344E-001	9,67272E-003	0,00000E+000	7,48000E-001	3,43116E-005	13	...........	62,60
	3175	317,6	7,48328E-001	9,31839E-003	0,00000E+000	7,50000E-001	4,35116E-005	13	...........	62,59
	3176	317,7	7,50447E-001	9,84530E-003	0,00000E+000	7,52000E-001	3,83116E-005	13	...........	62,59
	3177	317,8	7,52360E-001	9,61963E-003	0,00000E+000	7,54000E-001	2,99116E-005	13	...........	62,58
	3178	317,9	7,54296E-001	9,45216E-003	0,00000E+000	7,56000E-001	4,63116E-005	13	...........	62,58
	3179	318	7,56381E-001	9,33882E-003	0,00000E+000	7,58000E-001	3,61116E-005	13	...........	62,58
	3180	318,1	7,58718E-001	9,59716E-003	0,00000E+000	7,60000E-001	3,13116E-005	13	...........	62,57
	3181	318,2	7,60485E-001	9,34699E-003	0,00000E+000	7,62000E-001	3,49116E-005	13	...........	62,58
	3182	318,3	7,62437E-001	9,41642E-003	0,00000E+000	7,64000E-001	4,91116E-005	13	...........	62,58
	3183	318,4	7,64449E-001	9,27653E-003	0,00000E+000	7,66000E-001	5,11116E-005	13	...........	62,58
	3184	318,5	7,66625E-001	9,62065E-003	0,00000E+000	7,68000E-001	4,39116E-005	13	...........	62,58
	3185	318,6	7,68427E-001	9,71766E-003	0,00000E+000	7,70000E-001	4,95116E-005	13	...........	62,58
	3186	318,7	7,70350E-001	9,78913E-003	0,00000E+000	7,72000E-001	3,69116E-005	13	...........	62,58
	3187	318,8	7,72320E-001	9,60022E-003	0,00000E+000	7,74000E-001	3,97116E-005	13	...........	62,58
	3188	318,9	7,74412E-001	9,48178E-003	0,00000E+000	7,76000E-001	4,61116E-005	13	...........	62,58
	3189	319	7,76349E-001	9,64005E-003	0,00000E+000	7,78000E-001	3,75116E-005	13	...........	62,59
	3190	319,1	7,78255E-001	9,34086E-003	0,00000E+000	7,80000E-001	3,83116E-005	13	...........	62,59
	3191	319,2	7,80257E-001	9,37864E-003	0,00000E+000	7,82000E-001	4,67116E-005	13	...........	62,58
	3192	319,3	7,82471E-001	9,66558E-003	0,00000E+000	7,84000E-001	4,45116E-005	13	...........	62,59
	3193	319,4	7,84431E-001	9,74931E-003	0,00000E+000	7,86000E-001	3,79116E-005	13	...........	62,58
	3194	319,5	7,86403E-001	9,51037E-003	0,00000E+000	7,88000E-001	5,41116E-005	13	...........	62,59
	3195	319,6	7,88354E-001	9,51139E-003	0,00000E+000	7,90000E-001	4,59116E-005	13	...........	62,59
	3196	319,7	7,90667E-001	9,78505E-003	0,00000E+000	7,92000E-001	3,55116E-005	13	...........	62,57
	3197	319,8	7,92390E-001	9,64311E-003	0,00000E+000	7,94000E-001	4,43116E-005	13	...........	62,58
	3198	319,9	7,94270E-001	9,45523E-003	0,00000E+000	7,96000E-001	3,77116E-005	13	...........	62,58
	3199	320	7,96273E-001	1,00087E-002	0,00000E+000	7,98000E-001	4,55116E-005	13	...........	62,59
	3200	320,1	7,98413E-001	9,93924E-003	0,00000E+000	8,00000E-001	3,77116E-005	13	...........	62,59
	3201	320,2	8,00320E-001	9,65537E-003	0,00000E+000	8,02000E-001	3,07116E-005	13	...........	62,58
	3202	320,3	8,02215E-001	9,89125E-003	0,00000E+000	8,04000E-001	3,97116E-005	13	...........	62,58
	3203	320,4	8,04207E-001	1,00036E-002	0,00000E+000	8,06000E-001	5,19116E-005	13	...........	62,59
	3204	320,5	8,06203E-001	9,53998E-003	0,00000E+000	8,08000E-001	5,05116E-005	13	...........	62,59
	3205	320,6	8,08413E-001	9,62371E-003	0,00000E+000	8,10000E-001	4,91116E-005	13	...........	62,59
	3206	320,7	8,10270E-001	9,82181E-003	0,00000E+000	8,12000E-001	4,57116E-005	13	...........	62,58
	3207	320,8	8,12357E-001	9,84019E-003	0,00000E+000	8,14000E-001	4,43116E-005	13	...........	62,59
	3208	320,9	8,14351E-001	9,65537E-003	0,00000E+000	8,16000E-001	4,95116E-005	13	...........	62,58
	3209	321	8,16357E-001	9,86368E-003	0,00000E+000	8,18000E-001	4,55116E-005	13	...........	62,59
	3210	321,1	8,18249E-001	1,01261E-002	0,00000E+000	8,20000E-001	4,25116E-005	13	...........	62,59
	3211	321,2	8,20217E-001	9,90758E-003	0,00000E+000	8,22000E-001	4,35116E-005	13	...........	62,59
	3212	321,3	8,22293E-001	1,00526E-002	0,00000E+000	8,24000E-001	5,17116E-005	13	...........	62,58
	3213	321,4	8,24307E-001	1,01251E-002	0,00000E+000	8,26000E-001	4,09116E-005	13	...........	62,59
	3214	321,5	8,26152E-001	9,95864E-003	0,00000E+000	8,28000E-001	5,05116E-005	13	...........	62,59
	3215	321,6	8,28134E-001	9,88308E-003	0,00000E+000	8,30000E-001	4,47116E-005	13	...........	62,60
	3216	321,7	8,30101E-001	1,03936E-002	0,00000E+000	8,32000E-001	5,69116E-005	13	...........	62,60
	3217	321,8	8,32313E-001	1,02262E-002	0,00000E+000	8,34000E-001	4,13116E-005	13	...........	62,60
	3218	321,9	8,34253E-001	1,01067E-002	0,00000E+000	8,36000E-001	4,83116E-005	13	...........	62,59
	3219	322	8,36190E-001	1,03896E-002	0,00000E+000	8,38000E-001	4,59116E-005	13	...........	62,59
	3220	322,1	8,38610E-001	1,04253E-002	0,00000E+000	8,40000E-001	4,15116E-005	13	...........	62,59
	3221	322,2	8,40322E-001	1,01578E-002	0,00000E+000	8,42000E-001	4,31116E-005	13	...........	62,59
	3222	322,3	8,42125E-001	1,02068E-002	0,00000E+000	8,44000E-001	4,15116E-005	13	...........	62,59
	3223	322,4	8,44138E-001	1,05335E-002	0,00000E+000	8,46000E-001	4,59116E-005	13	...........	62,60
	3224	322,5	8,46181E-001	1,04467E-002	0,00000E+000	8,48000E-001	3,99116E-005	13	...........	62,61
	3225	322,6	8,48246E-001	1,05631E-002	0,00000E+000	8,50000E-001	3,03116E-005	13	...........	62,60
	3226	322,7	8,50082E-001	1,06489E-002	0,00000E+000	8,52000E-001	3,15116E-005	13	...........	62,60
	3227	322,8	8,52069E-001	1,07612E-002	0,00000E+000	8,54000E-001	3,69116E-005	13	...........	62,60
	3228	322,9	8,54056E-001	1,04549E-002	0,00000E+000	8,56000E-001	4,59116E-005	13	...........	62,59
	3229	323	8,56152E-001	1,10941E-002	0,00000E+000	8,58000E-001	4,37116E-005	13	...........	62,60
	3230	323,1	8,58154E-001	1,06887E-002	0,00000E+000	8,60000E-001	3,91116E-005	13	...........	62,61
	3231	323,2	8,60156E-001	1,09124E-002	0,00000E+000	8,62000E-001	4,73116E-005	13	...........	62,60
	3232	323,3	8,62206E-001	1,11094E-002	0,00000E+000	8,64000E-001	4,09116E-005	13	...........	62,60
	3233	323,4	8,64337E-001	1,12248E-002	0,00000E+000	8,66000E-001	3,63116E-005	13	...........	62,60
	3234	323,5	8,66180E-001	1,11431E-002	0,00000E+000	8,68000E-001	3,47116E-005	13	...........	62,60
	3235	323,6	8,68101E-001	1,10216E-002	0,00000E+000	8,70000E-001	4,91116E-005	13	...........	62,60
	3236	323,7	8,70184E-001	1,13637E-002	0,00000E+000	8,72000E-001	4,41116E-005	13	...........	62,59
	3237	323,8	8,72288E-001	1,11452E-002	0,00000E+000	8,74000E-001	3,75116E-005	13	...........	62,61
	3238	323,9	8,74073E-001	1,16557E-002	0,00000E+000	8,76000E-001	3,63116E-005	13	...........	62,60
	3239	324	8,76066E-001	1,16843E-002	0,00000E+000	8,78000E-001	3,71116E-005	13	...........	62,59
	3240	324,1	8,78038E-001	1,15077E-002	0,00000E+000	8,80000E-001	4,21116E-005	13	...........	62,60
	3241	324,2	8,80132E-001	1,18528E-002	0,00000E+000	8,82000E-001	3,31116E-005	13	...........	62,60
	3242	324,3	8,82020E-001	1,20632E-002	0,00000E+000	8,84000E-001	3,75116E-005	13	...........	62,59
	3243	324,4	8,84099E-001	1,18610E-002	0,00000E+000	8,86000E-001	4,01116E-005	13	...........	62,59
	3244	324,5	8,86510E-001	1,18283E-002	0,00000E+000	8,88000E-001	3,55116E-005	13	...........	62,59
	3245	324,6	8,88314E-001	1,24941E-002	0,00000E+000	8,90000E-001	4,11116E-005	13	...........	62,59
	3246	324,7	8,90168E-001	1,23828E-002	0,00000E+000	8,92000E-001	4,49116E-005	13	...........	62,60
	3247	324,8	8,92118E-001	1,24185E-002	0,00000E+000	8,94000E-001	3,71116E-005	13	...........	62,60
	3248	324,9	8,94072E-001	1,25462E-002	0,00000E+000	8,96000E-001	4,29116E-005	13	...........	62,60
	3249	325	8,96273E-001	1,26626E-002	0,00000E+000	8,98000E-001	3,45116E-005	13	...........	62,59
	3250	325,1	8,98048E-001	1,26942E-002	0,00000E+000	9,00000E-001	3,67116E-005	13	...........	62,59
	3251	325,2	9,00015E-001	1,29475E-002	0,00000E+000	9,02000E-001	3,49116E-005	13	...........	62,60
	3252	325,3	9,01976E-001	1,30526E-002	0,00000E+000	9,04000E-001	4,51116E-005	13	...........	62,61
	3253	325,4	9,04091E-001	1,30486E-002	0,00000E+000	9,06000E-001	3,79116E-005	13	...........	62,59
	3254	325,5	9,05979E-001	1,33059E-002	0,00000E+000	9,08000E-001	3,77116E-005	13	...........	62,59
	3255	325,6	9,07937E-001	1,37511E-002	0,00000E+000	9,10000E-001	3,79116E-005	13	...........	62,62
	3256	325,7	9,10018E-001	1,34325E-002	0,00000E+000	9,12000E-001	4,13116E-005	13	...........	62,60
	3257	325,8	9,12312E-001	1,37766E-002	0,00000E+000	9,14000E-001	3,43116E-005	13	...........	62,59
	3258	325,9	9,14109E-001	1,37633E-002	0,00000E+000	9,16000E-001	4,39116E-005	13	...........	62,59
	3259	326	9,16062E-001	1,41738E-002	0,00000E+000	9,18000E-001	4,05116E-005	13	...........	62,59
	3260	326,1	9,18049E-001	1,40452E-002	0,00000E+000	9,20000E-001	4,59116E-005	13	...........	62,59
	3261	326,2	9,20189E-001	1,44475E-002	0,00000E+000	9,22000E-001	3,87116E-005	13	...........	62,59
	3262	326,3	9,22059E-001	1,41534E-002	0,00000E+000	9,24000E-001	3,99116E-005	13	...........	62,59
	3263	326,4	9,24008E-001	1,51551E-002	0,00000E+000	9,26000E-001	4,33116E-005	13	...........	62,60
	3264	326,5	9,25909E-001	1,49530E-002	0,00000E+000	9,28000E-001	4,19116E-005	13	...........	62,59
	3265	326,6	9,28009E-001	1,50285E-002	0,00000E+000	9,30000E-001	3,89116E-005	13	...........	62,61
	3266	326,7	9,29980E-001	1,54063E-002	0,00000E+000	9,32000E-001	3,35116E-005	13	...........	62,60
	3267	326,8	9,31899E-001	1,56647E-002	0,00000E+000	9,34000E-001	3,61116E-005	13	...........	62,60
	3268	326,9	9,33866E-001	1,55881E-002	0,00000E+000	9,36000E-001	4,89116E-005	13	...........	62,60
	3269	327	9,36119E-001	1,61385E-002	0,00000E+000	9,38000E-001	4,75116E-005	13	...........	62,60
	3270	327,1	9,38077E-001	1,57790E-002	0,00000E+000	9,40000E-001	3,75116E-005	13	...........	62,60
	3271	327,2	9,40030E-001	1,69870E-002	0,00000E+000	9,42000E-001	4,97116E-005	13	...........	62,61
	3272	327,3	9,41870E-001	1,64040E-002	0,00000E+000	9,44000E-001	4,27116E-005	13	...........	62,59
	3273	327,4	9,44218E-001	1,71606E-002	0,00000E+000	9,46000E-001	3,81116E-005	13	...........	62,61
	3274	327,5	9,46004E-001	1,73158E-002	0,00000E+000	9,48000E-001	3,77116E-005	13	...........	62,60
	3275	327,6	9,47912E-001	1,75977E-002	0,00000E+000	9,50000E-001	3,79116E-005	13	...........	62,60
	3276	327,7	9,49831E-001	1,70105E-002	0,00000E+000	9,52000E-001	5,27116E-005	13	...........	62,61
	3277	327,8	9,51984E-001	1,82236E-002	0,00000E+000	9,54000E-001	3,91116E-005	13	...........	62,60
	3278	327,9	9,53927E-001	1,77131E-002	0,00000E+000	9,56000E-001	3,97116E-005	13	...........	62,60
	3279	328	9,55840E-001	1,85085E-002	0,00000E+000	9,58000E-001	4,17116E-005	13	...........	62,61
	3280	328,1	9,57799E-001	1,83104E-002	0,00000E+000	9,60000E-001	4,55116E-005	13	...........	62,60
	3281	328,2	9,59852E-001	1,94102E-002	0,00000E+000	9,62000E-001	4,65116E-005	13	...........	62,61
	3282	328,3	9,62042E-001	1,89200E-002	0,00000E+000	9,64000E-001	3,75116E-005	13	...........	62,61
	3283	328,4	9,63922E-001	1,98962E-002	0,00000E+000	9,66000E-001	4,73116E-005	13	...........	62,61
	3284	328,5	9,65884E-001	1,96134E-002	0,00000E+000	9,68000E-001	5,47116E-005	13	...........	62,61
	3285	328,6	9,67981E-001	1,98656E-002	0,00000E+000	9,70000E-001	4,63116E-005	13	...........	62,61
	3286	328,7	9,69951E-001	1,97665E-002	0,00000E+000	9,72000E-001	3,41116E-005	13	...........	62,61
	3287	328,8	9,71861E-001	2,12206E-002	0,00000E+000	9,74000E-001	5,23116E-005	13	...........	62,61
	3288	328,9	9,73821E-001	2,06774E-002	0,00000E+000	9,76000E-001	5,59116E-005	13	...........	62,61
	3289	329	9,75990E-001	2,13952E-002	0,00000E+000	9,78000E-001	4,03116E-005	13	...........	62,60
	3290	329,1	9,77916E-001	2,09643E-002	0,00000E+000	9,80000E-001	3,89116E-005	13	...........	62,62
	3291	329,2	9,79812E-001	2,18415E-002	0,00000E+000	9,82000E-001	4,89116E-005	13	...........	62,62
	3292	329,3	9,81784E-001	2,12645E-002	0,00000E+000	9,84000E-001	4,79116E-005	13	...........	62,60
	3293	329,4	9,83810E-001	2,25195E-002	0,00000E+000	9,86000E-001	4,69116E-005	13	...........	62,61
	3294	329,5	9,85938E-001	2,21835E-002	0,00000E+000	9,88000E-001	4,87116E-005	13	...........	62,62
	3295	329,6	9,87885E-001	2,29116E-002	0,00000E+000	9,90000E-001	4,41116E-005	13	...........	62,62
	3296	329,7	9,89801E-001	2,23449E-002	0,00000E+000	9,92000E-001	4,77116E-005	13	...........	62,62
	3297	329,8	9,92241E-001	2,33486E-002	0,00000E+000	9,94000E-001	5,01116E-005	13	...........	62,60
	3298	329,9	9,93967E-001	2,29923E-002	0,00000E+000	9,96000E-001	3,83116E-005	13	...........	62,61
	3299	330	9,95822E-001	2,35396E-002	0,00000E+000	9,98000E-001	4,97116E-005	13	...........	62,62
	3300	330,1	9,97787E-001	2,31281E-002	0,00000E+000	1,00000E+000	5,41116E-005	13	...........	62,62
	3301	330,2	9,99891E-001	2,40655E-002	0,00000E+000	1,00200E+000	4,59116E-005	13	...........	62,61
	3302	330,3	1,00190E+000	2,36427E-002	0,00000E+000	1,00400E+000	3,25116E-005	13	...........	62,61
	3303	330,4	1,00376E+000	2,41431E-002	0,00000E+000	1,00600E+000	4,81116E-005	13	...........	62,61
	3304	330,5	1,00574E+000	2,39143E-002	0,00000E+000	1,00800E+000	5,47116E-005	13	...........	62,61
	3305	330,6	1,00775E+000	2,45699E-002	0,00000E+000	1,01000E+000	5,17116E-005	13	...........	62,61
	3306	330,7	1,00984E+000	2,46955E-002	0,00000E+000	1,01200E+000	4,65116E-005	13	...........	62,62
	3307	330,8	1,01180E+000	2,50774E-002	0,00000E+000	1,01400E+000	3,95116E-005	13	...........	62,62
	3308	330,9	1,01380E+000	2,44290E-002	0,00000E+000	1,01600E+000	4,53116E-005	13	...........	62,62
	3309	331	1,01617E+000	2,51346E-002	0,00000E+000	1,01800E+000	4,19116E-005	13	...........	62,63
	3310	331,1	1,01795E+000	2,49579E-002	0,00000E+000	1,02000E+000	4,87116E-005	13	...........	62,62
	3311	331,2	1,01982E+000	2,51244E-002	0,00000E+000	1,02200E+000	4,69116E-005	13	...........	62,63
	3312	331,3	1,02178E+000	2,51244E-002	0,00000E+000	1,02400E+000	4,85116E-005	13	...........	62,62
	3313	331,4	1,02393E+000	2,56023E-002	0,00000E+000	1,02600E+000	5,23116E-005	13	...........	62,62
	3314	331,5	1,02590E+000	2,53082E-002	0,00000E+000	1,02800E+000	4,43116E-005	13	...........	62,62
	3315	331,6	1,02774E+000	2,60128E-002	0,00000E+000	1,03000E+000	3,65116E-005	13	...........	62,62
	3316	331,7	1,02972E+000	2,54450E-002	0,00000E+000	1,03200E+000	5,09116E-005	13	...........	62,62
	3317	331,8	1,03171E+000	2,56880E-002	0,00000E+000	1,03400E+000	4,23116E-005	13	...........	62,61
	3318	331,9	1,03382E+000	2,61302E-002	0,00000E+000	1,03600E+000	4,35116E-005	13	...........	62,61
	3319	332	1,03568E+000	2,62864E-002	0,00000E+000	1,03800E+000	4,35116E-005	13	...........	62,61
	3320	332,1	1,03773E+000	2,59198E-002	0,00000E+000	1,04000E+000	4,45116E-005	13	...........	62,61
	3321	332,2	1,04004E+000	2,60761E-002	0,00000E+000	1,04200E+000	3,97116E-005	13	...........	62,63
	3322	332,3	1,04193E+000	2,62936E-002	0,00000E+000	1,04400E+000	4,49116E-005	13	...........	62,62
	3323	332,4	1,04378E+000	2,59699E-002	0,00000E+000	1,04600E+000	4,61116E-005	13	...........	62,61
	3324	332,5	1,04573E+000	2,58678E-002	0,00000E+000	1,04800E+000	4,77116E-005	13	...........	62,61
	3325	332,6	1,04782E+000	2,65958E-002	0,00000E+000	1,05000E+000	5,13116E-005	13	...........	62,62
	3326	332,7	1,04989E+000	2,60475E-002	0,00000E+000	1,05200E+000	3,71116E-005	13	...........	62,61
	3327	332,8	1,05168E+000	2,59974E-002	0,00000E+000	1,05400E+000	4,43116E-005	13	...........	62,61
	3328	332,9	1,05367E+000	2,59280E-002	0,00000E+000	1,05600E+000	3,79116E-005	13	...........	62,62
	3329	333	1,05566E+000	2,61537E-002	0,00000E+000	1,05800E+000	4,01116E-005	13	...........	62,62
	3330	333,1	1,05775E+000	2,58933E-002	0,00000E+000	1,06000E+000	4,53116E-005	13	...........	62,62
	3331	333,2	1,05962E+000	2,60301E-002	0,00000E+000	1,06200E+000	3,65116E-005	13	...........	62,62
	3332	333,3	1,06160E+000	2,62966E-002	0,00000E+000	1,06400E+000	3,59116E-005	13	...........	62,63
	3333	333,4	1,06368E+000	2,61516E-002	0,00000E+000	1,06600E+000	4,27116E-005	13	...........	62,62
	3334	333,5	1,06593E+000	2,63467E-002	0,00000E+000	1,06800E+000	3,69116E-005	13	...........	62,62
	3335	333,6	1,06773E+000	2,59535E-002	0,00000E+000	1,07000E+000	4,79116E-005	13	...........	62,61
	3336	333,7	1,06973E+000	2,60934E-002	0,00000E+000	1,07200E+000	5,19116E-005	13	...........	62,61
	3337	333,8	1,07183E+000	2,61741E-002	0,00000E+000	1,07400E+000	4,67116E-005	13	...........	62,62
	3338	333,9	1,07390E+000	2,63814E-002	0,00000E+000	1,07600E+000	3,73116E-005	13	...........	62,62
	3339	334	1,07570E+000	2,62384E-002	0,00000E+000	1,07800E+000	4,25116E-005	13	...........	62,62
	3340	334,1	1,07765E+000	2,58024E-002	0,00000E+000	1,08000E+000	4,51116E-005	13	...........	62,63
	3341	334,2	1,07966E+000	2,65999E-002	0,00000E+000	1,08200E+000	4,55116E-005	13	...........	62,62
	3342	334,3	1,08174E+000	2,61363E-002	0,00000E+000	1,08400E+000	5,41116E-005	13	...........	62,61
	3343	334,4	1,08361E+000	2,62415E-002	0,00000E+000	1,08600E+000	4,03116E-005	13	...........	62,62
	3344	334,5	1,08559E+000	2,65917E-002	0,00000E+000	1,08800E+000	4,55116E-005	13	...........	62,61
	3345	334,6	1,08757E+000	2,67551E-002	0,00000E+000	1,09000E+000	4,09116E-005	13	...........	62,61
	3346	334,7	1,08983E+000	2,69379E-002	0,00000E+000	1,09200E+000	4,39116E-005	13	...........	62,62
	3347	334,8	1,09171E+000	2,66765E-002	0,00000E+000	1,09400E+000	4,81116E-005	13	...........	62,61
	3348	334,9	1,09370E+000	2,72473E-002	0,00000E+000	1,09600E+000	4,81116E-005	13	...........	62,61
	3349	335	1,09569E+000	2,68899E-002	0,00000E+000	1,09800E+000	4,07116E-005	13	...........	62,62
	3350	335,1	1,09790E+000	2,72851E-002	0,00000E+000	1,10000E+000	4,29116E-005	13	...........	62,62
	3351	335,2	1,09965E+000	2,78926E-002	0,00000E+000	1,10200E+000	3,19116E-005	13	...........	62,62
	3352	335,3	1,10159E+000	2,70747E-002	0,00000E+000	1,10400E+000	4,67116E-005	13	...........	62,61
	3353	335,4	1,10357E+000	2,79274E-002	0,00000E+000	1,10600E+000	4,03116E-005	13	...........	62,61
	3354	335,5	1,10571E+000	2,77773E-002	0,00000E+000	1,10800E+000	4,23116E-005	13	...........	62,61
	3355	335,6	1,10758E+000	2,80724E-002	0,00000E+000	1,11000E+000	3,31116E-005	13	...........	62,62
	3356	335,7	1,10955E+000	2,82960E-002	0,00000E+000	1,11200E+000	4,69116E-005	13	...........	62,61
	3357	335,8	1,11151E+000	2,83562E-002	0,00000E+000	1,11400E+000	5,03116E-005	13	...........	62,62
	3358	335,9	1,11353E+000	2,89801E-002	0,00000E+000	1,11600E+000	5,07116E-005	13	...........	62,62
	3359	336	1,11572E+000	2,84859E-002	0,00000E+000	1,11800E+000	4,87116E-005	13	...........	62,61
	3360	336,1	1,11765E+000	2,93161E-002	0,00000E+000	1,12000E+000	4,75116E-005	13	...........	62,62
	3361	336,2	1,11975E+000	2,93998E-002	0,00000E+000	1,12200E+000	5,05116E-005	13	...........	62,63
	3362	336,3	1,12170E+000	2,95479E-002	0,00000E+000	1,12400E+000	5,03116E-005	13	...........	62,61
	3363	336,4	1,12364E+000	2,95846E-002	0,00000E+000	1,12600E+000	4,31116E-005	13	...........	62,62
	3364	336,5	1,12558E+000	3,02514E-002	0,00000E+000	1,12800E+000	5,25116E-005	13	...........	62,62
	3365	336,6	1,12757E+000	2,99288E-002	0,00000E+000	1,13000E+000	4,85116E-005	13	...........	62,62
	3366	336,7	1,12974E+000	3,04475E-002	0,00000E+000	1,13200E+000	4,77116E-005	13	...........	62,62
	3367	336,8	1,13159E+000	3,10591E-002	0,00000E+000	1,13400E+000	3,69116E-005	13	...........	62,62
	3368	336,9	1,13351E+000	3,09530E-002	0,00000E+000	1,13600E+000	5,07116E-005	13	...........	62,62
	3369	337	1,13548E+000	3,07661E-002	0,00000E+000	1,13800E+000	3,67116E-005	13	...........	62,62
	3370	337,1	1,13752E+000	3,22631E-002	0,00000E+000	1,14000E+000	4,81116E-005	13	...........	62,62
	3371	337,2	1,13972E+000	3,19485E-002	0,00000E+000	1,14200E+000	5,29116E-005	13	...........	62,61
	3372	337,3	1,14164E+000	3,21865E-002	0,00000E+000	1,14400E+000	4,73116E-005	13	...........	62,62
	3373	337,4	1,14354E+000	3,25326E-002	0,00000E+000	1,14600E+000	4,43116E-005	13	...........	62,62
	3374	337,5	1,14588E+000	3,29258E-002	0,00000E+000	1,14800E+000	4,03116E-005	13	...........	62,61
	3375	337,6	1,14764E+000	3,28676E-002	0,00000E+000	1,15000E+000	3,99116E-005	13	...........	62,61
	3376	337,7	1,14951E+000	3,35344E-002	0,00000E+000	1,15200E+000	3,99116E-005	13	...........	62,61
	3377	337,8	1,15142E+000	3,30340E-002	0,00000E+000	1,15400E+000	5,03116E-005	13	...........	62,62
	3378	337,9	1,15362E+000	3,48904E-002	0,00000E+000	1,15600E+000	4,93116E-005	13	...........	62,62
	3379	338	1,15555E+000	3,42175E-002	0,00000E+000	1,15800E+000	3,81116E-005	13	...........	62,61
	3380	338,1	1,15744E+000	3,50936E-002	0,00000E+000	1,16000E+000	4,73116E-005	13	...........	62,62
	3381	338,2	1,15939E+000	3,48945E-002	0,00000E+000	1,16200E+000	5,77116E-005	13	...........	62,61
	3382	338,3	1,16146E+000	3,56838E-002	0,00000E+000	1,16400E+000	4,63116E-005	13	...........	62,62
	3383	338,4	1,16350E+000	3,57573E-002	0,00000E+000	1,16600E+000	4,47116E-005	13	...........	62,62
	3384	338,5	1,16550E+000	3,65324E-002	0,00000E+000	1,16800E+000	4,45116E-005	13	...........	62,62
	3385	338,6	1,16745E+000	3,66641E-002	0,00000E+000	1,17000E+000	4,67116E-005	13	...........	62,63
	3386	338,7	1,16985E+000	3,73054E-002	0,00000E+000	1,17200E+000	5,09116E-005	13	...........	62,62
	3387	338,8	1,17159E+000	3,72747E-002	0,00000E+000	1,17400E+000	4,31116E-005	13	...........	62,63
	3388	338,9	1,17351E+000	3,82029E-002	0,00000E+000	1,17600E+000	3,95116E-005	13	...........	62,61
	3389	339	1,17541E+000	3,80222E-002	0,00000E+000	1,17800E+000	4,15116E-005	13	...........	62,63
	3390	339,1	1,17765E+000	3,89749E-002	0,00000E+000	1,18000E+000	4,49116E-005	13	...........	62,62
	3391	339,2	1,17954E+000	3,89075E-002	0,00000E+000	1,18200E+000	3,89116E-005	13	...........	62,61
	3392	339,3	1,18142E+000	3,92608E-002	0,00000E+000	1,18400E+000	3,93116E-005	13	...........	62,62
	3393	339,4	1,18339E+000	3,94701E-002	0,00000E+000	1,18600E+000	4,91116E-005	13	...........	62,62
	3394	339,5	1,18543E+000	4,06485E-002	0,00000E+000	1,18800E+000	4,29116E-005	13	...........	62,61
	3395	339,6	1,18748E+000	4,02799E-002	0,00000E+000	1,19000E+000	3,65116E-005	13	...........	62,62
	3396	339,7	1,18938E+000	4,17248E-002	0,00000E+000	1,19200E+000	4,61116E-005	13	...........	62,62
	3397	339,8	1,19140E+000	4,08916E-002	0,00000E+000	1,19400E+000	4,53116E-005	13	...........	62,62
	3398	339,9	1,19384E+000	4,12653E-002	0,00000E+000	1,19600E+000	3,99116E-005	13	...........	62,62
	3399	340	1,19557E+000	4,20730E-002	0,00000E+000	1,19800E+000	3,99116E-005	13	...........	62,63
	3400	340,1	1,19751E+000	4,26979E-002	0,00000E+000	1,20000E+000	4,69116E-005	13	...........	62,61
	3401	340,2	1,19945E+000	4,21945E-002	0,00000E+000	1,20200E+000	4,61116E-005	13	...........	62,63
	3402	340,3	1,20170E+000	4,31227E-002	0,00000E+000	1,20400E+000	3,95116E-005	13	...........	62,62
	3403	340,4	1,20353E+000	4,37752E-002	0,00000E+000	1,20600E+000	3,33116E-005	13	...........	62,63
	3404	340,5	1,20540E+000	4,39508E-002	0,00000E+000	1,20800E+000	3,63116E-005	13	...........	62,62
	3405	340,6	1,20737E+000	4,40121E-002	0,00000E+000	1,21000E+000	4,01116E-005	13	...........	62,62
	3406	340,7	1,20939E+000	4,46860E-002	0,00000E+000	1,21200E+000	4,83116E-005	13	...........	62,62
	3407	340,8	1,21148E+000	4,42950E-002	0,00000E+000	1,21400E+000	4,73116E-005	13	...........	62,62
	3408	340,9	1,21334E+000	4,53580E-002	0,00000E+000	1,21600E+000	4,23116E-005	13	...........	62,62
	3409	341	1,21532E+000	4,49944E-002	0,00000E+000	1,21800E+000	3,31116E-005	13	...........	62,63
	3410	341,1	1,21749E+000	4,58409E-002	0,00000E+000	1,22000E+000	3,95116E-005	13	...........	62,62
	3411	341,2	1,21956E+000	4,55550E-002	0,00000E+000	1,22200E+000	4,15116E-005	13	...........	62,62
	3412	341,3	1,22148E+000	4,65384E-002	0,00000E+000	1,22400E+000	3,51116E-005	13	...........	62,61
	3413	341,4	1,22340E+000	4,59962E-002	0,00000E+000	1,22600E+000	5,33116E-005	13	...........	62,63
	3414	341,5	1,22564E+000	4,64628E-002	0,00000E+000	1,22800E+000	3,55116E-005	13	...........	62,62
	3415	341,6	1,22753E+000	4,64077E-002	0,00000E+000	1,23000E+000	4,13116E-005	13	...........	62,63
	3416	341,7	1,22947E+000	4,73502E-002	0,00000E+000	1,23200E+000	4,25116E-005	13	...........	62,62
	3417	341,8	1,23142E+000	4,65823E-002	0,00000E+000	1,23400E+000	4,85116E-005	13	...........	62,62
	3418	341,9	1,23347E+000	4,77556E-002	0,00000E+000	1,23600E+000	4,63116E-005	13	...........	62,62
	3419	342	1,23548E+000	4,67937E-002	0,00000E+000	1,23800E+000	2,89116E-005	13	...........	62,62
	3420	342,1	1,23737E+000	4,80445E-002	0,00000E+000	1,24000E+000	3,85116E-005	13	...........	62,63
	3421	342,2	1,23934E+000	4,68549E-002	0,00000E+000	1,24200E+000	4,69116E-005	13	...........	62,62
	3422	342,3	1,24133E+000	4,84683E-002	0,00000E+000	1,24400E+000	4,63116E-005	13	...........	62,63
	3423	342,4	1,24358E+000	4,77310E-002	0,00000E+000	1,24600E+000	4,31116E-005	13	...........	62,62
	3424	342,5	1,24545E+000	4,84642E-002	0,00000E+000	1,24800E+000	4,45116E-005	13	...........	62,62
	3425	342,6	1,24742E+000	4,81477E-002	0,00000E+000	1,25000E+000	4,91116E-005	13	...........	62,62
	3426	342,7	1,24944E+000	4,92637E-002	0,00000E+000	1,25200E+000	4,27116E-005	13	...........	62,62
	3427	342,8	1,25152E+000	4,76422E-002	0,00000E+000	1,25400E+000	3,53116E-005	13	...........	62,63
	3428	342,9	1,25337E+000	4,94190E-002	0,00000E+000	1,25600E+000	3,75116E-005	13	...........	62,62
	3429	343	1,25535E+000	4,88635E-002	0,00000E+000	1,25800E+000	4,65116E-005	13	...........	62,62
	3430	343,1	1,25733E+000	4,95211E-002	0,00000E+000	1,26000E+000	4,85116E-005	13	...........	62,63
	3431	343,2	1,25945E+000	4,89349E-002	0,00000E+000	1,26200E+000	4,13116E-005	13	...........	62,62
	3432	343,3	1,26129E+000	5,00949E-002	0,00000E+000	1,26400E+000	3,59116E-005	13	...........	62,62
	3433	343,4	1,26329E+000	4,90810E-002	0,00000E+000	1,26600E+000	4,89116E-005	13	...........	62,61
	3434	343,5	1,26525E+000	5,00561E-002	0,00000E+000	1,26800E+000	4,67116E-005	13	...........	62,62
	3435	343,6	1,26734E+000	4,97610E-002	0,00000E+000	1,27000E+000	3,95116E-005	13	...........	62,62
	3436	343,7	1,26940E+000	5,10037E-002	0,00000E+000	1,27200E+000	4,03116E-005	13	...........	62,63
	3437	343,8	1,27135E+000	4,96691E-002	0,00000E+000	1,27400E+000	4,35116E-005	13	...........	62,62
	3438	343,9	1,27358E+000	5,13060E-002	0,00000E+000	1,27600E+000	5,15116E-005	13	...........	62,63
	3439	344	1,27549E+000	5,07495E-002	0,00000E+000	1,27800E+000	5,53116E-005	13	...........	62,62
	3440	344,1	1,27733E+000	5,19881E-002	0,00000E+000	1,28000E+000	4,57116E-005	13	...........	62,63
	3441	344,2	1,27931E+000	5,18319E-002	0,00000E+000	1,28200E+000	4,67116E-005	13	...........	62,63
	3442	344,3	1,28131E+000	5,23567E-002	0,00000E+000	1,28400E+000	4,69116E-005	13	...........	62,64
	3443	344,4	1,28344E+000	5,24629E-002	0,00000E+000	1,28600E+000	5,03116E-005	13	...........	62,63
	3444	344,5	1,28527E+000	5,36474E-002	0,00000E+000	1,28800E+000	4,35116E-005	13	...........	62,63
	3445	344,6	1,28723E+000	5,29316E-002	0,00000E+000	1,29000E+000	4,45116E-005	13	...........	62,63
	3446	344,7	1,28923E+000	5,46206E-002	0,00000E+000	1,29200E+000	4,35116E-005	13	...........	62,63
	3447	344,8	1,29125E+000	5,35320E-002	0,00000E+000	1,29400E+000	4,33116E-005	13	...........	62,63
	3448	344,9	1,29333E+000	5,58919E-002	0,00000E+000	1,29600E+000	4,47116E-005	13	...........	62,63
	3449	345	1,29528E+000	5,51761E-002	0,00000E+000	1,29800E+000	4,91116E-005	13	...........	62,63
	3450	345,1	1,29735E+000	5,66557E-002	0,00000E+000	1,30000E+000	4,61116E-005	13	...........	62,62
	3451	345,2	1,29952E+000	5,66495E-002	0,00000E+000	1,30200E+000	4,35116E-005	13	...........	62,63
	3452	345,3	1,30131E+000	5,78596E-002	0,00000E+000	1,30400E+000	4,23116E-005	13	...........	62,63
	3453	345,4	1,30324E+000	5,78310E-002	0,00000E+000	1,30600E+000	3,85116E-005	13	...........	62,63
	3454	345,5	1,30532E+000	5,97354E-002	0,00000E+000	1,30800E+000	4,95116E-005	13	...........	62,63
	3455	345,6	1,30743E+000	5,98528E-002	0,00000E+000	1,31000E+000	4,27116E-005	13	...........	62,62
	3456	345,7	1,30925E+000	6,04614E-002	0,00000E+000	1,31200E+000	3,61116E-005	13	...........	62,62
	3457	345,8	1,31123E+000	6,11027E-002	0,00000E+000	1,31400E+000	4,27116E-005	13	...........	62,63
	3458	345,9	1,31319E+000	6,20135E-002	0,00000E+000	1,31600E+000	4,81116E-005	13	...........	62,64
	3459	346	1,31522E+000	6,16377E-002	0,00000E+000	1,31800E+000	4,59116E-005	13	...........	62,63
	3460	346,1	1,31720E+000	6,35871E-002	0,00000E+000	1,32000E+000	5,07116E-005	13	...........	62,62
	3461	346,2	1,31925E+000	6,39393E-002	0,00000E+000	1,32200E+000	4,17116E-005	13	...........	62,63
	3462	346,3	1,32129E+000	6,48931E-002	0,00000E+000	1,32400E+000	5,39116E-005	13	...........	62,62
	3463	346,4	1,32348E+000	6,48604E-002	0,00000E+000	1,32600E+000	5,17116E-005	13	...........	62,64
	3464	346,5	1,32529E+000	6,68771E-002	0,00000E+000	1,32800E+000	4,93116E-005	13	...........	62,62
	3465	346,6	1,32725E+000	6,67240E-002	0,00000E+000	1,33000E+000	5,07116E-005	13	...........	62,62
	3466	346,7	1,32909E+000	6,76695E-002	0,00000E+000	1,33200E+000	4,57116E-005	13	...........	62,62
	3467	346,8	1,33139E+000	6,85456E-002	0,00000E+000	1,33400E+000	4,53116E-005	13	...........	62,63
	3468	346,9	1,33321E+000	6,96862E-002	0,00000E+000	1,33600E+000	4,03116E-005	13	...........	62,62
	3469	347	1,33516E+000	7,03183E-002	0,00000E+000	1,33800E+000	4,69116E-005	13	...........	62,63
	3470	347,1	1,33714E+000	7,15396E-002	0,00000E+000	1,34000E+000	4,55116E-005	13	...........	62,62
	3471	347,2	1,33924E+000	7,25576E-002	0,00000E+000	1,34200E+000	4,55116E-005	13	...........	62,62
	3472	347,3	1,34117E+000	7,31356E-002	0,00000E+000	1,34400E+000	4,11116E-005	13	...........	62,62
	3473	347,4	1,34313E+000	7,39545E-002	0,00000E+000	1,34600E+000	3,47116E-005	13	...........	62,62
	3474	347,5	1,34523E+000	7,49910E-002	0,00000E+000	1,34800E+000	5,23116E-005	13	...........	62,63
	3475	347,6	1,34751E+000	7,58742E-002	0,00000E+000	1,35000E+000	4,83116E-005	13	...........	62,61
	3476	347,7	1,34933E+000	7,73436E-002	0,00000E+000	1,35200E+000	5,63116E-005	13	...........	62,62
	3477	347,8	1,35126E+000	7,76684E-002	0,00000E+000	1,35400E+000	4,47116E-005	13	...........	62,62
	3478	347,9	1,35324E+000	7,87007E-002	0,00000E+000	1,35600E+000	4,57116E-005	13	...........	62,62
	3479	348	1,35539E+000	8,00486E-002	0,00000E+000	1,35800E+000	4,55116E-005	13	...........	62,62
	3480	348,1	1,35721E+000	8,17263E-002	0,00000E+000	1,36000E+000	3,83116E-005	13	...........	62,62
	3481	348,2	1,35911E+000	8,26831E-002	0,00000E+000	1,36200E+000	3,79116E-005	13	...........	62,62
	3482	348,3	1,36104E+000	8,41698E-002	0,00000E+000	1,36400E+000	5,01116E-005	13	...........	62,63
	3483	348,4	1,36313E+000	8,59333E-002	0,00000E+000	1,36600E+000	4,37116E-005	13	...........	62,63
	3484	348,5	1,36513E+000	8,72608E-002	0,00000E+000	1,36800E+000	4,87116E-005	13	...........	62,62
	3485	348,6	1,36706E+000	8,87506E-002	0,00000E+000	1,37000E+000	4,21116E-005	13	...........	62,62
	3486	348,7	1,36904E+000	9,03957E-002	0,00000E+000	1,37200E+000	4,37116E-005	13	...........	62,61
	3487	348,8	1,37130E+000	9,25032E-002	0,00000E+000	1,37400E+000	5,11116E-005	13	...........	62,61
	3488	348,9	1,37322E+000	9,40993E-002	0,00000E+000	1,37600E+000	4,07116E-005	13	...........	62,62
	3489	349	1,37514E+000	9,65540E-002	0,00000E+000	1,37800E+000	5,15116E-005	13	...........	62,63
	3490	349,1	1,37705E+000	9,92325E-002	0,00000E+000	1,38000E+000	5,21116E-005	13	...........	62,62
	3491	349,2	1,37931E+000	1,02278E-001	0,00000E+000	1,38200E+000	4,59116E-005	13	...........	62,62
	3492	349,3	1,38113E+000	1,04712E-001	0,00000E+000	1,38400E+000	3,67116E-005	13	...........	62,61
	3493	349,4	1,38308E+000	1,08062E-001	0,00000E+000	1,38600E+000	4,29116E-005	13	...........	62,63
	3494	349,5	1,38507E+000	1,11296E-001	0,00000E+000	1,38800E+000	4,05116E-005	13	...........	62,62
	3495	349,6	1,38714E+000	1,14868E-001	0,00000E+000	1,39000E+000	4,81116E-005	13	...........	62,62
	3496	349,7	1,38912E+000	1,18978E-001	0,00000E+000	1,39200E+000	3,89116E-005	13	...........	62,62
	3497	349,8	1,39103E+000	1,23136E-001	0,00000E+000	1,39400E+000	4,61116E-005	13	...........	62,62
	3498	349,9	1,39301E+000	1,26268E-001	0,00000E+000	1,39600E+000	4,69116E-005	13	...........	62,62
	3499	350	1,39502E+000	1,32121E-001	0,00000E+000	1,39800E+000	4,97116E-005	13	...........	62,62
	3500	350,1	1,39721E+000	1,36630E-001	0,00000E+000	1,40000E+000	4,45116E-005	13	...........	62,62
	3501	350,2	1,39503E+000	8,37767E-002	0,00000E+000	1,39800E+000	4,75116E-005	13	...........	62,61
	3502	350,3	1,39303E+000	5,84906E-002	0,00000E+000	1,39600E+000	4,75116E-005	13	...........	62,62
	3503	350,4	1,39104E+000	4,34209E-002	0,00000E+000	1,39400E+000	3,85116E-005	13	...........	62,62
	3504	350,5	1,38915E+000	3,14982E-002	0,00000E+000	1,39200E+000	4,47116E-005	13	...........	62,62
	3505	350,6	1,38717E+000	2,29821E-002	0,00000E+000	1,39000E+000	4,13116E-005	13	...........	62,62
	3506	350,7	1,38508E+000	1,55789E-002	0,00000E+000	1,38800E+000	3,93116E-005	13	...........	62,62
	3507	350,8	1,38313E+000	9,46339E-003	0,00000E+000	1,38600E+000	4,55116E-005	13	...........	62,62
	3508	350,9	1,38118E+000	4,50380E-003	0,00000E+000	1,38400E+000	3,55116E-005	13	...........	62,63
	3509	351	1,37941E+000	6,49686E-005	0,00000E+000	1,38200E+000	4,49116E-005	13	...........	62,63
	3510	351,1	1,37715E+000	-4,37896E-003	0,00000E+000	1,38000E+000	5,37116E-005	13	...........	62,63
	3511	351,2	1,37520E+000	-6,37628E-003	0,00000E+000	1,37800E+000	4,99116E-005	13	...........	62,62
	3512	351,3	1,37320E+000	-1,01156E-002	0,00000E+000	1,37600E+000	4,37116E-005	13	...........	62,61
	3513	351,4	1,37127E+000	-1,17719E-002	0,00000E+000	1,37400E+000	4,69116E-005	13	...........	62,62
	3514	351,5	1,36904E+000	-1,39326E-002	0,00000E+000	1,37200E+000	4,85116E-005	13	...........	62,61
	3515	351,6	1,36707E+000	-1,43257E-002	0,00000E+000	1,37000E+000	3,69116E-005	13	...........	62,63
	3516	351,7	1,36516E+000	-1,68632E-002	0,00000E+000	1,36800E+000	2,95116E-005	13	...........	62,62
	3517	351,8	1,36318E+000	-1,71246E-002	0,00000E+000	1,36600E+000	4,61116E-005	13	...........	62,62
	3518	351,9	1,36108E+000	-1,80120E-002	0,00000E+000	1,36400E+000	3,75116E-005	13	...........	62,62
	3519	352	1,35917E+000	-1,84031E-002	0,00000E+000	1,36200E+000	3,79116E-005	13	...........	62,63
	3520	352,1	1,35723E+000	-1,85930E-002	0,00000E+000	1,36000E+000	3,35116E-005	13	...........	62,62
	3521	352,2	1,35546E+000	-1,85042E-002	0,00000E+000	1,35800E+000	4,01116E-005	13	...........	62,61
	3522	352,3	1,35325E+000	-1,89198E-002	0,00000E+000	1,35600E+000	3,57116E-005	13	...........	62,61
	3523	352,4	1,35127E+000	-1,85277E-002	0,00000E+000	1,35400E+000	4,49116E-005	13	...........	62,62
	3524	352,5	1,34934E+000	-1,85154E-002	0,00000E+000	1,35200E+000	3,73116E-005	13	...........	62,61
	3525	352,6	1,34751E+000	-1,81049E-002	0,00000E+000	1,35000E+000	2,85116E-005	13	...........	62,62
	3526	352,7	1,34523E+000	-1,88575E-002	0,00000E+000	1,34800E+000	4,21116E-005	13	...........	62,62
	3527	352,8	1,34315E+000	-1,78762E-002	0,00000E+000	1,34600E+000	4,55116E-005	13	...........	62,62
	3528	352,9	1,34119E+000	-1,79313E-002	0,00000E+000	1,34400E+000	2,75116E-005	13	...........	62,62
	3529	353	1,33928E+000	-1,79640E-002	0,00000E+000	1,34200E+000	4,65116E-005	13	...........	62,61
	3530	353,1	1,33716E+000	-1,77363E-002	0,00000E+000	1,34000E+000	4,13116E-005	13	...........	62,62
	3531	353,2	1,33522E+000	-1,74197E-002	0,00000E+000	1,33800E+000	3,77116E-005	13	...........	62,62
	3532	353,3	1,33329E+000	-1,71645E-002	0,00000E+000	1,33600E+000	4,11116E-005	13	...........	62,62
	3533	353,4	1,33147E+000	-1,71001E-002	0,00000E+000	1,33400E+000	4,37116E-005	13	...........	62,63
	3534	353,5	1,32915E+000	-1,71563E-002	0,00000E+000	1,33200E+000	3,65116E-005	13	...........	62,63
	3535	353,6	1,32728E+000	-1,67611E-002	0,00000E+000	1,33000E+000	4,75116E-005	13	...........	62,62
	3536	353,7	1,32533E+000	-1,69745E-002	0,00000E+000	1,32800E+000	4,47116E-005	13	...........	62,63
	3537	353,8	1,32352E+000	-1,66580E-002	0,00000E+000	1,32600E+000	4,27116E-005	13	...........	62,62
	3538	353,9	1,32154E+000	-1,67877E-002	0,00000E+000	1,32400E+000	4,57116E-005	13	...........	62,63
	3539	354	1,31925E+000	-1,70297E-002	0,00000E+000	1,32200E+000	3,35116E-005	13	...........	62,62
	3540	354,1	1,31720E+000	-1,66049E-002	0,00000E+000	1,32000E+000	3,35116E-005	13	...........	62,62
	3541	354,2	1,31523E+000	-1,66008E-002	0,00000E+000	1,31800E+000	3,77116E-005	13	...........	62,62
	3542	354,3	1,31314E+000	-1,67244E-002	0,00000E+000	1,31600E+000	4,73116E-005	13	...........	62,63
	3543	354,4	1,31122E+000	-1,64303E-002	0,00000E+000	1,31400E+000	3,59116E-005	13	...........	62,63
	3544	354,5	1,30925E+000	-1,67969E-002	0,00000E+000	1,31200E+000	3,45116E-005	13	...........	62,62
	3545	354,6	1,30743E+000	-1,68459E-002	0,00000E+000	1,31000E+000	2,89116E-005	13	...........	62,63
	3546	354,7	1,30529E+000	-1,65375E-002	0,00000E+000	1,30800E+000	4,39116E-005	13	...........	62,63
	3547	354,8	1,30330E+000	-1,65487E-002	0,00000E+000	1,30600E+000	4,47116E-005	13	...........	62,63
	3548	354,9	1,30136E+000	-1,63802E-002	0,00000E+000	1,30400E+000	4,13116E-005	13	...........	62,63
	3549	355	1,29953E+000	-1,70879E-002	0,00000E+000	1,30200E+000	4,51116E-005	13	...........	62,63
	3550	355,1	1,29751E+000	-1,63639E-002	0,00000E+000	1,30000E+000	4,21116E-005	13	...........	62,62
	3551	355,2	1,29537E+000	-1,69071E-002	0,00000E+000	1,29800E+000	4,85116E-005	13	...........	62,62
	3552	355,3	1,29340E+000	-1,71685E-002	0,00000E+000	1,29600E+000	3,87116E-005	13	...........	62,62
	3553	355,4	1,29131E+000	-1,74095E-002	0,00000E+000	1,29400E+000	4,57116E-005	13	...........	62,62
	3554	355,5	1,28924E+000	-1,67866E-002	0,00000E+000	1,29200E+000	2,77116E-005	13	...........	62,62
	3555	355,6	1,28728E+000	-1,78680E-002	0,00000E+000	1,29000E+000	3,79116E-005	13	...........	62,64
	3556	355,7	1,28530E+000	-1,71277E-002	0,00000E+000	1,28800E+000	3,87116E-005	13	...........	62,62
	3557	355,8	1,28345E+000	-1,77843E-002	0,00000E+000	1,28600E+000	2,67116E-005	13	...........	62,62
	3558	355,9	1,28141E+000	-1,77036E-002	0,00000E+000	1,28400E+000	4,07116E-005	13	...........	62,63
	3559	356	1,27935E+000	-1,81611E-002	0,00000E+000	1,28200E+000	4,63116E-005	13	...........	62,62
	3560	356,1	1,27737E+000	-1,77547E-002	0,00000E+000	1,28000E+000	3,49116E-005	13	...........	62,63
	3561	356,2	1,27554E+000	-1,84501E-002	0,00000E+000	1,27800E+000	3,07116E-005	13	...........	62,63
	3562	356,3	1,27370E+000	-1,86175E-002	0,00000E+000	1,27600E+000	3,57116E-005	13	...........	62,63
	3563	356,4	1,27137E+000	-1,86798E-002	0,00000E+000	1,27400E+000	4,53116E-005	13	...........	62,63
	3564	356,5	1,26947E+000	-1,89504E-002	0,00000E+000	1,27200E+000	4,53116E-005	13	...........	62,64
	3565	356,6	1,26741E+000	-1,92976E-002	0,00000E+000	1,27000E+000	4,07116E-005	13	...........	62,63
	3566	356,7	1,26528E+000	-1,86277E-002	0,00000E+000	1,26800E+000	3,79116E-005	13	...........	62,64
	3567	356,8	1,26331E+000	-1,98827E-002	0,00000E+000	1,26600E+000	3,99116E-005	13	...........	62,62
	3568	356,9	1,26133E+000	-1,95243E-002	0,00000E+000	1,26400E+000	3,69116E-005	13	...........	62,63
	3569	357	1,25947E+000	-1,99562E-002	0,00000E+000	1,26200E+000	3,85116E-005	13	...........	62,64
	3570	357,1	1,25739E+000	-2,05015E-002	0,00000E+000	1,26000E+000	4,31116E-005	13	...........	62,63
	3571	357,2	1,25537E+000	-2,07894E-002	0,00000E+000	1,25800E+000	4,09116E-005	13	...........	62,62
	3572	357,3	1,25338E+000	-2,01431E-002	0,00000E+000	1,25600E+000	3,69116E-005	13	...........	62,63
	3573	357,4	1,25153E+000	-2,09784E-002	0,00000E+000	1,25400E+000	3,15116E-005	13	...........	62,63
	3574	357,5	1,24955E+000	-2,10948E-002	0,00000E+000	1,25200E+000	4,51116E-005	13	...........	62,63
	3575	357,6	1,24749E+000	-2,16748E-002	0,00000E+000	1,25000E+000	4,47116E-005	13	...........	62,62
	3576	357,7	1,24548E+000	-2,12898E-002	0,00000E+000	1,24800E+000	3,77116E-005	13	...........	62,63
	3577	357,8	1,24356E+000	-2,30900E-002	0,00000E+000	1,24600E+000	4,57116E-005	13	...........	62,63
	3578	357,9	1,24133E+000	-2,20311E-002	0,00000E+000	1,24400E+000	5,53116E-005	13	...........	62,62
	3579	358	1,23935E+000	-2,31850E-002	0,00000E+000	1,24200E+000	4,15116E-005	13	...........	62,63
	3580	358,1	1,23737E+000	-2,27715E-002	0,00000E+000	1,24000E+000	4,79116E-005	13	...........	62,63
	3581	358,2	1,23549E+000	-2,39590E-002	0,00000E+000	1,23800E+000	4,05116E-005	13	...........	62,65
	3582	358,3	1,23350E+000	-2,30339E-002	0,00000E+000	1,23600E+000	3,51116E-005	13	...........	62,64
	3583	358,4	1,23140E+000	-2,42296E-002	0,00000E+000	1,23400E+000	4,73116E-005	13	...........	62,64
	3584	358,5	1,22944E+000	-2,38528E-002	0,00000E+000	1,23200E+000	4,65116E-005	13	...........	62,64
	3585	358,6	1,22753E+000	-2,43879E-002	0,00000E+000	1,23000E+000	3,99116E-005	13	...........	62,63
	3586	358,7	1,22570E+000	-2,36098E-002	0,00000E+000	1,22800E+000	4,69116E-005	13	...........	62,63
	3587	358,8	1,22340E+000	-2,51803E-002	0,00000E+000	1,22600E+000	5,91116E-005	13	...........	62,64
	3588	358,9	1,22144E+000	-2,38447E-002	0,00000E+000	1,22400E+000	4,81116E-005	13	...........	62,63
	3589	359	1,21954E+000	-2,50863E-002	0,00000E+000	1,22200E+000	3,63116E-005	13	...........	62,62
	3590	359,1	1,21745E+000	-2,48372E-002	0,00000E+000	1,22000E+000	5,21116E-005	13	...........	62,64
	3591	359,2	1,21532E+000	-2,52283E-002	0,00000E+000	1,21800E+000	4,89116E-005	13	...........	62,64
	3592	359,3	1,21334E+000	-2,41765E-002	0,00000E+000	1,21600E+000	3,79116E-005	13	...........	62,63
	3593	359,4	1,21146E+000	-2,58604E-002	0,00000E+000	1,21400E+000	3,43116E-005	13	...........	62,63
	3594	359,5	1,20937E+000	-2,45390E-002	0,00000E+000	1,21200E+000	4,71116E-005	13	...........	62,64
	3595	359,6	1,20737E+000	-2,50751E-002	0,00000E+000	1,21000E+000	4,13116E-005	13	...........	62,64
	3596	359,7	1,20538E+000	-2,47892E-002	0,00000E+000	1,20800E+000	4,19116E-005	13	...........	62,63
	3597	359,8	1,20353E+000	-2,52987E-002	0,00000E+000	1,20600E+000	4,53116E-005	13	...........	62,63
	3598	359,9	1,20174E+000	-2,40959E-002	0,00000E+000	1,20400E+000	4,39116E-005	13	...........	62,63
	3599	360	1,19942E+000	-2,52354E-002	0,00000E+000	1,20200E+000	5,69116E-005	13	...........	62,64
	3600	360,1	1,19750E+000	-2,45799E-002	0,00000E+000	1,20000E+000	5,13116E-005	13	...........	62,63
	3601	360,2	1,19556E+000	-2,41694E-002	0,00000E+000	1,19800E+000	4,09116E-005	13	...........	62,64
	3602	360,3	1,19386E+000	-2,35669E-002	0,00000E+000	1,19600E+000	4,33116E-005	13	...........	62,63
	3603	360,4	1,19140E+000	-2,43266E-002	0,00000E+000	1,19400E+000	4,65116E-005	13	...........	62,65
	3604	360,5	1,18938E+000	-2,32340E-002	0,00000E+000	1,19200E+000	3,91116E-005	13	...........	62,64
	3605	360,6	1,18749E+000	-2,41398E-002	0,00000E+000	1,19000E+000	3,65116E-005	13	...........	62,64
	3606	360,7	1,18545E+000	-2,32463E-002	0,00000E+000	1,18800E+000	4,63116E-005	13	...........	62,64
	3607	360,8	1,18341E+000	-2,34403E-002	0,00000E+000	1,18600E+000	4,71116E-005	13	...........	62,64
	3608	360,9	1,18142E+000	-2,28593E-002	0,00000E+000	1,18400E+000	3,59116E-005	13	...........	62,64
	3609	361	1,17954E+000	-2,33178E-002	0,00000E+000	1,18200E+000	5,29116E-005	13	...........	62,63
	3610	361,1	1,17775E+000	-2,23416E-002	0,00000E+000	1,18000E+000	4,85116E-005	13	...........	62,63
	3611	361,2	1,17545E+000	-2,27010E-002	0,00000E+000	1,17800E+000	4,51116E-005	13	...........	62,64
	3612	361,3	1,17354E+000	-2,21874E-002	0,00000E+000	1,17600E+000	4,75116E-005	13	...........	62,64
	3613	361,4	1,17161E+000	-2,25284E-002	0,00000E+000	1,17400E+000	4,43116E-005	13	...........	62,64
	3614	361,5	1,16991E+000	-2,17146E-002	0,00000E+000	1,17200E+000	5,39116E-005	13	...........	62,64
	3615	361,6	1,16776E+000	-2,22987E-002	0,00000E+000	1,17000E+000	4,53116E-005	13	...........	62,65
	3616	361,7	1,16552E+000	-2,17605E-002	0,00000E+000	1,16800E+000	4,11116E-005	13	...........	62,64
	3617	361,8	1,16351E+000	-2,20761E-002	0,00000E+000	1,16600E+000	3,43116E-005	13	...........	62,63
	3618	361,9	1,16147E+000	-2,16074E-002	0,00000E+000	1,16400E+000	4,29116E-005	13	...........	62,63
	3619	362	1,15942E+000	-2,19474E-002	0,00000E+000	1,16200E+000	5,39116E-005	13	...........	62,64
	3620	362,1	1,15748E+000	-2,09191E-002	0,00000E+000	1,16000E+000	3,59116E-005	13	...........	62,63
	3621	362,2	1,15555E+000	-2,13694E-002	0,00000E+000	1,15800E+000	3,19116E-005	13	...........	62,64
	3622	362,3	1,15373E+000	-2,08487E-002	0,00000E+000	1,15600E+000	4,09116E-005	13	...........	62,64
	3623	362,4	1,15152E+000	-2,11417E-002	0,00000E+000	1,15400E+000	4,47116E-005	13	...........	62,63
	3624	362,5	1,14956E+000	-2,05628E-002	0,00000E+000	1,15200E+000	4,41116E-005	13	...........	62,63
	3625	362,6	1,14763E+000	-2,08558E-002	0,00000E+000	1,15000E+000	3,51116E-005	13	...........	62,64
	3626	362,7	1,14590E+000	-2,02289E-002	0,00000E+000	1,14800E+000	4,37116E-005	13	...........	62,63
	3627	362,8	1,14367E+000	-2,03054E-002	0,00000E+000	1,14600E+000	4,11116E-005	13	...........	62,64
	3628	362,9	1,14168E+000	-2,00716E-002	0,00000E+000	1,14400E+000	4,77116E-005	13	...........	62,64
	3629	363	1,13972E+000	-1,98592E-002	0,00000E+000	1,14200E+000	4,03116E-005	13	...........	62,63
	3630	363,1	1,13755E+000	-1,95743E-002	0,00000E+000	1,14000E+000	4,27116E-005	13	...........	62,63
	3631	363,2	1,13550E+000	-2,02493E-002	0,00000E+000	1,13800E+000	4,51116E-005	13	...........	62,64
	3632	363,3	1,13354E+000	-1,95090E-002	0,00000E+000	1,13600E+000	4,37116E-005	13	...........	62,63
	3633	363,4	1,13158E+000	-1,97571E-002	0,00000E+000	1,13400E+000	4,01116E-005	13	...........	62,63
	3634	363,5	1,12976E+000	-1,93170E-002	0,00000E+000	1,13200E+000	3,57116E-005	13	...........	62,63
	3635	363,6	1,12760E+000	-1,93446E-002	0,00000E+000	1,13000E+000	5,27116E-005	13	...........	62,64
	3636	363,7	1,12561E+000	-1,89187E-002	0,00000E+000	1,12800E+000	4,87116E-005	13	...........	62,62
	3637	363,8	1,12363E+000	-1,92966E-002	0,00000E+000	1,12600E+000	4,45116E-005	13	...........	62,63
	3638	363,9	1,12180E+000	-1,88391E-002	0,00000E+000	1,12400E+000	4,35116E-005	13	...........	62,62
	3639	364	1,11979E+000	-1,89688E-002	0,00000E+000	1,12200E+000	4,29116E-005	13	...........	62,62
	3640	364,1	1,11767E+000	-1,88605E-002	0,00000E+000	1,12000E+000	3,57116E-005	13	...........	62,62
	3641	364,2	1,11576E+000	-1,84909E-002	0,00000E+000	1,11800E+000	4,29116E-005	13	...........	62,63
	3642	364,3	1,11355E+000	-1,85226E-002	0,00000E+000	1,11600E+000	4,07116E-005	13	...........	62,63
	3643	364,4	1,11149E+000	-1,87615E-002	0,00000E+000	1,11400E+000	4,57116E-005	13	...........	62,63
	3644	364,5	1,10953E+000	-1,80467E-002	0,00000E+000	1,11200E+000	3,37116E-005	13	...........	62,63
	3645	364,6	1,10759E+000	-1,81202E-002	0,00000E+000	1,11000E+000	2,95116E-005	13	...........	62,61
	3646	364,7	1,10570E+000	-1,81989E-002	0,00000E+000	1,10800E+000	3,97116E-005	13	...........	62,62
	3647	364,8	1,10355E+000	-1,76056E-002	0,00000E+000	1,10600E+000	3,89116E-005	13	...........	62,64
	3648	364,9	1,10164E+000	-1,77200E-002	0,00000E+000	1,10400E+000	4,71116E-005	13	...........	62,62
	3649	365	1,09968E+000	-1,76842E-002	0,00000E+000	1,10200E+000	4,35116E-005	13	...........	62,63
	3650	365,1	1,09789E+000	-1,73278E-002	0,00000E+000	1,10000E+000	4,53116E-005	13	...........	62,64
	3651	365,2	1,09559E+000	-1,74014E-002	0,00000E+000	1,09800E+000	5,15116E-005	13	...........	62,64
	3652	365,3	1,09370E+000	-1,75749E-002	0,00000E+000	1,09600E+000	4,41116E-005	13	...........	62,63
	3653	365,4	1,09173E+000	-1,69480E-002	0,00000E+000	1,09400E+000	4,05116E-005	13	...........	62,63
	3654	365,5	1,08985E+000	-1,69786E-002	0,00000E+000	1,09200E+000	3,75116E-005	13	...........	62,63
	3655	365,6	1,08755E+000	-1,72492E-002	0,00000E+000	1,09000E+000	4,61116E-005	13	...........	62,63
	3656	365,7	1,08558E+000	-1,70460E-002	0,00000E+000	1,08800E+000	4,25116E-005	13	...........	62,62
	3657	365,8	1,08362E+000	-1,68101E-002	0,00000E+000	1,08600E+000	3,71116E-005	13	...........	62,63
	3658	365,9	1,08172E+000	-1,71665E-002	0,00000E+000	1,08400E+000	4,57116E-005	13	...........	62,64
	3659	366	1,07957E+000	-1,67407E-002	0,00000E+000	1,08200E+000	4,73116E-005	13	...........	62,63
	3660	366,1	1,07767E+000	-1,68020E-002	0,00000E+000	1,08000E+000	4,01116E-005	13	...........	62,63
	3661	366,2	1,07571E+000	-1,67815E-002	0,00000E+000	1,07800E+000	4,61116E-005	13	...........	62,64
	3662	366,3	1,07390E+000	-1,65406E-002	0,00000E+000	1,07600E+000	3,41116E-005	13	...........	62,63
	3663	366,4	1,07171E+000	-1,61372E-002	0,00000E+000	1,07400E+000	5,11116E-005	13	...........	62,63
	3664	366,5	1,06973E+000	-1,67080E-002	0,00000E+000	1,07200E+000	4,73116E-005	13	...........	62,64
	3665	366,6	1,06777E+000	-1,65936E-002	0,00000E+000	1,07000E+000	3,95116E-005	13	...........	62,62
	3666	366,7	1,06592E+000	-1,66141E-002	0,00000E+000	1,06800E+000	3,55116E-005	13	...........	62,63
	3667	366,8	1,06356E+000	-1,64752E-002	0,00000E+000	1,06600E+000	4,21116E-005	13	...........	62,63
	3668	366,9	1,06162E+000	-1,67478E-002	0,00000E+000	1,06400E+000	4,09116E-005	13	...........	62,64
	3669	367	1,05964E+000	-1,59769E-002	0,00000E+000	1,06200E+000	4,49116E-005	13	...........	62,63
	3670	367,1	1,05773E+000	-1,69929E-002	0,00000E+000	1,06000E+000	3,67116E-005	13	...........	62,62
	3671	367,2	1,05563E+000	-1,63751E-002	0,00000E+000	1,05800E+000	4,11116E-005	13	...........	62,63
	3672	367,3	1,05368E+000	-1,67019E-002	0,00000E+000	1,05600E+000	4,25116E-005	13	...........	62,62
	3673	367,4	1,05170E+000	-1,61709E-002	0,00000E+000	1,05400E+000	3,77116E-005	13	...........	62,62
	3674	367,5	1,04989E+000	-1,70409E-002	0,00000E+000	1,05200E+000	3,61116E-005	13	...........	62,63
	3675	367,6	1,04771E+000	-1,61045E-002	0,00000E+000	1,05000E+000	3,97116E-005	13	...........	62,63
	3676	367,7	1,04575E+000	-1,72502E-002	0,00000E+000	1,04800E+000	4,45116E-005	13	...........	62,63
	3677	367,8	1,04380E+000	-1,62587E-002	0,00000E+000	1,04600E+000	4,07116E-005	13	...........	62,62
	3678	367,9	1,04194E+000	-1,67795E-002	0,00000E+000	1,04400E+000	4,97116E-005	13	...........	62,64
	3679	368	1,04007E+000	-1,63445E-002	0,00000E+000	1,04200E+000	4,25116E-005	13	...........	62,63
	3680	368,1	1,03773E+000	-1,77394E-002	0,00000E+000	1,04000E+000	3,51116E-005	13	...........	62,62
	3681	368,2	1,03568E+000	-1,63149E-002	0,00000E+000	1,03800E+000	3,51116E-005	13	...........	62,63
	3682	368,3	1,03378E+000	-1,69551E-002	0,00000E+000	1,03600E+000	3,81116E-005	13	...........	62,63
	3683	368,4	1,03171E+000	-1,64834E-002	0,00000E+000	1,03400E+000	3,97116E-005	13	...........	62,62
	3684	368,5	1,02974E+000	-1,70470E-002	0,00000E+000	1,03200E+000	4,75116E-005	13	...........	62,63
	3685	368,6	1,02776E+000	-1,63047E-002	0,00000E+000	1,03000E+000	3,87116E-005	13	...........	62,63
	3686	368,7	1,02592E+000	-1,79109E-002	0,00000E+000	1,02800E+000	4,07116E-005	13	...........	62,62
	3687	368,8	1,02389E+000	-1,68877E-002	0,00000E+000	1,02600E+000	4,61116E-005	13	...........	62,63
	3688	368,9	1,02178E+000	-1,74626E-002	0,00000E+000	1,02400E+000	4,89116E-005	13	...........	62,63
	3689	369	1,01985E+000	-1,70909E-002	0,00000E+000	1,02200E+000	4,47116E-005	13	...........	62,61
	3690	369,1	1,01796E+000	-1,75035E-002	0,00000E+000	1,02000E+000	3,51116E-005	13	...........	62,63
	3691	369,2	1,01618E+000	-1,65283E-002	0,00000E+000	1,01800E+000	4,89116E-005	13	...........	62,63
	3692	369,3	1,01392E+000	-1,80110E-002	0,00000E+000	1,01600E+000	4,45116E-005	13	...........	62,64
	3693	369,4	1,01186E+000	-1,71216E-002	0,00000E+000	1,01400E+000	4,25116E-005	13	...........	62,63
	3694	369,5	1,00984E+000	-1,78629E-002	0,00000E+000	1,01200E+000	3,59116E-005	13	...........	62,64
	3695	369,6	1,00775E+000	-1,76577E-002	0,00000E+000	1,01000E+000	4,15116E-005	13	...........	62,63
	3696	369,7	1,00577E+000	-1,78905E-002	0,00000E+000	1,00800E+000	4,31116E-005	13	...........	62,64
	3697	369,8	1,00380E+000	-1,64660E-002	0,00000E+000	1,00600E+000	4,47116E-005	13	...........	62,63
	3698	369,9	1,00191E+000	-1,83959E-002	0,00000E+000	1,00400E+000	2,37116E-005	13	...........	62,63
	3699	370	9,99939E-001	-1,68254E-002	0,00000E+000	1,00200E+000	4,37116E-005	13	...........	62,63
	3700	370,1	9,97808E-001	-1,79589E-002	0,00000E+000	1,00000E+000	4,25116E-005	13	...........	62,63
	3701	370,2	9,95835E-001	-1,63057E-002	0,00000E+000	9,98000E-001	4,65116E-005	13	...........	62,63
	3702	370,3	9,93981E-001	-1,74688E-002	0,00000E+000	9,96000E-001	4,17116E-005	13	...........	62,63
	3703	370,4	9,92201E-001	-1,57257E-002	0,00000E+000	9,94000E-001	4,17116E-005	13	...........	62,63
	3704	370,5	9,89835E-001	-1,73227E-002	0,00000E+000	9,92000E-001	4,31116E-005	13	...........	62,64
	3705	370,6	9,87930E-001	-1,57910E-002	0,00000E+000	9,90000E-001	3,87116E-005	13	...........	62,63
	3706	370,7	9,86012E-001	-1,71073E-002	0,00000E+000	9,88000E-001	3,49116E-005	13	...........	62,63
	3707	370,8	9,83813E-001	-1,58932E-002	0,00000E+000	9,86000E-001	4,49116E-005	13	...........	62,63
	3708	370,9	9,81808E-001	-1,74157E-002	0,00000E+000	9,84000E-001	4,21116E-005	13	...........	62,64
	3709	371	9,79824E-001	-1,58278E-002	0,00000E+000	9,82000E-001	5,55116E-005	13	...........	62,64
	3710	371,1	9,77937E-001	-1,62720E-002	0,00000E+000	9,80000E-001	3,41116E-005	13	...........	62,64
	3711	371,2	9,75970E-001	-1,53652E-002	0,00000E+000	9,78000E-001	4,17116E-005	13	...........	62,64
	3712	371,3	9,73838E-001	-1,63077E-002	0,00000E+000	9,76000E-001	5,91116E-005	13	...........	62,63
	3713	371,4	9,71874E-001	-1,46933E-002	0,00000E+000	9,74000E-001	4,21116E-005	13	...........	62,64
	3714	371,5	9,69977E-001	-1,62138E-002	0,00000E+000	9,72000E-001	3,97116E-005	13	...........	62,65
	3715	371,6	9,68085E-001	-1,44666E-002	0,00000E+000	9,70000E-001	4,17116E-005	13	...........	62,63
	3716	371,7	9,65919E-001	-1,52447E-002	0,00000E+000	9,68000E-001	5,51116E-005	13	...........	62,64
	3717	371,8	9,63890E-001	-1,47638E-002	0,00000E+000	9,66000E-001	4,11116E-005	13	...........	62,65
	3718	371,9	9,62048E-001	-1,46811E-002	0,00000E+000	9,64000E-001	4,59116E-005	13	...........	62,64
	3719	372	9,59834E-001	-1,37233E-002	0,00000E+000	9,62000E-001	4,11116E-005	13	...........	62,65
	3720	372,1	9,57806E-001	-1,48955E-002	0,00000E+000	9,60000E-001	4,67116E-005	13	...........	62,65
	3721	372,2	9,55853E-001	-1,34762E-002	0,00000E+000	9,58000E-001	3,19116E-005	13	...........	62,64
	3722	372,3	9,53936E-001	-1,43104E-002	0,00000E+000	9,56000E-001	3,57116E-005	13	...........	62,65
	3723	372,4	9,51967E-001	-1,35211E-002	0,00000E+000	9,54000E-001	4,53116E-005	13	...........	62,64
	3724	372,5	9,49824E-001	-1,40653E-002	0,00000E+000	9,52000E-001	4,21116E-005	13	...........	62,64
	3725	372,6	9,47908E-001	-1,26011E-002	0,00000E+000	9,50000E-001	4,05116E-005	13	...........	62,64
	3726	372,7	9,45985E-001	-1,31341E-002	0,00000E+000	9,48000E-001	4,35116E-005	13	...........	62,63
	3727	372,8	9,44218E-001	-1,18669E-002	0,00000E+000	9,46000E-001	3,71116E-005	13	...........	62,64
	3728	372,9	9,41853E-001	-1,25633E-002	0,00000E+000	9,44000E-001	4,51116E-005	13	...........	62,64
	3729	373	9,40026E-001	-1,15360E-002	0,00000E+000	9,42000E-001	4,05116E-005	13	...........	62,65
	3730	373,1	9,38042E-001	-1,23458E-002	0,00000E+000	9,40000E-001	3,65116E-005	13	...........	62,65
	3731	373,2	9,36101E-001	-1,09683E-002	0,00000E+000	9,38000E-001	4,37116E-005	13	...........	62,65
	3732	373,3	9,33863E-001	-1,18393E-002	0,00000E+000	9,36000E-001	4,45116E-005	13	...........	62,64
	3733	373,4	9,31895E-001	-1,07967E-002	0,00000E+000	9,34000E-001	3,87116E-005	13	...........	62,64
	3734	373,5	9,29950E-001	-1,16535E-002	0,00000E+000	9,32000E-001	3,83116E-005	13	...........	62,64
	3735	373,6	9,27993E-001	-1,04792E-002	0,00000E+000	9,30000E-001	3,77116E-005	13	...........	62,64
	3736	373,7	9,25887E-001	-1,15421E-002	0,00000E+000	9,28000E-001	4,69116E-005	13	...........	62,65
	3737	373,8	9,23954E-001	-1,01391E-002	0,00000E+000	9,26000E-001	4,43116E-005	13	...........	62,65
	3738	373,9	9,22030E-001	-1,07528E-002	0,00000E+000	9,24000E-001	4,23116E-005	13	...........	62,64
	3739	374	9,20196E-001	-9,97166E-003	0,00000E+000	9,22000E-001	4,81116E-005	13	...........	62,64
	3740	374,1	9,17955E-001	-1,03648E-002	0,00000E+000	9,20000E-001	5,39116E-005	13	...........	62,64
	3741	374,2	9,16010E-001	-9,35899E-003	0,00000E+000	9,18000E-001	4,79116E-005	13	...........	62,64
	3742	374,3	9,14049E-001	-1,01667E-002	0,00000E+000	9,16000E-001	4,01116E-005	13	...........	62,64
	3743	374,4	9,12285E-001	-9,07001E-003	0,00000E+000	9,14000E-001	3,59116E-005	13	...........	62,64
	3744	374,5	9,09913E-001	-9,75008E-003	0,00000E+000	9,12000E-001	5,01116E-005	13	...........	62,64
	3745	374,6	9,07880E-001	-8,91684E-003	0,00000E+000	9,10000E-001	3,95116E-005	13	...........	62,66
	3746	374,7	9,05955E-001	-9,27832E-003	0,00000E+000	9,08000E-001	3,69116E-005	13	...........	62,65
	3747	374,8	9,03993E-001	-8,79022E-003	0,00000E+000	9,06000E-001	3,95116E-005	13	...........	62,65
	3748	374,9	9,01922E-001	-9,30487E-003	0,00000E+000	9,04000E-001	5,17116E-005	13	...........	62,65
	3749	375	8,99935E-001	-8,26740E-003	0,00000E+000	9,02000E-001	4,59116E-005	13	...........	62,65
	3750	375,1	8,98004E-001	-8,74018E-003	0,00000E+000	9,00000E-001	3,39116E-005	13	...........	62,65
	3751	375,2	8,96255E-001	-8,23779E-003	0,00000E+000	8,98000E-001	4,73116E-005	13	...........	62,65
	3752	375,3	8,93997E-001	-8,34501E-003	0,00000E+000	8,96000E-001	4,35116E-005	13	...........	62,64
	3753	375,4	8,92047E-001	-7,71498E-003	0,00000E+000	8,94000E-001	4,99116E-005	13	...........	62,65
	3754	375,5	8,90120E-001	-8,63399E-003	0,00000E+000	8,92000E-001	4,67116E-005	13	...........	62,64
	3755	375,6	8,88280E-001	-7,67107E-003	0,00000E+000	8,90000E-001	4,47116E-005	13	...........	62,64
	3756	375,7	8,86191E-001	-7,87733E-003	0,00000E+000	8,88000E-001	4,37116E-005	13	...........	62,65
	3757	375,8	8,84003E-001	-7,63737E-003	0,00000E+000	8,86000E-001	4,77116E-005	13	...........	62,65
	3758	375,9	8,81997E-001	-8,25413E-003	0,00000E+000	8,84000E-001	4,33116E-005	13	...........	62,65
	3759	376	8,80051E-001	-7,54036E-003	0,00000E+000	8,82000E-001	3,59116E-005	13	...........	62,65
	3760	376,1	8,78029E-001	-7,83853E-003	0,00000E+000	8,80000E-001	4,45116E-005	13	...........	62,64
	3761	376,2	8,76017E-001	-7,41170E-003	0,00000E+000	8,78000E-001	4,13116E-005	13	...........	62,65
	3762	376,3	8,74049E-001	-7,57202E-003	0,00000E+000	8,76000E-001	3,37116E-005	13	...........	62,65
	3763	376,4	8,72234E-001	-7,51381E-003	0,00000E+000	8,74000E-001	4,01116E-005	13	...........	62,66
	3764	376,5	8,70090E-001	-7,90797E-003	0,00000E+000	8,72000E-001	4,53116E-005	13	...........	62,65
	3765	376,6	8,68053E-001	-6,71632E-003	0,00000E+000	8,70000E-001	4,25116E-005	13	...........	62,66
	3766	376,7	8,66120E-001	-7,29325E-003	0,00000E+000	8,68000E-001	4,51116E-005	13	...........	62,65
	3767	376,8	8,64328E-001	-7,16561E-003	0,00000E+000	8,66000E-001	4,91116E-005	13	...........	62,65
	3768	376,9	8,62124E-001	-7,41885E-003	0,00000E+000	8,64000E-001	4,41116E-005	13	...........	62,65
	3769	377	8,60088E-001	-6,80413E-003	0,00000E+000	8,62000E-001	3,75116E-005	13	...........	62,65
	3770	377,1	8,58091E-001	-7,29223E-003	0,00000E+000	8,60000E-001	4,65116E-005	13	...........	62,65
	3771	377,2	8,56100E-001	-6,74491E-003	0,00000E+000	8,58000E-001	3,99116E-005	13	...........	62,65
	3772	377,3	8,54045E-001	-6,85417E-003	0,00000E+000	8,56000E-001	4,83116E-005	13	...........	62,67
	3773	377,4	8,52049E-001	-6,53966E-003	0,00000E+000	8,54000E-001	4,79116E-005	13	...........	62,64
	3774	377,5	8,50063E-001	-6,75614E-003	0,00000E+000	8,52000E-001	4,93116E-005	13	...........	62,64
	3775	377,6	8,48256E-001	-6,36709E-003	0,00000E+000	8,50000E-001	3,87116E-005	13	...........	62,67
	3776	377,7	8,46145E-001	-6,96139E-003	0,00000E+000	8,48000E-001	3,79116E-005	13	...........	62,65
	3777	377,8	8,44113E-001	-6,92871E-003	0,00000E+000	8,46000E-001	4,21116E-005	13	...........	62,64
	3778	377,9	8,42115E-001	-6,24149E-003	0,00000E+000	8,44000E-001	3,61116E-005	13	...........	62,65
	3779	378	8,40320E-001	-6,36097E-003	0,00000E+000	8,42000E-001	4,45116E-005	13	...........	62,65
	3780	378,1	8,38574E-001	-6,44674E-003	0,00000E+000	8,40000E-001	5,07116E-005	13	...........	62,65
	3781	378,2	8,36172E-001	-6,21801E-003	0,00000E+000	8,38000E-001	4,65116E-005	13	...........	62,65
	3782	378,3	8,34228E-001	-6,07403E-003	0,00000E+000	8,36000E-001	4,57116E-005	13	...........	62,65
	3783	378,4	8,32246E-001	-6,67037E-003	0,00000E+000	8,34000E-001	3,79116E-005	13	...........	62,65
	3784	378,5	8,30116E-001	-6,14142E-003	0,00000E+000	8,32000E-001	4,41116E-005	13	...........	62,65
	3785	378,6	8,28141E-001	-5,98928E-003	0,00000E+000	8,30000E-001	4,97116E-005	13	...........	62,65
	3786	378,7	8,26132E-001	-6,16797E-003	0,00000E+000	8,28000E-001	4,21116E-005	13	...........	62,65
	3787	378,8	8,24306E-001	-5,98928E-003	0,00000E+000	8,26000E-001	4,29116E-005	13	...........	62,66
	3788	378,9	8,22316E-001	-5,72991E-003	0,00000E+000	8,24000E-001	5,25116E-005	13	...........	62,65
	3789	379	8,20211E-001	-6,35178E-003	0,00000E+000	8,22000E-001	4,57116E-005	13	...........	62,65
	3790	379,1	8,18241E-001	-5,66660E-003	0,00000E+000	8,20000E-001	5,05116E-005	13	...........	62,65
	3791	379,2	8,16353E-001	-5,71357E-003	0,00000E+000	8,18000E-001	3,59116E-005	13	...........	62,66
	3792	379,3	8,14353E-001	-5,82181E-003	0,00000E+000	8,16000E-001	4,99116E-005	13	...........	62,66
	3793	379,4	8,12341E-001	-5,83713E-003	0,00000E+000	8,14000E-001	5,29116E-005	13	...........	62,65
	3794	379,5	8,10288E-001	-5,46442E-003	0,00000E+000	8,12000E-001	4,59116E-005	13	...........	62,66
	3795	379,6	8,08417E-001	-6,04135E-003	0,00000E+000	8,10000E-001	4,51116E-005	13	...........	62,66
	3796	379,7	8,06197E-001	-5,78097E-003	0,00000E+000	8,08000E-001	4,51116E-005	13	...........	62,65
	3797	379,8	8,04189E-001	-5,64107E-003	0,00000E+000	8,06000E-001	3,91116E-005	13	...........	62,66
	3798	379,9	8,02229E-001	-5,27143E-003	0,00000E+000	8,04000E-001	4,53116E-005	13	...........	62,66
	3799	380	8,00321E-001	-5,79220E-003	0,00000E+000	8,02000E-001	4,47116E-005	13	...........	62,66
	3800	380,1	7,98391E-001	-5,13255E-003	0,00000E+000	8,00000E-001	4,43116E-005	13	...........	62,66
	3801	380,2	7,96248E-001	-5,42051E-003	0,00000E+000	7,98000E-001	3,55116E-005	13	...........	62,66
	3802	380,3	7,94307E-001	-5,18872E-003	0,00000E+000	7,96000E-001	4,77116E-005	13	...........	62,66
	3803	380,4	7,92382E-001	-5,23058E-003	0,00000E+000	7,94000E-001	3,65116E-005	13	...........	62,65
	3804	380,5	7,90672E-001	-4,83643E-003	0,00000E+000	7,92000E-001	4,29116E-005	13	...........	62,66
	3805	380,6	7,88349E-001	-5,57572E-003	0,00000E+000	7,90000E-001	4,13116E-005	13	...........	62,66
	3806	380,7	7,86420E-001	-4,91097E-003	0,00000E+000	7,88000E-001	5,07116E-005	13	...........	62,66
	3807	380,8	7,84442E-001	-5,22241E-003	0,00000E+000	7,86000E-001	3,75116E-005	13	...........	62,65
	3808	380,9	7,82541E-001	-4,99879E-003	0,00000E+000	7,84000E-001	4,55116E-005	13	...........	62,66
	3809	381	7,80254E-001	-5,28062E-003	0,00000E+000	7,82000E-001	5,09116E-005	13	...........	62,66
	3810	381,1	7,78281E-001	-4,90688E-003	0,00000E+000	7,80000E-001	4,73116E-005	13	...........	62,65
	3811	381,2	7,76356E-001	-5,42051E-003	0,00000E+000	7,78000E-001	4,05116E-005	13	...........	62,66
	3812	381,3	7,74432E-001	-4,92629E-003	0,00000E+000	7,76000E-001	4,41116E-005	13	...........	62,67
	3813	381,4	7,72298E-001	-5,12336E-003	0,00000E+000	7,74000E-001	4,91116E-005	13	...........	62,68
	3814	381,5	7,70373E-001	-4,44942E-003	0,00000E+000	7,72000E-001	3,41116E-005	13	...........	62,67
	3815	381,6	7,68423E-001	-4,82009E-003	0,00000E+000	7,70000E-001	3,15116E-005	13	...........	62,66
	3816	381,7	7,66601E-001	-4,43002E-003	0,00000E+000	7,68000E-001	4,97116E-005	13	...........	62,67
	3817	381,8	7,64419E-001	-4,66692E-003	0,00000E+000	7,66000E-001	4,47116E-005	13	...........	62,67
	3818	381,9	7,62445E-001	-4,47086E-003	0,00000E+000	7,64000E-001	5,21116E-005	13	...........	62,67
	3819	382	7,60485E-001	-4,49231E-003	0,00000E+000	7,62000E-001	4,61116E-005	13	...........	62,66
	3820	382,1	7,58717E-001	-4,11858E-003	0,00000E+000	7,60000E-001	4,35116E-005	13	...........	62,66
	3821	382,2	7,56361E-001	-4,67917E-003	0,00000E+000	7,58000E-001	4,51116E-005	13	...........	62,66
	3822	382,3	7,54333E-001	-4,12164E-003	0,00000E+000	7,56000E-001	4,89116E-005	13	...........	62,66
	3823	382,4	7,52369E-001	-4,32484E-003	0,00000E+000	7,54000E-001	3,35116E-005	13	...........	62,67
	3824	382,5	7,50466E-001	-4,10224E-003	0,00000E+000	7,52000E-001	4,03116E-005	13	...........	62,67
	3825	382,6	7,48338E-001	-4,31974E-003	0,00000E+000	7,50000E-001	4,37116E-005	13	...........	62,67
	3826	382,7	7,46392E-001	-3,96745E-003	0,00000E+000	7,48000E-001	3,31116E-005	13	...........	62,66
	3827	382,8	7,44413E-001	-4,63527E-003	0,00000E+000	7,46000E-001	3,89116E-005	13	...........	62,67
	3828	382,9	7,42671E-001	-3,79488E-003	0,00000E+000	7,44000E-001	3,41116E-005	13	...........	62,66
	3829	383	7,40410E-001	-4,38611E-003	0,00000E+000	7,42000E-001	4,39116E-005	13	...........	62,66
	3830	383,1	7,38494E-001	-3,91129E-003	0,00000E+000	7,40000E-001	4,45116E-005	13	...........	62,65
	3831	383,2	7,36547E-001	-4,29727E-003	0,00000E+000	7,38000E-001	4,29116E-005	13	...........	62,66
	3832	383,3	7,34715E-001	-3,44872E-003	0,00000E+000	7,36000E-001	4,69116E-005	13	...........	62,67
	3833	383,4	7,32763E-001	-4,52498E-003	0,00000E+000	7,34000E-001	4,41116E-005	13	...........	62,67
	3834	383,5	7,30501E-001	-3,88780E-003	0,00000E+000	7,32000E-001	5,37116E-005	13	...........	62,66
	3835	383,6	7,28394E-001	-4,27787E-003	0,00000E+000	7,30000E-001	4,99116E-005	13	...........	62,66
	3836	383,7	7,26478E-001	-3,86942E-003	0,00000E+000	7,28000E-001	4,01116E-005	13	...........	62,67
	3837	383,8	7,24387E-001	-4,39530E-003	0,00000E+000	7,26000E-001	4,17116E-005	13	...........	62,68
	3838	383,9	7,22442E-001	-3,50794E-003	0,00000E+000	7,24000E-001	4,45116E-005	13	...........	62,67
	3839	384	7,20448E-001	-4,23601E-003	0,00000E+000	7,22000E-001	3,93116E-005	13	...........	62,67
	3840	384,1	7,18686E-001	-3,42013E-003	0,00000E+000	7,20000E-001	2,83116E-005	13	...........	62,68
	3841	384,2	7,16486E-001	-4,16963E-003	0,00000E+000	7,18000E-001	5,97116E-005	13	...........	62,66
	3842	384,3	7,14501E-001	-3,48242E-003	0,00000E+000	7,16000E-001	4,31116E-005	13	...........	62,67
	3843	384,4	7,12543E-001	-4,36263E-003	0,00000E+000	7,14000E-001	5,23116E-005	13	...........	62,67
	3844	384,5	7,10727E-001	-3,38133E-003	0,00000E+000	7,12000E-001	4,43116E-005	13	...........	62,67
	3845	384,6	7,08571E-001	-4,16555E-003	0,00000E+000	7,10000E-001	5,27116E-005	13	...........	62,68
	3846	384,7	7,06555E-001	-3,49671E-003	0,00000E+000	7,08000E-001	4,81116E-005	13	...........	62,68
	3847	384,8	7,04593E-001	-4,08896E-003	0,00000E+000	7,06000E-001	4,97116E-005	13	...........	62,67
	3848	384,9	7,02492E-001	-3,30678E-003	0,00000E+000	7,04000E-001	3,73116E-005	13	...........	62,68
	3849	385	7,00437E-001	-4,34833E-003	0,00000E+000	7,02000E-001	4,03116E-005	13	...........	62,67
	3850	385,1	6,98437E-001	-3,49161E-003	0,00000E+000	7,00000E-001	5,03116E-005	13	...........	62,66
	3851	385,2	6,96475E-001	-3,93682E-003	0,00000E+000	6,98000E-001	4,33116E-005	13	...........	62,66
	3852	385,3	6,94661E-001	-3,22918E-003	0,00000E+000	6,96000E-001	4,23116E-005	13	...........	62,67
	3853	385,4	6,92557E-001	-4,15125E-003	0,00000E+000	6,94000E-001	4,85116E-005	13	...........	62,66
	3854	385,5	6,90540E-001	-3,07907E-003	0,00000E+000	6,92000E-001	3,41116E-005	13	...........	62,68
	3855	385,6	6,88558E-001	-4,08590E-003	0,00000E+000	6,90000E-001	4,29116E-005	13	...........	62,68
	3856	385,7	6,86682E-001	-3,37214E-003	0,00000E+000	6,88000E-001	4,29116E-005	13	...........	62,67
	3857	385,8	6,84917E-001	-3,75914E-003	0,00000E+000	6,86000E-001	5,17116E-005	13	...........	62,67
	3858	385,9	6,82558E-001	-3,34661E-003	0,00000E+000	6,84000E-001	4,13116E-005	13	...........	62,69
	3859	386	6,80664E-001	-4,08182E-003	0,00000E+000	6,82000E-001	4,15116E-005	13	...........	62,68
	3860	386,1	6,78603E-001	-3,18731E-003	0,00000E+000	6,80000E-001	4,55116E-005	13	...........	62,67
	3861	386,2	6,76481E-001	-4,12266E-003	0,00000E+000	6,78000E-001	4,81116E-005	13	...........	62,68
	3862	386,3	6,74501E-001	-3,48956E-003	0,00000E+000	6,76000E-001	4,33116E-005	13	...........	62,67
	3863	386,4	6,72509E-001	-3,86738E-003	0,00000E+000	6,74000E-001	3,55116E-005	13	...........	62,68
	3864	386,5	6,70684E-001	-3,31393E-003	0,00000E+000	6,72000E-001	4,17116E-005	13	...........	62,67
	3865	386,6	6,68631E-001	-4,00830E-003	0,00000E+000	6,70000E-001	5,27116E-005	13	...........	62,67
	3866	386,7	6,66572E-001	-3,43238E-003	0,00000E+000	6,68000E-001	5,17116E-005	13	...........	62,67
	3867	386,8	6,64585E-001	-3,77242E-003	0,00000E+000	6,66000E-001	4,95116E-005	13	...........	62,68
	3868	386,9	6,62727E-001	-3,50692E-003	0,00000E+000	6,64000E-001	3,55116E-005	13	...........	62,67
	3869	387	6,60655E-001	-3,90720E-003	0,00000E+000	6,62000E-001	5,91116E-005	13	...........	62,68
	3870	387,1	6,58613E-001	-3,37520E-003	0,00000E+000	6,60000E-001	5,93116E-005	13	...........	62,68
	3871	387,2	6,56628E-001	-4,08284E-003	0,00000E+000	6,58000E-001	4,49116E-005	13	...........	62,67
	3872	387,3	6,54736E-001	-3,30474E-003	0,00000E+000	6,56000E-001	4,53116E-005	13	...........	62,67
	3873	387,4	6,52477E-001	-4,32484E-003	0,00000E+000	6,54000E-001	3,95116E-005	13	...........	62,68
	3874	387,5	6,50510E-001	-3,48242E-003	0,00000E+000	6,52000E-001	4,15116E-005	13	...........	62,68
	3875	387,6	6,48519E-001	-4,29319E-003	0,00000E+000	6,50000E-001	4,23116E-005	13	...........	62,67
	3876	387,7	6,46658E-001	-3,38541E-003	0,00000E+000	6,48000E-001	4,45116E-005	13	...........	62,67
	3877	387,8	6,44617E-001	-4,12573E-003	0,00000E+000	6,46000E-001	5,35116E-005	13	...........	62,68
	3878	387,9	6,42563E-001	-3,68766E-003	0,00000E+000	6,44000E-001	3,75116E-005	13	...........	62,68
	3879	388	6,40624E-001	-3,96949E-003	0,00000E+000	6,42000E-001	3,83116E-005	13	...........	62,67
	3880	388,1	6,38730E-001	-3,61925E-003	0,00000E+000	6,40000E-001	4,27116E-005	13	...........	62,67
	3881	388,2	6,36899E-001	-4,04097E-003	0,00000E+000	6,38000E-001	5,55116E-005	13	...........	62,68
	3882	388,3	6,34590E-001	-3,55287E-003	0,00000E+000	6,36000E-001	4,99116E-005	13	...........	62,67
	3883	388,4	6,32716E-001	-3,90108E-003	0,00000E+000	6,34000E-001	4,31116E-005	13	...........	62,67
	3884	388,5	6,30767E-001	-3,93375E-003	0,00000E+000	6,32000E-001	4,17116E-005	13	...........	62,67
	3885	388,6	6,28789E-001	-4,23090E-003	0,00000E+000	6,30000E-001	4,27116E-005	13	...........	62,67
	3886	388,7	6,26556E-001	-4,08794E-003	0,00000E+000	6,28000E-001	5,15116E-005	13	...........	62,68
	3887	388,8	6,24575E-001	-4,37488E-003	0,00000E+000	6,26000E-001	3,61116E-005	13	...........	62,67
	3888	388,9	6,22707E-001	-4,10632E-003	0,00000E+000	6,24000E-001	3,91116E-005	13	...........	62,67
	3889	389	6,20669E-001	-4,60565E-003	0,00000E+000	6,22000E-001	4,59116E-005	13	...........	62,68
	3890	389,1	6,18594E-001	-4,50763E-003	0,00000E+000	6,20000E-001	5,49116E-005	13	...........	62,68
	3891	389,2	6,16644E-001	-4,79048E-003	0,00000E+000	6,18000E-001	4,79116E-005	13	...........	62,68
	3892	389,3	6,14759E-001	-4,27583E-003	0,00000E+000	6,16000E-001	3,61116E-005	13	...........	62,67
	3893	389,4	6,12830E-001	-4,44636E-003	0,00000E+000	6,14000E-001	4,51116E-005	13	...........	62,66
	3894	389,5	6,10692E-001	-4,35854E-003	0,00000E+000	6,12000E-001	5,07116E-005	13	...........	62,67
	3895	389,6	6,08767E-001	-4,55766E-003	0,00000E+000	6,10000E-001	4,23116E-005	13	...........	62,68
	3896	389,7	6,06815E-001	-4,44738E-003	0,00000E+000	6,08000E-001	4,37116E-005	13	...........	62,69
	3897	389,8	6,05092E-001	-4,78231E-003	0,00000E+000	6,06000E-001	4,31116E-005	13	...........	62,67
	3898	389,9	6,02643E-001	-4,77108E-003	0,00000E+000	6,04000E-001	4,11116E-005	13	...........	62,67
	3899	390	6,00619E-001	-4,89667E-003	0,00000E+000	6,02000E-001	4,67116E-005	13	...........	62,67
	3900	390,1	5,98715E-001	-4,94875E-003	0,00000E+000	6,00000E-001	3,43116E-005	13	...........	62,66
	3901	390,2	5,96691E-001	-5,04882E-003	0,00000E+000	5,98000E-001	5,67116E-005	13	...........	62,68
	3902	390,3	5,94635E-001	-5,04372E-003	0,00000E+000	5,96000E-001	4,69116E-005	13	...........	62,67
	3903	390,4	5,92670E-001	-5,37047E-003	0,00000E+000	5,94000E-001	3,95116E-005	13	...........	62,68
	3904	390,5	5,90748E-001	-5,53998E-003	0,00000E+000	5,92000E-001	3,63116E-005	13	...........	62,68
	3905	390,6	5,89012E-001	-5,30716E-003	0,00000E+000	5,90000E-001	3,99116E-005	13	...........	62,67
	3906	390,7	5,86663E-001	-5,73706E-003	0,00000E+000	5,88000E-001	4,65116E-005	13	...........	62,67
	3907	390,8	5,84729E-001	-5,69213E-003	0,00000E+000	5,86000E-001	4,39116E-005	13	...........	62,67
	3908	390,9	5,82848E-001	-5,25713E-003	0,00000E+000	5,84000E-001	4,91116E-005	13	...........	62,67
	3909	391	5,80986E-001	-6,00970E-003	0,00000E+000	5,82000E-001	4,81116E-005	13	...........	62,66
	3910	391,1	5,78830E-001	-5,67885E-003	0,00000E+000	5,80000E-001	4,97116E-005	13	...........	62,67
	3911	391,2	5,76742E-001	-5,90452E-003	0,00000E+000	5,78000E-001	4,05116E-005	13	...........	62,68
	3912	391,3	5,74738E-001	-6,08833E-003	0,00000E+000	5,76000E-001	4,07116E-005	13	...........	62,67
	3913	391,4	5,72728E-001	-6,26396E-003	0,00000E+000	5,74000E-001	4,41116E-005	13	...........	62,67
	3914	391,5	5,70686E-001	-5,85959E-003	0,00000E+000	5,72000E-001	4,47116E-005	13	...........	62,67
	3915	391,6	5,68721E-001	-5,77484E-003	0,00000E+000	5,70000E-001	4,97116E-005	13	...........	62,68
	3916	391,7	5,66774E-001	-5,98009E-003	0,00000E+000	5,68000E-001	4,13116E-005	13	...........	62,67
	3917	391,8	5,65010E-001	-6,14551E-003	0,00000E+000	5,66000E-001	4,03116E-005	13	...........	62,68
	3918	391,9	5,62756E-001	-6,27928E-003	0,00000E+000	5,64000E-001	4,13116E-005	13	...........	62,67
	3919	392	5,60727E-001	-6,63054E-003	0,00000E+000	5,62000E-001	4,47116E-005	13	...........	62,67
	3920	392,1	5,58850E-001	-6,24252E-003	0,00000E+000	5,60000E-001	3,95116E-005	13	...........	62,67
	3921	392,2	5,57104E-001	-6,71325E-003	0,00000E+000	5,58000E-001	5,35116E-005	13	...........	62,66
	3922	392,3	5,54766E-001	-6,71530E-003	0,00000E+000	5,56000E-001	4,01116E-005	13	...........	62,68
	3923	392,4	5,52768E-001	-6,73878E-003	0,00000E+000	5,54000E-001	4,29116E-005	13	...........	62,68
	3924	392,5	5,50870E-001	-6,75818E-003	0,00000E+000	5,52000E-001	4,01116E-005	13	...........	62,66
	3925	392,6	5,48772E-001	-7,16357E-003	0,00000E+000	5,50000E-001	4,37116E-005	13	...........	62,67
	3926	392,7	5,46726E-001	-7,30653E-003	0,00000E+000	5,48000E-001	3,89116E-005	13	...........	62,67
	3927	392,8	5,44704E-001	-7,29632E-003	0,00000E+000	5,46000E-001	4,47116E-005	13	...........	62,69
	3928	392,9	5,42772E-001	-7,62818E-003	0,00000E+000	5,44000E-001	3,93116E-005	13	...........	62,66
	3929	393	5,40948E-001	-7,33614E-003	0,00000E+000	5,42000E-001	3,75116E-005	13	...........	62,68
	3930	393,1	5,38786E-001	-7,51790E-003	0,00000E+000	5,40000E-001	4,87116E-005	13	...........	62,68
	3931	393,2	5,36760E-001	-7,63737E-003	0,00000E+000	5,38000E-001	4,37116E-005	13	...........	62,67
	3932	393,3	5,34825E-001	-7,76705E-003	0,00000E+000	5,36000E-001	3,71116E-005	13	...........	62,66
	3933	393,4	5,33041E-001	-7,65371E-003	0,00000E+000	5,34000E-001	4,33116E-005	13	...........	62,68
	3934	393,5	5,31109E-001	-7,96924E-003	0,00000E+000	5,32000E-001	5,59116E-005	13	...........	62,67
	3935	393,6	5,28824E-001	-8,20001E-003	0,00000E+000	5,30000E-001	5,09116E-005	13	...........	62,67
	3936	393,7	5,26887E-001	-8,23473E-003	0,00000E+000	5,28000E-001	3,71116E-005	13	...........	62,67
	3937	393,8	5,24825E-001	-8,14283E-003	0,00000E+000	5,26000E-001	4,83116E-005	13	...........	62,68
	3938	393,9	5,22810E-001	-8,71057E-003	0,00000E+000	5,24000E-001	5,25116E-005	13	...........	62,67
	3939	394	5,20788E-001	-8,35726E-003	0,00000E+000	5,22000E-001	4,51116E-005	13	...........	62,67
	3940	394,1	5,18807E-001	-8,88927E-003	0,00000E+000	5,20000E-001	3,97116E-005	13	...........	62,66
	3941	394,2	5,16991E-001	-8,71670E-003	0,00000E+000	5,18000E-001	5,27116E-005	13	...........	62,67
	3942	394,3	5,14893E-001	-9,27730E-003	0,00000E+000	5,16000E-001	3,99116E-005	13	...........	62,66
	3943	394,4	5,12874E-001	-8,85353E-003	0,00000E+000	5,14000E-001	4,63116E-005	13	...........	62,68
	3944	394,5	5,10855E-001	-9,35082E-003	0,00000E+000	5,12000E-001	4,87116E-005	13	...........	62,68
	3945	394,6	5,09095E-001	-9,29363E-003	0,00000E+000	5,10000E-001	4,05116E-005	13	...........	62,68
	3946	394,7	5,06886E-001	-9,58772E-003	0,00000E+000	5,08000E-001	4,75116E-005	13	...........	62,68
	3947	394,8	5,04900E-001	-9,54279E-003	0,00000E+000	5,06000E-001	5,59116E-005	13	...........	62,68
	3948	394,9	5,02892E-001	-9,94307E-003	0,00000E+000	5,04000E-001	4,49116E-005	13	...........	62,68
	3949	395	5,01019E-001	-9,64082E-003	0,00000E+000	5,02000E-001	5,13116E-005	13	...........	62,67
	3950	395,1	4,98798E-001	-1,02790E-002	0,00000E+000	5,00000E-001	4,69116E-005	13	...........	62,68
	3951	395,2	4,96796E-001	-1,02096E-002	0,00000E+000	4,98000E-001	4,29116E-005	13	...........	62,68
	3952	395,3	4,94810E-001	-1,06088E-002	0,00000E+000	4,96000E-001	3,07116E-005	13	...........	62,68
	3953	395,4	4,92936E-001	-1,03709E-002	0,00000E+000	4,94000E-001	4,13116E-005	13	...........	62,68
	3954	395,5	4,90861E-001	-1,11143E-002	0,00000E+000	4,92000E-001	4,85116E-005	13	...........	62,67
	3955	395,6	4,88848E-001	-1,08927E-002	0,00000E+000	4,90000E-001	4,17116E-005	13	...........	62,68
	3956	395,7	4,86880E-001	-1,11194E-002	0,00000E+000	4,88000E-001	4,83116E-005	13	...........	62,68
	3957	395,8	4,85094E-001	-1,08907E-002	0,00000E+000	4,86000E-001	4,07116E-005	13	...........	62,68
	3958	395,9	4,83068E-001	-1,14564E-002	0,00000E+000	4,84000E-001	4,47116E-005	13	...........	62,67
	3959	396	4,80946E-001	-1,12052E-002	0,00000E+000	4,82000E-001	4,77116E-005	13	...........	62,69
	3960	396,1	4,78991E-001	-1,20629E-002	0,00000E+000	4,80000E-001	4,57116E-005	13	...........	62,69
	3961	396,2	4,77124E-001	-1,18832E-002	0,00000E+000	4,78000E-001	3,81116E-005	13	...........	62,68
	3962	396,3	4,74836E-001	-1,23100E-002	0,00000E+000	4,76000E-001	4,33116E-005	13	...........	62,68
	3963	396,4	4,72880E-001	-1,16504E-002	0,00000E+000	4,74000E-001	5,19116E-005	13	...........	62,68
	3964	396,5	4,70879E-001	-1,28523E-002	0,00000E+000	4,72000E-001	3,95116E-005	13	...........	62,68
	3965	396,6	4,68993E-001	-1,22028E-002	0,00000E+000	4,70000E-001	3,73116E-005	13	...........	62,69
	3966	396,7	4,66937E-001	-1,28635E-002	0,00000E+000	4,68000E-001	4,85116E-005	13	...........	62,68
	3967	396,8	4,64924E-001	-1,25919E-002	0,00000E+000	4,66000E-001	4,97116E-005	13	...........	62,70
	3968	396,9	4,62948E-001	-1,32801E-002	0,00000E+000	4,64000E-001	4,47116E-005	13	...........	62,68
	3969	397	4,61104E-001	-1,28083E-002	0,00000E+000	4,62000E-001	3,81116E-005	13	...........	62,68
	3970	397,1	4,58980E-001	-1,36977E-002	0,00000E+000	4,60000E-001	4,57116E-005	13	...........	62,68
	3971	397,2	4,56961E-001	-1,34639E-002	0,00000E+000	4,58000E-001	5,21116E-005	13	...........	62,67
	3972	397,3	4,55033E-001	-1,38468E-002	0,00000E+000	4,56000E-001	5,01116E-005	13	...........	62,68
	3973	397,4	4,53138E-001	-1,32638E-002	0,00000E+000	4,54000E-001	4,43116E-005	13	...........	62,69
	3974	397,5	4,51322E-001	-1,47413E-002	0,00000E+000	4,52000E-001	4,01116E-005	13	...........	62,69
	3975	397,6	4,48905E-001	-1,41021E-002	0,00000E+000	4,50000E-001	3,81116E-005	13	...........	62,68
	3976	397,7	4,46915E-001	-1,50742E-002	0,00000E+000	4,48000E-001	3,87116E-005	13	...........	62,69
	3977	397,8	4,44999E-001	-1,46106E-002	0,00000E+000	4,46000E-001	2,97116E-005	13	...........	62,69
	3978	397,9	4,42934E-001	-1,50058E-002	0,00000E+000	4,44000E-001	4,93116E-005	13	...........	62,69
	3979	398	4,40940E-001	-1,45769E-002	0,00000E+000	4,42000E-001	4,43116E-005	13	...........	62,69
	3980	398,1	4,38945E-001	-1,59779E-002	0,00000E+000	4,40000E-001	3,19116E-005	13	...........	62,69
	3981	398,2	4,37088E-001	-1,54592E-002	0,00000E+000	4,38000E-001	2,97116E-005	13	...........	62,67
	3982	398,3	4,35088E-001	-1,60085E-002	0,00000E+000	4,36000E-001	4,19116E-005	13	...........	62,69
	3983	398,4	4,32963E-001	-1,57206E-002	0,00000E+000	4,34000E-001	4,13116E-005	13	...........	62,68
	3984	398,5	4,31018E-001	-1,66457E-002	0,00000E+000	4,32000E-001	4,41116E-005	13	...........	62,68
	3985	398,6	4,29158E-001	-1,57962E-002	0,00000E+000	4,30000E-001	4,25116E-005	13	...........	62,68
	3986	398,7	4,27459E-001	-1,70021E-002	0,00000E+000	4,28000E-001	4,83116E-005	13	...........	62,70
	3987	398,8	4,25149E-001	-1,66621E-002	0,00000E+000	4,26000E-001	4,63116E-005	13	...........	62,69
	3988	398,9	4,23140E-001	-1,76475E-002	0,00000E+000	4,24000E-001	4,21116E-005	13	...........	62,69
	3989	399	4,21082E-001	-1,69725E-002	0,00000E+000	4,22000E-001	3,13116E-005	13	...........	62,69
	3990	399,1	4,19027E-001	-1,83408E-002	0,00000E+000	4,20000E-001	3,89116E-005	13	...........	62,69
	3991	399,2	4,16996E-001	-1,75433E-002	0,00000E+000	4,18000E-001	4,23116E-005	13	...........	62,70
	3992	399,3	4,15058E-001	-1,83061E-002	0,00000E+000	4,16000E-001	3,93116E-005	13	...........	62,68
	3993	399,4	4,13141E-001	-1,77904E-002	0,00000E+000	4,14000E-001	3,99116E-005	13	...........	62,69
	3994	399,5	4,11333E-001	-1,90229E-002	0,00000E+000	4,12000E-001	3,69116E-005	13	...........	62,69
	3995	399,6	4,09002E-001	-1,82050E-002	0,00000E+000	4,10000E-001	4,81116E-005	13	...........	62,70
	3996	399,7	4,07062E-001	-1,93783E-002	0,00000E+000	4,08000E-001	3,81116E-005	13	...........	62,69
	3997	399,8	4,05163E-001	-1,85940E-002	0,00000E+000	4,06000E-001	3,37116E-005	13	...........	62,70
	3998	399,9	4,03456E-001	-1,94283E-002	0,00000E+000	4,04000E-001	4,63116E-005	13	...........	62,69
	3999	400	4,01036E-001	-1,89739E-002	0,00000E+000	4,02000E-001	3,53116E-005	13	...........	62,70
	4000	400,1	3,99175E-001	-2,01758E-002	0,00000E+000	4,00000E-001	4,39116E-005	13	...........	62,70
CURVE5	TABLE
	Pt	T	Vf	Im	Vu	Sig	Ach	IERange	Over	Temp
	#	s	V vs. Ref.	A	V	V	V	#	bits	deg C
	4001	400,2	4,00973E-001	-1,05557E-002	0,00000E+000	4,02000E-001	4,29116E-005	13	...........	62,70
	4002	400,3	4,03442E-001	-7,49135E-003	0,00000E+000	4,04000E-001	5,07116E-005	13	...........	62,70
	4003	400,4	4,05169E-001	-4,31361E-003	0,00000E+000	4,06000E-001	4,61116E-005	13	...........	62,69
	4004	400,5	4,07066E-001	-3,39971E-003	0,00000E+000	4,08000E-001	3,75116E-005	13	...........	62,70
	4005	400,6	4,08986E-001	-1,89763E-003	0,00000E+000	4,10000E-001	5,71116E-005	13	...........	62,70
	4006	400,7	4,11241E-001	-1,44527E-003	0,00000E+000	4,12000E-001	4,85116E-005	13	...........	62,70
	4007	400,8	4,13141E-001	4,56059E-004	0,00000E+000	4,14000E-001	3,29116E-005	13	...........	62,70
	4008	400,9	4,15009E-001	6,97044E-004	0,00000E+000	4,16000E-001	5,29116E-005	13	...........	62,70
	4009	401	4,16976E-001	1,74268E-003	0,00000E+000	4,18000E-001	5,63116E-005	13	...........	62,70
	4010	401,1	4,19018E-001	2,01940E-003	0,00000E+000	4,20000E-001	4,95116E-005	13	...........	62,70
	4011	401,2	4,21072E-001	3,46633E-003	0,00000E+000	4,22000E-001	5,05116E-005	13	...........	62,70
	4012	401,3	4,23081E-001	3,38260E-003	0,00000E+000	4,24000E-001	4,99116E-005	13	...........	62,70
	4013	401,4	4,24986E-001	4,13619E-003	0,00000E+000	4,26000E-001	5,37116E-005	13	...........	62,69
	4014	401,5	4,27291E-001	4,29140E-003	0,00000E+000	4,28000E-001	3,89116E-005	13	...........	62,70
	4015	401,6	4,29131E-001	4,98066E-003	0,00000E+000	4,30000E-001	4,47116E-005	13	...........	62,70
	4016	401,7	4,31001E-001	5,03478E-003	0,00000E+000	4,32000E-001	4,19116E-005	13	...........	62,70
	4017	401,8	4,32944E-001	5,86904E-003	0,00000E+000	4,34000E-001	5,41116E-005	13	...........	62,70
	4018	401,9	4,35077E-001	5,31253E-003	0,00000E+000	4,36000E-001	4,67116E-005	13	...........	62,70
	4019	402	4,37026E-001	6,38368E-003	0,00000E+000	4,38000E-001	3,73116E-005	13	...........	62,69
	4020	402,1	4,38945E-001	6,39287E-003	0,00000E+000	4,40000E-001	3,75116E-005	13	...........	62,70
	4021	402,2	4,40929E-001	6,20192E-003	0,00000E+000	4,42000E-001	4,71116E-005	13	...........	62,70
	4022	402,3	4,42957E-001	6,54400E-003	0,00000E+000	4,44000E-001	4,65116E-005	13	...........	62,69
	4023	402,4	4,44987E-001	7,36294E-003	0,00000E+000	4,46000E-001	2,95116E-005	13	...........	62,71
	4024	402,5	4,46901E-001	7,14851E-003	0,00000E+000	4,48000E-001	4,43116E-005	13	...........	62,70
	4025	402,6	4,48922E-001	7,57636E-003	0,00000E+000	4,50000E-001	4,83116E-005	13	...........	62,70
	4026	402,7	4,51318E-001	7,26389E-003	0,00000E+000	4,52000E-001	4,15116E-005	13	...........	62,71
	4027	402,8	4,53144E-001	8,25132E-003	0,00000E+000	4,54000E-001	4,29116E-005	13	...........	62,70
	4028	402,9	4,55016E-001	7,90924E-003	0,00000E+000	4,56000E-001	4,05116E-005	13	...........	62,70
	4029	403	4,56982E-001	8,04301E-003	0,00000E+000	4,58000E-001	4,97116E-005	13	...........	62,71
	4030	403,1	4,59029E-001	8,30748E-003	0,00000E+000	4,60000E-001	4,47116E-005	13	...........	62,70
	4031	403,2	4,61119E-001	8,56276E-003	0,00000E+000	4,62000E-001	3,91116E-005	13	...........	62,70
	4032	403,3	4,62932E-001	8,49741E-003	0,00000E+000	4,64000E-001	4,33116E-005	13	...........	62,71
	4033	403,4	4,64940E-001	8,96202E-003	0,00000E+000	4,66000E-001	3,77116E-005	13	...........	62,70
	4034	403,5	4,66934E-001	8,83745E-003	0,00000E+000	4,68000E-001	4,45116E-005	13	...........	62,71
	4035	403,6	4,69052E-001	9,15604E-003	0,00000E+000	4,70000E-001	3,33116E-005	13	...........	62,71
	4036	403,7	4,70884E-001	9,32350E-003	0,00000E+000	4,72000E-001	3,49116E-005	13	...........	62,71
	4037	403,8	4,72890E-001	9,33575E-003	0,00000E+000	4,74000E-001	4,37116E-005	13	...........	62,70
	4038	403,9	4,74987E-001	9,12336E-003	0,00000E+000	4,76000E-001	4,11116E-005	13	...........	62,71
	4039	404	4,77132E-001	9,54508E-003	0,00000E+000	4,78000E-001	2,91116E-005	13	...........	62,71
	4040	404,1	4,78995E-001	9,76871E-003	0,00000E+000	4,80000E-001	4,65116E-005	13	...........	62,70
	4041	404,2	4,80971E-001	9,60125E-003	0,00000E+000	4,82000E-001	4,45116E-005	13	...........	62,70
	4042	404,3	4,83206E-001	9,89635E-003	0,00000E+000	4,84000E-001	5,33116E-005	13	...........	62,71
	4043	404,4	4,85118E-001	1,03354E-002	0,00000E+000	4,86000E-001	4,45116E-005	13	...........	62,71
	4044	404,5	4,86930E-001	1,01782E-002	0,00000E+000	4,88000E-001	4,23116E-005	13	...........	62,69
	4045	404,6	4,88908E-001	1,01210E-002	0,00000E+000	4,90000E-001	4,25116E-005	13	...........	62,71
	4046	404,7	4,90924E-001	1,06040E-002	0,00000E+000	4,92000E-001	4,01116E-005	13	...........	62,71
	4047	404,8	4,93012E-001	1,04947E-002	0,00000E+000	4,94000E-001	4,13116E-005	13	...........	62,71
	4048	404,9	4,94831E-001	1,03395E-002	0,00000E+000	4,96000E-001	3,57116E-005	13	...........	62,71
	4049	405	4,96824E-001	1,05417E-002	0,00000E+000	4,98000E-001	3,49116E-005	13	...........	62,71
	4050	405,1	4,98813E-001	1,05080E-002	0,00000E+000	5,00000E-001	4,29116E-005	13	...........	62,71
	4051	405,2	5,01052E-001	1,02956E-002	0,00000E+000	5,02000E-001	3,65116E-005	13	...........	62,71
	4052	405,3	5,02931E-001	1,04794E-002	0,00000E+000	5,04000E-001	3,73116E-005	13	...........	62,71
	4053	405,4	5,04966E-001	1,09062E-002	0,00000E+000	5,06000E-001	6,05116E-005	13	...........	62,70
	4054	405,5	5,06945E-001	1,11309E-002	0,00000E+000	5,08000E-001	3,97116E-005	13	...........	62,70
	4055	405,6	5,09116E-001	1,10410E-002	0,00000E+000	5,10000E-001	3,69116E-005	13	...........	62,69
	4056	405,7	5,10905E-001	1,11513E-002	0,00000E+000	5,12000E-001	4,77116E-005	13	...........	62,71
	4057	405,8	5,12923E-001	1,10625E-002	0,00000E+000	5,14000E-001	4,95116E-005	13	...........	62,70
	4058	405,9	5,14936E-001	1,10237E-002	0,00000E+000	5,16000E-001	4,97116E-005	13	...........	62,71
	4059	406	5,17063E-001	1,12483E-002	0,00000E+000	5,18000E-001	3,97116E-005	13	...........	62,70
	4060	406,1	5,18839E-001	1,12340E-002	0,00000E+000	5,20000E-001	3,29116E-005	13	...........	62,69
	4061	406,2	5,20826E-001	1,11830E-002	0,00000E+000	5,22000E-001	4,63116E-005	13	...........	62,70
	4062	406,3	5,22808E-001	1,12310E-002	0,00000E+000	5,24000E-001	4,83116E-005	13	...........	62,70
	4063	406,4	5,24888E-001	1,12922E-002	0,00000E+000	5,26000E-001	3,63116E-005	13	...........	62,71
	4064	406,5	5,26977E-001	1,11135E-002	0,00000E+000	5,28000E-001	3,63116E-005	13	...........	62,71
	4065	406,6	5,28901E-001	1,11023E-002	0,00000E+000	5,30000E-001	4,43116E-005	13	...........	62,70
	4066	406,7	5,31163E-001	1,13719E-002	0,00000E+000	5,32000E-001	4,13116E-005	13	...........	62,71
	4067	406,8	5,33019E-001	1,11503E-002	0,00000E+000	5,34000E-001	5,31116E-005	13	...........	62,71
	4068	406,9	5,34865E-001	1,13178E-002	0,00000E+000	5,36000E-001	3,11116E-005	13	...........	62,70
	4069	407	5,36852E-001	1,14689E-002	0,00000E+000	5,38000E-001	4,57116E-005	13	...........	62,70
	4070	407,1	5,38856E-001	1,13137E-002	0,00000E+000	5,40000E-001	4,63116E-005	13	...........	62,69
	4071	407,2	5,40983E-001	1,12299E-002	0,00000E+000	5,42000E-001	4,07116E-005	13	...........	62,70
	4072	407,3	5,42802E-001	1,15312E-002	0,00000E+000	5,44000E-001	3,73116E-005	13	...........	62,70
	4073	407,4	5,44755E-001	1,13463E-002	0,00000E+000	5,46000E-001	3,43116E-005	13	...........	62,70
	4074	407,5	5,46741E-001	1,13463E-002	0,00000E+000	5,48000E-001	3,85116E-005	13	...........	62,71
	4075	407,6	5,48786E-001	1,15659E-002	0,00000E+000	5,50000E-001	4,05116E-005	13	...........	62,69
	4076	407,7	5,50912E-001	1,15250E-002	0,00000E+000	5,52000E-001	4,19116E-005	13	...........	62,70
	4077	407,8	5,52875E-001	1,11666E-002	0,00000E+000	5,54000E-001	4,19116E-005	13	...........	62,70
	4078	407,9	5,54841E-001	1,14485E-002	0,00000E+000	5,56000E-001	4,85116E-005	13	...........	62,70
	4079	408	5,57110E-001	1,11625E-002	0,00000E+000	5,58000E-001	4,99116E-005	13	...........	62,70
	4080	408,1	5,58876E-001	1,12718E-002	0,00000E+000	5,60000E-001	3,93116E-005	13	...........	62,71
	4081	408,2	5,60798E-001	1,12187E-002	0,00000E+000	5,62000E-001	4,23116E-005	13	...........	62,70
	4082	408,3	5,62790E-001	1,13790E-002	0,00000E+000	5,64000E-001	4,15116E-005	13	...........	62,70
	4083	408,4	5,65043E-001	1,12259E-002	0,00000E+000	5,66000E-001	4,05116E-005	13	...........	62,70
	4084	408,5	5,66797E-001	1,13555E-002	0,00000E+000	5,68000E-001	3,09116E-005	13	...........	62,72
	4085	408,6	5,68758E-001	1,14035E-002	0,00000E+000	5,70000E-001	3,11116E-005	13	...........	62,70
	4086	408,7	5,70698E-001	1,10451E-002	0,00000E+000	5,72000E-001	4,77116E-005	13	...........	62,71
	4087	408,8	5,72752E-001	1,09787E-002	0,00000E+000	5,74000E-001	4,37116E-005	13	...........	62,72
	4088	408,9	5,74748E-001	1,15598E-002	0,00000E+000	5,76000E-001	4,57116E-005	13	...........	62,72
	4089	409	5,76781E-001	1,08909E-002	0,00000E+000	5,78000E-001	4,29116E-005	13	...........	62,71
	4090	409,1	5,79111E-001	1,10952E-002	0,00000E+000	5,80000E-001	3,69116E-005	13	...........	62,70
	4091	409,2	5,81065E-001	1,10002E-002	0,00000E+000	5,82000E-001	5,21116E-005	13	...........	62,70
	4092	409,3	5,82861E-001	1,10002E-002	0,00000E+000	5,84000E-001	4,43116E-005	13	...........	62,71
	4093	409,4	5,84801E-001	1,08807E-002	0,00000E+000	5,86000E-001	4,37116E-005	13	...........	62,70
	4094	409,5	5,86693E-001	1,11299E-002	0,00000E+000	5,88000E-001	4,15116E-005	13	...........	62,69
	4095	409,6	5,89026E-001	1,09491E-002	0,00000E+000	5,90000E-001	3,89116E-005	13	...........	62,71
	4096	409,7	5,90757E-001	1,09747E-002	0,00000E+000	5,92000E-001	4,23116E-005	13	...........	62,71
	4097	409,8	5,92664E-001	1,11033E-002	0,00000E+000	5,94000E-001	3,89116E-005	13	...........	62,71
	4098	409,9	5,94647E-001	1,11707E-002	0,00000E+000	5,96000E-001	5,53116E-005	13	...........	62,70
	4099	410	5,96712E-001	1,06653E-002	0,00000E+000	5,98000E-001	4,47116E-005	13	...........	62,70
	4100	410,1	5,98718E-001	1,11064E-002	0,00000E+000	6,00000E-001	2,69116E-005	13	...........	62,70
	4101	410,2	6,00617E-001	1,08470E-002	0,00000E+000	6,02000E-001	4,63116E-005	13	...........	62,70
	4102	410,3	6,02641E-001	1,09011E-002	0,00000E+000	6,04000E-001	5,09116E-005	13	...........	62,71
	4103	410,4	6,05102E-001	1,08817E-002	0,00000E+000	6,06000E-001	4,35116E-005	13	...........	62,70
	4104	410,5	6,06824E-001	1,13178E-002	0,00000E+000	6,08000E-001	3,77116E-005	13	...........	62,71
	4105	410,6	6,08749E-001	1,07572E-002	0,00000E+000	6,10000E-001	4,07116E-005	13	...........	62,70
	4106	410,7	6,10726E-001	1,09461E-002	0,00000E+000	6,12000E-001	4,33116E-005	13	...........	62,71
	4107	410,8	6,12853E-001	1,07796E-002	0,00000E+000	6,14000E-001	4,09116E-005	13	...........	62,71
	4108	410,9	6,14767E-001	1,10727E-002	0,00000E+000	6,16000E-001	4,21116E-005	13	...........	62,71
	4109	411	6,16618E-001	1,02343E-002	0,00000E+000	6,18000E-001	4,31116E-005	13	...........	62,70
	4110	411,1	6,18588E-001	1,06765E-002	0,00000E+000	6,20000E-001	4,47116E-005	13	...........	62,71
	4111	411,2	6,20641E-001	1,06132E-002	0,00000E+000	6,22000E-001	4,91116E-005	13	...........	62,70
	4112	411,3	6,22705E-001	1,08215E-002	0,00000E+000	6,24000E-001	3,57116E-005	13	...........	62,72
	4113	411,4	6,24588E-001	1,08419E-002	0,00000E+000	6,26000E-001	3,63116E-005	13	...........	62,71
	4114	411,5	6,26575E-001	1,06724E-002	0,00000E+000	6,28000E-001	3,87116E-005	13	...........	62,72
	4115	411,6	6,28731E-001	1,04723E-002	0,00000E+000	6,30000E-001	4,55116E-005	13	...........	62,71
	4116	411,7	6,30763E-001	1,07173E-002	0,00000E+000	6,32000E-001	3,53116E-005	13	...........	62,71
	4117	411,8	6,32705E-001	1,07000E-002	0,00000E+000	6,34000E-001	5,49116E-005	13	...........	62,71
	4118	411,9	6,34602E-001	1,03303E-002	0,00000E+000	6,36000E-001	4,55116E-005	13	...........	62,72
	4119	412	6,36924E-001	1,04825E-002	0,00000E+000	6,38000E-001	4,19116E-005	13	...........	62,71
	4120	412,1	6,38737E-001	1,07214E-002	0,00000E+000	6,40000E-001	4,91116E-005	13	...........	62,71
	4121	412,2	6,40576E-001	1,03344E-002	0,00000E+000	6,42000E-001	3,57116E-005	13	...........	62,71
	4122	412,3	6,42565E-001	1,04988E-002	0,00000E+000	6,44000E-001	4,57116E-005	13	...........	62,71
	4123	412,4	6,44600E-001	1,02088E-002	0,00000E+000	6,46000E-001	4,91116E-005	13	...........	62,72
	4124	412,5	6,46673E-001	1,01925E-002	0,00000E+000	6,48000E-001	3,91116E-005	13	...........	62,70
	4125	412,6	6,48526E-001	1,02180E-002	0,00000E+000	6,50000E-001	3,57116E-005	13	...........	62,71
	4126	412,7	6,50513E-001	1,02742E-002	0,00000E+000	6,52000E-001	3,39116E-005	13	...........	62,71
	4127	412,8	6,52494E-001	1,03661E-002	0,00000E+000	6,54000E-001	4,51116E-005	13	...........	62,72
	4128	412,9	6,54710E-001	9,93924E-003	0,00000E+000	6,56000E-001	4,39116E-005	13	...........	62,71
	4129	413	6,56587E-001	1,04151E-002	0,00000E+000	6,58000E-001	3,17116E-005	13	...........	62,72
	4130	413,1	6,58638E-001	1,04059E-002	0,00000E+000	6,60000E-001	4,35116E-005	13	...........	62,71
	4131	413,2	6,60626E-001	9,99948E-003	0,00000E+000	6,62000E-001	4,99116E-005	13	...........	62,71
	4132	413,3	6,62724E-001	9,84734E-003	0,00000E+000	6,64000E-001	3,77116E-005	13	...........	62,71
	4133	413,4	6,64562E-001	1,02864E-002	0,00000E+000	6,66000E-001	5,19116E-005	13	...........	62,72
	4134	413,5	6,66566E-001	1,00730E-002	0,00000E+000	6,68000E-001	5,03116E-005	13	...........	62,71
	4135	413,6	6,68595E-001	1,00036E-002	0,00000E+000	6,70000E-001	4,03116E-005	13	...........	62,71
	4136	413,7	6,70696E-001	1,02977E-002	0,00000E+000	6,72000E-001	3,71116E-005	13	...........	62,70
	4137	413,8	6,72502E-001	1,00638E-002	0,00000E+000	6,74000E-001	3,53116E-005	13	...........	62,72
	4138	413,9	6,74492E-001	1,02292E-002	0,00000E+000	6,76000E-001	4,63116E-005	13	...........	62,72
	4139	414	6,76452E-001	1,02558E-002	0,00000E+000	6,78000E-001	4,85116E-005	13	...........	62,71
	4140	414,1	6,78590E-001	1,03661E-002	0,00000E+000	6,80000E-001	3,93116E-005	13	...........	62,72
	4141	414,2	6,80597E-001	9,90554E-003	0,00000E+000	6,82000E-001	3,97116E-005	13	...........	62,71
	4142	414,3	6,82554E-001	1,00832E-002	0,00000E+000	6,84000E-001	4,07116E-005	13	...........	62,71
	4143	414,4	6,84952E-001	1,00454E-002	0,00000E+000	6,86000E-001	4,47116E-005	13	...........	62,72
	4144	414,5	6,86682E-001	9,60533E-003	0,00000E+000	6,88000E-001	4,31116E-005	13	...........	62,72
	4145	414,6	6,88528E-001	9,85449E-003	0,00000E+000	6,90000E-001	3,55116E-005	13	...........	62,72
	4146	414,7	6,90535E-001	9,85653E-003	0,00000E+000	6,92000E-001	4,53116E-005	13	...........	62,73
	4147	414,8	6,92570E-001	9,67783E-003	0,00000E+000	6,94000E-001	4,73116E-005	13	...........	62,71
	4148	414,9	6,94670E-001	1,00424E-002	0,00000E+000	6,96000E-001	2,73116E-005	13	...........	62,73
	4149	415	6,96463E-001	9,97906E-003	0,00000E+000	6,98000E-001	4,25116E-005	13	...........	62,72
	4150	415,1	6,98419E-001	9,32861E-003	0,00000E+000	7,00000E-001	4,73116E-005	13	...........	62,73
	4151	415,2	7,00420E-001	9,59818E-003	0,00000E+000	7,02000E-001	4,55116E-005	13	...........	62,72
	4152	415,3	7,02518E-001	9,78505E-003	0,00000E+000	7,04000E-001	5,05116E-005	13	...........	62,73
	4153	415,4	7,04533E-001	9,76360E-003	0,00000E+000	7,06000E-001	4,39116E-005	13	...........	62,73
	4154	415,5	7,06557E-001	9,71459E-003	0,00000E+000	7,08000E-001	4,97116E-005	13	...........	62,74
	4155	415,6	7,08574E-001	1,00179E-002	0,00000E+000	7,10000E-001	4,99116E-005	13	...........	62,73
	4156	415,7	7,10718E-001	9,70030E-003	0,00000E+000	7,12000E-001	4,49116E-005	13	...........	62,74
	4157	415,8	7,12523E-001	1,00066E-002	0,00000E+000	7,14000E-001	4,87116E-005	13	...........	62,73
	4158	415,9	7,14476E-001	9,92801E-003	0,00000E+000	7,16000E-001	4,39116E-005	13	...........	62,72
	4159	416	7,16517E-001	9,69621E-003	0,00000E+000	7,18000E-001	5,17116E-005	13	...........	62,73
	4160	416,1	7,18694E-001	9,79832E-003	0,00000E+000	7,20000E-001	3,15116E-005	13	...........	62,73
	4161	416,2	7,20465E-001	9,90146E-003	0,00000E+000	7,22000E-001	4,53116E-005	13	...........	62,74
	4162	416,3	7,22427E-001	9,62882E-003	0,00000E+000	7,24000E-001	4,01116E-005	13	...........	62,74
	4163	416,4	7,24386E-001	9,44604E-003	0,00000E+000	7,26000E-001	4,57116E-005	13	...........	62,73
	4164	416,5	7,26507E-001	9,84632E-003	0,00000E+000	7,28000E-001	3,99116E-005	13	...........	62,74
	4165	416,6	7,28387E-001	9,67885E-003	0,00000E+000	7,30000E-001	3,45116E-005	13	...........	62,73
	4166	416,7	7,30455E-001	9,51445E-003	0,00000E+000	7,32000E-001	4,41116E-005	13	...........	62,74
	4167	416,8	7,32946E-001	9,90452E-003	0,00000E+000	7,34000E-001	3,65116E-005	13	...........	62,72
	4168	416,9	7,34719E-001	9,63699E-003	0,00000E+000	7,36000E-001	4,33116E-005	13	...........	62,74
	4169	417	7,36537E-001	9,15399E-003	0,00000E+000	7,38000E-001	4,95116E-005	13	...........	62,75
	4170	417,1	7,38480E-001	9,42868E-003	0,00000E+000	7,40000E-001	4,65116E-005	13	...........	62,74
	4171	417,2	7,40410E-001	9,74727E-003	0,00000E+000	7,42000E-001	4,11116E-005	13	...........	62,74
	4172	417,3	7,42679E-001	9,55734E-003	0,00000E+000	7,44000E-001	4,45116E-005	13	...........	62,73
	4173	417,4	7,44399E-001	9,39702E-003	0,00000E+000	7,46000E-001	4,05116E-005	13	...........	62,73
	4174	417,5	7,46330E-001	9,50322E-003	0,00000E+000	7,48000E-001	4,05116E-005	13	...........	62,74
	4175	417,6	7,48345E-001	9,40928E-003	0,00000E+000	7,50000E-001	4,97116E-005	13	...........	62,74
	4176	417,7	7,50443E-001	9,04576E-003	0,00000E+000	7,52000E-001	4,09116E-005	13	...........	62,73
	4177	417,8	7,52357E-001	9,69825E-003	0,00000E+000	7,54000E-001	3,59116E-005	13	...........	62,74
	4178	417,9	7,54287E-001	9,58797E-003	0,00000E+000	7,56000E-001	4,65116E-005	13	...........	62,75
	4179	418	7,56380E-001	9,43276E-003	0,00000E+000	7,58000E-001	4,35116E-005	13	...........	62,75
	4180	418,1	7,58714E-001	9,40723E-003	0,00000E+000	7,60000E-001	3,87116E-005	13	...........	62,75
	4181	418,2	7,60486E-001	9,49199E-003	0,00000E+000	7,62000E-001	4,89116E-005	13	...........	62,74
	4182	418,3	7,62446E-001	9,14991E-003	0,00000E+000	7,64000E-001	4,71116E-005	13	...........	62,74
	4183	418,4	7,64473E-001	9,41030E-003	0,00000E+000	7,66000E-001	4,81116E-005	13	...........	62,74
	4184	418,5	7,66628E-001	9,49403E-003	0,00000E+000	7,68000E-001	4,31116E-005	13	...........	62,75
	4185	418,6	7,68419E-001	9,23160E-003	0,00000E+000	7,70000E-001	3,73116E-005	13	...........	62,74
	4186	418,7	7,70342E-001	9,26632E-003	0,00000E+000	7,72000E-001	4,57116E-005	13	...........	62,75
	4187	418,8	7,72323E-001	9,51241E-003	0,00000E+000	7,74000E-001	4,37116E-005	13	...........	62,75
	4188	418,9	7,74429E-001	9,44604E-003	0,00000E+000	7,76000E-001	4,23116E-005	13	...........	62,74
	4189	419	7,76345E-001	9,33780E-003	0,00000E+000	7,78000E-001	3,65116E-005	13	...........	62,74
	4190	419,1	7,78257E-001	9,21118E-003	0,00000E+000	7,80000E-001	4,41116E-005	13	...........	62,75
	4191	419,2	7,80255E-001	9,17135E-003	0,00000E+000	7,82000E-001	4,73116E-005	13	...........	62,75
	4192	419,3	7,82483E-001	8,95794E-003	0,00000E+000	7,84000E-001	5,53116E-005	13	...........	62,75
	4193	419,4	7,84429E-001	9,21424E-003	0,00000E+000	7,86000E-001	4,35116E-005	13	...........	62,75
	4194	419,5	7,86389E-001	9,22241E-003	0,00000E+000	7,88000E-001	4,49116E-005	13	...........	62,74
	4195	419,6	7,88325E-001	9,19995E-003	0,00000E+000	7,90000E-001	4,21116E-005	13	...........	62,74
	4196	419,7	7,90674E-001	9,51547E-003	0,00000E+000	7,92000E-001	5,23116E-005	13	...........	62,75
	4197	419,8	7,92385E-001	9,59716E-003	0,00000E+000	7,94000E-001	4,01116E-005	13	...........	62,75
	4198	419,9	7,94278E-001	9,45625E-003	0,00000E+000	7,96000E-001	4,03116E-005	13	...........	62,75
	4199	420	7,96276E-001	9,30614E-003	0,00000E+000	7,98000E-001	4,17116E-005	13	...........	62,75
	4200	420,1	7,98394E-001	9,31431E-003	0,00000E+000	8,00000E-001	4,19116E-005	13	...........	62,75
	4201	420,2	8,00320E-001	9,29695E-003	0,00000E+000	8,02000E-001	3,05116E-005	13	...........	62,75
	4202	420,3	8,02212E-001	9,40621E-003	0,00000E+000	8,04000E-001	3,67116E-005	13	...........	62,74
	4203	420,4	8,04204E-001	9,34903E-003	0,00000E+000	8,06000E-001	4,55116E-005	13	...........	62,75
	4204	420,5	8,06199E-001	9,16318E-003	0,00000E+000	8,08000E-001	4,69116E-005	13	...........	62,75
	4205	420,6	8,08409E-001	9,21628E-003	0,00000E+000	8,10000E-001	4,39116E-005	13	...........	62,74
	4206	420,7	8,10265E-001	9,35924E-003	0,00000E+000	8,12000E-001	3,79116E-005	13	...........	62,75
	4207	420,8	8,12378E-001	9,23773E-003	0,00000E+000	8,14000E-001	5,09116E-005	13	...........	62,75
	4208	420,9	8,14345E-001	9,28980E-003	0,00000E+000	8,16000E-001	5,29116E-005	13	...........	62,75
	4209	421	8,16352E-001	9,16931E-003	0,00000E+000	8,18000E-001	3,71116E-005	13	...........	62,75
	4210	421,1	8,18236E-001	9,26223E-003	0,00000E+000	8,20000E-001	4,45116E-005	13	...........	62,76
	4211	421,2	8,20226E-001	9,56449E-003	0,00000E+000	8,22000E-001	4,49116E-005	13	...........	62,74
	4212	421,3	8,22317E-001	9,38273E-003	0,00000E+000	8,24000E-001	4,59116E-005	13	...........	62,76
	4213	421,4	8,24313E-001	9,71357E-003	0,00000E+000	8,26000E-001	4,13116E-005	13	...........	62,75
	4214	421,5	8,26161E-001	9,66558E-003	0,00000E+000	8,28000E-001	4,23116E-005	13	...........	62,76
	4215	421,6	8,28144E-001	9,30410E-003	0,00000E+000	8,30000E-001	4,77116E-005	13	...........	62,75
	4216	421,7	8,30110E-001	9,56755E-003	0,00000E+000	8,32000E-001	4,87116E-005	13	...........	62,76
	4217	421,8	8,32311E-001	9,78709E-003	0,00000E+000	8,34000E-001	4,35116E-005	13	...........	62,76
	4218	421,9	8,34238E-001	9,42561E-003	0,00000E+000	8,36000E-001	4,97116E-005	13	...........	62,75
	4219	422	8,36191E-001	9,74625E-003	0,00000E+000	8,38000E-001	3,79116E-005	13	...........	62,75
	4220	422,1	8,38624E-001	1,00138E-002	0,00000E+000	8,40000E-001	4,11116E-005	13	...........	62,74
	4221	422,2	8,40324E-001	9,82998E-003	0,00000E+000	8,42000E-001	4,33116E-005	13	...........	62,74
	4222	422,3	8,42114E-001	9,66456E-003	0,00000E+000	8,44000E-001	3,87116E-005	13	...........	62,75
	4223	422,4	8,44135E-001	1,02149E-002	0,00000E+000	8,46000E-001	3,57116E-005	13	...........	62,76
	4224	422,5	8,46178E-001	9,89635E-003	0,00000E+000	8,48000E-001	4,47116E-005	13	...........	62,75
	4225	422,6	8,48247E-001	9,82283E-003	0,00000E+000	8,50000E-001	3,39116E-005	13	...........	62,74
	4226	422,7	8,50085E-001	1,03436E-002	0,00000E+000	8,52000E-001	5,21116E-005	13	...........	62,75
	4227	422,8	8,52080E-001	1,01782E-002	0,00000E+000	8,54000E-001	3,67116E-005	13	...........	62,75
	4228	422,9	8,54078E-001	9,79015E-003	0,00000E+000	8,56000E-001	4,97116E-005	13	...........	62,75
	4229	423	8,56165E-001	1,02680E-002	0,00000E+000	8,58000E-001	4,31116E-005	13	...........	62,75
	4230	423,1	8,58163E-001	1,09256E-002	0,00000E+000	8,60000E-001	3,95116E-005	13	...........	62,75
	4231	423,2	8,60165E-001	1,05877E-002	0,00000E+000	8,62000E-001	3,97116E-005	13	...........	62,74
	4232	423,3	8,62204E-001	1,07041E-002	0,00000E+000	8,64000E-001	3,95116E-005	13	...........	62,75
	4233	423,4	8,64339E-001	1,07357E-002	0,00000E+000	8,66000E-001	5,27116E-005	13	...........	62,75
	4234	423,5	8,66170E-001	1,07960E-002	0,00000E+000	8,68000E-001	4,25116E-005	13	...........	62,75
	4235	423,6	8,68117E-001	1,06060E-002	0,00000E+000	8,70000E-001	4,05116E-005	13	...........	62,75
	4236	423,7	8,70234E-001	1,11503E-002	0,00000E+000	8,72000E-001	4,27116E-005	13	...........	62,75
	4237	423,8	8,72293E-001	1,08348E-002	0,00000E+000	8,74000E-001	3,01116E-005	13	...........	62,76
	4238	423,9	8,74080E-001	1,07949E-002	0,00000E+000	8,76000E-001	3,29116E-005	13	...........	62,76
	4239	424	8,76064E-001	1,07143E-002	0,00000E+000	8,78000E-001	4,21116E-005	13	...........	62,75
	4240	424,1	8,78003E-001	1,12677E-002	0,00000E+000	8,80000E-001	3,67116E-005	13	...........	62,76
	4241	424,2	8,80095E-001	1,11360E-002	0,00000E+000	8,82000E-001	3,37116E-005	13	...........	62,75
	4242	424,3	8,82014E-001	1,14740E-002	0,00000E+000	8,84000E-001	3,15116E-005	13	...........	62,76
	4243	424,4	8,84088E-001	1,11340E-002	0,00000E+000	8,86000E-001	4,37116E-005	13	...........	62,76
	4244	424,5	8,86586E-001	1,16261E-002	0,00000E+000	8,88000E-001	4,27116E-005	13	...........	62,75
	4245	424,6	8,88320E-001	1,14965E-002	0,00000E+000	8,90000E-001	3,27116E-005	13	...........	62,75
	4246	424,7	8,90161E-001	1,18743E-002	0,00000E+000	8,92000E-001	3,69116E-005	13	...........	62,78
	4247	424,8	8,92126E-001	1,15261E-002	0,00000E+000	8,94000E-001	5,11116E-005	13	...........	62,76
	4248	424,9	8,94078E-001	1,20816E-002	0,00000E+000	8,96000E-001	4,07116E-005	13	...........	62,75
	4249	425	8,96286E-001	1,18140E-002	0,00000E+000	8,98000E-001	3,57116E-005	13	...........	62,76
	4250	425,1	8,98053E-001	1,22919E-002	0,00000E+000	9,00000E-001	3,77116E-005	13	...........	62,76
	4251	425,2	9,00000E-001	1,22072E-002	0,00000E+000	9,02000E-001	3,51116E-005	13	...........	62,76
	4252	425,3	9,01972E-001	1,26810E-002	0,00000E+000	9,04000E-001	4,31116E-005	13	...........	62,76
	4253	425,4	9,04111E-001	1,25288E-002	0,00000E+000	9,06000E-001	3,39116E-005	13	...........	62,75
	4254	425,5	9,05981E-001	1,26861E-002	0,00000E+000	9,08000E-001	3,39116E-005	13	...........	62,75
	4255	425,6	9,07937E-001	1,25513E-002	0,00000E+000	9,10000E-001	4,01116E-005	13	...........	62,76
	4256	425,7	9,10022E-001	1,34785E-002	0,00000E+000	9,12000E-001	3,81116E-005	13	...........	62,75
	4257	425,8	9,12316E-001	1,26585E-002	0,00000E+000	9,14000E-001	4,53116E-005	13	...........	62,75
	4258	425,9	9,14126E-001	1,33927E-002	0,00000E+000	9,16000E-001	3,75116E-005	13	...........	62,76
	4259	426	9,16061E-001	1,32364E-002	0,00000E+000	9,18000E-001	4,41116E-005	13	...........	62,75
	4260	426,1	9,18051E-001	1,39900E-002	0,00000E+000	9,20000E-001	4,49116E-005	13	...........	62,74
	4261	426,2	9,20227E-001	1,34856E-002	0,00000E+000	9,22000E-001	4,03116E-005	13	...........	62,76
	4262	426,3	9,22087E-001	1,43944E-002	0,00000E+000	9,24000E-001	4,41116E-005	13	...........	62,76
	4263	426,4	9,24024E-001	1,39206E-002	0,00000E+000	9,26000E-001	3,91116E-005	13	...........	62,76
	4264	426,5	9,25931E-001	1,42994E-002	0,00000E+000	9,28000E-001	3,83116E-005	13	...........	62,75
	4265	426,6	9,28033E-001	1,43770E-002	0,00000E+000	9,30000E-001	4,37116E-005	13	...........	62,74
	4266	426,7	9,29984E-001	1,52869E-002	0,00000E+000	9,32000E-001	3,27116E-005	13	...........	62,75
	4267	426,8	9,31923E-001	1,45026E-002	0,00000E+000	9,34000E-001	3,41116E-005	13	...........	62,77
	4268	426,9	9,33884E-001	1,53277E-002	0,00000E+000	9,36000E-001	5,07116E-005	13	...........	62,77
	4269	427	9,36165E-001	1,53104E-002	0,00000E+000	9,38000E-001	4,17116E-005	13	...........	62,76
	4270	427,1	9,38082E-001	1,54431E-002	0,00000E+000	9,40000E-001	3,71116E-005	13	...........	62,75
	4271	427,2	9,40048E-001	1,59904E-002	0,00000E+000	9,42000E-001	4,53116E-005	13	...........	62,77
	4272	427,3	9,41867E-001	1,66562E-002	0,00000E+000	9,44000E-001	4,41116E-005	13	...........	62,76
	4273	427,4	9,44223E-001	1,62263E-002	0,00000E+000	9,46000E-001	2,53116E-005	13	...........	62,76
	4274	427,5	9,46007E-001	1,69625E-002	0,00000E+000	9,48000E-001	3,39116E-005	13	...........	62,76
	4275	427,6	9,47891E-001	1,68962E-002	0,00000E+000	9,50000E-001	4,53116E-005	13	...........	62,76
	4276	427,7	9,49823E-001	1,76467E-002	0,00000E+000	9,52000E-001	3,93116E-005	13	...........	62,77
	4277	427,8	9,52003E-001	1,75762E-002	0,00000E+000	9,54000E-001	4,75116E-005	13	...........	62,77
	4278	427,9	9,53936E-001	1,80878E-002	0,00000E+000	9,56000E-001	3,81116E-005	13	...........	62,77
	4279	428	9,55849E-001	1,79591E-002	0,00000E+000	9,58000E-001	3,85116E-005	13	...........	62,76
	4280	428,1	9,57798E-001	1,83084E-002	0,00000E+000	9,60000E-001	5,47116E-005	13	...........	62,76
	4281	428,2	9,59832E-001	1,87975E-002	0,00000E+000	9,62000E-001	5,19116E-005	13	...........	62,76
	4282	428,3	9,62043E-001	1,94122E-002	0,00000E+000	9,64000E-001	3,53116E-005	13	...........	62,76
	4283	428,4	9,63918E-001	1,89558E-002	0,00000E+000	9,66000E-001	4,49116E-005	13	...........	62,76
	4284	428,5	9,65894E-001	1,97042E-002	0,00000E+000	9,68000E-001	5,35116E-005	13	...........	62,75
	4285	428,6	9,68000E-001	1,96379E-002	0,00000E+000	9,70000E-001	4,57116E-005	13	...........	62,76
	4286	428,7	9,69968E-001	2,02291E-002	0,00000E+000	9,72000E-001	4,21116E-005	13	...........	62,76
	4287	428,8	9,71887E-001	2,01168E-002	0,00000E+000	9,74000E-001	4,13116E-005	13	...........	62,77
	4288	428,9	9,73820E-001	2,08806E-002	0,00000E+000	9,76000E-001	4,11116E-005	13	...........	62,76
	4289	429	9,76000E-001	2,07897E-002	0,00000E+000	9,78000E-001	4,43116E-005	13	...........	62,75
	4290	429,1	9,77921E-001	2,14034E-002	0,00000E+000	9,80000E-001	4,23116E-005	13	...........	62,76
	4291	429,2	9,79832E-001	2,11134E-002	0,00000E+000	9,82000E-001	4,73116E-005	13	...........	62,77
	4292	429,3	9,81789E-001	2,14882E-002	0,00000E+000	9,84000E-001	4,33116E-005	13	...........	62,77
	4293	429,4	9,83819E-001	2,16679E-002	0,00000E+000	9,86000E-001	4,07116E-005	13	...........	62,76
	4294	429,5	9,85956E-001	2,24347E-002	0,00000E+000	9,88000E-001	4,13116E-005	13	...........	62,76
	4295	429,6	9,87891E-001	2,24164E-002	0,00000E+000	9,90000E-001	4,57116E-005	13	...........	62,76
	4296	429,7	9,89812E-001	2,27084E-002	0,00000E+000	9,92000E-001	3,55116E-005	13	...........	62,76
	4297	429,8	9,92254E-001	2,29821E-002	0,00000E+000	9,94000E-001	4,61116E-005	13	...........	62,77
	4298	429,9	9,93973E-001	2,33313E-002	0,00000E+000	9,96000E-001	3,87116E-005	13	...........	62,77
	4299	430	9,95828E-001	2,27380E-002	0,00000E+000	9,98000E-001	4,19116E-005	13	...........	62,76
	4300	430,1	9,97796E-001	2,34814E-002	0,00000E+000	1,00000E+000	5,47116E-005	13	...........	62,77
	4301	430,2	9,99937E-001	2,37183E-002	0,00000E+000	1,00200E+000	5,19116E-005	13	...........	62,77
	4302	430,3	1,00191E+000	2,39797E-002	0,00000E+000	1,00400E+000	4,47116E-005	13	...........	62,76
	4303	430,4	1,00378E+000	2,38081E-002	0,00000E+000	1,00600E+000	4,95116E-005	13	...........	62,76
	4304	430,5	1,00575E+000	2,40767E-002	0,00000E+000	1,00800E+000	4,95116E-005	13	...........	62,76
	4305	430,6	1,00776E+000	2,40359E-002	0,00000E+000	1,01000E+000	3,85116E-005	13	...........	62,77
	4306	430,7	1,00985E+000	2,43841E-002	0,00000E+000	1,01200E+000	3,31116E-005	13	...........	62,76
	4307	430,8	1,01181E+000	2,45913E-002	0,00000E+000	1,01400E+000	3,73116E-005	13	...........	62,76
	4308	430,9	1,01380E+000	2,44392E-002	0,00000E+000	1,01600E+000	5,77116E-005	13	...........	62,77
	4309	431	1,01612E+000	2,45342E-002	0,00000E+000	1,01800E+000	4,91116E-005	13	...........	62,75
	4310	431,1	1,01796E+000	2,52234E-002	0,00000E+000	1,02000E+000	4,93116E-005	13	...........	62,77
	4311	431,2	1,01982E+000	2,48089E-002	0,00000E+000	1,02200E+000	5,05116E-005	13	...........	62,76
	4312	431,3	1,02179E+000	2,50529E-002	0,00000E+000	1,02400E+000	4,61116E-005	13	...........	62,76
	4313	431,4	1,02394E+000	2,50233E-002	0,00000E+000	1,02600E+000	5,27116E-005	13	...........	62,76
	4314	431,5	1,02590E+000	2,51091E-002	0,00000E+000	1,02800E+000	4,05116E-005	13	...........	62,77
	4315	431,6	1,02774E+000	2,55155E-002	0,00000E+000	1,03000E+000	4,33116E-005	13	...........	62,75
	4316	431,7	1,02974E+000	2,53521E-002	0,00000E+000	1,03200E+000	5,63116E-005	13	...........	62,76
	4317	431,8	1,03174E+000	2,57830E-002	0,00000E+000	1,03400E+000	4,67116E-005	13	...........	62,76
	4318	431,9	1,03382E+000	2,54920E-002	0,00000E+000	1,03600E+000	4,35116E-005	13	...........	62,77
	4319	432	1,03568E+000	2,56329E-002	0,00000E+000	1,03800E+000	4,55116E-005	13	...........	62,77
	4320	432,1	1,03774E+000	2,57554E-002	0,00000E+000	1,04000E+000	4,45116E-005	13	...........	62,77
	4321	432,2	1,04002E+000	2,50560E-002	0,00000E+000	1,04200E+000	4,81116E-005	13	...........	62,77
	4322	432,3	1,04193E+000	2,55532E-002	0,00000E+000	1,04400E+000	3,79116E-005	13	...........	62,77
	4323	432,4	1,04379E+000	2,61036E-002	0,00000E+000	1,04600E+000	5,29116E-005	13	...........	62,78
	4324	432,5	1,04574E+000	2,55767E-002	0,00000E+000	1,04800E+000	4,65116E-005	13	...........	62,77
	4325	432,6	1,04780E+000	2,54379E-002	0,00000E+000	1,05000E+000	4,79116E-005	13	...........	62,77
	4326	432,7	1,04989E+000	2,58453E-002	0,00000E+000	1,05200E+000	3,65116E-005	13	...........	62,77
	4327	432,8	1,05169E+000	2,60291E-002	0,00000E+000	1,05400E+000	3,89116E-005	13	...........	62,76
	4328	432,9	1,05367E+000	2,57503E-002	0,00000E+000	1,05600E+000	3,63116E-005	13	...........	62,77
	4329	433	1,05568E+000	2,58494E-002	0,00000E+000	1,05800E+000	4,91116E-005	13	...........	62,77
	4330	433,1	1,05778E+000	2,58708E-002	0,00000E+000	1,06000E+000	4,51116E-005	13	...........	62,77
	4331	433,2	1,05962E+000	2,55910E-002	0,00000E+000	1,06200E+000	3,93116E-005	13	...........	62,77
	4332	433,3	1,06158E+000	2,54613E-002	0,00000E+000	1,06400E+000	4,33116E-005	13	...........	62,77
	4333	433,4	1,06374E+000	2,63109E-002	0,00000E+000	1,06600E+000	4,73116E-005	13	...........	62,78
	4334	433,5	1,06592E+000	2,57187E-002	0,00000E+000	1,06800E+000	3,65116E-005	13	...........	62,76
	4335	433,6	1,06773E+000	2,57840E-002	0,00000E+000	1,07000E+000	5,23116E-005	13	...........	62,78
	4336	433,7	1,06975E+000	2,61567E-002	0,00000E+000	1,07200E+000	5,07116E-005	13	...........	62,77
	4337	433,8	1,07187E+000	2,58310E-002	0,00000E+000	1,07400E+000	5,05116E-005	13	...........	62,76
	4338	433,9	1,07390E+000	2,59045E-002	0,00000E+000	1,07600E+000	4,69116E-005	13	...........	62,77
	4339	434	1,07570E+000	2,63569E-002	0,00000E+000	1,07800E+000	4,11116E-005	13	...........	62,76
	4340	434,1	1,07764E+000	2,56901E-002	0,00000E+000	1,08000E+000	3,91116E-005	13	...........	62,78
	4341	434,2	1,07965E+000	2,62507E-002	0,00000E+000	1,08200E+000	4,25116E-005	13	...........	62,77
	4342	434,3	1,08176E+000	2,62925E-002	0,00000E+000	1,08400E+000	4,81116E-005	13	...........	62,76
	4343	434,4	1,08361E+000	2,64906E-002	0,00000E+000	1,08600E+000	4,69116E-005	13	...........	62,77
	4344	434,5	1,08558E+000	2,60403E-002	0,00000E+000	1,08800E+000	3,93116E-005	13	...........	62,77
	4345	434,6	1,08758E+000	2,70196E-002	0,00000E+000	1,09000E+000	4,37116E-005	13	...........	62,78
	4346	434,7	1,08984E+000	2,66918E-002	0,00000E+000	1,09200E+000	4,57116E-005	13	...........	62,77
	4347	434,8	1,09170E+000	2,65907E-002	0,00000E+000	1,09400E+000	4,53116E-005	13	...........	62,77
	4348	434,9	1,09371E+000	2,68491E-002	0,00000E+000	1,09600E+000	5,17116E-005	13	...........	62,77
	4349	435	1,09571E+000	2,70553E-002	0,00000E+000	1,09800E+000	5,31116E-005	13	...........	62,77
	4350	435,1	1,09790E+000	2,71717E-002	0,00000E+000	1,10000E+000	4,07116E-005	13	...........	62,76
	4351	435,2	1,09967E+000	2,74924E-002	0,00000E+000	1,10200E+000	5,23116E-005	13	...........	62,77
	4352	435,3	1,10163E+000	2,72565E-002	0,00000E+000	1,10400E+000	5,11116E-005	13	...........	62,76
	4353	435,4	1,10359E+000	2,79897E-002	0,00000E+000	1,10600E+000	5,31116E-005	13	...........	62,75
	4354	435,5	1,10575E+000	2,72361E-002	0,00000E+000	1,10800E+000	4,19116E-005	13	...........	62,77
	4355	435,6	1,10757E+000	2,81898E-002	0,00000E+000	1,11000E+000	2,77116E-005	13	...........	62,77
	4356	435,7	1,10955E+000	2,83154E-002	0,00000E+000	1,11200E+000	4,39116E-005	13	...........	62,77
	4357	435,8	1,11151E+000	2,85839E-002	0,00000E+000	1,11400E+000	4,77116E-005	13	...........	62,77
	4358	435,9	1,11355E+000	2,83940E-002	0,00000E+000	1,11600E+000	5,21116E-005	13	...........	62,76
	4359	436	1,11574E+000	2,92191E-002	0,00000E+000	1,11800E+000	3,65116E-005	13	...........	62,77
	4360	436,1	1,11767E+000	2,87361E-002	0,00000E+000	1,12000E+000	3,61116E-005	13	...........	62,76
	4361	436,2	1,11982E+000	2,95693E-002	0,00000E+000	1,12200E+000	5,27116E-005	13	...........	62,77
	4362	436,3	1,12169E+000	2,94601E-002	0,00000E+000	1,12400E+000	4,95116E-005	13	...........	62,78
	4363	436,4	1,12363E+000	2,97123E-002	0,00000E+000	1,12600E+000	4,41116E-005	13	...........	62,76
	4364	436,5	1,12558E+000	2,94070E-002	0,00000E+000	1,12800E+000	4,65116E-005	13	...........	62,76
	4365	436,6	1,12757E+000	3,03913E-002	0,00000E+000	1,13000E+000	5,59116E-005	13	...........	62,76
	4366	436,7	1,12976E+000	3,02565E-002	0,00000E+000	1,13200E+000	4,19116E-005	13	...........	62,76
	4367	436,8	1,13160E+000	3,08733E-002	0,00000E+000	1,13400E+000	4,39116E-005	13	...........	62,77
	4368	436,9	1,13353E+000	3,05986E-002	0,00000E+000	1,13600E+000	4,59116E-005	13	...........	62,77
	4369	437	1,13550E+000	3,13052E-002	0,00000E+000	1,13800E+000	4,73116E-005	13	...........	62,77
	4370	437,1	1,13754E+000	3,08120E-002	0,00000E+000	1,14000E+000	4,13116E-005	13	...........	62,77
	4371	437,2	1,13971E+000	3,22661E-002	0,00000E+000	1,14200E+000	4,61116E-005	13	...........	62,77
	4372	437,3	1,14164E+000	3,19945E-002	0,00000E+000	1,14400E+000	4,87116E-005	13	...........	62,77
	4373	437,4	1,14358E+000	3,23304E-002	0,00000E+000	1,14600E+000	5,19116E-005	13	...........	62,78
	4374	437,5	1,14589E+000	3,30381E-002	0,00000E+000	1,14800E+000	3,93116E-005	13	...........	62,76
	4375	437,6	1,14764E+000	3,34761E-002	0,00000E+000	1,15000E+000	4,53116E-005	13	...........	62,77
	4376	437,7	1,14953E+000	3,28175E-002	0,00000E+000	1,15200E+000	4,51116E-005	13	...........	62,77
	4377	437,8	1,15143E+000	3,41358E-002	0,00000E+000	1,15400E+000	5,05116E-005	13	...........	62,76
	4378	437,9	1,15364E+000	3,43267E-002	0,00000E+000	1,15600E+000	4,17116E-005	13	...........	62,77
	4379	438	1,15555E+000	3,49302E-002	0,00000E+000	1,15800E+000	3,67116E-005	13	...........	62,77
	4380	438,1	1,15746E+000	3,46545E-002	0,00000E+000	1,16000E+000	3,97116E-005	13	...........	62,77
	4381	438,2	1,15939E+000	3,55358E-002	0,00000E+000	1,16200E+000	4,85116E-005	13	...........	62,77
	4382	438,3	1,16144E+000	3,46076E-002	0,00000E+000	1,16400E+000	5,05116E-005	13	...........	62,78
	4383	438,4	1,16349E+000	3,62383E-002	0,00000E+000	1,16600E+000	4,63116E-005	13	...........	62,78
	4384	438,5	1,16552E+000	3,63445E-002	0,00000E+000	1,16800E+000	4,15116E-005	13	...........	62,77
	4385	438,6	1,16745E+000	3,70817E-002	0,00000E+000	1,17000E+000	4,63116E-005	13	...........	62,78
	4386	438,7	1,16986E+000	3,67417E-002	0,00000E+000	1,17200E+000	5,17116E-005	13	...........	62,77
	4387	438,8	1,17159E+000	3,77332E-002	0,00000E+000	1,17400E+000	3,65116E-005	13	...........	62,77
	4388	438,9	1,17351E+000	3,76495E-002	0,00000E+000	1,17600E+000	4,65116E-005	13	...........	62,77
	4389	439	1,17541E+000	3,81386E-002	0,00000E+000	1,17800E+000	4,37116E-005	13	...........	62,77
	4390	439,1	1,17767E+000	3,89310E-002	0,00000E+000	1,18000E+000	4,83116E-005	13	...........	62,77
	4391	439,2	1,17953E+000	3,98725E-002	0,00000E+000	1,18200E+000	4,11116E-005	13	...........	62,77
	4392	439,3	1,18144E+000	3,94834E-002	0,00000E+000	1,18400E+000	5,25116E-005	13	...........	62,77
	4393	439,4	1,18341E+000	4,02758E-002	0,00000E+000	1,18600E+000	4,31116E-005	13	...........	62,76
	4394	439,5	1,18546E+000	3,97969E-002	0,00000E+000	1,18800E+000	4,67116E-005	13	...........	62,76
	4395	439,6	1,18749E+000	4,11785E-002	0,00000E+000	1,19000E+000	3,93116E-005	13	...........	62,77
	4396	439,7	1,18939E+000	4,05852E-002	0,00000E+000	1,19200E+000	5,27116E-005	13	...........	62,76
	4397	439,8	1,19143E+000	4,20995E-002	0,00000E+000	1,19400E+000	4,91116E-005	13	...........	62,77
	4398	439,9	1,19386E+000	4,15165E-002	0,00000E+000	1,19600E+000	3,91116E-005	13	...........	62,76
	4399	440	1,19557E+000	4,25733E-002	0,00000E+000	1,19800E+000	4,21116E-005	13	...........	62,77
	4400	440,1	1,19751E+000	4,22425E-002	0,00000E+000	1,20000E+000	4,31116E-005	13	...........	62,77
	4401	440,2	1,19948E+000	4,34944E-002	0,00000E+000	1,20200E+000	4,49116E-005	13	...........	62,77
	4402	440,3	1,20175E+000	4,29307E-002	0,00000E+000	1,20400E+000	2,83116E-005	13	...........	62,78
	4403	440,4	1,20354E+000	4,39028E-002	0,00000E+000	1,20600E+000	3,93116E-005	13	...........	62,77
	4404	440,5	1,20540E+000	4,35414E-002	0,00000E+000	1,20800E+000	3,77116E-005	13	...........	62,75
	4405	440,6	1,20737E+000	4,40499E-002	0,00000E+000	1,21000E+000	4,43116E-005	13	...........	62,77
	4406	440,7	1,20941E+000	4,44726E-002	0,00000E+000	1,21200E+000	4,77116E-005	13	...........	62,76
	4407	440,8	1,21148E+000	4,56081E-002	0,00000E+000	1,21400E+000	2,35116E-005	13	...........	62,77
	4408	440,9	1,21335E+000	4,46064E-002	0,00000E+000	1,21600E+000	3,89116E-005	13	...........	62,77
	4409	441	1,21533E+000	4,54468E-002	0,00000E+000	1,21800E+000	4,27116E-005	13	...........	62,77
	4410	441,1	1,21748E+000	4,41928E-002	0,00000E+000	1,22000E+000	4,77116E-005	13	...........	62,77
	4411	441,2	1,21955E+000	4,64751E-002	0,00000E+000	1,22200E+000	3,61116E-005	13	...........	62,77
	4412	441,3	1,22147E+000	4,55264E-002	0,00000E+000	1,22400E+000	4,91116E-005	13	...........	62,77
	4413	441,4	1,22339E+000	4,68131E-002	0,00000E+000	1,22600E+000	5,35116E-005	13	...........	62,77
	4414	441,5	1,22568E+000	4,66374E-002	0,00000E+000	1,22800E+000	3,45116E-005	13	...........	62,77
	4415	441,6	1,22753E+000	4,69958E-002	0,00000E+000	1,23000E+000	3,57116E-005	13	...........	62,78
	4416	441,7	1,22948E+000	4,66323E-002	0,00000E+000	1,23200E+000	4,47116E-005	13	...........	62,77
	4417	441,8	1,23141E+000	4,77821E-002	0,00000E+000	1,23400E+000	4,55116E-005	13	...........	62,77
	4418	441,9	1,23348E+000	4,69438E-002	0,00000E+000	1,23600E+000	3,59116E-005	13	...........	62,77
	4419	442	1,23550E+000	4,75360E-002	0,00000E+000	1,23800E+000	3,87116E-005	13	...........	62,76
	4420	442,1	1,23738E+000	4,75697E-002	0,00000E+000	1,24000E+000	4,33116E-005	13	...........	62,77
	4421	442,2	1,23935E+000	4,77709E-002	0,00000E+000	1,24200E+000	4,13116E-005	13	...........	62,78
	4422	442,3	1,24133E+000	4,77668E-002	0,00000E+000	1,24400E+000	4,39116E-005	13	...........	62,77
	4423	442,4	1,24359E+000	4,89891E-002	0,00000E+000	1,24600E+000	3,65116E-005	13	...........	62,76
	4424	442,5	1,24547E+000	4,80874E-002	0,00000E+000	1,24800E+000	3,81116E-005	13	...........	62,75
	4425	442,6	1,24744E+000	4,84295E-002	0,00000E+000	1,25000E+000	5,21116E-005	13	...........	62,76
	4426	442,7	1,24948E+000	4,86592E-002	0,00000E+000	1,25200E+000	4,27116E-005	13	...........	62,78
	4427	442,8	1,25152E+000	4,92586E-002	0,00000E+000	1,25400E+000	4,15116E-005	13	...........	62,76
	4428	442,9	1,25338E+000	4,86929E-002	0,00000E+000	1,25600E+000	3,89116E-005	13	...........	62,76
	4429	443	1,25536E+000	4,97120E-002	0,00000E+000	1,25800E+000	4,21116E-005	13	...........	62,77
	4430	443,1	1,25737E+000	4,91545E-002	0,00000E+000	1,26000E+000	4,03116E-005	13	...........	62,77
	4431	443,2	1,25945E+000	4,95109E-002	0,00000E+000	1,26200E+000	3,69116E-005	13	...........	62,76
	4432	443,3	1,26131E+000	4,94292E-002	0,00000E+000	1,26400E+000	4,15116E-005	13	...........	62,77
	4433	443,4	1,26329E+000	5,03972E-002	0,00000E+000	1,26600E+000	4,29116E-005	13	...........	62,77
	4434	443,5	1,26527E+000	4,96957E-002	0,00000E+000	1,26800E+000	4,65116E-005	13	...........	62,76
	4435	443,6	1,26735E+000	5,08424E-002	0,00000E+000	1,27000E+000	4,29116E-005	13	...........	62,76
	4436	443,7	1,26940E+000	5,05790E-002	0,00000E+000	1,27200E+000	3,61116E-005	13	...........	62,77
	4437	443,8	1,27134E+000	5,13203E-002	0,00000E+000	1,27400E+000	4,79116E-005	13	...........	62,75
	4438	443,9	1,27361E+000	5,15337E-002	0,00000E+000	1,27600E+000	4,31116E-005	13	...........	62,76
	4439	444	1,27551E+000	5,25334E-002	0,00000E+000	1,27800E+000	3,99116E-005	13	...........	62,76
	4440	444,1	1,27732E+000	5,15092E-002	0,00000E+000	1,28000E+000	4,71116E-005	13	...........	62,75
	4441	444,2	1,27931E+000	5,26814E-002	0,00000E+000	1,28200E+000	4,03116E-005	13	...........	62,76
	4442	444,3	1,28136E+000	5,30021E-002	0,00000E+000	1,28400E+000	4,11116E-005	13	...........	62,76
	4443	444,4	1,28344E+000	5,36331E-002	0,00000E+000	1,28600E+000	3,91116E-005	13	...........	62,76
	4444	444,5	1,28525E+000	5,38231E-002	0,00000E+000	1,28800E+000	4,71116E-005	13	...........	62,75
	4445	444,6	1,28725E+000	5,49392E-002	0,00000E+000	1,29000E+000	5,31116E-005	13	...........	62,76
	4446	444,7	1,28925E+000	5,49483E-002	0,00000E+000	1,29200E+000	4,23116E-005	13	...........	62,76
	4447	444,8	1,29127E+000	5,49463E-002	0,00000E+000	1,29400E+000	4,41116E-005	13	...........	62,76
	4448	444,9	1,29334E+000	5,69947E-002	0,00000E+000	1,29600E+000	3,71116E-005	13	...........	62,75
	4449	445	1,29531E+000	5,69947E-002	0,00000E+000	1,29800E+000	5,65116E-005	13	...........	62,75
	4450	445,1	1,29737E+000	5,72285E-002	0,00000E+000	1,30000E+000	4,95116E-005	13	...........	62,76
	4451	445,2	1,29952E+000	5,84682E-002	0,00000E+000	1,30200E+000	4,55116E-005	13	...........	62,75
	4452	445,3	1,30133E+000	5,89123E-002	0,00000E+000	1,30400E+000	4,73116E-005	13	...........	62,75
	4453	445,4	1,30327E+000	5,93433E-002	0,00000E+000	1,30600E+000	4,27116E-005	13	...........	62,75
	4454	445,5	1,30532E+000	6,02276E-002	0,00000E+000	1,30800E+000	4,85116E-005	13	...........	62,76
	4455	445,6	1,30743E+000	6,10598E-002	0,00000E+000	1,31000E+000	3,91116E-005	13	...........	62,75
	4456	445,7	1,30926E+000	6,15897E-002	0,00000E+000	1,31200E+000	4,29116E-005	13	...........	62,75
	4457	445,8	1,31123E+000	6,24996E-002	0,00000E+000	1,31400E+000	4,57116E-005	13	...........	62,75
	4458	445,9	1,31318E+000	6,32889E-002	0,00000E+000	1,31600E+000	5,05116E-005	13	...........	62,75
	4459	446	1,31525E+000	6,37811E-002	0,00000E+000	1,31800E+000	3,95116E-005	13	...........	62,74
	4460	446,1	1,31719E+000	6,44295E-002	0,00000E+000	1,32000E+000	3,93116E-005	13	...........	62,74
	4461	446,2	1,31924E+000	6,52770E-002	0,00000E+000	1,32200E+000	4,97116E-005	13	...........	62,75
	4462	446,3	1,32126E+000	6,60592E-002	0,00000E+000	1,32400E+000	5,15116E-005	13	...........	62,76
	4463	446,4	1,32349E+000	6,67423E-002	0,00000E+000	1,32600E+000	4,29116E-005	13	...........	62,76
	4464	446,5	1,32529E+000	6,78053E-002	0,00000E+000	1,32800E+000	5,27116E-005	13	...........	62,76
	4465	446,6	1,32724E+000	6,83659E-002	0,00000E+000	1,33000E+000	4,09116E-005	13	...........	62,76
	4466	446,7	1,32911E+000	6,92288E-002	0,00000E+000	1,33200E+000	5,53116E-005	13	...........	62,74
	4467	446,8	1,33141E+000	7,01702E-002	0,00000E+000	1,33400E+000	4,11116E-005	13	...........	62,76
	4468	446,9	1,33322E+000	7,11444E-002	0,00000E+000	1,33600E+000	4,67116E-005	13	...........	62,75
	4469	447	1,33516E+000	7,13098E-002	0,00000E+000	1,33800E+000	4,49116E-005	13	...........	62,75
	4470	447,1	1,33717E+000	7,27629E-002	0,00000E+000	1,34000E+000	4,61116E-005	13	...........	62,75
	4471	447,2	1,33928E+000	7,33000E-002	0,00000E+000	1,34200E+000	3,71116E-005	13	...........	62,76
	4472	447,3	1,34117E+000	7,43875E-002	0,00000E+000	1,34400E+000	3,69116E-005	13	...........	62,75
	4473	447,4	1,34312E+000	7,51064E-002	0,00000E+000	1,34600E+000	4,79116E-005	13	...........	62,75
	4474	447,5	1,34525E+000	7,66850E-002	0,00000E+000	1,34800E+000	4,41116E-005	13	...........	62,74
	4475	447,6	1,34751E+000	7,68433E-002	0,00000E+000	1,35000E+000	3,93116E-005	13	...........	62,76
	4476	447,7	1,34931E+000	7,88835E-002	0,00000E+000	1,35200E+000	5,15116E-005	13	...........	62,75
	4477	447,8	1,35127E+000	7,94747E-002	0,00000E+000	1,35400E+000	4,19116E-005	13	...........	62,75
	4478	447,9	1,35322E+000	8,08369E-002	0,00000E+000	1,35600E+000	5,09116E-005	13	...........	62,76
	4479	448	1,35540E+000	8,17100E-002	0,00000E+000	1,35800E+000	4,55116E-005	13	...........	62,76
	4480	448,1	1,35721E+000	8,36899E-002	0,00000E+000	1,36000E+000	4,43116E-005	13	...........	62,76
	4481	448,2	1,35912E+000	8,38359E-002	0,00000E+000	1,36200E+000	3,45116E-005	13	...........	62,75
	4482	448,3	1,36105E+000	8,58874E-002	0,00000E+000	1,36400E+000	5,39116E-005	13	...........	62,75
	4483	448,4	1,36314E+000	8,69728E-002	0,00000E+000	1,36600E+000	4,61116E-005	13	...........	62,76
	4484	448,5	1,36512E+000	8,85290E-002	0,00000E+000	1,36800E+000	4,51116E-005	13	...........	62,76
	4485	448,6	1,36705E+000	9,01873E-002	0,00000E+000	1,37000E+000	4,25116E-005	13	...........	62,76
	4486	448,7	1,36906E+000	9,28943E-002	0,00000E+000	1,37200E+000	5,21116E-005	13	...........	62,75
	4487	448,8	1,37131E+000	9,39451E-002	0,00000E+000	1,37400E+000	4,79116E-005	13	...........	62,76
	4488	448,9	1,37323E+000	9,68890E-002	0,00000E+000	1,37600E+000	4,13116E-005	13	...........	62,75
	4489	449	1,37513E+000	9,84901E-002	0,00000E+000	1,37800E+000	5,43116E-005	13	...........	62,75
	4490	449,1	1,37706E+000	1,02211E-001	0,00000E+000	1,38000E+000	5,89116E-005	13	...........	62,75
	4491	449,2	1,37928E+000	1,04373E-001	0,00000E+000	1,38200E+000	5,13116E-005	13	...........	62,75
	4492	449,3	1,38114E+000	1,08201E-001	0,00000E+000	1,38400E+000	4,31116E-005	13	...........	62,75
	4493	449,4	1,38311E+000	1,10418E-001	0,00000E+000	1,38600E+000	5,05116E-005	13	...........	62,75
	4494	449,5	1,38505E+000	1,14569E-001	0,00000E+000	1,38800E+000	4,59116E-005	13	...........	62,75
	4495	449,6	1,38716E+000	1,18026E-001	0,00000E+000	1,39000E+000	3,93116E-005	13	...........	62,75
	4496	449,7	1,38912E+000	1,22159E-001	0,00000E+000	1,39200E+000	4,45116E-005	13	...........	62,76
	4497	449,8	1,39107E+000	1,25908E-001	0,00000E+000	1,39400E+000	3,87116E-005	13	...........	62,74
	4498	449,9	1,39301E+000	1,30378E-001	0,00000E+000	1,39600E+000	5,59116E-005	13	...........	62,74
	4499	450	1,39502E+000	1,34849E-001	0,00000E+000	1,39800E+000	4,81116E-005	13	...........	62,75
	4500	450,1	1,39722E+000	1,39883E-001	0,00000E+000	1,40000E+000	3,61116E-005	13	...........	62,76
	4501	450,2	1,39503E+000	8,54309E-002	0,00000E+000	1,39800E+000	4,77116E-005	13	...........	62,75
	4502	450,3	1,39304E+000	6,15673E-002	0,00000E+000	1,39600E+000	4,57116E-005	13	...........	62,76
	4503	450,4	1,39106E+000	4,40795E-002	0,00000E+000	1,39400E+000	3,79116E-005	13	...........	62,75
	4504	450,5	1,38915E+000	3,33158E-002	0,00000E+000	1,39200E+000	4,61116E-005	13	...........	62,75
	4505	450,6	1,38722E+000	2,39062E-002	0,00000E+000	1,39000E+000	4,63116E-005	13	...........	62,75
	4506	450,7	1,38507E+000	1,60405E-002	0,00000E+000	1,38800E+000	4,25116E-005	13	...........	62,75
	4507	450,8	1,38313E+000	9,65537E-003	0,00000E+000	1,38600E+000	4,49116E-005	13	...........	62,76
	4508	450,9	1,38118E+000	5,17365E-003	0,00000E+000	1,38400E+000	4,61116E-005	13	...........	62,75
	4509	451	1,37941E+000	-3,71438E-005	0,00000E+000	1,38200E+000	4,55116E-005	13	...........	62,75
	4510	451,1	1,37714E+000	-3,72034E-003	0,00000E+000	1,38000E+000	4,65116E-005	13	...........	62,74
	4511	451,2	1,37517E+000	-7,18399E-003	0,00000E+000	1,37800E+000	4,25116E-005	13	...........	62,75
	4512	451,3	1,37320E+000	-9,43353E-003	0,00000E+000	1,37600E+000	3,79116E-005	13	...........	62,75
	4513	451,4	1,37125E+000	-1,22518E-002	0,00000E+000	1,37400E+000	3,91116E-005	13	...........	62,75
	4514	451,5	1,36904E+000	-1,32076E-002	0,00000E+000	1,37200E+000	5,05116E-005	13	...........	62,76
	4515	451,6	1,36708E+000	-1,55388E-002	0,00000E+000	1,37000E+000	4,41116E-005	13	...........	62,76
	4516	451,7	1,36517E+000	-1,63476E-002	0,00000E+000	1,36800E+000	3,89116E-005	13	...........	62,76
	4517	451,8	1,36321E+000	-1,75709E-002	0,00000E+000	1,36600E+000	4,57116E-005	13	...........	62,76
	4518	451,9	1,36109E+000	-1,76138E-002	0,00000E+000	1,36400E+000	4,67116E-005	13	...........	62,76
	4519	452	1,35918E+000	-1,87972E-002	0,00000E+000	1,36200E+000	4,13116E-005	13	...........	62,76
	4520	452,1	1,35724E+000	-1,89177E-002	0,00000E+000	1,36000E+000	4,01116E-005	13	...........	62,75
	4521	452,2	1,35548E+000	-1,86819E-002	0,00000E+000	1,35800E+000	4,37116E-005	13	...........	62,75
	4522	452,3	1,35329E+000	-1,89422E-002	0,00000E+000	1,35600E+000	3,75116E-005	13	...........	62,76
	4523	452,4	1,35130E+000	-1,90209E-002	0,00000E+000	1,35400E+000	4,55116E-005	13	...........	62,76
	4524	452,5	1,34935E+000	-1,85266E-002	0,00000E+000	1,35200E+000	4,13116E-005	13	...........	62,76
	4525	452,6	1,34752E+000	-1,89994E-002	0,00000E+000	1,35000E+000	4,31116E-005	13	...........	62,76
	4526	452,7	1,34522E+000	-1,85573E-002	0,00000E+000	1,34800E+000	3,69116E-005	13	...........	62,77
	4527	452,8	1,34316E+000	-1,81284E-002	0,00000E+000	1,34600E+000	4,31116E-005	13	...........	62,76
	4528	452,9	1,34120E+000	-1,79466E-002	0,00000E+000	1,34400E+000	3,97116E-005	13	...........	62,76
	4529	453	1,33932E+000	-1,81366E-002	0,00000E+000	1,34200E+000	3,87116E-005	13	...........	62,77
	4530	453,1	1,33717E+000	-1,80008E-002	0,00000E+000	1,34000E+000	4,81116E-005	13	...........	62,76
	4531	453,2	1,33522E+000	-1,75882E-002	0,00000E+000	1,33800E+000	3,41116E-005	13	...........	62,76
	4532	453,3	1,33328E+000	-1,77097E-002	0,00000E+000	1,33600E+000	3,49116E-005	13	...........	62,76
	4533	453,4	1,33146E+000	-1,74269E-002	0,00000E+000	1,33400E+000	3,69116E-005	13	...........	62,76
	4534	453,5	1,32920E+000	-1,68510E-002	0,00000E+000	1,33200E+000	5,65116E-005	13	...........	62,77
	4535	453,6	1,32728E+000	-1,74779E-002	0,00000E+000	1,33000E+000	4,55116E-005	13	...........	62,78
	4536	453,7	1,32533E+000	-1,69214E-002	0,00000E+000	1,32800E+000	4,21116E-005	13	...........	62,77
	4537	453,8	1,32352E+000	-1,72390E-002	0,00000E+000	1,32600E+000	3,63116E-005	13	...........	62,76
	4538	453,9	1,32157E+000	-1,72727E-002	0,00000E+000	1,32400E+000	3,79116E-005	13	...........	62,76
	4539	454	1,31926E+000	-1,68244E-002	0,00000E+000	1,32200E+000	4,17116E-005	13	...........	62,77
	4540	454,1	1,31720E+000	-1,65947E-002	0,00000E+000	1,32000E+000	4,19116E-005	13	...........	62,75
	4541	454,2	1,31525E+000	-1,68367E-002	0,00000E+000	1,31800E+000	4,37116E-005	13	...........	62,77
	4542	454,3	1,31317E+000	-1,67580E-002	0,00000E+000	1,31600E+000	4,03116E-005	13	...........	62,76
	4543	454,4	1,31122E+000	-1,71144E-002	0,00000E+000	1,31400E+000	4,49116E-005	13	...........	62,76
	4544	454,5	1,30926E+000	-1,71961E-002	0,00000E+000	1,31200E+000	3,97116E-005	13	...........	62,77
	4545	454,6	1,30745E+000	-1,65436E-002	0,00000E+000	1,31000E+000	2,85116E-005	13	...........	62,76
	4546	454,7	1,30532E+000	-1,68663E-002	0,00000E+000	1,30800E+000	6,21116E-005	13	...........	62,76
	4547	454,8	1,30331E+000	-1,72655E-002	0,00000E+000	1,30600E+000	3,53116E-005	13	...........	62,76
	4548	454,9	1,30137E+000	-1,73636E-002	0,00000E+000	1,30400E+000	4,41116E-005	13	...........	62,76
	4549	455	1,29953E+000	-1,67591E-002	0,00000E+000	1,30200E+000	3,69116E-005	13	...........	62,77
	4550	455,1	1,29755E+000	-1,77802E-002	0,00000E+000	1,30000E+000	4,35116E-005	13	...........	62,76
	4551	455,2	1,29538E+000	-1,71696E-002	0,00000E+000	1,29800E+000	4,29116E-005	13	...........	62,77
	4552	455,3	1,29339E+000	-1,74412E-002	0,00000E+000	1,29600E+000	3,71116E-005	13	...........	62,77
	4553	455,4	1,29133E+000	-1,73238E-002	0,00000E+000	1,29400E+000	3,27116E-005	13	...........	62,77
	4554	455,5	1,28926E+000	-1,81284E-002	0,00000E+000	1,29200E+000	3,45116E-005	13	...........	62,76
	4555	455,6	1,28727E+000	-1,72972E-002	0,00000E+000	1,29000E+000	3,89116E-005	13	...........	62,77
	4556	455,7	1,28532E+000	-1,80518E-002	0,00000E+000	1,28800E+000	4,33116E-005	13	...........	62,77
	4557	455,8	1,28347E+000	-1,75974E-002	0,00000E+000	1,28600E+000	3,83116E-005	13	...........	62,77
	4558	455,9	1,28142E+000	-1,80773E-002	0,00000E+000	1,28400E+000	4,41116E-005	13	...........	62,77
	4559	456	1,27935E+000	-1,79946E-002	0,00000E+000	1,28200E+000	4,69116E-005	13	...........	62,77
	4560	456,1	1,27738E+000	-1,87104E-002	0,00000E+000	1,28000E+000	3,75116E-005	13	...........	62,78
	4561	456,2	1,27553E+000	-1,87186E-002	0,00000E+000	1,27800E+000	3,47116E-005	13	...........	62,79
	4562	456,3	1,27374E+000	-1,87697E-002	0,00000E+000	1,27600E+000	3,35116E-005	13	...........	62,77
	4563	456,4	1,27136E+000	-1,91955E-002	0,00000E+000	1,27400E+000	3,49116E-005	13	...........	62,79
	4564	456,5	1,26946E+000	-1,92506E-002	0,00000E+000	1,27200E+000	4,79116E-005	13	...........	62,77
	4565	456,6	1,26741E+000	-1,88279E-002	0,00000E+000	1,27000E+000	4,13116E-005	13	...........	62,76
	4566	456,7	1,26526E+000	-2,01635E-002	0,00000E+000	1,26800E+000	4,25116E-005	13	...........	62,76
	4567	456,8	1,26331E+000	-1,92414E-002	0,00000E+000	1,26600E+000	4,85116E-005	13	...........	62,77
	4568	456,9	1,26132E+000	-2,01339E-002	0,00000E+000	1,26400E+000	3,05116E-005	13	...........	62,78
	4569	457	1,25946E+000	-2,01533E-002	0,00000E+000	1,26200E+000	4,21116E-005	13	...........	62,77
	4570	457,1	1,25737E+000	-2,11703E-002	0,00000E+000	1,26000E+000	3,99116E-005	13	...........	62,78
	4571	457,2	1,25538E+000	-2,02207E-002	0,00000E+000	1,25800E+000	4,95116E-005	13	...........	62,78
	4572	457,3	1,25338E+000	-2,13746E-002	0,00000E+000	1,25600E+000	4,35116E-005	13	...........	62,77
	4573	457,4	1,25153E+000	-2,12061E-002	0,00000E+000	1,25400E+000	2,19116E-005	13	...........	62,77
	4574	457,5	1,24954E+000	-2,19566E-002	0,00000E+000	1,25200E+000	4,75116E-005	13	...........	62,78
	4575	457,6	1,24750E+000	-2,17146E-002	0,00000E+000	1,25000E+000	4,41116E-005	13	...........	62,77
	4576	457,7	1,24545E+000	-2,22119E-002	0,00000E+000	1,24800E+000	4,51116E-005	13	...........	62,78
	4577	457,8	1,24358E+000	-2,21680E-002	0,00000E+000	1,24600E+000	4,61116E-005	13	...........	62,78
	4578	457,9	1,24134E+000	-2,31605E-002	0,00000E+000	1,24400E+000	5,19116E-005	13	...........	62,77
	4579	458	1,23935E+000	-2,30788E-002	0,00000E+000	1,24200E+000	4,03116E-005	13	...........	62,78
	4580	458,1	1,23737E+000	-2,32657E-002	0,00000E+000	1,24000E+000	3,85116E-005	13	...........	62,77
	4581	458,2	1,23550E+000	-2,33229E-002	0,00000E+000	1,23800E+000	4,51116E-005	13	...........	62,78
	4582	458,3	1,23349E+000	-2,41694E-002	0,00000E+000	1,23600E+000	4,77116E-005	13	...........	62,78
	4583	458,4	1,23140E+000	-2,38773E-002	0,00000E+000	1,23400E+000	5,43116E-005	13	...........	62,77
	4584	458,5	1,22943E+000	-2,40836E-002	0,00000E+000	1,23200E+000	3,95116E-005	13	...........	62,77
	4585	458,6	1,22753E+000	-2,40816E-002	0,00000E+000	1,23000E+000	3,53116E-005	13	...........	62,77
	4586	458,7	1,22566E+000	-2,47095E-002	0,00000E+000	1,22800E+000	5,27116E-005	13	...........	62,77
	4587	458,8	1,22340E+000	-2,45257E-002	0,00000E+000	1,22600E+000	5,33116E-005	13	...........	62,78
	4588	458,9	1,22142E+000	-2,54580E-002	0,00000E+000	1,22400E+000	4,93116E-005	13	...........	62,77
	4589	459	1,21954E+000	-2,42102E-002	0,00000E+000	1,22200E+000	4,23116E-005	13	...........	62,77
	4590	459,1	1,21745E+000	-2,52926E-002	0,00000E+000	1,22000E+000	4,09116E-005	13	...........	62,77
	4591	459,2	1,21532E+000	-2,52262E-002	0,00000E+000	1,21800E+000	5,17116E-005	13	...........	62,77
	4592	459,3	1,21334E+000	-2,51149E-002	0,00000E+000	1,21600E+000	4,03116E-005	13	...........	62,77
	4593	459,4	1,21147E+000	-2,47208E-002	0,00000E+000	1,21400E+000	3,49116E-005	13	...........	62,76
	4594	459,5	1,20940E+000	-2,53978E-002	0,00000E+000	1,21200E+000	4,79116E-005	13	...........	62,77
	4595	459,6	1,20738E+000	-2,48852E-002	0,00000E+000	1,21000E+000	5,19116E-005	13	...........	62,77
	4596	459,7	1,20538E+000	-2,53028E-002	0,00000E+000	1,20800E+000	4,79116E-005	13	...........	62,78
	4597	459,8	1,20353E+000	-2,48045E-002	0,00000E+000	1,20600E+000	4,01116E-005	13	...........	62,77
	4598	459,9	1,20173E+000	-2,53447E-002	0,00000E+000	1,20400E+000	4,61116E-005	13	...........	62,78
	4599	460	1,19945E+000	-2,42337E-002	0,00000E+000	1,20200E+000	5,21116E-005	13	...........	62,78
	4600	460,1	1,19752E+000	-2,45543E-002	0,00000E+000	1,20000E+000	4,53116E-005	13	...........	62,78
	4601	460,2	1,19557E+000	-2,45462E-002	0,00000E+000	1,19800E+000	4,91116E-005	13	...........	62,78
	4602	460,3	1,19385E+000	-2,45799E-002	0,00000E+000	1,19600E+000	4,21116E-005	13	...........	62,76
	4603	460,4	1,19141E+000	-2,38365E-002	0,00000E+000	1,19400E+000	4,33116E-005	13	...........	62,78
	4604	460,5	1,18938E+000	-2,41061E-002	0,00000E+000	1,19200E+000	3,53116E-005	13	...........	62,79
	4605	460,6	1,18749E+000	-2,40887E-002	0,00000E+000	1,19000E+000	5,37116E-005	13	...........	62,78
	4606	460,7	1,18546E+000	-2,32340E-002	0,00000E+000	1,18800E+000	4,07116E-005	13	...........	62,78
	4607	460,8	1,18342E+000	-2,37650E-002	0,00000E+000	1,18600E+000	4,59116E-005	13	...........	62,78
	4608	460,9	1,18144E+000	-2,30012E-002	0,00000E+000	1,18400E+000	3,57116E-005	13	...........	62,78
	4609	461	1,17954E+000	-2,27122E-002	0,00000E+000	1,18200E+000	3,51116E-005	13	...........	62,78
	4610	461,1	1,17775E+000	-2,34137E-002	0,00000E+000	1,18000E+000	4,23116E-005	13	...........	62,78
	4611	461,2	1,17545E+000	-2,25795E-002	0,00000E+000	1,17800E+000	4,23116E-005	13	...........	62,79
	4612	461,3	1,17353E+000	-2,26714E-002	0,00000E+000	1,17600E+000	4,21116E-005	13	...........	62,77
	4613	461,4	1,17162E+000	-2,25417E-002	0,00000E+000	1,17400E+000	4,35116E-005	13	...........	62,77
	4614	461,5	1,16991E+000	-2,26693E-002	0,00000E+000	1,17200E+000	4,79116E-005	13	...........	62,77
	4615	461,6	1,16776E+000	-2,19086E-002	0,00000E+000	1,17000E+000	4,45116E-005	13	...........	62,78
	4616	461,7	1,16552E+000	-2,21823E-002	0,00000E+000	1,16800E+000	3,87116E-005	13	...........	62,77
	4617	461,8	1,16352E+000	-2,18749E-002	0,00000E+000	1,16600E+000	3,35116E-005	13	...........	62,77
	4618	461,9	1,16146E+000	-2,15675E-002	0,00000E+000	1,16400E+000	4,73116E-005	13	...........	62,78
	4619	462	1,15943E+000	-2,15716E-002	0,00000E+000	1,16200E+000	4,37116E-005	13	...........	62,77
	4620	462,1	1,15748E+000	-2,10835E-002	0,00000E+000	1,16000E+000	3,71116E-005	13	...........	62,77
	4621	462,2	1,15554E+000	-2,10743E-002	0,00000E+000	1,15800E+000	2,89116E-005	13	...........	62,78
	4622	462,3	1,15374E+000	-2,13072E-002	0,00000E+000	1,15600E+000	3,81116E-005	13	...........	62,78
	4623	462,4	1,15152E+000	-2,12061E-002	0,00000E+000	1,15400E+000	4,47116E-005	13	...........	62,78
	4624	462,5	1,14957E+000	-2,07170E-002	0,00000E+000	1,15200E+000	4,49116E-005	13	...........	62,77
	4625	462,6	1,14766E+000	-2,05914E-002	0,00000E+000	1,15000E+000	3,15116E-005	13	...........	62,78
	4626	462,7	1,14591E+000	-2,08630E-002	0,00000E+000	1,14800E+000	4,59116E-005	13	...........	62,78
	4627	462,8	1,14372E+000	-2,05903E-002	0,00000E+000	1,14600E+000	4,53116E-005	13	...........	62,78
	4628	462,9	1,14168E+000	-2,00614E-002	0,00000E+000	1,14400E+000	4,59116E-005	13	...........	62,78
	4629	463	1,13972E+000	-2,06792E-002	0,00000E+000	1,14200E+000	4,01116E-005	13	...........	62,78
	4630	463,1	1,13756E+000	-1,97836E-002	0,00000E+000	1,14000E+000	3,77116E-005	13	...........	62,78
	4631	463,2	1,13550E+000	-2,02074E-002	0,00000E+000	1,13800E+000	4,47116E-005	13	...........	62,78
	4632	463,3	1,13354E+000	-1,98868E-002	0,00000E+000	1,13600E+000	4,67116E-005	13	...........	62,78
	4633	463,4	1,13159E+000	-1,98572E-002	0,00000E+000	1,13400E+000	4,15116E-005	13	...........	62,79
	4634	463,5	1,12977E+000	-1,92751E-002	0,00000E+000	1,13200E+000	3,37116E-005	13	...........	62,78
	4635	463,6	1,12763E+000	-2,02197E-002	0,00000E+000	1,13000E+000	4,77116E-005	13	...........	62,78
	4636	463,7	1,12561E+000	-1,94508E-002	0,00000E+000	1,12800E+000	4,15116E-005	13	...........	62,78
	4637	463,8	1,12365E+000	-1,91271E-002	0,00000E+000	1,12600E+000	4,41116E-005	13	...........	62,79
	4638	463,9	1,12182E+000	-1,91597E-002	0,00000E+000	1,12400E+000	4,85116E-005	13	...........	62,78
	4639	464	1,11982E+000	-1,92659E-002	0,00000E+000	1,12200E+000	5,41116E-005	13	...........	62,78
	4640	464,1	1,11769E+000	-1,87880E-002	0,00000E+000	1,12000E+000	4,01116E-005	13	...........	62,77
	4641	464,2	1,11577E+000	-1,92506E-002	0,00000E+000	1,11800E+000	5,35116E-005	13	...........	62,78
	4642	464,3	1,11354E+000	-1,89841E-002	0,00000E+000	1,11600E+000	4,23116E-005	13	...........	62,77
	4643	464,4	1,11150E+000	-1,85899E-002	0,00000E+000	1,11400E+000	4,09116E-005	13	...........	62,79
	4644	464,5	1,10954E+000	-1,83061E-002	0,00000E+000	1,11200E+000	3,29116E-005	13	...........	62,79
	4645	464,6	1,10759E+000	-1,86420E-002	0,00000E+000	1,11000E+000	4,17116E-005	13	...........	62,78
	4646	464,7	1,10574E+000	-1,80579E-002	0,00000E+000	1,10800E+000	3,33116E-005	13	...........	62,78
	4647	464,8	1,10357E+000	-1,85328E-002	0,00000E+000	1,10600E+000	4,21116E-005	13	...........	62,78
	4648	464,9	1,10163E+000	-1,79773E-002	0,00000E+000	1,10400E+000	4,51116E-005	13	...........	62,79
	4649	465	1,09969E+000	-1,78956E-002	0,00000E+000	1,10200E+000	3,65116E-005	13	...........	62,77
	4650	465,1	1,09789E+000	-1,73789E-002	0,00000E+000	1,10000E+000	3,97116E-005	13	...........	62,78
	4651	465,2	1,09565E+000	-1,81774E-002	0,00000E+000	1,09800E+000	4,97116E-005	13	...........	62,78
	4652	465,3	1,09372E+000	-1,74912E-002	0,00000E+000	1,09600E+000	4,51116E-005	13	...........	62,78
	4653	465,4	1,09174E+000	-1,80539E-002	0,00000E+000	1,09400E+000	3,59116E-005	13	...........	62,78
	4654	465,5	1,08985E+000	-1,74749E-002	0,00000E+000	1,09200E+000	3,95116E-005	13	...........	62,78
	4655	465,6	1,08755E+000	-1,78425E-002	0,00000E+000	1,09000E+000	4,51116E-005	13	...........	62,79
	4656	465,7	1,08557E+000	-1,71308E-002	0,00000E+000	1,08800E+000	3,81116E-005	13	...........	62,79
	4657	465,8	1,08363E+000	-1,77373E-002	0,00000E+000	1,08600E+000	3,61116E-005	13	...........	62,78
	4658	465,9	1,08172E+000	-1,67815E-002	0,00000E+000	1,08400E+000	3,43116E-005	13	...........	62,78
	4659	466	1,07962E+000	-1,73707E-002	0,00000E+000	1,08200E+000	4,43116E-005	13	...........	62,78
	4660	466,1	1,07767E+000	-1,70072E-002	0,00000E+000	1,08000E+000	4,59116E-005	13	...........	62,78
	4661	466,2	1,07573E+000	-1,74841E-002	0,00000E+000	1,07800E+000	3,83116E-005	13	...........	62,78
	4662	466,3	1,07390E+000	-1,64956E-002	0,00000E+000	1,07600E+000	4,07116E-005	13	...........	62,78
	4663	466,4	1,07178E+000	-1,73064E-002	0,00000E+000	1,07400E+000	4,05116E-005	13	...........	62,78
	4664	466,5	1,06973E+000	-1,68489E-002	0,00000E+000	1,07200E+000	5,35116E-005	13	...........	62,78
	4665	466,6	1,06778E+000	-1,71063E-002	0,00000E+000	1,07000E+000	4,21116E-005	13	...........	62,79
	4666	466,7	1,06593E+000	-1,68826E-002	0,00000E+000	1,06800E+000	3,87116E-005	13	...........	62,78
	4667	466,8	1,06366E+000	-1,73963E-002	0,00000E+000	1,06600E+000	3,99116E-005	13	...........	62,79
	4668	466,9	1,06162E+000	-1,63751E-002	0,00000E+000	1,06400E+000	3,97116E-005	13	...........	62,78
	4669	467	1,05964E+000	-1,77526E-002	0,00000E+000	1,06200E+000	3,17116E-005	13	...........	62,78
	4670	467,1	1,05774E+000	-1,66467E-002	0,00000E+000	1,06000E+000	3,15116E-005	13	...........	62,78
	4671	467,2	1,05565E+000	-1,75504E-002	0,00000E+000	1,05800E+000	4,71116E-005	13	...........	62,78
	4672	467,3	1,05368E+000	-1,73585E-002	0,00000E+000	1,05600E+000	3,43116E-005	13	...........	62,78
	4673	467,4	1,05171E+000	-1,73513E-002	0,00000E+000	1,05400E+000	4,65116E-005	13	...........	62,78
	4674	467,5	1,04989E+000	-1,62199E-002	0,00000E+000	1,05200E+000	3,61116E-005	13	...........	62,78
	4675	467,6	1,04781E+000	-1,77240E-002	0,00000E+000	1,05000E+000	4,21116E-005	13	...........	62,78
	4676	467,7	1,04576E+000	-1,70358E-002	0,00000E+000	1,04800E+000	4,93116E-005	13	...........	62,78
	4677	467,8	1,04381E+000	-1,77618E-002	0,00000E+000	1,04600E+000	4,79116E-005	13	...........	62,78
	4678	467,9	1,04195E+000	-1,65426E-002	0,00000E+000	1,04400E+000	4,49116E-005	13	...........	62,78
	4679	468	1,04016E+000	-1,78854E-002	0,00000E+000	1,04200E+000	3,91116E-005	13	...........	62,78
	4680	468,1	1,03773E+000	-1,67938E-002	0,00000E+000	1,04000E+000	3,69116E-005	13	...........	62,78
	4681	468,2	1,03571E+000	-1,76781E-002	0,00000E+000	1,03800E+000	2,95116E-005	13	...........	62,78
	4682	468,3	1,03381E+000	-1,69470E-002	0,00000E+000	1,03600E+000	4,05116E-005	13	...........	62,78
	4683	468,4	1,03171E+000	-1,81376E-002	0,00000E+000	1,03400E+000	4,35116E-005	13	...........	62,78
	4684	468,5	1,02974E+000	-1,70256E-002	0,00000E+000	1,03200E+000	4,99116E-005	13	...........	62,78
	4685	468,6	1,02779E+000	-1,81754E-002	0,00000E+000	1,03000E+000	4,51116E-005	13	...........	62,78
	4686	468,7	1,02592E+000	-1,67723E-002	0,00000E+000	1,02800E+000	4,29116E-005	13	...........	62,77
	4687	468,8	1,02395E+000	-1,76924E-002	0,00000E+000	1,02600E+000	3,23116E-005	13	...........	62,78
	4688	468,9	1,02178E+000	-1,70950E-002	0,00000E+000	1,02400E+000	4,45116E-005	13	...........	62,78
	4689	469	1,01988E+000	-1,81549E-002	0,00000E+000	1,02200E+000	3,67116E-005	13	...........	62,78
	4690	469,1	1,01796E+000	-1,69071E-002	0,00000E+000	1,02000E+000	4,21116E-005	13	...........	62,77
	4691	469,2	1,01621E+000	-1,79630E-002	0,00000E+000	1,01800E+000	3,95116E-005	13	...........	62,77
	4692	469,3	1,01391E+000	-1,74963E-002	0,00000E+000	1,01600E+000	4,93116E-005	13	...........	62,79
	4693	469,4	1,01191E+000	-1,81223E-002	0,00000E+000	1,01400E+000	4,01116E-005	13	...........	62,78
	4694	469,5	1,00985E+000	-1,66702E-002	0,00000E+000	1,01200E+000	4,09116E-005	13	...........	62,79
	4695	469,6	1,00777E+000	-1,79650E-002	0,00000E+000	1,01000E+000	3,53116E-005	13	...........	62,79
	4696	469,7	1,00576E+000	-1,68234E-002	0,00000E+000	1,00800E+000	4,27116E-005	13	...........	62,79
	4697	469,8	1,00381E+000	-1,80099E-002	0,00000E+000	1,00600E+000	4,23116E-005	13	...........	62,78
	4698	469,9	1,00192E+000	-1,70695E-002	0,00000E+000	1,00400E+000	3,59116E-005	13	...........	62,78
	4699	470	9,99999E-001	-1,79609E-002	0,00000E+000	1,00200E+000	4,29116E-005	13	...........	62,79
	4700	470,1	9,97810E-001	-1,67693E-002	0,00000E+000	1,00000E+000	5,01116E-005	13	...........	62,79
	4701	470,2	9,95883E-001	-1,79426E-002	0,00000E+000	9,98000E-001	3,89116E-005	13	...........	62,79
	4702	470,3	9,93988E-001	-1,63179E-002	0,00000E+000	9,96000E-001	4,11116E-005	13	...........	62,79
	4703	470,4	9,92250E-001	-1,75004E-002	0,00000E+000	9,94000E-001	3,51116E-005	13	...........	62,79
	4704	470,5	9,89838E-001	-1,65069E-002	0,00000E+000	9,92000E-001	5,05116E-005	13	...........	62,79
	4705	470,6	9,87959E-001	-1,74381E-002	0,00000E+000	9,90000E-001	3,61116E-005	13	...........	62,78
	4706	470,7	9,86003E-001	-1,61689E-002	0,00000E+000	9,88000E-001	4,27116E-005	13	...........	62,79
	4707	470,8	9,83829E-001	-1,71461E-002	0,00000E+000	9,86000E-001	4,33116E-005	13	...........	62,79
	4708	470,9	9,81803E-001	-1,61566E-002	0,00000E+000	9,84000E-001	4,61116E-005	13	...........	62,78
	4709	471	9,79834E-001	-1,67815E-002	0,00000E+000	9,82000E-001	4,27116E-005	13	...........	62,79
	4710	471,1	9,77938E-001	-1,57308E-002	0,00000E+000	9,80000E-001	3,05116E-005	13	...........	62,78
	4711	471,2	9,75989E-001	-1,68785E-002	0,00000E+000	9,78000E-001	4,29116E-005	13	...........	62,79
	4712	471,3	9,73835E-001	-1,50803E-002	0,00000E+000	9,76000E-001	4,65116E-005	13	...........	62,78
	4713	471,4	9,71879E-001	-1,61638E-002	0,00000E+000	9,74000E-001	5,17116E-005	13	...........	62,78
	4714	471,5	9,69977E-001	-1,49384E-002	0,00000E+000	9,72000E-001	4,03116E-005	13	...........	62,79
	4715	471,6	9,68105E-001	-1,56501E-002	0,00000E+000	9,70000E-001	5,53116E-005	13	...........	62,79
	4716	471,7	9,65924E-001	-1,42042E-002	0,00000E+000	9,68000E-001	5,31116E-005	13	...........	62,79
	4717	471,8	9,63918E-001	-1,55092E-002	0,00000E+000	9,66000E-001	4,55116E-005	13	...........	62,79
	4718	471,9	9,62065E-001	-1,39663E-002	0,00000E+000	9,64000E-001	3,73116E-005	13	...........	62,78
	4719	472	9,59837E-001	-1,49711E-002	0,00000E+000	9,62000E-001	4,59116E-005	13	...........	62,79
	4720	472,1	9,57803E-001	-1,36967E-002	0,00000E+000	9,60000E-001	4,49116E-005	13	...........	62,79
	4721	472,2	9,55845E-001	-1,42257E-002	0,00000E+000	9,58000E-001	3,97116E-005	13	...........	62,79
	4722	472,3	9,53931E-001	-1,28420E-002	0,00000E+000	9,56000E-001	4,51116E-005	13	...........	62,79
	4723	472,4	9,51987E-001	-1,39346E-002	0,00000E+000	9,54000E-001	3,29116E-005	13	...........	62,79
	4724	472,5	9,49836E-001	-1,31024E-002	0,00000E+000	9,52000E-001	4,91116E-005	13	...........	62,79
	4725	472,6	9,47915E-001	-1,30463E-002	0,00000E+000	9,50000E-001	4,45116E-005	13	...........	62,78
	4726	472,7	9,45978E-001	-1,21395E-002	0,00000E+000	9,48000E-001	4,03116E-005	13	...........	62,78
	4727	472,8	9,44246E-001	-1,29574E-002	0,00000E+000	9,46000E-001	4,41116E-005	13	...........	62,80
	4728	472,9	9,41869E-001	-1,16187E-002	0,00000E+000	9,44000E-001	4,65116E-005	13	...........	62,80
	4729	473	9,40032E-001	-1,22324E-002	0,00000E+000	9,42000E-001	3,87116E-005	13	...........	62,80
	4730	473,1	9,38028E-001	-1,16463E-002	0,00000E+000	9,40000E-001	4,21116E-005	13	...........	62,79
	4731	473,2	9,36119E-001	-1,18403E-002	0,00000E+000	9,38000E-001	5,01116E-005	13	...........	62,80
	4732	473,3	9,33862E-001	-1,12848E-002	0,00000E+000	9,36000E-001	4,35116E-005	13	...........	62,80
	4733	473,4	9,31898E-001	-1,15074E-002	0,00000E+000	9,34000E-001	3,77116E-005	13	...........	62,79
	4734	473,5	9,29958E-001	-1,04567E-002	0,00000E+000	9,32000E-001	4,23116E-005	13	...........	62,80
	4735	473,6	9,28038E-001	-1,08651E-002	0,00000E+000	9,30000E-001	4,63116E-005	13	...........	62,80
	4736	473,7	9,25902E-001	-1,04118E-002	0,00000E+000	9,28000E-001	4,33116E-005	13	...........	62,79
	4737	473,8	9,23967E-001	-1,08233E-002	0,00000E+000	9,26000E-001	4,33116E-005	13	...........	62,81
	4738	473,9	9,22012E-001	-9,98391E-003	0,00000E+000	9,24000E-001	3,83116E-005	13	...........	62,79
	4739	474	9,20199E-001	-1,01453E-002	0,00000E+000	9,22000E-001	4,65116E-005	13	...........	62,80
	4740	474,1	9,17942E-001	-1,03107E-002	0,00000E+000	9,20000E-001	4,39116E-005	13	...........	62,80
	4741	474,2	9,16014E-001	-9,73986E-003	0,00000E+000	9,18000E-001	5,07116E-005	13	...........	62,79
	4742	474,3	9,14052E-001	-9,28444E-003	0,00000E+000	9,16000E-001	4,17116E-005	13	...........	62,79
	4743	474,4	9,12290E-001	-9,64592E-003	0,00000E+000	9,14000E-001	3,69116E-005	13	...........	62,79
	4744	474,5	9,09935E-001	-9,36715E-003	0,00000E+000	9,12000E-001	4,85116E-005	13	...........	62,80
	4745	474,6	9,07901E-001	-9,42332E-003	0,00000E+000	9,10000E-001	5,57116E-005	13	...........	62,79
	4746	474,7	9,05951E-001	-9,11392E-003	0,00000E+000	9,08000E-001	4,07116E-005	13	...........	62,79
	4747	474,8	9,03997E-001	-9,26606E-003	0,00000E+000	9,06000E-001	3,65116E-005	13	...........	62,80
	4748	474,9	9,01930E-001	-8,57885E-003	0,00000E+000	9,04000E-001	5,35116E-005	13	...........	62,79
	4749	475	8,99930E-001	-9,08124E-003	0,00000E+000	9,02000E-001	4,45116E-005	13	...........	62,81
	4750	475,1	8,97995E-001	-8,58191E-003	0,00000E+000	9,00000E-001	2,89116E-005	13	...........	62,81
	4751	475,2	8,96248E-001	-8,70955E-003	0,00000E+000	8,98000E-001	4,47116E-005	13	...........	62,79
	4752	475,3	8,94023E-001	-8,25821E-003	0,00000E+000	8,96000E-001	4,45116E-005	13	...........	62,79
	4753	475,4	8,92017E-001	-8,72487E-003	0,00000E+000	8,94000E-001	4,01116E-005	13	...........	62,79
	4754	475,5	8,90122E-001	-8,11526E-003	0,00000E+000	8,92000E-001	6,27116E-005	13	...........	62,81
	4755	475,6	8,88283E-001	-8,25617E-003	0,00000E+000	8,90000E-001	3,99116E-005	13	...........	62,79
	4756	475,7	8,86181E-001	-8,23167E-003	0,00000E+000	8,88000E-001	4,83116E-005	13	...........	62,80
	4757	475,8	8,83991E-001	-8,06522E-003	0,00000E+000	8,86000E-001	4,71116E-005	13	...........	62,79
	4758	475,9	8,81993E-001	-7,66188E-003	0,00000E+000	8,84000E-001	4,37116E-005	13	...........	62,80
	4759	476	8,80083E-001	-8,04174E-003	0,00000E+000	8,82000E-001	5,33116E-005	13	...........	62,81
	4760	476,1	8,78026E-001	-7,63635E-003	0,00000E+000	8,80000E-001	4,73116E-005	13	...........	62,80
	4761	476,2	8,76016E-001	-7,65881E-003	0,00000E+000	8,78000E-001	4,79116E-005	13	...........	62,81
	4762	476,3	8,74043E-001	-7,53015E-003	0,00000E+000	8,76000E-001	3,91116E-005	13	...........	62,79
	4763	476,4	8,72241E-001	-7,42804E-003	0,00000E+000	8,74000E-001	3,87116E-005	13	...........	62,80
	4764	476,5	8,70100E-001	-7,55874E-003	0,00000E+000	8,72000E-001	5,57116E-005	13	...........	62,80
	4765	476,6	8,68051E-001	-7,63227E-003	0,00000E+000	8,70000E-001	4,43116E-005	13	...........	62,81
	4766	476,7	8,66127E-001	-7,22892E-003	0,00000E+000	8,68000E-001	4,05116E-005	13	...........	62,80
	4767	476,8	8,64331E-001	-6,94709E-003	0,00000E+000	8,66000E-001	5,05116E-005	13	...........	62,80
	4768	476,9	8,62129E-001	-7,25343E-003	0,00000E+000	8,64000E-001	4,97116E-005	13	...........	62,80
	4769	477	8,60090E-001	-7,28202E-003	0,00000E+000	8,62000E-001	4,87116E-005	13	...........	62,80
	4770	477,1	8,58104E-001	-6,99610E-003	0,00000E+000	8,60000E-001	4,09116E-005	13	...........	62,80
	4771	477,2	8,56126E-001	-6,95322E-003	0,00000E+000	8,58000E-001	3,85116E-005	13	...........	62,81
	4772	477,3	8,54037E-001	-7,05431E-003	0,00000E+000	8,56000E-001	4,09116E-005	13	...........	62,81
	4773	477,4	8,52053E-001	-6,67956E-003	0,00000E+000	8,54000E-001	4,99116E-005	13	...........	62,81
	4774	477,5	8,50059E-001	-6,97058E-003	0,00000E+000	8,52000E-001	4,87116E-005	13	...........	62,80
	4775	477,6	8,48260E-001	-6,58970E-003	0,00000E+000	8,50000E-001	3,25116E-005	13	...........	62,81
	4776	477,7	8,46144E-001	-6,56417E-003	0,00000E+000	8,48000E-001	3,97116E-005	13	...........	62,81
	4777	477,8	8,44093E-001	-6,54273E-003	0,00000E+000	8,46000E-001	4,29116E-005	13	...........	62,81
	4778	477,9	8,42114E-001	-6,42836E-003	0,00000E+000	8,44000E-001	3,83116E-005	13	...........	62,80
	4779	478	8,40318E-001	-5,98723E-003	0,00000E+000	8,42000E-001	4,35116E-005	13	...........	62,81
	4780	478,1	8,38574E-001	-6,54375E-003	0,00000E+000	8,40000E-001	4,35116E-005	13	...........	62,80
	4781	478,2	8,36187E-001	-6,05769E-003	0,00000E+000	8,38000E-001	4,79116E-005	13	...........	62,80
	4782	478,3	8,34235E-001	-6,07811E-003	0,00000E+000	8,36000E-001	4,85116E-005	13	...........	62,80
	4783	478,4	8,32292E-001	-5,94537E-003	0,00000E+000	8,34000E-001	4,01116E-005	13	...........	62,81
	4784	478,5	8,30114E-001	-6,71836E-003	0,00000E+000	8,32000E-001	5,35116E-005	13	...........	62,80
	4785	478,6	8,28140E-001	-5,80752E-003	0,00000E+000	8,30000E-001	4,27116E-005	13	...........	62,81
	4786	478,7	8,26139E-001	-6,18737E-003	0,00000E+000	8,28000E-001	4,97116E-005	13	...........	62,80
	4787	478,8	8,24298E-001	-6,33952E-003	0,00000E+000	8,26000E-001	4,67116E-005	13	...........	62,81
	4788	478,9	8,22313E-001	-5,76769E-003	0,00000E+000	8,24000E-001	4,65116E-005	13	...........	62,80
	4789	479	8,20222E-001	-5,57470E-003	0,00000E+000	8,22000E-001	5,17116E-005	13	...........	62,82
	4790	479,1	8,18226E-001	-6,22720E-003	0,00000E+000	8,20000E-001	5,21116E-005	13	...........	62,80
	4791	479,2	8,16359E-001	-5,64516E-003	0,00000E+000	8,18000E-001	3,19116E-005	13	...........	62,81
	4792	479,3	8,14316E-001	-6,19146E-003	0,00000E+000	8,16000E-001	5,15116E-005	13	...........	62,81
	4793	479,4	8,12360E-001	-5,61759E-003	0,00000E+000	8,14000E-001	5,27116E-005	13	...........	62,81
	4794	479,5	8,10282E-001	-6,02706E-003	0,00000E+000	8,12000E-001	3,71116E-005	13	...........	62,82
	4795	479,6	8,08419E-001	-5,51445E-003	0,00000E+000	8,10000E-001	4,15116E-005	13	...........	62,80
	4796	479,7	8,06212E-001	-6,04952E-003	0,00000E+000	8,08000E-001	5,15116E-005	13	...........	62,80
	4797	479,8	8,04201E-001	-5,53590E-003	0,00000E+000	8,06000E-001	5,05116E-005	13	...........	62,81
	4798	479,9	8,02227E-001	-5,67681E-003	0,00000E+000	8,04000E-001	4,43116E-005	13	...........	62,80
	4799	480	8,00329E-001	-5,35516E-003	0,00000E+000	8,02000E-001	4,75116E-005	13	...........	62,81
	4800	480,1	7,98372E-001	-5,95558E-003	0,00000E+000	8,00000E-001	4,47116E-005	13	...........	62,80
	4801	480,2	7,96279E-001	-4,84051E-003	0,00000E+000	7,98000E-001	4,73116E-005	13	...........	62,81
	4802	480,3	7,94287E-001	-5,89227E-003	0,00000E+000	7,96000E-001	4,99116E-005	13	...........	62,79
	4803	480,4	7,92382E-001	-5,22241E-003	0,00000E+000	7,94000E-001	3,97116E-005	13	...........	62,80
	4804	480,5	7,90680E-001	-5,56857E-003	0,00000E+000	7,92000E-001	4,53116E-005	13	...........	62,79
	4805	480,6	7,88365E-001	-4,97938E-003	0,00000E+000	7,90000E-001	3,87116E-005	13	...........	62,81
	4806	480,7	7,86415E-001	-5,65333E-003	0,00000E+000	7,88000E-001	4,85116E-005	13	...........	62,80
	4807	480,8	7,84440E-001	-4,81294E-003	0,00000E+000	7,86000E-001	3,87116E-005	13	...........	62,80
	4808	480,9	7,82543E-001	-5,37967E-003	0,00000E+000	7,84000E-001	4,79116E-005	13	...........	62,81
	4809	481	7,80269E-001	-4,95692E-003	0,00000E+000	7,82000E-001	4,69116E-005	13	...........	62,81
	4810	481,1	7,78276E-001	-5,49301E-003	0,00000E+000	7,80000E-001	3,59116E-005	13	...........	62,80
	4811	481,2	7,76350E-001	-4,83643E-003	0,00000E+000	7,78000E-001	4,19116E-005	13	...........	62,79
	4812	481,3	7,74421E-001	-5,69723E-003	0,00000E+000	7,76000E-001	3,99116E-005	13	...........	62,80
	4813	481,4	7,72313E-001	-4,58932E-003	0,00000E+000	7,74000E-001	4,13116E-005	13	...........	62,81
	4814	481,5	7,70345E-001	-5,43685E-003	0,00000E+000	7,72000E-001	4,81116E-005	13	...........	62,80
	4815	481,6	7,68428E-001	-4,81805E-003	0,00000E+000	7,70000E-001	3,99116E-005	13	...........	62,81
	4816	481,7	7,66617E-001	-5,45114E-003	0,00000E+000	7,68000E-001	4,07116E-005	13	...........	62,81
	4817	481,8	7,64446E-001	-4,33914E-003	0,00000E+000	7,66000E-001	4,13116E-005	13	...........	62,80
	4818	481,9	7,62461E-001	-5,40621E-003	0,00000E+000	7,64000E-001	5,31116E-005	13	...........	62,82
	4819	482	7,60505E-001	-4,45248E-003	0,00000E+000	7,62000E-001	4,51116E-005	13	...........	62,80
	4820	482,1	7,58710E-001	-5,27245E-003	0,00000E+000	7,60000E-001	4,47116E-005	13	...........	62,82
	4821	482,2	7,56378E-001	-4,52192E-003	0,00000E+000	7,58000E-001	5,51116E-005	13	...........	62,80
	4822	482,3	7,54293E-001	-5,46033E-003	0,00000E+000	7,56000E-001	4,03116E-005	13	...........	62,80
	4823	482,4	7,52365E-001	-4,22171E-003	0,00000E+000	7,54000E-001	3,37116E-005	13	...........	62,80
	4824	482,5	7,50403E-001	-5,51139E-003	0,00000E+000	7,52000E-001	4,67116E-005	13	...........	62,80
	4825	482,6	7,48330E-001	-4,22988E-003	0,00000E+000	7,50000E-001	4,81116E-005	13	...........	62,80
	4826	482,7	7,46369E-001	-4,79252E-003	0,00000E+000	7,48000E-001	4,51116E-005	13	...........	62,80
	4827	482,8	7,44413E-001	-4,01034E-003	0,00000E+000	7,46000E-001	3,73116E-005	13	...........	62,81
	4828	482,9	7,42682E-001	-5,04065E-003	0,00000E+000	7,44000E-001	3,73116E-005	13	...........	62,79
	4829	483	7,40433E-001	-3,95009E-003	0,00000E+000	7,42000E-001	4,35116E-005	13	...........	62,80
	4830	483,1	7,38495E-001	-4,83336E-003	0,00000E+000	7,40000E-001	5,27116E-005	13	...........	62,81
	4831	483,2	7,36538E-001	-4,08794E-003	0,00000E+000	7,38000E-001	5,25116E-005	13	...........	62,80
	4832	483,3	7,34706E-001	-4,68632E-003	0,00000E+000	7,36000E-001	3,95116E-005	13	...........	62,80
	4833	483,4	7,32785E-001	-3,75199E-003	0,00000E+000	7,34000E-001	5,33116E-005	13	...........	62,80
	4834	483,5	7,30494E-001	-4,58319E-003	0,00000E+000	7,32000E-001	3,31116E-005	13	...........	62,80
	4835	483,6	7,28403E-001	-3,67439E-003	0,00000E+000	7,30000E-001	5,05116E-005	13	...........	62,80
	4836	483,7	7,26478E-001	-4,40755E-003	0,00000E+000	7,28000E-001	3,77116E-005	13	...........	62,81
	4837	483,8	7,24396E-001	-3,63865E-003	0,00000E+000	7,26000E-001	4,55116E-005	13	...........	62,80
	4838	483,9	7,22445E-001	-4,46576E-003	0,00000E+000	7,24000E-001	5,09116E-005	13	...........	62,81
	4839	484	7,20483E-001	-3,47527E-003	0,00000E+000	7,22000E-001	4,09116E-005	13	...........	62,79
	4840	484,1	7,18691E-001	-4,19210E-003	0,00000E+000	7,20000E-001	3,89116E-005	13	...........	62,80
	4841	484,2	7,16488E-001	-3,40175E-003	0,00000E+000	7,18000E-001	4,61116E-005	13	...........	62,80
	4842	484,3	7,14492E-001	-3,81632E-003	0,00000E+000	7,16000E-001	3,85116E-005	13	...........	62,81
	4843	484,4	7,12547E-001	-3,39971E-003	0,00000E+000	7,14000E-001	4,67116E-005	13	...........	62,80
	4844	484,5	7,10726E-001	-4,07263E-003	0,00000E+000	7,12000E-001	4,19116E-005	13	...........	62,80
	4845	484,6	7,08587E-001	-3,30780E-003	0,00000E+000	7,10000E-001	4,75116E-005	13	...........	62,79
	4846	484,7	7,06551E-001	-3,95418E-003	0,00000E+000	7,08000E-001	5,37116E-005	13	...........	62,80
	4847	484,8	7,04607E-001	-3,42523E-003	0,00000E+000	7,06000E-001	4,27116E-005	13	...........	62,80
	4848	484,9	7,02494E-001	-3,93273E-003	0,00000E+000	7,04000E-001	4,59116E-005	13	...........	62,81
	4849	485	7,00416E-001	-3,35171E-003	0,00000E+000	7,02000E-001	4,21116E-005	13	...........	62,80
	4850	485,1	6,98443E-001	-3,90618E-003	0,00000E+000	7,00000E-001	4,13116E-005	13	...........	62,80
	4851	485,2	6,96480E-001	-3,10358E-003	0,00000E+000	6,98000E-001	4,81116E-005	13	...........	62,79
	4852	485,3	6,94671E-001	-3,66826E-003	0,00000E+000	6,96000E-001	3,59116E-005	13	...........	62,80
	4853	485,4	6,92555E-001	-3,35580E-003	0,00000E+000	6,94000E-001	5,17116E-005	13	...........	62,79
	4854	485,5	6,90540E-001	-3,76527E-003	0,00000E+000	6,92000E-001	4,91116E-005	13	...........	62,80
	4855	485,6	6,88565E-001	-3,04742E-003	0,00000E+000	6,90000E-001	4,13116E-005	13	...........	62,81
	4856	485,7	6,86698E-001	-3,73872E-003	0,00000E+000	6,88000E-001	5,49116E-005	13	...........	62,80
	4857	485,8	6,84948E-001	-3,16689E-003	0,00000E+000	6,86000E-001	4,43116E-005	13	...........	62,79
	4858	485,9	6,82564E-001	-3,54879E-003	0,00000E+000	6,84000E-001	4,75116E-005	13	...........	62,80
	4859	486	6,80663E-001	-3,29861E-003	0,00000E+000	6,82000E-001	4,39116E-005	13	...........	62,78
	4860	486,1	6,78613E-001	-3,67132E-003	0,00000E+000	6,80000E-001	4,07116E-005	13	...........	62,79
	4861	486,2	6,76461E-001	-3,04231E-003	0,00000E+000	6,78000E-001	3,89116E-005	13	...........	62,79
	4862	486,3	6,74513E-001	-3,58147E-003	0,00000E+000	6,76000E-001	5,37116E-005	13	...........	62,80
	4863	486,4	6,72527E-001	-3,18935E-003	0,00000E+000	6,74000E-001	4,11116E-005	13	...........	62,80
	4864	486,5	6,70685E-001	-3,61312E-003	0,00000E+000	6,72000E-001	3,99116E-005	13	...........	62,80
	4865	486,6	6,68616E-001	-3,29351E-003	0,00000E+000	6,70000E-001	5,05116E-005	13	...........	62,80
	4866	486,7	6,66570E-001	-3,94396E-003	0,00000E+000	6,68000E-001	5,59116E-005	13	...........	62,81
	4867	486,8	6,64588E-001	-3,38439E-003	0,00000E+000	6,66000E-001	4,63116E-005	13	...........	62,79
	4868	486,9	6,62728E-001	-3,79182E-003	0,00000E+000	6,64000E-001	4,03116E-005	13	...........	62,79
	4869	487	6,60662E-001	-3,54266E-003	0,00000E+000	6,62000E-001	5,97116E-005	13	...........	62,80
	4870	487,1	6,58621E-001	-3,92865E-003	0,00000E+000	6,60000E-001	5,85116E-005	13	...........	62,81
	4871	487,2	6,56641E-001	-3,40481E-003	0,00000E+000	6,58000E-001	5,01116E-005	13	...........	62,80
	4872	487,3	6,54740E-001	-3,62435E-003	0,00000E+000	6,56000E-001	4,69116E-005	13	...........	62,80
	4873	487,4	6,52510E-001	-3,49773E-003	0,00000E+000	6,54000E-001	4,89116E-005	13	...........	62,79
	4874	487,5	6,50518E-001	-3,85513E-003	0,00000E+000	6,52000E-001	4,25116E-005	13	...........	62,79
	4875	487,6	6,48538E-001	-3,44157E-003	0,00000E+000	6,50000E-001	3,91116E-005	13	...........	62,79
	4876	487,7	6,46669E-001	-3,54164E-003	0,00000E+000	6,48000E-001	3,91116E-005	13	...........	62,80
	4877	487,8	6,44623E-001	-3,28636E-003	0,00000E+000	6,46000E-001	5,77116E-005	13	...........	62,80
	4878	487,9	6,42561E-001	-3,92967E-003	0,00000E+000	6,44000E-001	4,85116E-005	13	...........	62,80
	4879	488	6,40617E-001	-3,55798E-003	0,00000E+000	6,42000E-001	4,95116E-005	13	...........	62,79
	4880	488,1	6,38739E-001	-3,75097E-003	0,00000E+000	6,40000E-001	3,53116E-005	13	...........	62,80
	4881	488,2	6,36930E-001	-3,85717E-003	0,00000E+000	6,38000E-001	4,89116E-005	13	...........	62,79
	4882	488,3	6,34601E-001	-4,10326E-003	0,00000E+000	6,36000E-001	4,95116E-005	13	...........	62,79
	4883	488,4	6,32734E-001	-3,80918E-003	0,00000E+000	6,34000E-001	4,07116E-005	13	...........	62,80
	4884	488,5	6,30773E-001	-4,18903E-003	0,00000E+000	6,32000E-001	3,43116E-005	13	...........	62,79
	4885	488,6	6,28805E-001	-4,23498E-003	0,00000E+000	6,30000E-001	4,93116E-005	13	...........	62,79
	4886	488,7	6,26572E-001	-4,09611E-003	0,00000E+000	6,28000E-001	5,51116E-005	13	...........	62,80
	4887	488,8	6,24595E-001	-4,02361E-003	0,00000E+000	6,26000E-001	4,59116E-005	13	...........	62,79
	4888	488,9	6,22706E-001	-4,10224E-003	0,00000E+000	6,24000E-001	4,51116E-005	13	...........	62,80
	4889	489	6,20661E-001	-4,03280E-003	0,00000E+000	6,22000E-001	4,31116E-005	13	...........	62,80
	4890	489,1	6,18607E-001	-4,26153E-003	0,00000E+000	6,20000E-001	4,43116E-005	13	...........	62,79
	4891	489,2	6,16671E-001	-4,35139E-003	0,00000E+000	6,18000E-001	4,23116E-005	13	...........	62,80
	4892	489,3	6,14765E-001	-4,22988E-003	0,00000E+000	6,16000E-001	4,15116E-005	13	...........	62,79
	4893	489,4	6,12847E-001	-4,50252E-003	0,00000E+000	6,14000E-001	4,53116E-005	13	...........	62,79
	4894	489,5	6,10713E-001	-4,56583E-003	0,00000E+000	6,12000E-001	5,43116E-005	13	...........	62,79
	4895	489,6	6,08778E-001	-4,24520E-003	0,00000E+000	6,10000E-001	4,31116E-005	13	...........	62,79
	4896	489,7	6,06814E-001	-4,52192E-003	0,00000E+000	6,08000E-001	4,47116E-005	13	...........	62,79
	4897	489,8	6,05081E-001	-4,50865E-003	0,00000E+000	6,06000E-001	3,79116E-005	13	...........	62,79
	4898	489,9	6,02646E-001	-4,54234E-003	0,00000E+000	6,04000E-001	5,03116E-005	13	...........	62,79
	4899	490	6,00623E-001	-4,57808E-003	0,00000E+000	6,02000E-001	4,93116E-005	13	...........	62,79
	4900	490,1	5,98714E-001	-4,80681E-003	0,00000E+000	6,00000E-001	4,29116E-005	13	...........	62,79
	4901	490,2	5,96713E-001	-4,87829E-003	0,00000E+000	5,98000E-001	4,59116E-005	13	...........	62,80
	4902	490,3	5,94640E-001	-4,77005E-003	0,00000E+000	5,96000E-001	4,07116E-005	13	...........	62,80
	4903	490,4	5,92657E-001	-4,99981E-003	0,00000E+000	5,94000E-001	4,07116E-005	13	...........	62,80
	4904	490,5	5,90753E-001	-4,99266E-003	0,00000E+000	5,92000E-001	3,83116E-005	13	...........	62,80
	4905	490,6	5,89029E-001	-4,84051E-003	0,00000E+000	5,90000E-001	4,21116E-005	13	...........	62,80
	4906	490,7	5,86690E-001	-5,24386E-003	0,00000E+000	5,88000E-001	4,07116E-005	13	...........	62,79
	4907	490,8	5,84789E-001	-5,18974E-003	0,00000E+000	5,86000E-001	4,19116E-005	13	...........	62,79
	4908	490,9	5,82861E-001	-5,17544E-003	0,00000E+000	5,84000E-001	4,11116E-005	13	...........	62,80
	4909	491	5,81013E-001	-5,56857E-003	0,00000E+000	5,82000E-001	4,17116E-005	13	...........	62,79
	4910	491,1	5,78888E-001	-5,38988E-003	0,00000E+000	5,80000E-001	4,77116E-005	13	...........	62,80
	4911	491,2	5,76757E-001	-5,59921E-003	0,00000E+000	5,78000E-001	5,03116E-005	13	...........	62,79
	4912	491,3	5,74742E-001	-5,99540E-003	0,00000E+000	5,76000E-001	3,61116E-005	13	...........	62,81
	4913	491,4	5,72762E-001	-6,08016E-003	0,00000E+000	5,74000E-001	3,83116E-005	13	...........	62,80
	4914	491,5	5,70702E-001	-5,89840E-003	0,00000E+000	5,72000E-001	4,83116E-005	13	...........	62,80
	4915	491,6	5,68697E-001	-6,31808E-003	0,00000E+000	5,70000E-001	4,29116E-005	13	...........	62,80
	4916	491,7	5,66777E-001	-6,08833E-003	0,00000E+000	5,68000E-001	3,89116E-005	13	...........	62,80
	4917	491,8	5,64990E-001	-6,55600E-003	0,00000E+000	5,66000E-001	4,43116E-005	13	...........	62,80
	4918	491,9	5,62727E-001	-6,39875E-003	0,00000E+000	5,64000E-001	4,61116E-005	13	...........	62,80
	4919	492	5,60708E-001	-6,66526E-003	0,00000E+000	5,62000E-001	4,61116E-005	13	...........	62,79
	4920	492,1	5,58857E-001	-6,36811E-003	0,00000E+000	5,60000E-001	5,61116E-005	13	...........	62,81
	4921	492,2	5,57105E-001	-7,08290E-003	0,00000E+000	5,58000E-001	4,53116E-005	13	...........	62,80
	4922	492,3	5,54790E-001	-6,94301E-003	0,00000E+000	5,56000E-001	5,19116E-005	13	...........	62,80
	4923	492,4	5,52779E-001	-6,84294E-003	0,00000E+000	5,54000E-001	4,25116E-005	13	...........	62,80
	4924	492,5	5,50863E-001	-6,99815E-003	0,00000E+000	5,52000E-001	4,37116E-005	13	...........	62,80
	4925	492,6	5,48756E-001	-7,52198E-003	0,00000E+000	5,50000E-001	3,97116E-005	13	...........	62,80
	4926	492,7	5,46730E-001	-7,07065E-003	0,00000E+000	5,48000E-001	4,59116E-005	13	...........	62,80
	4927	492,8	5,44712E-001	-7,33205E-003	0,00000E+000	5,46000E-001	3,75116E-005	13	...........	62,80
	4928	492,9	5,42780E-001	-7,59959E-003	0,00000E+000	5,44000E-001	4,13116E-005	13	...........	62,80
	4929	493	5,40959E-001	-7,59346E-003	0,00000E+000	5,42000E-001	3,69116E-005	13	...........	62,80
	4930	493,1	5,38824E-001	-7,44438E-003	0,00000E+000	5,40000E-001	4,35116E-005	13	...........	62,80
	4931	493,2	5,36778E-001	-8,20103E-003	0,00000E+000	5,38000E-001	4,07116E-005	13	...........	62,80
	4932	493,3	5,34833E-001	-7,78441E-003	0,00000E+000	5,36000E-001	3,93116E-005	13	...........	62,80
	4933	493,4	5,33051E-001	-8,11832E-003	0,00000E+000	5,34000E-001	4,37116E-005	13	...........	62,80
	4934	493,5	5,31143E-001	-7,97741E-003	0,00000E+000	5,32000E-001	5,35116E-005	13	...........	62,80
	4935	493,6	5,28832E-001	-8,38688E-003	0,00000E+000	5,30000E-001	4,39116E-005	13	...........	62,80
	4936	493,7	5,26892E-001	-8,50533E-003	0,00000E+000	5,28000E-001	4,15116E-005	13	...........	62,80
	4937	493,8	5,24818E-001	-8,93726E-003	0,00000E+000	5,26000E-001	4,89116E-005	13	...........	62,80
	4938	493,9	5,22792E-001	-8,64828E-003	0,00000E+000	5,24000E-001	4,91116E-005	13	...........	62,80
	4939	494	5,20783E-001	-9,16395E-003	0,00000E+000	5,22000E-001	4,23116E-005	13	...........	62,79
	4940	494,1	5,18813E-001	-8,71363E-003	0,00000E+000	5,20000E-001	3,35116E-005	13	...........	62,79
	4941	494,2	5,17004E-001	-9,24156E-003	0,00000E+000	5,18000E-001	4,85116E-005	13	...........	62,79
	4942	494,3	5,14884E-001	-9,07409E-003	0,00000E+000	5,16000E-001	4,93116E-005	13	...........	62,80
	4943	494,4	5,12880E-001	-9,54381E-003	0,00000E+000	5,14000E-001	4,75116E-005	13	...........	62,79
	4944	494,5	5,10845E-001	-9,29465E-003	0,00000E+000	5,12000E-001	5,33116E-005	13	...........	62,80
	4945	494,6	5,09094E-001	-9,52441E-003	0,00000E+000	5,10000E-001	4,71116E-005	13	...........	62,80
	4946	494,7	5,06884E-001	-9,71230E-003	0,00000E+000	5,08000E-001	5,69116E-005	13	...........	62,80
	4947	494,8	5,04895E-001	-1,03536E-002	0,00000E+000	5,06000E-001	5,19116E-005	13	...........	62,80
	4948	494,9	5,02881E-001	-9,30385E-003	0,00000E+000	5,04000E-001	3,85116E-005	13	...........	62,81
	4949	495	5,01025E-001	-1,01841E-002	0,00000E+000	5,02000E-001	4,85116E-005	13	...........	62,80
	4950	495,1	4,98796E-001	-1,01524E-002	0,00000E+000	5,00000E-001	4,87116E-005	13	...........	62,81
	4951	495,2	4,96772E-001	-1,07365E-002	0,00000E+000	4,98000E-001	4,53116E-005	13	...........	62,80
	4952	495,3	4,94818E-001	-1,00870E-002	0,00000E+000	4,96000E-001	4,65116E-005	13	...........	62,80
	4953	495,4	4,92957E-001	-1,11582E-002	0,00000E+000	4,94000E-001	4,55116E-005	13	...........	62,81
	4954	495,5	4,90869E-001	-1,03964E-002	0,00000E+000	4,92000E-001	3,89116E-005	13	...........	62,80
	4955	495,6	4,88870E-001	-1,12930E-002	0,00000E+000	4,90000E-001	5,07116E-005	13	...........	62,81
	4956	495,7	4,86901E-001	-1,09479E-002	0,00000E+000	4,88000E-001	3,89116E-005	13	...........	62,81
	4957	495,8	4,85097E-001	-1,18628E-002	0,00000E+000	4,86000E-001	4,17116E-005	13	...........	62,81
	4958	495,9	4,83048E-001	-1,10469E-002	0,00000E+000	4,84000E-001	5,15116E-005	13	...........	62,82
	4959	496	4,80944E-001	-1,21273E-002	0,00000E+000	4,82000E-001	4,45116E-005	13	...........	62,82
	4960	496,1	4,78970E-001	-1,10030E-002	0,00000E+000	4,80000E-001	5,25116E-005	13	...........	62,80
	4961	496,2	4,77122E-001	-1,21181E-002	0,00000E+000	4,78000E-001	3,97116E-005	13	...........	62,80
	4962	496,3	4,74894E-001	-1,16953E-002	0,00000E+000	4,76000E-001	4,17116E-005	13	...........	62,80
	4963	496,4	4,72874E-001	-1,26317E-002	0,00000E+000	4,74000E-001	4,33116E-005	13	...........	62,81
	4964	496,5	4,70869E-001	-1,21160E-002	0,00000E+000	4,72000E-001	4,41116E-005	13	...........	62,81
	4965	496,6	4,69012E-001	-1,32423E-002	0,00000E+000	4,70000E-001	4,29116E-005	13	...........	62,81
	4966	496,7	4,66934E-001	-1,23897E-002	0,00000E+000	4,68000E-001	4,21116E-005	13	...........	62,81
	4967	496,8	4,64925E-001	-1,34261E-002	0,00000E+000	4,66000E-001	3,73116E-005	13	...........	62,81
	4968	496,9	4,62945E-001	-1,27420E-002	0,00000E+000	4,64000E-001	4,37116E-005	13	...........	62,81
	4969	497	4,61118E-001	-1,37988E-002	0,00000E+000	4,62000E-001	4,03116E-005	13	...........	62,80
	4970	497,1	4,59045E-001	-1,30105E-002	0,00000E+000	4,60000E-001	4,99116E-005	13	...........	62,81
	4971	497,2	4,56977E-001	-1,43462E-002	0,00000E+000	4,58000E-001	5,05116E-005	13	...........	62,81
	4972	497,3	4,55043E-001	-1,33485E-002	0,00000E+000	4,56000E-001	4,93116E-005	13	...........	62,81
	4973	497,4	4,53148E-001	-1,41971E-002	0,00000E+000	4,54000E-001	3,01116E-005	13	...........	62,80
	4974	497,5	4,51362E-001	-1,31821E-002	0,00000E+000	4,52000E-001	3,93116E-005	13	...........	62,81
	4975	497,6	4,48922E-001	-1,52417E-002	0,00000E+000	4,50000E-001	4,69116E-005	13	...........	62,80
	4976	497,7	4,46913E-001	-1,38284E-002	0,00000E+000	4,48000E-001	6,25116E-005	13	...........	62,80
	4977	497,8	4,45028E-001	-1,51151E-002	0,00000E+000	4,46000E-001	3,35116E-005	13	...........	62,81
	4978	497,9	4,42948E-001	-1,45381E-002	0,00000E+000	4,44000E-001	5,05116E-005	13	...........	62,81
	4979	498	4,40952E-001	-1,55174E-002	0,00000E+000	4,42000E-001	5,17116E-005	13	...........	62,82
	4980	498,1	4,38952E-001	-1,49047E-002	0,00000E+000	4,40000E-001	3,89116E-005	13	...........	62,81
	4981	498,2	4,37084E-001	-1,63271E-002	0,00000E+000	4,38000E-001	3,77116E-005	13	...........	62,82
	4982	498,3	4,35091E-001	-1,53703E-002	0,00000E+000	4,36000E-001	4,25116E-005	13	...........	62,81
	4983	498,4	4,32965E-001	-1,64313E-002	0,00000E+000	4,34000E-001	3,87116E-005	13	...........	62,81
	4984	498,5	4,30990E-001	-1,59279E-002	0,00000E+000	4,32000E-001	4,03116E-005	13	...........	62,82
	4985	498,6	4,29169E-001	-1,68357E-002	0,00000E+000	4,30000E-001	4,45116E-005	13	...........	62,81
	4986	498,7	4,27450E-001	-1,56910E-002	0,00000E+000	4,28000E-001	4,63116E-005	13	...........	62,81
	4987	498,8	4,25197E-001	-1,74381E-002	0,00000E+000	4,26000E-001	4,39116E-005	13	...........	62,81
	4988	498,9	4,23071E-001	-1,67070E-002	0,00000E+000	4,24000E-001	4,85116E-005	13	...........	62,81
	4989	499	4,21085E-001	-1,75811E-002	0,00000E+000	4,22000E-001	3,75116E-005	13	...........	62,81
	4990	499,1	4,19030E-001	-1,73585E-002	0,00000E+000	4,20000E-001	4,75116E-005	13	...........	62,82
	4991	499,2	4,16997E-001	-1,81161E-002	0,00000E+000	4,18000E-001	5,19116E-005	13	...........	62,81
	4992	499,3	4,15044E-001	-1,75494E-002	0,00000E+000	4,16000E-001	4,69116E-005	13	...........	62,81
	4993	499,4	4,13145E-001	-1,85828E-002	0,00000E+000	4,14000E-001	3,09116E-005	13	...........	62,81
	4994	499,5	4,11304E-001	-1,81386E-002	0,00000E+000	4,12000E-001	3,17116E-005	13	...........	62,81
	4995	499,6	4,09012E-001	-1,87452E-002	0,00000E+000	4,10000E-001	5,15116E-005	13	...........	62,81
	4996	499,7	4,07059E-001	-1,85675E-002	0,00000E+000	4,08000E-001	3,41116E-005	13	...........	62,81
	4997	499,8	4,05172E-001	-1,93752E-002	0,00000E+000	4,06000E-001	3,39116E-005	13	...........	62,80
	4998	499,9	4,03432E-001	-1,87462E-002	0,00000E+000	4,04000E-001	4,75116E-005	13	...........	62,81
	4999	500	4,01077E-001	-1,96448E-002	0,00000E+000	4,02000E-001	4,77116E-005	13	...........	62,80
	5000	500,1	3,99174E-001	-1,96999E-002	0,00000E+000	4,00000E-001	5,15116E-005	13	...........	62,80
