EXPLAIN
TAG	CV
TITLE	LABEL	Cyclic Voltammetry	Test Identifier
DATE	LABEL	26/3/2026	Date
TIME	LABEL	7:19:51	Time
NOTES	NOTES	1	Notes...
	
PSTAT	PSTAT	REF3000-46189	Potentiostat
VINIT	POTEN	0,00000E+000	F	Initial E (V)
VLIMIT1	POTEN	0,00000E+000	F	Scan Limit 1 (V)
VLIMIT2	POTEN	1,40000E+000	F	Scan Limit 2 (V)
VFINAL	POTEN	0,00000E+000	F	Final E (V)
SCANRATE	QUANT	2,00000E+001	Scan Rate (mV/s)
STEPSIZE	QUANT	2,00000E+000	Step Size (mV)
CYCLES	IQUANT	5	Cycles (#)
IMODE	SELECTOR	0	I/E Range Mode
IRANGE	QUANT	3,00000E+003	Max Current (mA)
AREA	QUANT	2,50000E+001	Sample Area (cm^2)
EQDELAY	QUANT	0,00000E+000	Equil. Time (s)
IRCOMP	SELECTOR	0	IRComp
PFCOR	QUANT	5,00000E+001	PF Corr. (ohm)
SAMPLINGMODE	SELECTOR	1	Sampling Mode
EOC	QUANT	0,0077201	Open Circuit (V)
ELECTRODETYPE	SELECTOR	0	Electrode Type
STRIPPING	TOGGLE	F	Used for Stripping
SEQUENCER	TOGGLE	TRUE	Run as Sequence
PSTATMODEL	IQUANT	6	Pstat Model
PSTATSECTION	LABEL	REF30K-46189	Pstat Section
PSTATSERIALNO	LABEL	46189	Pstat Serial Number
CTRLMODE	IQUANT	1	Control Mode
ELECTROMETER	IQUANT	0	RE=0 or CS=1
IESTAB	IQUANT	2	I/E Stability
CASPEED	IQUANT	4	Control Amp Speed
CONVENTION	IQUANT	1	Current Convention
ICHRANGE	IQUANT	2	Ich Range
ICHRANGEMODE	TOGGLE	F	Ich Auto Range
ICHOFFSETENABLE	TOGGLE	F	Ich Offset Enable
ICHOFFSET	QUANT	0	Ich Offset (V)
ICHFILTER	IQUANT	2	Ich Filter
VCHRANGE	IQUANT	2	Vch Range
VCHRANGEMODE	TOGGLE	F	Vch Auto Range
VCHOFFSETENABLE	TOGGLE	F	Vch Offset Enable
VCHOFFSET	QUANT	0	Vch Offset (V)
VCHFILTER	IQUANT	2	Vch Filter
ACHRANGE	IQUANT	2	Ach Range
ACHOFFSETENABLE	TOGGLE	F	Ach Offset Enable
ACHOFFSET	QUANT	0	Ach Offset (V)
ACHFILTER	IQUANT	1	Ach Filter
IERANGELOWERLIMIT	IQUANT	13	I/E Range Lower Limit
IERANGEMODE	TOGGLE	F	I/E AutoRange
IERANGE	IQUANT	13	I/E Range
POSFEEDENABLE	TOGGLE	F	Positive Feedback IR Comp
POSFEEDRESISTANCE	QUANT	0	Positive Feedback Resistance (ohm)
ACHSELECT	IQUANT	4	Ach Select
SENSECABLEID	IQUANT	14	Sense Cable ID
PWRCABLEID	IQUANT	8	Power Cable ID
DCCALDATE	LABEL	10/1/2025	DC Calibration Date
ACCALDATE	LABEL	10/1/2025	AC Calibration Date
THERMOSELECT	IQUANT	1	Thermo Select
FRAMEWORKVERSION	LABEL	7.10.1	Framework Version
INSTRUMENTVERSION	LABEL	4.80	Instrument Version
COMMVERSION	LABEL	5.10	Communications Version
CPUPLDVERSION	LABEL	6.00	CPU PLD Version
CTRLPLDVERSION	LABEL	3.21	CTRL PLD Version
PSTATPLDVERSION	LABEL	0.00	PSTAT PLD Version
BOOSTERDCCALDATE	LABEL	10/1/2025	Booster DC Calibration Date
CURVE1	TABLE
	Pt	T	Vf	Im	Vu	Sig	Ach	IERange	Over	Temp
	#	s	V vs. Ref.	A	V	V	V	#	bits	deg C
	0	0,1	-4,27379E-004	-5,36129E-003	0,00000E+000	5,96046E-008	2,21116E-005	13	...........	64,35
	1	0,2	1,85222E-003	-1,86393E-003	0,00000E+000	2,00009E-003	7,31157E-006	13	...........	64,35
	2	0,3	3,65272E-003	-2,79150E-004	0,00000E+000	4,00007E-003	1,67116E-005	13	...........	64,35
	3	0,4	5,62182E-003	9,16586E-004	0,00000E+000	6,00004E-003	1,55116E-005	13	...........	64,35
	4	0,5	7,56902E-003	1,86113E-003	0,00000E+000	8,00008E-003	2,03116E-005	13	...........	64,36
	5	0,6	9,59832E-003	2,68824E-003	0,00000E+000	1,00001E-002	7,51157E-006	13	...........	64,34
	6	0,7	1,15552E-002	3,57559E-003	0,00000E+000	1,20001E-002	1,85116E-005	13	...........	64,35
	7	0,8	1,36458E-002	4,38126E-003	0,00000E+000	1,40001E-002	1,63116E-005	13	...........	64,34
	8	0,9	1,59057E-002	5,17467E-003	0,00000E+000	1,60001E-002	2,33116E-005	13	...........	64,34
	9	1	1,78930E-002	6,11513E-003	0,00000E+000	1,80001E-002	-6,48843E-006	13	...........	64,34
	10	1,1	1,96684E-002	6,78601E-003	0,00000E+000	2,00000E-002	1,75116E-005	13	...........	64,34
	11	1,2	2,16127E-002	7,24858E-003	0,00000E+000	2,20001E-002	7,51157E-006	13	...........	64,35
	12	1,3	2,36162E-002	7,85410E-003	0,00000E+000	2,40000E-002	8,51157E-006	13	...........	64,35
	13	1,4	2,57904E-002	8,38815E-003	0,00000E+000	2,60001E-002	7,31157E-006	13	...........	64,33
	14	1,5	2,75716E-002	8,66692E-003	0,00000E+000	2,80001E-002	-1,12884E-005	13	...........	64,36
	15	1,6	2,95034E-002	9,14378E-003	0,00000E+000	3,00001E-002	6,51157E-006	13	...........	64,34
	16	1,7	3,15418E-002	9,83100E-003	0,00000E+000	3,20001E-002	7,11157E-006	13	...........	64,34
	17	1,8	3,35616E-002	1,04723E-002	0,00000E+000	3,40000E-002	2,51157E-006	13	...........	64,35
	18	1,9	3,55330E-002	1,10237E-002	0,00000E+000	3,60001E-002	-4,68843E-006	13	...........	64,34
	19	2	3,74932E-002	1,18099E-002	0,00000E+000	3,80000E-002	-5,08843E-006	13	...........	64,35
	20	2,1	3,96929E-002	1,23256E-002	0,00000E+000	4,00001E-002	8,31157E-006	13	...........	64,34
	21	2,2	4,18782E-002	1,32569E-002	0,00000E+000	4,20001E-002	6,51157E-006	13	...........	64,33
	22	2,3	4,36414E-002	1,37868E-002	0,00000E+000	4,40001E-002	1,49116E-005	13	...........	64,34
	23	2,4	4,56229E-002	1,45057E-002	0,00000E+000	4,60001E-002	2,29116E-005	13	...........	64,34
	24	2,5	4,75916E-002	1,52399E-002	0,00000E+000	4,80000E-002	1,01116E-005	13	...........	64,34
	25	2,6	4,97784E-002	1,58526E-002	0,00000E+000	5,00001E-002	7,51157E-006	13	...........	64,34
	26	2,7	5,15888E-002	1,65286E-002	0,00000E+000	5,20000E-002	4,51157E-006	13	...........	64,33
	27	2,8	5,35076E-002	1,69860E-002	0,00000E+000	5,40001E-002	7,51157E-006	13	...........	64,33
	28	2,9	5,54539E-002	1,76212E-002	0,00000E+000	5,60001E-002	1,59116E-005	13	...........	64,35
	29	3	5,75150E-002	1,81460E-002	0,00000E+000	5,80001E-002	2,51157E-006	13	...........	64,33
	30	3,1	5,95310E-002	1,84871E-002	0,00000E+000	6,00001E-002	3,51157E-006	13	...........	64,34
	31	3,2	6,14476E-002	1,94888E-002	0,00000E+000	6,20000E-002	3,91157E-006	13	...........	64,34
	32	3,3	6,34241E-002	2,00443E-002	0,00000E+000	6,40001E-002	1,69116E-005	13	...........	64,34
	33	3,4	6,57609E-002	2,08653E-002	0,00000E+000	6,60000E-002	6,71157E-006	13	...........	64,34
	34	3,5	6,75612E-002	2,16035E-002	0,00000E+000	6,80001E-002	1,29116E-005	13	...........	64,34
	35	3,6	6,95182E-002	2,25634E-002	0,00000E+000	7,00001E-002	1,67116E-005	13	...........	64,34
	36	3,7	7,15209E-002	2,31567E-002	0,00000E+000	7,20001E-002	1,73116E-005	13	...........	64,34
	37	3,8	7,37572E-002	2,39562E-002	0,00000E+000	7,40001E-002	1,83116E-005	13	...........	64,34
	38	3,9	7,55445E-002	2,43207E-002	0,00000E+000	7,60000E-002	1,31116E-005	13	...........	64,33
	39	4	7,74435E-002	2,51162E-002	0,00000E+000	7,80001E-002	8,91157E-006	13	...........	64,34
	40	4,1	7,94630E-002	2,54838E-002	0,00000E+000	8,00000E-002	8,31157E-006	13	...........	64,34
	41	4,2	8,14813E-002	2,65100E-002	0,00000E+000	8,20001E-002	1,27116E-005	13	...........	64,34
	42	4,3	8,35130E-002	2,68776E-002	0,00000E+000	8,40001E-002	5,51157E-006	13	...........	64,33
	43	4,4	8,54129E-002	2,77987E-002	0,00000E+000	8,60001E-002	2,51157E-006	13	...........	64,34
	44	4,5	8,74173E-002	2,85002E-002	0,00000E+000	8,80001E-002	8,71157E-006	13	...........	64,34
	45	4,6	8,94103E-002	2,94356E-002	0,00000E+000	9,00000E-002	8,11157E-006	13	...........	64,33
	46	4,7	9,15878E-002	3,02617E-002	0,00000E+000	9,20001E-002	7,51157E-006	13	...........	64,34
	47	4,8	9,35151E-002	3,11112E-002	0,00000E+000	9,40000E-002	1,69116E-005	13	...........	64,34
	48	4,9	9,55172E-002	3,19312E-002	0,00000E+000	9,60001E-002	3,31116E-005	13	...........	64,34
	49	5	9,75808E-002	3,25673E-002	0,00000E+000	9,80000E-002	2,07116E-005	13	...........	64,33
	50	5,1	9,95565E-002	3,32842E-002	0,00000E+000	1,00000E-001	6,31157E-006	13	...........	64,34
	51	5,2	1,01415E-001	3,39877E-002	0,00000E+000	1,02000E-001	1,49116E-005	13	...........	64,34
	52	5,3	1,03421E-001	3,48057E-002	0,00000E+000	1,04000E-001	1,17116E-005	13	...........	64,34
	53	5,4	1,05536E-001	3,58431E-002	0,00000E+000	1,06000E-001	2,01116E-005	13	...........	64,33
	54	5,5	1,07491E-001	3,68510E-002	0,00000E+000	1,08000E-001	1,95116E-005	13	...........	64,33
	55	5,6	1,09369E-001	3,77924E-002	0,00000E+000	1,10000E-001	7,31157E-006	13	...........	64,33
	56	5,7	1,11386E-001	3,87574E-002	0,00000E+000	1,12000E-001	4,71157E-006	13	...........	64,34
	57	5,8	1,13395E-001	3,98245E-002	0,00000E+000	1,14000E-001	1,69116E-005	13	...........	64,34
	58	5,9	1,15501E-001	4,05811E-002	0,00000E+000	1,16000E-001	4,11157E-006	13	...........	64,34
	59	6	1,17448E-001	4,13235E-002	0,00000E+000	1,18000E-001	9,11157E-006	13	...........	64,33
	60	6,1	1,19538E-001	4,20944E-002	0,00000E+000	1,20000E-001	2,63116E-005	13	...........	64,34
	61	6,2	1,21853E-001	4,30216E-002	0,00000E+000	1,22000E-001	1,45116E-005	13	...........	64,34
	62	6,3	1,23559E-001	4,40254E-002	0,00000E+000	1,24000E-001	1,27116E-005	13	...........	64,34
	63	6,4	1,25433E-001	4,52221E-002	0,00000E+000	1,26000E-001	8,51157E-006	13	...........	64,34
	64	6,5	1,27419E-001	4,62862E-002	0,00000E+000	1,28000E-001	1,07116E-005	13	...........	64,34
	65	6,6	1,29450E-001	4,74901E-002	0,00000E+000	1,30000E-001	3,11567E-007	13	...........	64,34
	66	6,7	1,31490E-001	4,83938E-002	0,00000E+000	1,32000E-001	-8,48843E-006	13	...........	64,34
	67	6,8	1,33322E-001	4,93005E-002	0,00000E+000	1,34000E-001	5,31157E-006	13	...........	64,33
	68	6,9	1,35316E-001	5,00868E-002	0,00000E+000	1,36000E-001	1,33116E-005	13	...........	64,34
	69	7	1,37332E-001	5,11559E-002	0,00000E+000	1,38000E-001	7,71157E-006	13	...........	64,34
	70	7,1	1,39374E-001	5,22934E-002	0,00000E+000	1,40000E-001	4,51157E-006	13	...........	64,34
	71	7,2	1,41410E-001	5,36709E-002	0,00000E+000	1,42000E-001	1,35116E-005	13	...........	64,33
	72	7,3	1,43388E-001	5,49769E-002	0,00000E+000	1,44000E-001	1,27116E-005	13	...........	64,33
	73	7,4	1,45616E-001	5,61880E-002	0,00000E+000	1,46000E-001	1,97116E-005	13	...........	64,34
	74	7,5	1,47533E-001	5,70600E-002	0,00000E+000	1,48000E-001	1,17116E-005	13	...........	64,35
	75	7,6	1,49351E-001	5,80413E-002	0,00000E+000	1,50000E-001	4,51157E-006	13	...........	64,34
	76	7,7	1,51374E-001	5,86397E-002	0,00000E+000	1,52000E-001	2,25116E-005	13	...........	64,33
	77	7,8	1,53469E-001	6,00172E-002	0,00000E+000	1,54000E-001	1,63116E-005	13	...........	64,35
	78	7,9	1,55480E-001	6,11027E-002	0,00000E+000	1,56000E-001	1,45116E-005	13	...........	64,35
	79	8	1,57345E-001	6,27334E-002	0,00000E+000	1,58000E-001	2,03116E-005	13	...........	64,33
	80	8,1	1,59342E-001	6,41456E-002	0,00000E+000	1,60000E-001	1,59116E-005	13	...........	64,34
	81	8,2	1,61355E-001	6,51647E-002	0,00000E+000	1,62000E-001	1,67116E-005	13	...........	64,34
	82	8,3	1,63376E-001	6,60766E-002	0,00000E+000	1,64000E-001	8,31157E-006	13	...........	64,34
	83	8,4	1,65266E-001	6,72274E-002	0,00000E+000	1,66000E-001	1,95116E-005	13	...........	64,34
	84	8,5	1,67328E-001	6,84854E-002	0,00000E+000	1,68000E-001	1,21116E-005	13	...........	64,35
	85	8,6	1,69583E-001	7,01253E-002	0,00000E+000	1,70000E-001	1,01116E-005	13	...........	64,35
	86	8,7	1,71520E-001	7,16836E-002	0,00000E+000	1,72000E-001	3,71157E-006	13	...........	64,35
	87	8,8	1,73399E-001	7,30478E-002	0,00000E+000	1,74000E-001	2,17116E-005	13	...........	64,34
	88	8,9	1,75382E-001	7,39219E-002	0,00000E+000	1,76000E-001	1,39116E-005	13	...........	64,35
	89	9	1,77412E-001	7,52268E-002	0,00000E+000	1,78000E-001	2,21116E-005	13	...........	64,35
	90	9,1	1,79482E-001	7,65655E-002	0,00000E+000	1,80000E-001	1,37116E-005	13	...........	64,33
	91	9,2	1,81271E-001	7,85424E-002	0,00000E+000	1,82000E-001	5,71157E-006	13	...........	64,33
	92	9,3	1,83268E-001	8,00864E-002	0,00000E+000	1,84000E-001	3,31157E-006	13	...........	64,35
	93	9,4	1,85294E-001	8,15333E-002	0,00000E+000	1,86000E-001	7,31157E-006	13	...........	64,33
	94	9,5	1,87358E-001	8,24584E-002	0,00000E+000	1,88000E-001	1,71157E-006	13	...........	64,35
	95	9,6	1,89224E-001	8,40923E-002	0,00000E+000	1,90000E-001	6,11157E-006	13	...........	64,35
	96	9,7	1,91204E-001	8,55473E-002	0,00000E+000	1,92000E-001	6,71157E-006	13	...........	64,34
	97	9,8	1,93413E-001	8,76509E-002	0,00000E+000	1,94000E-001	1,49116E-005	13	...........	64,34
	98	9,9	1,95469E-001	8,93204E-002	0,00000E+000	1,96000E-001	1,65116E-005	13	...........	64,34
	99	10	1,97277E-001	9,07908E-002	0,00000E+000	1,98000E-001	1,93116E-005	13	...........	64,34
	100	10,1	1,99322E-001	9,22102E-002	0,00000E+000	2,00000E-001	1,97116E-005	13	...........	64,34
	101	10,2	2,01370E-001	9,44546E-002	0,00000E+000	2,02000E-001	1,23116E-005	13	...........	64,34
	102	10,3	2,03413E-001	9,62977E-002	0,00000E+000	2,04000E-001	1,89116E-005	13	...........	64,34
	103	10,4	2,05248E-001	9,78978E-002	0,00000E+000	2,06000E-001	1,59116E-005	13	...........	64,34
	104	10,5	2,07242E-001	9,89772E-002	0,00000E+000	2,08000E-001	1,43116E-005	13	...........	64,34
	105	10,6	2,09230E-001	1,01144E-001	0,00000E+000	2,10000E-001	1,89116E-005	13	...........	64,35
	106	10,7	2,11199E-001	1,02856E-001	0,00000E+000	2,12000E-001	9,71157E-006	13	...........	64,35
	107	10,8	2,13157E-001	1,05088E-001	0,00000E+000	2,14000E-001	6,91157E-006	13	...........	64,35
	108	10,9	2,15140E-001	1,06927E-001	0,00000E+000	2,16000E-001	1,17116E-005	13	...........	64,35
	109	11	2,17160E-001	1,08684E-001	0,00000E+000	2,18000E-001	2,21116E-005	13	...........	64,34
	110	11,1	2,19399E-001	1,10846E-001	0,00000E+000	2,20000E-001	-1,48843E-006	13	...........	64,35
	111	11,2	2,21222E-001	1,13233E-001	0,00000E+000	2,22000E-001	8,31157E-006	13	...........	64,34
	112	11,3	2,23296E-001	1,14543E-001	0,00000E+000	2,24000E-001	1,63116E-005	13	...........	64,34
	113	11,4	2,25224E-001	1,16152E-001	0,00000E+000	2,26000E-001	1,67116E-005	13	...........	64,35
	114	11,5	2,27337E-001	1,18018E-001	0,00000E+000	2,28000E-001	1,31157E-006	13	...........	64,34
	115	11,6	2,29166E-001	1,20596E-001	0,00000E+000	2,30000E-001	9,91157E-006	13	...........	64,33
	116	11,7	2,31155E-001	1,22436E-001	0,00000E+000	2,32000E-001	1,33116E-005	13	...........	64,34
	117	11,8	2,33190E-001	1,24090E-001	0,00000E+000	2,34000E-001	1,21116E-005	13	...........	64,33
	118	11,9	2,35197E-001	1,25552E-001	0,00000E+000	2,36000E-001	1,73116E-005	13	...........	64,35
	119	12	2,37161E-001	1,28183E-001	0,00000E+000	2,38000E-001	1,31116E-005	13	...........	64,34
	120	12,1	2,39095E-001	1,30427E-001	0,00000E+000	2,40000E-001	2,11157E-006	13	...........	64,34
	121	12,2	2,41072E-001	1,32364E-001	0,00000E+000	2,42000E-001	8,91157E-006	13	...........	64,33
	122	12,3	2,43081E-001	1,34339E-001	0,00000E+000	2,44000E-001	1,75116E-005	13	...........	64,35
	123	12,4	2,45204E-001	1,36494E-001	0,00000E+000	2,46000E-001	9,31157E-006	13	...........	64,34
	124	12,5	2,47145E-001	1,38332E-001	0,00000E+000	2,48000E-001	9,31157E-006	13	...........	64,35
	125	12,6	2,49339E-001	1,40330E-001	0,00000E+000	2,50000E-001	2,01116E-005	13	...........	64,34
	126	12,7	2,51313E-001	1,42093E-001	0,00000E+000	2,52000E-001	1,69116E-005	13	...........	64,34
	127	12,8	2,53178E-001	1,44205E-001	0,00000E+000	2,54000E-001	6,71157E-006	13	...........	64,34
	128	12,9	2,55154E-001	1,46294E-001	0,00000E+000	2,56000E-001	9,11157E-006	13	...........	64,34
	129	13	2,57136E-001	1,48162E-001	0,00000E+000	2,58000E-001	-2,68843E-006	13	...........	64,34
	130	13,1	2,59280E-001	1,49731E-001	0,00000E+000	2,60000E-001	7,31157E-006	13	...........	64,35
	131	13,2	2,61133E-001	1,51930E-001	0,00000E+000	2,62000E-001	7,91157E-006	13	...........	64,34
	132	13,3	2,63080E-001	1,53715E-001	0,00000E+000	2,64000E-001	2,19116E-005	13	...........	64,35
	133	13,4	2,65098E-001	1,55713E-001	0,00000E+000	2,66000E-001	8,31157E-006	13	...........	64,34
	134	13,5	2,67078E-001	1,57541E-001	0,00000E+000	2,68000E-001	1,51116E-005	13	...........	64,34
	135	13,6	2,69237E-001	1,59366E-001	0,00000E+000	2,70000E-001	1,59116E-005	13	...........	64,34
	136	13,7	2,71202E-001	1,61204E-001	0,00000E+000	2,72000E-001	8,91157E-006	13	...........	64,34
	137	13,8	2,73201E-001	1,63358E-001	0,00000E+000	2,74000E-001	2,07116E-005	13	...........	64,34
	138	13,9	2,75462E-001	1,64920E-001	0,00000E+000	2,76000E-001	1,73116E-005	13	...........	64,34
	139	14	2,77213E-001	1,66625E-001	0,00000E+000	2,78000E-001	1,39116E-005	13	...........	64,34
	140	14,1	2,79139E-001	1,68059E-001	0,00000E+000	2,80000E-001	1,25116E-005	13	...........	64,35
	141	14,2	2,81104E-001	1,70433E-001	0,00000E+000	2,82000E-001	1,87116E-005	13	...........	64,35
	142	14,3	2,83205E-001	1,72108E-001	0,00000E+000	2,84000E-001	1,43116E-005	13	...........	64,35
	143	14,4	2,85138E-001	1,73825E-001	0,00000E+000	2,86000E-001	4,71157E-006	13	...........	64,35
	144	14,5	2,87069E-001	1,75641E-001	0,00000E+000	2,88000E-001	3,11567E-007	13	...........	64,35
	145	14,6	2,89038E-001	1,77949E-001	0,00000E+000	2,90000E-001	9,91157E-006	13	...........	64,35
	146	14,7	2,91048E-001	1,79463E-001	0,00000E+000	2,92000E-001	1,11157E-006	13	...........	64,36
	147	14,8	2,93101E-001	1,81232E-001	0,00000E+000	2,94000E-001	1,17116E-005	13	...........	64,36
	148	14,9	2,95123E-001	1,82643E-001	0,00000E+000	2,96000E-001	1,21116E-005	13	...........	64,35
	149	15	2,97163E-001	1,84657E-001	0,00000E+000	2,98000E-001	1,37116E-005	13	...........	64,35
	150	15,1	2,99391E-001	1,86447E-001	0,00000E+000	3,00000E-001	1,27116E-005	13	...........	64,35
	151	15,2	3,01170E-001	1,88407E-001	0,00000E+000	3,02000E-001	1,69116E-005	13	...........	64,35
	152	15,3	3,03078E-001	1,89986E-001	0,00000E+000	3,04000E-001	1,33116E-005	13	...........	64,35
	153	15,4	3,05073E-001	1,91769E-001	0,00000E+000	3,06000E-001	2,27116E-005	13	...........	64,35
	154	15,5	3,07237E-001	1,93868E-001	0,00000E+000	3,08000E-001	1,47116E-005	13	...........	64,35
	155	15,6	3,09161E-001	1,95698E-001	0,00000E+000	3,10000E-001	1,31116E-005	13	...........	64,35
	156	15,7	3,11016E-001	1,97188E-001	0,00000E+000	3,12000E-001	1,29116E-005	13	...........	64,35
	157	15,8	3,12998E-001	1,99024E-001	0,00000E+000	3,14000E-001	2,87116E-005	13	...........	64,35
	158	15,9	3,15050E-001	2,00885E-001	0,00000E+000	3,16000E-001	-1,68843E-006	13	...........	64,35
	159	16	3,17090E-001	2,03138E-001	0,00000E+000	3,18000E-001	3,51157E-006	13	...........	64,35
	160	16,1	3,18985E-001	2,04748E-001	0,00000E+000	3,20000E-001	1,29116E-005	13	...........	64,35
	161	16,2	3,21151E-001	2,06245E-001	0,00000E+000	3,22000E-001	8,31157E-006	13	...........	64,35
	162	16,3	3,23487E-001	2,08176E-001	0,00000E+000	3,24000E-001	8,31157E-006	13	...........	64,35
	163	16,4	3,25191E-001	2,10247E-001	0,00000E+000	3,26000E-001	6,31157E-006	13	...........	64,35
	164	16,5	3,27109E-001	2,12018E-001	0,00000E+000	3,28000E-001	1,41116E-005	13	...........	64,35
	165	16,6	3,29031E-001	2,13618E-001	0,00000E+000	3,30000E-001	1,25116E-005	13	...........	64,34
	166	16,7	3,31211E-001	2,15552E-001	0,00000E+000	3,32000E-001	1,51116E-005	13	...........	64,36
	167	16,8	3,33118E-001	2,17386E-001	0,00000E+000	3,34000E-001	1,13116E-005	13	...........	64,35
	168	16,9	3,34962E-001	2,19552E-001	0,00000E+000	3,36000E-001	2,91157E-006	13	...........	64,36
	169	17	3,36996E-001	2,20770E-001	0,00000E+000	3,38000E-001	1,91116E-005	13	...........	64,35
	170	17,1	3,38994E-001	2,22424E-001	0,00000E+000	3,40000E-001	3,07116E-005	13	...........	64,35
	171	17,2	3,41072E-001	2,24373E-001	0,00000E+000	3,42000E-001	5,11157E-006	13	...........	64,35
	172	17,3	3,42933E-001	2,26181E-001	0,00000E+000	3,44000E-001	1,91157E-006	13	...........	64,35
	173	17,4	3,44934E-001	2,27231E-001	0,00000E+000	3,46000E-001	1,29116E-005	13	...........	64,36
	174	17,5	3,47243E-001	2,28626E-001	0,00000E+000	3,48000E-001	1,81116E-005	13	...........	64,36
	175	17,6	3,49152E-001	2,30222E-001	0,00000E+000	3,50000E-001	4,91157E-006	13	...........	64,35
	176	17,7	3,51041E-001	2,31868E-001	0,00000E+000	3,52000E-001	1,85116E-005	13	...........	64,36
	177	17,8	3,52979E-001	2,33459E-001	0,00000E+000	3,54000E-001	3,41116E-005	13	...........	64,37
	178	17,9	3,55205E-001	2,35462E-001	0,00000E+000	3,56000E-001	1,87116E-005	13	...........	64,36
	179	18	3,57119E-001	2,36934E-001	0,00000E+000	3,58000E-001	1,19116E-005	13	...........	64,36
	180	18,1	3,58995E-001	2,38329E-001	0,00000E+000	3,60000E-001	1,31116E-005	13	...........	64,36
	181	18,2	3,61006E-001	2,39771E-001	0,00000E+000	3,62000E-001	1,11116E-005	13	...........	64,36
	182	18,3	3,63033E-001	2,41746E-001	0,00000E+000	3,64000E-001	8,11157E-006	13	...........	64,36
	183	18,4	3,65066E-001	2,43726E-001	0,00000E+000	3,66000E-001	4,31157E-006	13	...........	64,36
	184	18,5	3,66932E-001	2,45291E-001	0,00000E+000	3,68000E-001	4,51157E-006	13	...........	64,37
	185	18,6	3,68901E-001	2,46700E-001	0,00000E+000	3,70000E-001	1,91157E-006	13	...........	64,36
	186	18,7	3,70891E-001	2,48715E-001	0,00000E+000	3,72000E-001	1,85116E-005	13	...........	64,36
	187	18,8	3,73121E-001	2,50816E-001	0,00000E+000	3,74000E-001	4,91157E-006	13	...........	64,37
	188	18,9	3,74964E-001	2,52905E-001	0,00000E+000	3,76000E-001	1,19116E-005	13	...........	64,38
	189	19	3,77044E-001	2,54288E-001	0,00000E+000	3,78000E-001	1,89116E-005	13	...........	64,35
	190	19,1	3,79050E-001	2,56186E-001	0,00000E+000	3,80000E-001	1,13116E-005	13	...........	64,36
	191	19,2	3,81113E-001	2,58397E-001	0,00000E+000	3,82000E-001	2,51157E-006	13	...........	64,36
	192	19,3	3,82963E-001	2,60566E-001	0,00000E+000	3,84000E-001	2,41116E-005	13	...........	64,37
	193	19,4	3,84931E-001	2,62231E-001	0,00000E+000	3,86000E-001	9,91157E-006	13	...........	64,36
	194	19,5	3,86944E-001	2,64502E-001	0,00000E+000	3,88000E-001	2,29116E-005	13	...........	64,37
	195	19,6	3,89045E-001	2,67031E-001	0,00000E+000	3,90000E-001	1,31116E-005	13	...........	64,37
	196	19,7	3,90862E-001	2,69354E-001	0,00000E+000	3,92000E-001	-6,88433E-007	13	...........	64,36
	197	19,8	3,92864E-001	2,70970E-001	0,00000E+000	3,94000E-001	1,07116E-005	13	...........	64,36
	198	19,9	3,94858E-001	2,73549E-001	0,00000E+000	3,96000E-001	1,31116E-005	13	...........	64,37
	199	20	3,96926E-001	2,76154E-001	0,00000E+000	3,98000E-001	8,71157E-006	13	...........	64,37
	200	20,1	3,98952E-001	2,78302E-001	0,00000E+000	4,00000E-001	1,31116E-005	13	...........	64,38
	201	20,2	4,00903E-001	2,80600E-001	0,00000E+000	4,02000E-001	6,31157E-006	13	...........	64,36
	202	20,3	4,03110E-001	2,83641E-001	0,00000E+000	4,04000E-001	2,37116E-005	13	...........	64,37
	203	20,4	4,05094E-001	2,86179E-001	0,00000E+000	4,06000E-001	2,09116E-005	13	...........	64,37
	204	20,5	4,06916E-001	2,88720E-001	0,00000E+000	4,08000E-001	2,15116E-005	13	...........	64,38
	205	20,6	4,08917E-001	2,91457E-001	0,00000E+000	4,10000E-001	1,53116E-005	13	...........	64,37
	206	20,7	4,11042E-001	2,94639E-001	0,00000E+000	4,12000E-001	2,71116E-005	13	...........	64,37
	207	20,8	4,13072E-001	2,97699E-001	0,00000E+000	4,14000E-001	6,51157E-006	13	...........	64,37
	208	20,9	4,14893E-001	3,01636E-001	0,00000E+000	4,16000E-001	6,11157E-006	13	...........	64,38
	209	21	4,16900E-001	3,04442E-001	0,00000E+000	4,18000E-001	1,29116E-005	13	...........	64,38
	210	21,1	4,18913E-001	3,08888E-001	0,00000E+000	4,20000E-001	1,39116E-005	13	...........	64,38
	211	21,2	4,20937E-001	3,13191E-001	0,00000E+000	4,22000E-001	5,91157E-006	13	...........	64,38
	212	21,3	4,22938E-001	3,18573E-001	0,00000E+000	4,24000E-001	6,51157E-006	13	...........	64,37
	213	21,4	4,24978E-001	3,25382E-001	0,00000E+000	4,26000E-001	4,11157E-006	13	...........	64,38
	214	21,5	4,27149E-001	3,35189E-001	0,00000E+000	4,28000E-001	1,27116E-005	13	...........	64,37
	215	21,6	4,29112E-001	3,45555E-001	0,00000E+000	4,30000E-001	3,71157E-006	13	...........	64,38
	216	21,7	4,30902E-001	3,58020E-001	0,00000E+000	4,32000E-001	1,01116E-005	13	...........	64,39
	217	21,8	4,32848E-001	3,68012E-001	0,00000E+000	4,34000E-001	8,51157E-006	13	...........	64,38
	218	21,9	4,34891E-001	3,76739E-001	0,00000E+000	4,36000E-001	8,91157E-006	13	...........	64,38
	219	22	4,36849E-001	3,84397E-001	0,00000E+000	4,38000E-001	8,51157E-006	13	...........	64,38
	220	22,1	4,38815E-001	3,91678E-001	0,00000E+000	4,40000E-001	2,71156E-006	13	...........	64,39
	221	22,2	4,40777E-001	3,97129E-001	0,00000E+000	4,42000E-001	1,21116E-005	13	...........	64,38
	222	22,3	4,42834E-001	4,02306E-001	0,00000E+000	4,44000E-001	7,71157E-006	13	...........	64,38
	223	22,4	4,44824E-001	4,07036E-001	0,00000E+000	4,46000E-001	5,91157E-006	13	...........	64,40
	224	22,5	4,46787E-001	4,11379E-001	0,00000E+000	4,48000E-001	4,11157E-006	13	...........	64,39
	225	22,6	4,48843E-001	4,16238E-001	0,00000E+000	4,50000E-001	8,11157E-006	13	...........	64,38
	226	22,7	4,51078E-001	4,21236E-001	0,00000E+000	4,52000E-001	1,59116E-005	13	...........	64,38
	227	22,8	4,53107E-001	4,25785E-001	0,00000E+000	4,54000E-001	9,11157E-006	13	...........	64,38
	228	22,9	4,54871E-001	4,32998E-001	0,00000E+000	4,56000E-001	8,91157E-006	13	...........	64,40
	229	23	4,56911E-001	4,41306E-001	0,00000E+000	4,58000E-001	1,39116E-005	13	...........	64,39
	230	23,1	4,58871E-001	4,48704E-001	0,00000E+000	4,60000E-001	1,17116E-005	13	...........	64,39
	231	23,2	4,61008E-001	4,55004E-001	0,00000E+000	4,62000E-001	4,11157E-006	13	...........	64,38
	232	23,3	4,62804E-001	4,62204E-001	0,00000E+000	4,64000E-001	1,11573E-007	13	...........	64,39
	233	23,4	4,64831E-001	4,69660E-001	0,00000E+000	4,66000E-001	6,11157E-006	13	...........	64,39
	234	23,5	4,66805E-001	4,77491E-001	0,00000E+000	4,68000E-001	5,71157E-006	13	...........	64,40
	235	23,6	4,68883E-001	4,86421E-001	0,00000E+000	4,70000E-001	-3,08843E-006	13	...........	64,40
	236	23,7	4,70766E-001	4,98237E-001	0,00000E+000	4,72000E-001	1,51157E-006	13	...........	64,40
	237	23,8	4,72726E-001	5,14417E-001	0,00000E+000	4,74000E-001	1,41116E-005	13	...........	64,40
	238	23,9	4,74904E-001	5,38536E-001	0,00000E+000	4,76000E-001	5,71157E-006	13	...........	64,39
	239	24	4,77111E-001	5,65084E-001	0,00000E+000	4,78000E-001	6,31157E-006	13	...........	64,39
	240	24,1	4,78819E-001	5,80281E-001	0,00000E+000	4,80000E-001	8,71157E-006	13	...........	64,39
	241	24,2	4,80817E-001	5,91132E-001	0,00000E+000	4,82000E-001	2,29116E-005	13	...........	64,39
	242	24,3	4,82870E-001	6,02680E-001	0,00000E+000	4,84000E-001	1,19116E-005	13	...........	64,40
	243	24,4	4,84857E-001	6,12340E-001	0,00000E+000	4,86000E-001	3,31157E-006	13	...........	64,40
	244	24,5	4,86778E-001	6,21605E-001	0,00000E+000	4,88000E-001	5,51157E-006	13	...........	64,40
	245	24,6	4,88708E-001	6,29415E-001	0,00000E+000	4,90000E-001	2,71156E-006	13	...........	64,40
	246	24,7	4,90706E-001	6,38005E-001	0,00000E+000	4,92000E-001	1,49116E-005	13	...........	64,40
	247	24,8	4,92708E-001	6,45719E-001	0,00000E+000	4,94000E-001	2,09116E-005	13	...........	64,41
	248	24,9	4,94749E-001	6,53384E-001	0,00000E+000	4,96000E-001	-3,68843E-006	13	...........	64,40
	249	25	4,96667E-001	6,59716E-001	0,00000E+000	4,98000E-001	5,91157E-006	13	...........	64,40
	250	25,1	4,98693E-001	6,65454E-001	0,00000E+000	5,00000E-001	2,15116E-005	13	...........	64,39
	251	25,2	5,01002E-001	6,70693E-001	0,00000E+000	5,02000E-001	7,71157E-006	13	...........	64,40
	252	25,3	5,02790E-001	6,76662E-001	0,00000E+000	5,04000E-001	1,15116E-005	13	...........	64,41
	253	25,4	5,04821E-001	6,81822E-001	0,00000E+000	5,06000E-001	1,95116E-005	13	...........	64,40
	254	25,5	5,06735E-001	6,87489E-001	0,00000E+000	5,08000E-001	2,13116E-005	13	...........	64,41
	255	25,6	5,08988E-001	6,91885E-001	0,00000E+000	5,10000E-001	1,27116E-005	13	...........	64,40
	256	25,7	5,10778E-001	6,95927E-001	0,00000E+000	5,12000E-001	4,31157E-006	13	...........	64,41
	257	25,8	5,12802E-001	6,99513E-001	0,00000E+000	5,14000E-001	1,11573E-007	13	...........	64,41
	258	25,9	5,14741E-001	7,03187E-001	0,00000E+000	5,16000E-001	1,13116E-005	13	...........	64,41
	259	26	5,16841E-001	7,05989E-001	0,00000E+000	5,18000E-001	9,11157E-006	13	...........	64,41
	260	26,1	5,18721E-001	7,09368E-001	0,00000E+000	5,20000E-001	4,31157E-006	13	...........	64,41
	261	26,2	5,20655E-001	7,11814E-001	0,00000E+000	5,22000E-001	1,53116E-005	13	...........	64,42
	262	26,3	5,22676E-001	7,14756E-001	0,00000E+000	5,24000E-001	2,91157E-006	13	...........	64,42
	263	26,4	5,24679E-001	7,17358E-001	0,00000E+000	5,26000E-001	1,37116E-005	13	...........	64,42
	264	26,5	5,26847E-001	7,19623E-001	0,00000E+000	5,28000E-001	4,51157E-006	13	...........	64,42
	265	26,6	5,28774E-001	7,21432E-001	0,00000E+000	5,30000E-001	1,41116E-005	13	...........	64,42
	266	26,7	5,30802E-001	7,24251E-001	0,00000E+000	5,32000E-001	2,45116E-005	13	...........	64,43
	267	26,8	5,32979E-001	7,26669E-001	0,00000E+000	5,34000E-001	2,21116E-005	13	...........	64,43
	268	26,9	5,34774E-001	7,29626E-001	0,00000E+000	5,36000E-001	3,91157E-006	13	...........	64,42
	269	27	5,36744E-001	7,32252E-001	0,00000E+000	5,38000E-001	4,31157E-006	13	...........	64,41
	270	27,1	5,38662E-001	7,35631E-001	0,00000E+000	5,40000E-001	1,05116E-005	13	...........	64,43
	271	27,2	5,40771E-001	7,37711E-001	0,00000E+000	5,42000E-001	5,71157E-006	13	...........	64,43
	272	27,3	5,42712E-001	7,40183E-001	0,00000E+000	5,44000E-001	5,51157E-006	13	...........	64,43
	273	27,4	5,44599E-001	7,42243E-001	0,00000E+000	5,46000E-001	8,31157E-006	13	...........	64,43
	274	27,5	5,46617E-001	7,44019E-001	0,00000E+000	5,48000E-001	9,71157E-006	13	...........	64,43
	275	27,6	5,48610E-001	7,45343E-001	0,00000E+000	5,50000E-001	5,31157E-006	13	...........	64,43
	276	27,7	5,50806E-001	7,47389E-001	0,00000E+000	5,52000E-001	9,11157E-006	13	...........	64,44
	277	27,8	5,52782E-001	7,48535E-001	0,00000E+000	5,54000E-001	3,51157E-006	13	...........	64,43
	278	27,9	5,54767E-001	7,50043E-001	0,00000E+000	5,56000E-001	2,49116E-005	13	...........	64,42
	279	28	5,56994E-001	7,51271E-001	0,00000E+000	5,58000E-001	1,73116E-005	13	...........	64,42
	280	28,1	5,58789E-001	7,52512E-001	0,00000E+000	5,60000E-001	5,51157E-006	13	...........	64,44
	281	28,2	5,60675E-001	7,52910E-001	0,00000E+000	5,62000E-001	8,71157E-006	13	...........	64,44
	282	28,3	5,62632E-001	7,53759E-001	0,00000E+000	5,64000E-001	1,53116E-005	13	...........	64,44
	283	28,4	5,64831E-001	7,54370E-001	0,00000E+000	5,66000E-001	7,11157E-006	13	...........	64,44
	284	28,5	5,66724E-001	7,55281E-001	0,00000E+000	5,68000E-001	1,15116E-005	13	...........	64,43
	285	28,6	5,68615E-001	7,55532E-001	0,00000E+000	5,70000E-001	5,91157E-006	13	...........	64,43
	286	28,7	5,70573E-001	7,56036E-001	0,00000E+000	5,72000E-001	2,31116E-005	13	...........	64,44
	287	28,8	5,72602E-001	7,56444E-001	0,00000E+000	5,74000E-001	1,49116E-005	13	...........	64,44
	288	28,9	5,74663E-001	7,56649E-001	0,00000E+000	5,76000E-001	1,69116E-005	13	...........	64,45
	289	29	5,76713E-001	7,56386E-001	0,00000E+000	5,78000E-001	1,09116E-005	13	...........	64,44
	290	29,1	5,78640E-001	7,56026E-001	0,00000E+000	5,80000E-001	1,57116E-005	13	...........	64,44
	291	29,2	5,80986E-001	7,55759E-001	0,00000E+000	5,82000E-001	1,71116E-005	13	...........	64,43
	292	29,3	5,82765E-001	7,55022E-001	0,00000E+000	5,84000E-001	1,93116E-005	13	...........	64,43
	293	29,4	5,84698E-001	7,54384E-001	0,00000E+000	5,86000E-001	1,43116E-005	13	...........	64,44
	294	29,5	5,86610E-001	7,53541E-001	0,00000E+000	5,88000E-001	1,25116E-005	13	...........	64,45
	295	29,6	5,88734E-001	7,52675E-001	0,00000E+000	5,90000E-001	1,75116E-005	13	...........	64,45
	296	29,7	5,90727E-001	7,51802E-001	0,00000E+000	5,92000E-001	-1,88843E-006	13	...........	64,45
	297	29,8	5,92588E-001	7,50795E-001	0,00000E+000	5,94000E-001	1,37116E-005	13	...........	64,45
	298	29,9	5,94572E-001	7,49625E-001	0,00000E+000	5,96000E-001	1,61116E-005	13	...........	64,44
	299	30	5,96582E-001	7,47912E-001	0,00000E+000	5,98000E-001	1,19116E-005	13	...........	64,45
	300	30,1	5,98650E-001	7,46095E-001	0,00000E+000	6,00000E-001	1,51157E-006	13	...........	64,45
	301	30,2	6,00501E-001	7,44316E-001	0,00000E+000	6,02000E-001	1,41116E-005	13	...........	64,46
	302	30,3	6,02628E-001	7,42548E-001	0,00000E+000	6,04000E-001	5,71157E-006	13	...........	64,45
	303	30,4	6,05022E-001	7,40232E-001	0,00000E+000	6,06000E-001	1,35116E-005	13	...........	64,46
	304	30,5	6,06744E-001	7,38098E-001	0,00000E+000	6,08000E-001	7,71157E-006	13	...........	64,45
	305	30,6	6,08668E-001	7,35665E-001	0,00000E+000	6,10000E-001	2,37116E-005	13	...........	64,45
	306	30,7	6,10620E-001	7,32929E-001	0,00000E+000	6,12000E-001	1,51116E-005	13	...........	64,45
	307	30,8	6,12676E-001	7,29827E-001	0,00000E+000	6,14000E-001	1,75116E-005	13	...........	64,45
	308	30,9	6,14715E-001	7,27061E-001	0,00000E+000	6,16000E-001	9,91157E-006	13	...........	64,45
	309	31	6,16513E-001	7,24593E-001	0,00000E+000	6,18000E-001	1,65116E-005	13	...........	64,45
	310	31,1	6,18508E-001	7,21558E-001	0,00000E+000	6,20000E-001	2,05116E-005	13	...........	64,45
	311	31,2	6,20534E-001	7,18483E-001	0,00000E+000	6,22000E-001	1,69116E-005	13	...........	64,46
	312	31,3	6,22623E-001	7,14738E-001	0,00000E+000	6,24000E-001	1,13116E-005	13	...........	64,46
	313	31,4	6,24443E-001	7,10524E-001	0,00000E+000	6,26000E-001	1,37116E-005	13	...........	64,46
	314	31,5	6,26452E-001	7,05042E-001	0,00000E+000	6,28000E-001	1,19116E-005	13	...........	64,46
	315	31,6	6,28749E-001	6,99533E-001	0,00000E+000	6,30000E-001	6,91157E-006	13	...........	64,45
	316	31,7	6,30710E-001	6,93681E-001	0,00000E+000	6,32000E-001	8,11157E-006	13	...........	64,46
	317	31,8	6,32568E-001	6,87097E-001	0,00000E+000	6,34000E-001	1,43116E-005	13	...........	64,46
	318	31,9	6,34556E-001	6,80411E-001	0,00000E+000	6,36000E-001	9,91157E-006	13	...........	64,47
	319	32	6,36608E-001	6,73958E-001	0,00000E+000	6,38000E-001	2,43116E-005	13	...........	64,47
	320	32,1	6,38685E-001	6,67533E-001	0,00000E+000	6,40000E-001	9,11157E-006	13	...........	64,45
	321	32,2	6,40442E-001	6,59831E-001	0,00000E+000	6,42000E-001	1,35116E-005	13	...........	64,47
	322	32,3	6,42428E-001	6,52319E-001	0,00000E+000	6,44000E-001	1,23116E-005	13	...........	64,47
	323	32,4	6,44465E-001	6,46753E-001	0,00000E+000	6,46000E-001	1,85116E-005	13	...........	64,46
	324	32,5	6,46410E-001	6,40775E-001	0,00000E+000	6,48000E-001	2,15116E-005	13	...........	64,47
	325	32,6	6,48385E-001	6,35712E-001	0,00000E+000	6,50000E-001	2,71156E-006	13	...........	64,47
	326	32,7	6,50373E-001	6,30599E-001	0,00000E+000	6,52000E-001	3,71157E-006	13	...........	64,46
	327	32,8	6,52397E-001	6,28606E-001	0,00000E+000	6,54000E-001	1,77116E-005	13	...........	64,47
	328	32,9	6,54639E-001	6,26592E-001	0,00000E+000	6,56000E-001	6,71157E-006	13	...........	64,47
	329	33	6,56435E-001	6,25724E-001	0,00000E+000	6,58000E-001	1,71116E-005	13	...........	64,47
	330	33,1	6,58447E-001	6,23596E-001	0,00000E+000	6,60000E-001	1,47116E-005	13	...........	64,46
	331	33,2	6,60495E-001	6,21989E-001	0,00000E+000	6,62000E-001	3,43116E-005	13	...........	64,47
	332	33,3	6,62670E-001	6,20033E-001	0,00000E+000	6,64000E-001	1,83116E-005	13	...........	64,47
	333	33,4	6,64413E-001	6,14961E-001	0,00000E+000	6,66000E-001	1,87116E-005	13	...........	64,48
	334	33,5	6,66434E-001	6,09519E-001	0,00000E+000	6,68000E-001	1,43116E-005	13	...........	64,48
	335	33,6	6,68478E-001	6,02701E-001	0,00000E+000	6,70000E-001	1,83116E-005	13	...........	64,46
	336	33,7	6,70514E-001	5,89615E-001	0,00000E+000	6,72000E-001	1,33116E-005	13	...........	64,47
	337	33,8	6,72406E-001	5,84578E-001	0,00000E+000	6,74000E-001	7,51157E-006	13	...........	64,48
	338	33,9	6,74373E-001	5,80340E-001	0,00000E+000	6,76000E-001	1,59116E-005	13	...........	64,47
	339	34	6,76356E-001	5,76852E-001	0,00000E+000	6,78000E-001	9,51157E-006	13	...........	64,47
	340	34,1	6,78383E-001	5,73871E-001	0,00000E+000	6,80000E-001	9,71157E-006	13	...........	64,47
	341	34,2	6,80511E-001	5,72302E-001	0,00000E+000	6,82000E-001	1,19116E-005	13	...........	64,48
	342	34,3	6,82495E-001	5,68665E-001	0,00000E+000	6,84000E-001	8,91157E-006	13	...........	64,48
	343	34,4	6,84728E-001	5,64691E-001	0,00000E+000	6,86000E-001	1,67116E-005	13	...........	64,47
	344	34,5	6,86597E-001	5,60692E-001	0,00000E+000	6,88000E-001	1,05116E-005	13	...........	64,47
	345	34,6	6,88459E-001	5,55240E-001	0,00000E+000	6,90000E-001	1,73116E-005	13	...........	64,48
	346	34,7	6,90430E-001	5,50038E-001	0,00000E+000	6,92000E-001	1,91116E-005	13	...........	64,48
	347	34,8	6,92425E-001	5,46060E-001	0,00000E+000	6,94000E-001	2,29116E-005	13	...........	64,48
	348	34,9	6,94535E-001	5,41373E-001	0,00000E+000	6,96000E-001	1,01116E-005	13	...........	64,47
	349	35	6,96393E-001	5,37476E-001	0,00000E+000	6,98000E-001	1,27116E-005	13	...........	64,48
	350	35,1	6,98353E-001	5,33718E-001	0,00000E+000	7,00000E-001	1,25116E-005	13	...........	64,47
	351	35,2	7,00369E-001	5,31378E-001	0,00000E+000	7,02000E-001	1,35116E-005	13	...........	64,47
	352	35,3	7,02335E-001	5,29653E-001	0,00000E+000	7,04000E-001	8,71157E-006	13	...........	64,47
	353	35,4	7,04436E-001	5,27636E-001	0,00000E+000	7,06000E-001	1,47116E-005	13	...........	64,49
	354	35,5	7,06417E-001	5,25493E-001	0,00000E+000	7,08000E-001	4,31157E-006	13	...........	64,49
	355	35,6	7,08375E-001	5,24413E-001	0,00000E+000	7,10000E-001	2,81116E-005	13	...........	64,48
	356	35,7	7,10670E-001	5,22789E-001	0,00000E+000	7,12000E-001	1,55116E-005	13	...........	64,49
	357	35,8	7,12458E-001	5,21604E-001	0,00000E+000	7,14000E-001	2,21116E-005	13	...........	64,49
	358	35,9	7,14394E-001	5,18905E-001	0,00000E+000	7,16000E-001	1,07116E-005	13	...........	64,48
	359	36	7,16401E-001	5,17350E-001	0,00000E+000	7,18000E-001	1,85116E-005	13	...........	64,48
	360	36,1	7,18624E-001	5,15684E-001	0,00000E+000	7,20000E-001	1,33116E-005	13	...........	64,49
	361	36,2	7,20369E-001	5,14270E-001	0,00000E+000	7,22000E-001	1,73116E-005	13	...........	64,47
	362	36,3	7,22320E-001	5,12573E-001	0,00000E+000	7,24000E-001	1,35116E-005	13	...........	64,49
	363	36,4	7,24301E-001	5,11030E-001	0,00000E+000	7,26000E-001	2,05116E-005	13	...........	64,48
	364	36,5	7,26331E-001	5,09809E-001	0,00000E+000	7,28000E-001	1,61116E-005	13	...........	64,48
	365	36,6	7,28335E-001	5,08570E-001	0,00000E+000	7,30000E-001	3,11157E-006	13	...........	64,48
	366	36,7	7,30399E-001	5,06911E-001	0,00000E+000	7,32000E-001	1,01116E-005	13	...........	64,48
	367	36,8	7,32576E-001	5,06315E-001	0,00000E+000	7,34000E-001	9,91157E-006	13	...........	64,48
	368	36,9	7,34699E-001	5,05112E-001	0,00000E+000	7,36000E-001	7,31157E-006	13	...........	64,49
	369	37	7,36467E-001	5,03901E-001	0,00000E+000	7,38000E-001	1,59116E-005	13	...........	64,48
	370	37,1	7,38421E-001	5,02187E-001	0,00000E+000	7,40000E-001	9,11157E-006	13	...........	64,48
	371	37,2	7,40401E-001	5,00831E-001	0,00000E+000	7,42000E-001	9,71157E-006	13	...........	64,49
	372	37,3	7,42606E-001	4,99150E-001	0,00000E+000	7,44000E-001	1,55116E-005	13	...........	64,49
	373	37,4	7,44342E-001	4,97818E-001	0,00000E+000	7,46000E-001	1,25116E-005	13	...........	64,49
	374	37,5	7,46284E-001	4,95622E-001	0,00000E+000	7,48000E-001	9,51157E-006	13	...........	64,49
	375	37,6	7,48239E-001	4,93954E-001	0,00000E+000	7,50000E-001	2,31116E-005	13	...........	64,49
	376	37,7	7,50279E-001	4,91957E-001	0,00000E+000	7,52000E-001	1,67116E-005	13	...........	64,48
	377	37,8	7,52328E-001	4,90323E-001	0,00000E+000	7,54000E-001	7,91157E-006	13	...........	64,49
	378	37,9	7,54244E-001	4,88487E-001	0,00000E+000	7,56000E-001	1,31116E-005	13	...........	64,49
	379	38	7,56424E-001	4,85938E-001	0,00000E+000	7,58000E-001	2,05116E-005	13	...........	64,49
	380	38,1	7,58688E-001	4,83138E-001	0,00000E+000	7,60000E-001	2,07116E-005	13	...........	64,49
	381	38,2	7,60368E-001	4,81008E-001	0,00000E+000	7,62000E-001	4,71157E-006	13	...........	64,49
	382	38,3	7,62389E-001	4,78007E-001	0,00000E+000	7,64000E-001	1,51116E-005	13	...........	64,49
	383	38,4	7,64307E-001	4,75756E-001	0,00000E+000	7,66000E-001	1,25116E-005	13	...........	64,48
	384	38,5	7,66467E-001	4,73442E-001	0,00000E+000	7,68000E-001	1,57116E-005	13	...........	64,50
	385	38,6	7,68372E-001	4,70919E-001	0,00000E+000	7,70000E-001	-8,88431E-007	13	...........	64,49
	386	38,7	7,70302E-001	4,68651E-001	0,00000E+000	7,72000E-001	1,55116E-005	13	...........	64,49
	387	38,8	7,72257E-001	4,66345E-001	0,00000E+000	7,74000E-001	1,27116E-005	13	...........	64,49
	388	38,9	7,74241E-001	4,64132E-001	0,00000E+000	7,76000E-001	2,35116E-005	13	...........	64,49
	389	39	7,76288E-001	4,61942E-001	0,00000E+000	7,78000E-001	1,31116E-005	13	...........	64,50
	390	39,1	7,78189E-001	4,58814E-001	0,00000E+000	7,80000E-001	1,51116E-005	13	...........	64,49
	391	39,2	7,80191E-001	4,56348E-001	0,00000E+000	7,82000E-001	2,85116E-005	13	...........	64,50
	392	39,3	7,82514E-001	4,53025E-001	0,00000E+000	7,84000E-001	8,31157E-006	13	...........	64,49
	393	39,4	7,84359E-001	4,50838E-001	0,00000E+000	7,86000E-001	2,87116E-005	13	...........	64,50
	394	39,5	7,86289E-001	4,47636E-001	0,00000E+000	7,88000E-001	7,71157E-006	13	...........	64,50
	395	39,6	7,88258E-001	4,45411E-001	0,00000E+000	7,90000E-001	1,65116E-005	13	...........	64,50
	396	39,7	7,90487E-001	4,42685E-001	0,00000E+000	7,92000E-001	1,29116E-005	13	...........	64,50
	397	39,8	7,92351E-001	4,41153E-001	0,00000E+000	7,94000E-001	3,31157E-006	13	...........	64,50
	398	39,9	7,94260E-001	4,38646E-001	0,00000E+000	7,96000E-001	1,07116E-005	13	...........	64,49
	399	40	7,96240E-001	4,37004E-001	0,00000E+000	7,98000E-001	1,31116E-005	13	...........	64,50
	400	40,1	7,98229E-001	4,35223E-001	0,00000E+000	8,00000E-001	1,71116E-005	13	...........	64,50
	401	40,2	8,00285E-001	4,34062E-001	0,00000E+000	8,02000E-001	1,17116E-005	13	...........	64,50
	402	40,3	8,02126E-001	4,32116E-001	0,00000E+000	8,04000E-001	1,01116E-005	13	...........	64,50
	403	40,4	8,04121E-001	4,29774E-001	0,00000E+000	8,06000E-001	1,77116E-005	13	...........	64,49
	404	40,5	8,06144E-001	4,27890E-001	0,00000E+000	8,08000E-001	1,79116E-005	13	...........	64,50
	405	40,6	8,08377E-001	4,26542E-001	0,00000E+000	8,10000E-001	1,55116E-005	13	...........	64,51
	406	40,7	8,10233E-001	4,24949E-001	0,00000E+000	8,12000E-001	1,45116E-005	13	...........	64,50
	407	40,8	8,12246E-001	4,23884E-001	0,00000E+000	8,14000E-001	2,15116E-005	13	...........	64,49
	408	40,9	8,14311E-001	4,21762E-001	0,00000E+000	8,16000E-001	2,23116E-005	13	...........	64,51
	409	41	8,16324E-001	4,20630E-001	0,00000E+000	8,18000E-001	8,31157E-006	13	...........	64,51
	410	41,1	8,18172E-001	4,18797E-001	0,00000E+000	8,20000E-001	1,95116E-005	13	...........	64,50
	411	41,2	8,20169E-001	4,18085E-001	0,00000E+000	8,22000E-001	7,91157E-006	13	...........	64,51
	412	41,3	8,22155E-001	4,16745E-001	0,00000E+000	8,24000E-001	2,79116E-005	13	...........	64,51
	413	41,4	8,24203E-001	4,15904E-001	0,00000E+000	8,26000E-001	1,71157E-006	13	...........	64,50
	414	41,5	8,26046E-001	4,14430E-001	0,00000E+000	8,28000E-001	3,51157E-006	13	...........	64,50
	415	41,6	8,28049E-001	4,13562E-001	0,00000E+000	8,30000E-001	1,97116E-005	13	...........	64,50
	416	41,7	8,30025E-001	4,12515E-001	0,00000E+000	8,32000E-001	5,71157E-006	13	...........	64,51
	417	41,8	8,32099E-001	4,11972E-001	0,00000E+000	8,34000E-001	1,13116E-005	13	...........	64,52
	418	41,9	8,34157E-001	4,10786E-001	0,00000E+000	8,36000E-001	9,91157E-006	13	...........	64,53
	419	42	8,36121E-001	4,10669E-001	0,00000E+000	8,38000E-001	1,31116E-005	13	...........	64,50
	420	42,1	8,38318E-001	4,09561E-001	0,00000E+000	8,40000E-001	1,43116E-005	13	...........	64,50
	421	42,2	8,40296E-001	4,09350E-001	0,00000E+000	8,42000E-001	4,11157E-006	13	...........	64,51
	422	42,3	8,42057E-001	4,08680E-001	0,00000E+000	8,44000E-001	1,09116E-005	13	...........	64,50
	423	42,4	8,44064E-001	4,08378E-001	0,00000E+000	8,46000E-001	1,49116E-005	13	...........	64,50
	424	42,5	8,46035E-001	4,07853E-001	0,00000E+000	8,48000E-001	-6,48843E-006	13	...........	64,50
	425	42,6	8,48121E-001	4,07559E-001	0,00000E+000	8,50000E-001	6,11157E-006	13	...........	64,51
	426	42,7	8,50013E-001	4,07212E-001	0,00000E+000	8,52000E-001	5,31157E-006	13	...........	64,51
	427	42,8	8,51981E-001	4,07165E-001	0,00000E+000	8,54000E-001	1,71157E-006	13	...........	64,52
	428	42,9	8,53990E-001	4,06701E-001	0,00000E+000	8,56000E-001	1,95116E-005	13	...........	64,52
	429	43	8,55985E-001	4,06893E-001	0,00000E+000	8,58000E-001	-1,08843E-006	13	...........	64,52
	430	43,1	8,58091E-001	4,06249E-001	0,00000E+000	8,60000E-001	7,11567E-007	13	...........	64,52
	431	43,2	8,60067E-001	4,06293E-001	0,00000E+000	8,62000E-001	8,51157E-006	13	...........	64,52
	432	43,3	8,62043E-001	4,10214E-001	0,00000E+000	8,64000E-001	2,71156E-006	13	...........	64,52
	433	43,4	8,64286E-001	4,12420E-001	0,00000E+000	8,66000E-001	1,91116E-005	13	...........	64,51
	434	43,5	8,66056E-001	4,12266E-001	0,00000E+000	8,68000E-001	9,11157E-006	13	...........	64,51
	435	43,6	8,68003E-001	4,12637E-001	0,00000E+000	8,70000E-001	3,31157E-006	13	...........	64,52
	436	43,7	8,70014E-001	4,12721E-001	0,00000E+000	8,72000E-001	1,63116E-005	13	...........	64,52
	437	43,8	8,72135E-001	4,13228E-001	0,00000E+000	8,74000E-001	5,51157E-006	13	...........	64,52
	438	43,9	8,73974E-001	4,13662E-001	0,00000E+000	8,76000E-001	5,11565E-007	13	...........	64,51
	439	44	8,75964E-001	4,14099E-001	0,00000E+000	8,78000E-001	1,51116E-005	13	...........	64,51
	440	44,1	8,77959E-001	4,14256E-001	0,00000E+000	8,80000E-001	8,91157E-006	13	...........	64,52
	441	44,2	8,79947E-001	4,15070E-001	0,00000E+000	8,82000E-001	5,71157E-006	13	...........	64,52
	442	44,3	8,81944E-001	4,15836E-001	0,00000E+000	8,84000E-001	3,51157E-006	13	...........	64,51
	443	44,4	8,83987E-001	4,17060E-001	0,00000E+000	8,86000E-001	5,71157E-006	13	...........	64,53
	444	44,5	8,86108E-001	4,17208E-001	0,00000E+000	8,88000E-001	2,29116E-005	13	...........	64,51
	445	44,6	8,88293E-001	4,17052E-001	0,00000E+000	8,90000E-001	9,31157E-006	13	...........	64,52
	446	44,7	8,90055E-001	4,16865E-001	0,00000E+000	8,92000E-001	2,25116E-005	13	...........	64,53
	447	44,8	8,91984E-001	4,16643E-001	0,00000E+000	8,94000E-001	1,03116E-005	13	...........	64,53
	448	44,9	8,94029E-001	4,16710E-001	0,00000E+000	8,96000E-001	2,01116E-005	13	...........	64,52
	449	45	8,96189E-001	4,16879E-001	0,00000E+000	8,98000E-001	1,63116E-005	13	...........	64,53
	450	45,1	8,97966E-001	4,17458E-001	0,00000E+000	9,00000E-001	-8,68843E-006	13	...........	64,52
	451	45,2	8,99909E-001	4,18066E-001	0,00000E+000	9,02000E-001	1,67116E-005	13	...........	64,52
	452	45,3	9,01936E-001	4,17975E-001	0,00000E+000	9,04000E-001	1,93116E-005	13	...........	64,53
	453	45,4	9,03943E-001	4,17803E-001	0,00000E+000	9,06000E-001	9,31157E-006	13	...........	64,52
	454	45,5	9,05928E-001	4,18531E-001	0,00000E+000	9,08000E-001	9,11157E-006	13	...........	64,53
	455	45,6	9,07849E-001	4,18754E-001	0,00000E+000	9,10000E-001	1,15116E-005	13	...........	64,52
	456	45,7	9,10057E-001	4,18674E-001	0,00000E+000	9,12000E-001	1,39116E-005	13	...........	64,53
	457	45,8	9,12303E-001	4,18501E-001	0,00000E+000	9,14000E-001	1,17116E-005	13	...........	64,53
	458	45,9	9,14013E-001	4,18921E-001	0,00000E+000	9,16000E-001	1,79116E-005	13	...........	64,53
	459	46	9,16019E-001	4,20107E-001	0,00000E+000	9,18000E-001	2,99116E-005	13	...........	64,53
	460	46,1	9,18011E-001	4,19985E-001	0,00000E+000	9,20000E-001	2,55116E-005	13	...........	64,53
	461	46,2	9,20224E-001	4,18437E-001	0,00000E+000	9,22000E-001	5,91157E-006	13	...........	64,53
	462	46,3	9,21976E-001	4,15978E-001	0,00000E+000	9,24000E-001	4,71157E-006	13	...........	64,53
	463	46,4	9,23936E-001	4,13368E-001	0,00000E+000	9,26000E-001	7,31157E-006	13	...........	64,53
	464	46,5	9,25873E-001	4,11146E-001	0,00000E+000	9,28000E-001	5,51157E-006	13	...........	64,53
	465	46,6	9,27921E-001	4,09442E-001	0,00000E+000	9,30000E-001	9,71157E-006	13	...........	64,53
	466	46,7	9,29940E-001	4,06928E-001	0,00000E+000	9,32000E-001	2,91157E-006	13	...........	64,54
	467	46,8	9,31856E-001	4,04354E-001	0,00000E+000	9,34000E-001	6,31157E-006	13	...........	64,54
	468	46,9	9,33847E-001	4,04027E-001	0,00000E+000	9,36000E-001	1,29116E-005	13	...........	64,53
	469	47	9,36167E-001	4,04103E-001	0,00000E+000	9,38000E-001	9,71157E-006	13	...........	64,55
	470	47,1	9,38002E-001	4,03809E-001	0,00000E+000	9,40000E-001	-3,88844E-006	13	...........	64,55
	471	47,2	9,39994E-001	4,02934E-001	0,00000E+000	9,42000E-001	2,73116E-005	13	...........	64,54
	472	47,3	9,41961E-001	4,02663E-001	0,00000E+000	9,44000E-001	-1,68843E-006	13	...........	64,54
	473	47,4	9,44171E-001	4,01255E-001	0,00000E+000	9,46000E-001	6,11157E-006	13	...........	64,55
	474	47,5	9,45957E-001	4,02225E-001	0,00000E+000	9,48000E-001	1,17116E-005	13	...........	64,54
	475	47,6	9,47874E-001	4,03291E-001	0,00000E+000	9,50000E-001	1,23116E-005	13	...........	64,54
	476	47,7	9,49874E-001	4,02909E-001	0,00000E+000	9,52000E-001	1,33116E-005	13	...........	64,54
	477	47,8	9,51871E-001	4,02152E-001	0,00000E+000	9,54000E-001	9,71157E-006	13	...........	64,55
	478	47,9	9,53903E-001	4,01379E-001	0,00000E+000	9,56000E-001	-1,08843E-006	13	...........	64,55
	479	48	9,55784E-001	4,01197E-001	0,00000E+000	9,58000E-001	-2,08843E-006	13	...........	64,54
	480	48,1	9,57808E-001	4,01666E-001	0,00000E+000	9,60000E-001	1,47116E-005	13	...........	64,54
	481	48,2	9,59768E-001	4,02829E-001	0,00000E+000	9,62000E-001	1,01116E-005	13	...........	64,55
	482	48,3	9,61981E-001	4,03034E-001	0,00000E+000	9,64000E-001	5,51157E-006	13	...........	64,55
	483	48,4	9,63899E-001	4,03892E-001	0,00000E+000	9,66000E-001	8,51157E-006	13	...........	64,55
	484	48,5	9,65967E-001	4,03992E-001	0,00000E+000	9,68000E-001	1,15116E-005	13	...........	64,55
	485	48,6	9,67965E-001	4,07570E-001	0,00000E+000	9,70000E-001	1,85116E-005	13	...........	64,55
	486	48,7	9,69918E-001	4,13698E-001	0,00000E+000	9,72000E-001	1,29116E-005	13	...........	64,55
	487	48,8	9,71824E-001	4,11541E-001	0,00000E+000	9,74000E-001	1,65116E-005	13	...........	64,56
	488	48,9	9,73820E-001	4,09871E-001	0,00000E+000	9,76000E-001	7,71157E-006	13	...........	64,55
	489	49	9,75885E-001	4,08206E-001	0,00000E+000	9,78000E-001	7,51157E-006	13	...........	64,55
	490	49,1	9,77907E-001	4,05650E-001	0,00000E+000	9,80000E-001	-5,08843E-006	13	...........	64,55
	491	49,2	9,79778E-001	4,03621E-001	0,00000E+000	9,82000E-001	3,71157E-006	13	...........	64,56
	492	49,3	9,81785E-001	4,01950E-001	0,00000E+000	9,84000E-001	8,51157E-006	13	...........	64,56
	493	49,4	9,83806E-001	4,06167E-001	0,00000E+000	9,86000E-001	1,49116E-005	13	...........	64,55
	494	49,5	9,85918E-001	4,08443E-001	0,00000E+000	9,88000E-001	-2,28843E-006	13	...........	64,56
	495	49,6	9,87835E-001	4,09459E-001	0,00000E+000	9,90000E-001	8,91157E-006	13	...........	64,56
	496	49,7	9,89771E-001	4,11726E-001	0,00000E+000	9,92000E-001	1,93116E-005	13	...........	64,56
	497	49,8	9,92141E-001	4,10719E-001	0,00000E+000	9,94000E-001	6,71157E-006	13	...........	64,56
	498	49,9	9,93939E-001	4,12262E-001	0,00000E+000	9,96000E-001	1,37116E-005	13	...........	64,56
	499	50	9,95794E-001	4,11215E-001	0,00000E+000	9,98000E-001	9,51157E-006	13	...........	64,56
	500	50,1	9,97799E-001	4,07991E-001	0,00000E+000	1,00000E+000	1,91116E-005	13	...........	64,56
	501	50,2	9,99853E-001	4,09492E-001	0,00000E+000	1,00200E+000	1,57116E-005	13	...........	64,57
	502	50,3	1,00190E+000	4,08845E-001	0,00000E+000	1,00400E+000	-2,48843E-006	13	...........	64,56
	503	50,4	1,00372E+000	4,02306E-001	0,00000E+000	1,00600E+000	-1,68843E-006	13	...........	64,57
	504	50,5	1,00572E+000	4,01359E-001	0,00000E+000	1,00800E+000	9,91157E-006	13	...........	64,57
	505	50,6	1,00775E+000	4,06377E-001	0,00000E+000	1,01000E+000	1,53116E-005	13	...........	64,57
	506	50,7	1,00980E+000	4,07903E-001	0,00000E+000	1,01200E+000	8,11157E-006	13	...........	64,57
	507	50,8	1,01181E+000	4,07412E-001	0,00000E+000	1,01400E+000	-2,88426E-007	13	...........	64,58
	508	50,9	1,01377E+000	4,10870E-001	0,00000E+000	1,01600E+000	6,71157E-006	13	...........	64,58
	509	51	1,01595E+000	4,09004E-001	0,00000E+000	1,01800E+000	1,39116E-005	13	...........	64,58
	510	51,1	1,01793E+000	4,10110E-001	0,00000E+000	1,02000E+000	1,87116E-005	13	...........	64,57
	511	51,2	1,01979E+000	4,12910E-001	0,00000E+000	1,02200E+000	5,11157E-006	13	...........	64,58
	512	51,3	1,02175E+000	4,03096E-001	0,00000E+000	1,02400E+000	6,51157E-006	13	...........	64,58
	513	51,4	1,02382E+000	4,07664E-001	0,00000E+000	1,02600E+000	5,71157E-006	13	...........	64,58
	514	51,5	1,02584E+000	4,14546E-001	0,00000E+000	1,02800E+000	3,71157E-006	13	...........	64,58
	515	51,6	1,02770E+000	4,08437E-001	0,00000E+000	1,03000E+000	2,51157E-006	13	...........	64,58
	516	51,7	1,02969E+000	4,08579E-001	0,00000E+000	1,03200E+000	1,41116E-005	13	...........	64,58
	517	51,8	1,03170E+000	4,17900E-001	0,00000E+000	1,03400E+000	1,47116E-005	13	...........	64,57
	518	51,9	1,03376E+000	4,06482E-001	0,00000E+000	1,03600E+000	6,31157E-006	13	...........	64,58
	519	52	1,03564E+000	3,93455E-001	0,00000E+000	1,03800E+000	2,11116E-005	13	...........	64,58
	520	52,1	1,03772E+000	3,89958E-001	0,00000E+000	1,04000E+000	1,59116E-005	13	...........	64,58
	521	52,2	1,03986E+000	3,85613E-001	0,00000E+000	1,04200E+000	9,51157E-006	13	...........	64,57
	522	52,3	1,04192E+000	3,92646E-001	0,00000E+000	1,04400E+000	8,11157E-006	13	...........	64,58
	523	52,4	1,04372E+000	3,97968E-001	0,00000E+000	1,04600E+000	1,23116E-005	13	...........	64,58
	524	52,5	1,04570E+000	3,91998E-001	0,00000E+000	1,04800E+000	1,51116E-005	13	...........	64,59
	525	52,6	1,04768E+000	3,95552E-001	0,00000E+000	1,05000E+000	-6,88433E-007	13	...........	64,58
	526	52,7	1,04983E+000	4,14429E-001	0,00000E+000	1,05200E+000	1,17116E-005	13	...........	64,59
	527	52,8	1,05164E+000	3,88786E-001	0,00000E+000	1,05400E+000	1,07116E-005	13	...........	64,59
	528	52,9	1,05363E+000	3,93139E-001	0,00000E+000	1,05600E+000	8,91157E-006	13	...........	64,58
	529	53	1,05563E+000	4,07904E-001	0,00000E+000	1,05800E+000	1,97116E-005	13	...........	64,59
	530	53,1	1,05769E+000	4,30417E-001	0,00000E+000	1,06000E+000	9,31157E-006	13	...........	64,59
	531	53,2	1,05960E+000	5,01701E-001	0,00000E+000	1,06200E+000	3,31157E-006	13	...........	64,59
	532	53,3	1,06158E+000	4,51927E-001	0,00000E+000	1,06400E+000	4,51157E-006	13	...........	64,60
	533	53,4	1,06372E+000	4,31834E-001	0,00000E+000	1,06600E+000	3,51157E-006	13	...........	64,60
	534	53,5	1,06592E+000	4,20336E-001	0,00000E+000	1,06800E+000	6,91157E-006	13	...........	64,59
	535	53,6	1,06767E+000	4,12734E-001	0,00000E+000	1,07000E+000	1,71157E-006	13	...........	64,59
	536	53,7	1,06971E+000	4,07328E-001	0,00000E+000	1,07200E+000	1,91116E-005	13	...........	64,60
	537	53,8	1,07175E+000	4,02182E-001	0,00000E+000	1,07400E+000	1,05116E-005	13	...........	64,59
	538	53,9	1,07385E+000	3,99242E-001	0,00000E+000	1,07600E+000	8,11157E-006	13	...........	64,60
	539	54	1,07564E+000	3,95373E-001	0,00000E+000	1,07800E+000	1,47116E-005	13	...........	64,59
	540	54,1	1,07761E+000	3,92485E-001	0,00000E+000	1,08000E+000	9,71157E-006	13	...........	64,60
	541	54,2	1,07964E+000	3,89669E-001	0,00000E+000	1,08200E+000	1,09116E-005	13	...........	64,59
	542	54,3	1,08167E+000	3,87851E-001	0,00000E+000	1,08400E+000	1,19116E-005	13	...........	64,60
	543	54,4	1,08359E+000	3,85798E-001	0,00000E+000	1,08600E+000	1,17116E-005	13	...........	64,59
	544	54,5	1,08555E+000	3,84759E-001	0,00000E+000	1,08800E+000	1,83116E-005	13	...........	64,59
	545	54,6	1,08755E+000	3,83301E-001	0,00000E+000	1,09000E+000	2,17116E-005	13	...........	64,60
	546	54,7	1,08986E+000	3,60716E-001	0,00000E+000	1,09200E+000	1,35116E-005	13	...........	64,60
	547	54,8	1,09164E+000	3,52350E-001	0,00000E+000	1,09400E+000	7,71157E-006	13	...........	64,60
	548	54,9	1,09365E+000	3,52343E-001	0,00000E+000	1,09600E+000	3,17116E-005	13	...........	64,60
	549	55	1,09568E+000	3,10449E-001	0,00000E+000	1,09800E+000	6,91157E-006	13	...........	64,61
	550	55,1	1,09789E+000	3,10693E-001	0,00000E+000	1,10000E+000	6,51157E-006	13	...........	64,60
	551	55,2	1,09964E+000	3,10359E-001	0,00000E+000	1,10200E+000	4,71157E-006	13	...........	64,60
	552	55,3	1,10162E+000	3,10884E-001	0,00000E+000	1,10400E+000	1,15116E-005	13	...........	64,61
	553	55,4	1,10359E+000	3,10971E-001	0,00000E+000	1,10600E+000	6,91157E-006	13	...........	64,60
	554	55,5	1,10568E+000	3,11419E-001	0,00000E+000	1,10800E+000	7,51157E-006	13	...........	64,60
	555	55,6	1,10757E+000	3,11632E-001	0,00000E+000	1,11000E+000	2,71156E-006	13	...........	64,60
	556	55,7	1,10952E+000	2,68809E-001	0,00000E+000	1,11200E+000	4,91157E-006	13	...........	64,60
	557	55,8	1,11149E+000	2,50271E-001	0,00000E+000	1,11400E+000	9,31157E-006	13	...........	64,61
	558	55,9	1,11349E+000	2,50436E-001	0,00000E+000	1,11600E+000	1,19116E-005	13	...........	64,61
	559	56	1,11563E+000	2,50105E-001	0,00000E+000	1,11800E+000	9,91157E-006	13	...........	64,62
	560	56,1	1,11760E+000	2,50382E-001	0,00000E+000	1,12000E+000	1,27116E-005	13	...........	64,62
	561	56,2	1,11965E+000	2,50025E-001	0,00000E+000	1,12200E+000	1,23116E-005	13	...........	64,63
	562	56,3	1,12178E+000	2,49755E-001	0,00000E+000	1,12400E+000	1,51116E-005	13	...........	64,62
	563	56,4	1,12358E+000	2,49953E-001	0,00000E+000	1,12600E+000	7,11567E-007	13	...........	64,60
	564	56,5	1,12554E+000	2,50308E-001	0,00000E+000	1,12800E+000	1,15116E-005	13	...........	64,61
	565	56,6	1,12759E+000	2,50693E-001	0,00000E+000	1,13000E+000	5,11157E-006	13	...........	64,62
	566	56,7	1,12972E+000	2,51098E-001	0,00000E+000	1,13200E+000	2,11157E-006	13	...........	64,61
	567	56,8	1,13156E+000	2,51373E-001	0,00000E+000	1,13400E+000	4,11157E-006	13	...........	64,62
	568	56,9	1,13349E+000	2,51807E-001	0,00000E+000	1,13600E+000	1,65116E-005	13	...........	64,62
	569	57	1,13551E+000	2,52103E-001	0,00000E+000	1,13800E+000	1,41116E-005	13	...........	64,61
	570	57,1	1,13749E+000	2,52743E-001	0,00000E+000	1,14000E+000	1,61116E-005	13	...........	64,61
	571	57,2	1,13960E+000	2,52952E-001	0,00000E+000	1,14200E+000	1,31157E-006	13	...........	64,62
	572	57,3	1,14158E+000	2,53401E-001	0,00000E+000	1,14400E+000	4,11157E-006	13	...........	64,61
	573	57,4	1,14362E+000	2,53438E-001	0,00000E+000	1,14600E+000	5,31157E-006	13	...........	64,62
	574	57,5	1,14589E+000	2,54186E-001	0,00000E+000	1,14800E+000	1,91116E-005	13	...........	64,62
	575	57,6	1,14762E+000	2,54348E-001	0,00000E+000	1,15000E+000	1,63116E-005	13	...........	64,63
	576	57,7	1,14952E+000	2,54774E-001	0,00000E+000	1,15200E+000	1,19116E-005	13	...........	64,62
	577	57,8	1,15156E+000	2,55118E-001	0,00000E+000	1,15400E+000	1,33116E-005	13	...........	64,61
	578	57,9	1,15370E+000	2,55682E-001	0,00000E+000	1,15600E+000	8,31157E-006	13	...........	64,61
	579	58	1,15555E+000	2,56119E-001	0,00000E+000	1,15800E+000	-8,08843E-006	13	...........	64,62
	580	58,1	1,15748E+000	2,56565E-001	0,00000E+000	1,16000E+000	1,91157E-006	13	...........	64,62
	581	58,2	1,15947E+000	2,56970E-001	0,00000E+000	1,16200E+000	1,69116E-005	13	...........	64,62
	582	58,3	1,16148E+000	2,57682E-001	0,00000E+000	1,16400E+000	1,39116E-005	13	...........	64,62
	583	58,4	1,16351E+000	2,58035E-001	0,00000E+000	1,16600E+000	2,51157E-006	13	...........	64,62
	584	58,5	1,16558E+000	2,58681E-001	0,00000E+000	1,16800E+000	8,91157E-006	13	...........	64,63
	585	58,6	1,16764E+000	2,58930E-001	0,00000E+000	1,17000E+000	2,51157E-006	13	...........	64,62
	586	58,7	1,16980E+000	2,59740E-001	0,00000E+000	1,17200E+000	1,97116E-005	13	...........	64,62
	587	58,8	1,17160E+000	2,60038E-001	0,00000E+000	1,17400E+000	1,49116E-005	13	...........	64,62
	588	58,9	1,17355E+000	2,60644E-001	0,00000E+000	1,17600E+000	2,33116E-005	13	...........	64,62
	589	59	1,17543E+000	2,60963E-001	0,00000E+000	1,17800E+000	1,77116E-005	13	...........	64,63
	590	59,1	1,17761E+000	2,61547E-001	0,00000E+000	1,18000E+000	1,35116E-005	13	...........	64,62
	591	59,2	1,17956E+000	2,61986E-001	0,00000E+000	1,18200E+000	4,51157E-006	13	...........	64,63
	592	59,3	1,18142E+000	2,62495E-001	0,00000E+000	1,18400E+000	8,11157E-006	13	...........	64,62
	593	59,4	1,18340E+000	2,62914E-001	0,00000E+000	1,18600E+000	1,67116E-005	13	...........	64,64
	594	59,5	1,18543E+000	2,63275E-001	0,00000E+000	1,18800E+000	2,49116E-005	13	...........	64,63
	595	59,6	1,18748E+000	2,64160E-001	0,00000E+000	1,19000E+000	-1,08843E-006	13	...........	64,64
	596	59,7	1,18936E+000	2,64668E-001	0,00000E+000	1,19200E+000	1,81116E-005	13	...........	64,64
	597	59,8	1,19143E+000	2,65143E-001	0,00000E+000	1,19400E+000	1,65116E-005	13	...........	64,64
	598	59,9	1,19380E+000	2,66113E-001	0,00000E+000	1,19600E+000	1,81116E-005	13	...........	64,63
	599	60	1,19555E+000	2,66593E-001	0,00000E+000	1,19800E+000	6,31157E-006	13	...........	64,63
	600	60,1	1,19754E+000	2,67450E-001	0,00000E+000	1,20000E+000	2,07116E-005	13	...........	64,64
	601	60,2	1,19946E+000	2,67873E-001	0,00000E+000	1,20200E+000	6,91157E-006	13	...........	64,64
	602	60,3	1,20161E+000	2,68482E-001	0,00000E+000	1,20400E+000	9,71157E-006	13	...........	64,64
	603	60,4	1,20354E+000	2,68971E-001	0,00000E+000	1,20600E+000	2,03116E-005	13	...........	64,65
	604	60,5	1,20538E+000	2,69581E-001	0,00000E+000	1,20800E+000	8,51157E-006	13	...........	64,63
	605	60,6	1,20739E+000	2,70095E-001	0,00000E+000	1,21000E+000	8,91157E-006	13	...........	64,64
	606	60,7	1,20940E+000	2,70674E-001	0,00000E+000	1,21200E+000	1,65116E-005	13	...........	64,65
	607	60,8	1,21149E+000	2,71367E-001	0,00000E+000	1,21400E+000	1,31157E-006	13	...........	64,63
	608	60,9	1,21334E+000	2,72051E-001	0,00000E+000	1,21600E+000	2,51157E-006	13	...........	64,64
	609	61	1,21533E+000	2,72576E-001	0,00000E+000	1,21800E+000	1,63116E-005	13	...........	64,64
	610	61,1	1,21765E+000	2,73405E-001	0,00000E+000	1,22000E+000	1,35116E-005	13	...........	64,64
	611	61,2	1,21955E+000	2,73958E-001	0,00000E+000	1,22200E+000	7,71157E-006	13	...........	64,64
	612	61,3	1,22152E+000	2,74787E-001	0,00000E+000	1,22400E+000	8,11157E-006	13	...........	64,63
	613	61,4	1,22345E+000	2,75507E-001	0,00000E+000	1,22600E+000	1,19116E-005	13	...........	64,65
	614	61,5	1,22560E+000	2,76385E-001	0,00000E+000	1,22800E+000	4,51157E-006	13	...........	64,65
	615	61,6	1,22753E+000	2,77150E-001	0,00000E+000	1,23000E+000	3,91157E-006	13	...........	64,65
	616	61,7	1,22944E+000	2,77563E-001	0,00000E+000	1,23200E+000	7,31157E-006	13	...........	64,64
	617	61,8	1,23143E+000	2,78026E-001	0,00000E+000	1,23400E+000	2,41116E-005	13	...........	64,64
	618	61,9	1,23347E+000	2,78659E-001	0,00000E+000	1,23600E+000	8,31157E-006	13	...........	64,65
	619	62	1,23551E+000	2,79655E-001	0,00000E+000	1,23800E+000	-4,88431E-007	13	...........	64,65
	620	62,1	1,23738E+000	2,80274E-001	0,00000E+000	1,24000E+000	2,31157E-006	13	...........	64,65
	621	62,2	1,23934E+000	2,81037E-001	0,00000E+000	1,24200E+000	9,71157E-006	13	...........	64,64
	622	62,3	1,24134E+000	2,82043E-001	0,00000E+000	1,24400E+000	1,31116E-005	13	...........	64,65
	623	62,4	1,24354E+000	2,83067E-001	0,00000E+000	1,24600E+000	7,31157E-006	13	...........	64,64
	624	62,5	1,24544E+000	2,83672E-001	0,00000E+000	1,24800E+000	1,49116E-005	13	...........	64,65
	625	62,6	1,24746E+000	2,84657E-001	0,00000E+000	1,25000E+000	2,69116E-005	13	...........	64,65
	626	62,7	1,24944E+000	2,85120E-001	0,00000E+000	1,25200E+000	1,41116E-005	13	...........	64,65
	627	62,8	1,25152E+000	2,86054E-001	0,00000E+000	1,25400E+000	6,11157E-006	13	...........	64,65
	628	62,9	1,25335E+000	2,86580E-001	0,00000E+000	1,25600E+000	2,25116E-005	13	...........	64,65
	629	63	1,25539E+000	2,87585E-001	0,00000E+000	1,25800E+000	1,09116E-005	13	...........	64,64
	630	63,1	1,25741E+000	2,87977E-001	0,00000E+000	1,26000E+000	2,17116E-005	13	...........	64,65
	631	63,2	1,25947E+000	2,89191E-001	0,00000E+000	1,26200E+000	6,51157E-006	13	...........	64,65
	632	63,3	1,26134E+000	2,89756E-001	0,00000E+000	1,26400E+000	6,91157E-006	13	...........	64,65
	633	63,4	1,26332E+000	2,90986E-001	0,00000E+000	1,26600E+000	7,11567E-007	13	...........	64,66
	634	63,5	1,26532E+000	2,91767E-001	0,00000E+000	1,26800E+000	8,71157E-006	13	...........	64,65
	635	63,6	1,26739E+000	2,92700E-001	0,00000E+000	1,27000E+000	9,71157E-006	13	...........	64,66
	636	63,7	1,26941E+000	2,93299E-001	0,00000E+000	1,27200E+000	3,11157E-006	13	...........	64,65
	637	63,8	1,27137E+000	2,94041E-001	0,00000E+000	1,27400E+000	1,29116E-005	13	...........	64,65
	638	63,9	1,27356E+000	2,94853E-001	0,00000E+000	1,27600E+000	1,89116E-005	13	...........	64,65
	639	64	1,27552E+000	2,95764E-001	0,00000E+000	1,27800E+000	1,81116E-005	13	...........	64,66
	640	64,1	1,27734E+000	2,96434E-001	0,00000E+000	1,28000E+000	4,51157E-006	13	...........	64,65
	641	64,2	1,27929E+000	2,97554E-001	0,00000E+000	1,28200E+000	1,69116E-005	13	...........	64,65
	642	64,3	1,28137E+000	2,98213E-001	0,00000E+000	1,28400E+000	1,09116E-005	13	...........	64,65
	643	64,4	1,28343E+000	2,99431E-001	0,00000E+000	1,28600E+000	4,91157E-006	13	...........	64,65
	644	64,5	1,28526E+000	3,00341E-001	0,00000E+000	1,28800E+000	9,11157E-006	13	...........	64,66
	645	64,6	1,28728E+000	3,01456E-001	0,00000E+000	1,29000E+000	4,31157E-006	13	...........	64,65
	646	64,7	1,28929E+000	3,02270E-001	0,00000E+000	1,29200E+000	8,51157E-006	13	...........	64,65
	647	64,8	1,29137E+000	3,03274E-001	0,00000E+000	1,29400E+000	1,51157E-006	13	...........	64,65
	648	64,9	1,29337E+000	3,03988E-001	0,00000E+000	1,29600E+000	5,51157E-006	13	...........	64,65
	649	65	1,29539E+000	3,05263E-001	0,00000E+000	1,29800E+000	8,31157E-006	13	...........	64,66
	650	65,1	1,29770E+000	3,05854E-001	0,00000E+000	1,30000E+000	3,91157E-006	13	...........	64,65
	651	65,2	1,29953E+000	3,06944E-001	0,00000E+000	1,30200E+000	9,51157E-006	13	...........	64,65
	652	65,3	1,30141E+000	3,07762E-001	0,00000E+000	1,30400E+000	4,31157E-006	13	...........	64,67
	653	65,4	1,30333E+000	3,08955E-001	0,00000E+000	1,30600E+000	3,51157E-006	13	...........	64,66
	654	65,5	1,30538E+000	3,09629E-001	0,00000E+000	1,30800E+000	1,43116E-005	13	...........	64,67
	655	65,6	1,30748E+000	3,10525E-001	0,00000E+000	1,31000E+000	-4,28843E-006	13	...........	64,66
	656	65,7	1,30925E+000	3,11038E-001	0,00000E+000	1,31200E+000	-8,84284E-008	13	...........	64,66
	657	65,8	1,31124E+000	3,11919E-001	0,00000E+000	1,31400E+000	1,15116E-005	13	...........	64,66
	658	65,9	1,31323E+000	3,12541E-001	0,00000E+000	1,31600E+000	8,91157E-006	13	...........	64,66
	659	66	1,31524E+000	3,13732E-001	0,00000E+000	1,31800E+000	-2,28843E-006	13	...........	64,65
	660	66,1	1,31718E+000	3,14346E-001	0,00000E+000	1,32000E+000	5,71157E-006	13	...........	64,66
	661	66,2	1,31925E+000	3,15839E-001	0,00000E+000	1,32200E+000	6,71157E-006	13	...........	64,66
	662	66,3	1,32156E+000	3,16220E-001	0,00000E+000	1,32400E+000	1,15116E-005	13	...........	64,66
	663	66,4	1,32349E+000	3,17724E-001	0,00000E+000	1,32600E+000	1,83116E-005	13	...........	64,66
	664	66,5	1,32532E+000	3,18067E-001	0,00000E+000	1,32800E+000	2,71116E-005	13	...........	64,67
	665	66,6	1,32728E+000	3,19075E-001	0,00000E+000	1,33000E+000	1,83116E-005	13	...........	64,66
	666	66,7	1,32926E+000	3,19590E-001	0,00000E+000	1,33200E+000	1,49116E-005	13	...........	64,66
	667	66,8	1,33145E+000	3,20477E-001	0,00000E+000	1,33400E+000	2,39116E-005	13	...........	64,67
	668	66,9	1,33327E+000	3,21116E-001	0,00000E+000	1,33600E+000	4,11157E-006	13	...........	64,66
	669	67	1,33526E+000	3,22399E-001	0,00000E+000	1,33800E+000	4,91157E-006	13	...........	64,66
	670	67,1	1,33724E+000	3,22917E-001	0,00000E+000	1,34000E+000	2,37116E-005	13	...........	64,67
	671	67,2	1,33930E+000	3,24169E-001	0,00000E+000	1,34200E+000	5,11157E-006	13	...........	64,67
	672	67,3	1,34122E+000	3,24628E-001	0,00000E+000	1,34400E+000	4,11157E-006	13	...........	64,66
	673	67,4	1,34317E+000	3,25813E-001	0,00000E+000	1,34600E+000	8,71157E-006	13	...........	64,66
	674	67,5	1,34531E+000	3,26299E-001	0,00000E+000	1,34800E+000	1,93116E-005	13	...........	64,67
	675	67,6	1,34752E+000	3,27191E-001	0,00000E+000	1,35000E+000	9,51157E-006	13	...........	64,67
	676	67,7	1,34928E+000	3,27623E-001	0,00000E+000	1,35200E+000	1,19116E-005	13	...........	64,66
	677	67,8	1,35126E+000	3,28389E-001	0,00000E+000	1,35400E+000	2,51157E-006	13	...........	64,68
	678	67,9	1,35325E+000	3,28946E-001	0,00000E+000	1,35600E+000	7,91157E-006	13	...........	64,67
	679	68	1,35542E+000	3,30013E-001	0,00000E+000	1,35800E+000	7,71157E-006	13	...........	64,67
	680	68,1	1,35720E+000	3,30573E-001	0,00000E+000	1,36000E+000	7,51157E-006	13	...........	64,67
	681	68,2	1,35916E+000	3,31521E-001	0,00000E+000	1,36200E+000	6,31157E-006	13	...........	64,68
	682	68,3	1,36115E+000	3,32094E-001	0,00000E+000	1,36400E+000	1,11157E-006	13	...........	64,68
	683	68,4	1,36319E+000	3,33358E-001	0,00000E+000	1,36600E+000	1,01116E-005	13	...........	64,67
	684	68,5	1,36516E+000	3,33756E-001	0,00000E+000	1,36800E+000	1,13116E-005	13	...........	64,68
	685	68,6	1,36710E+000	3,34713E-001	0,00000E+000	1,37000E+000	3,71157E-006	13	...........	64,67
	686	68,7	1,36913E+000	3,35117E-001	0,00000E+000	1,37200E+000	1,51116E-005	13	...........	64,67
	687	68,8	1,37143E+000	3,36095E-001	0,00000E+000	1,37400E+000	8,51157E-006	13	...........	64,68
	688	68,9	1,37324E+000	3,36486E-001	0,00000E+000	1,37600E+000	4,91157E-006	13	...........	64,67
	689	69	1,37527E+000	3,37532E-001	0,00000E+000	1,37800E+000	1,93116E-005	13	...........	64,67
	690	69,1	1,37728E+000	3,37951E-001	0,00000E+000	1,38000E+000	4,71157E-006	13	...........	64,67
	691	69,2	1,37945E+000	3,39118E-001	0,00000E+000	1,38200E+000	-3,88844E-006	13	...........	64,68
	692	69,3	1,38122E+000	3,39580E-001	0,00000E+000	1,38400E+000	-1,68843E-006	13	...........	64,68
	693	69,4	1,38321E+000	3,40517E-001	0,00000E+000	1,38600E+000	5,11565E-007	13	...........	64,68
	694	69,5	1,38517E+000	3,40910E-001	0,00000E+000	1,38800E+000	1,07116E-005	13	...........	64,67
	695	69,6	1,38724E+000	3,42378E-001	0,00000E+000	1,39000E+000	8,91157E-006	13	...........	64,67
	696	69,7	1,38916E+000	3,42437E-001	0,00000E+000	1,39200E+000	1,13116E-005	13	...........	64,67
	697	69,8	1,39110E+000	3,43393E-001	0,00000E+000	1,39400E+000	7,51157E-006	13	...........	64,68
	698	69,9	1,39304E+000	3,43503E-001	0,00000E+000	1,39600E+000	5,31157E-006	13	...........	64,67
	699	70	1,39508E+000	3,44526E-001	0,00000E+000	1,39800E+000	1,37116E-005	13	...........	64,67
	700	70,1	1,39724E+000	3,44954E-001	0,00000E+000	1,40000E+000	1,59116E-005	13	...........	64,68
	701	70,2	1,39511E+000	3,39303E-001	0,00000E+000	1,39800E+000	1,49116E-005	13	...........	64,67
	702	70,3	1,39308E+000	3,34545E-001	0,00000E+000	1,39600E+000	1,51116E-005	13	...........	64,68
	703	70,4	1,39105E+000	3,30477E-001	0,00000E+000	1,39400E+000	-6,28843E-006	13	...........	64,68
	704	70,5	1,38917E+000	3,26520E-001	0,00000E+000	1,39200E+000	8,31157E-006	13	...........	64,67
	705	70,6	1,38724E+000	3,23040E-001	0,00000E+000	1,39000E+000	8,91157E-006	13	...........	64,68
	706	70,7	1,38519E+000	3,19430E-001	0,00000E+000	1,38800E+000	1,45116E-005	13	...........	64,67
	707	70,8	1,38315E+000	3,17539E-001	0,00000E+000	1,38600E+000	7,11157E-006	13	...........	64,67
	708	70,9	1,38121E+000	3,13945E-001	0,00000E+000	1,38400E+000	1,29116E-005	13	...........	64,67
	709	71	1,37945E+000	3,11236E-001	0,00000E+000	1,38200E+000	3,71157E-006	13	...........	64,68
	710	71,1	1,37724E+000	3,08357E-001	0,00000E+000	1,38000E+000	1,61116E-005	13	...........	64,67
	711	71,2	1,37529E+000	3,07117E-001	0,00000E+000	1,37800E+000	2,05116E-005	13	...........	64,69
	712	71,3	1,37325E+000	3,03723E-001	0,00000E+000	1,37600E+000	9,11572E-007	13	...........	64,68
	713	71,4	1,37142E+000	3,01524E-001	0,00000E+000	1,37400E+000	9,31157E-006	13	...........	64,68
	714	71,5	1,36908E+000	2,98285E-001	0,00000E+000	1,37200E+000	2,79116E-005	13	...........	64,67
	715	71,6	1,36710E+000	2,95878E-001	0,00000E+000	1,37000E+000	4,51157E-006	13	...........	64,68
	716	71,7	1,36519E+000	2,93474E-001	0,00000E+000	1,36800E+000	4,51157E-006	13	...........	64,68
	717	71,8	1,36325E+000	2,90984E-001	0,00000E+000	1,36600E+000	9,11572E-007	13	...........	64,67
	718	71,9	1,36120E+000	2,88040E-001	0,00000E+000	1,36400E+000	2,09116E-005	13	...........	64,67
	719	72	1,35919E+000	2,86316E-001	0,00000E+000	1,36200E+000	1,11116E-005	13	...........	64,68
	720	72,1	1,35720E+000	2,83642E-001	0,00000E+000	1,36000E+000	1,77116E-005	13	...........	64,68
	721	72,2	1,35543E+000	2,81282E-001	0,00000E+000	1,35800E+000	9,11572E-007	13	...........	64,67
	722	72,3	1,35327E+000	2,78875E-001	0,00000E+000	1,35600E+000	1,13116E-005	13	...........	64,69
	723	72,4	1,35131E+000	2,76818E-001	0,00000E+000	1,35400E+000	5,51157E-006	13	...........	64,68
	724	72,5	1,34935E+000	2,74254E-001	0,00000E+000	1,35200E+000	1,71157E-006	13	...........	64,68
	725	72,6	1,34752E+000	2,72229E-001	0,00000E+000	1,35000E+000	6,51157E-006	13	...........	64,67
	726	72,7	1,34538E+000	2,70025E-001	0,00000E+000	1,34800E+000	8,31157E-006	13	...........	64,67
	727	72,8	1,34317E+000	2,68012E-001	0,00000E+000	1,34600E+000	7,11157E-006	13	...........	64,68
	728	72,9	1,34119E+000	2,65255E-001	0,00000E+000	1,34400E+000	3,71157E-006	13	...........	64,67
	729	73	1,33930E+000	2,63260E-001	0,00000E+000	1,34200E+000	8,71157E-006	13	...........	64,68
	730	73,1	1,33723E+000	2,61044E-001	0,00000E+000	1,34000E+000	1,21116E-005	13	...........	64,68
	731	73,2	1,33525E+000	2,59110E-001	0,00000E+000	1,33800E+000	3,91157E-006	13	...........	64,68
	732	73,3	1,33328E+000	2,56937E-001	0,00000E+000	1,33600E+000	3,91157E-006	13	...........	64,68
	733	73,4	1,33148E+000	2,54658E-001	0,00000E+000	1,33400E+000	1,25116E-005	13	...........	64,69
	734	73,5	1,32928E+000	2,52815E-001	0,00000E+000	1,33200E+000	1,19116E-005	13	...........	64,68
	735	73,6	1,32728E+000	2,50316E-001	0,00000E+000	1,33000E+000	1,81116E-005	13	...........	64,68
	736	73,7	1,32535E+000	2,47692E-001	0,00000E+000	1,32800E+000	1,21116E-005	13	...........	64,68
	737	73,8	1,32352E+000	2,45736E-001	0,00000E+000	1,32600E+000	8,91157E-006	13	...........	64,68
	738	73,9	1,32163E+000	2,43623E-001	0,00000E+000	1,32400E+000	2,71156E-006	13	...........	64,69
	739	74	1,31932E+000	2,41224E-001	0,00000E+000	1,32200E+000	7,51157E-006	13	...........	64,68
	740	74,1	1,31721E+000	2,39030E-001	0,00000E+000	1,32000E+000	7,71157E-006	13	...........	64,68
	741	74,2	1,31527E+000	2,37023E-001	0,00000E+000	1,31800E+000	3,31157E-006	13	...........	64,68
	742	74,3	1,31323E+000	2,35135E-001	0,00000E+000	1,31600E+000	1,49116E-005	13	...........	64,68
	743	74,4	1,31122E+000	2,32699E-001	0,00000E+000	1,31400E+000	1,25116E-005	13	...........	64,68
	744	74,5	1,30927E+000	2,30640E-001	0,00000E+000	1,31200E+000	1,11157E-006	13	...........	64,68
	745	74,6	1,30748E+000	2,28500E-001	0,00000E+000	1,31000E+000	7,51157E-006	13	...........	64,69
	746	74,7	1,30541E+000	2,26203E-001	0,00000E+000	1,30800E+000	1,83116E-005	13	...........	64,68
	747	74,8	1,30333E+000	2,23858E-001	0,00000E+000	1,30600E+000	1,09116E-005	13	...........	64,69
	748	74,9	1,30135E+000	2,21814E-001	0,00000E+000	1,30400E+000	2,11157E-006	13	...........	64,68
	749	75	1,29951E+000	2,19781E-001	0,00000E+000	1,30200E+000	9,71157E-006	13	...........	64,68
	750	75,1	1,29746E+000	2,17398E-001	0,00000E+000	1,30000E+000	3,91157E-006	13	...........	64,69
	751	75,2	1,29535E+000	2,15316E-001	0,00000E+000	1,29800E+000	7,91157E-006	13	...........	64,69
	752	75,3	1,29337E+000	2,13082E-001	0,00000E+000	1,29600E+000	1,51157E-006	13	...........	64,69
	753	75,4	1,29135E+000	2,11219E-001	0,00000E+000	1,29400E+000	1,71157E-006	13	...........	64,68
	754	75,5	1,28929E+000	2,08911E-001	0,00000E+000	1,29200E+000	1,01116E-005	13	...........	64,68
	755	75,6	1,28730E+000	2,06756E-001	0,00000E+000	1,29000E+000	7,31157E-006	13	...........	64,68
	756	75,7	1,28527E+000	2,04679E-001	0,00000E+000	1,28800E+000	6,31157E-006	13	...........	64,68
	757	75,8	1,28346E+000	2,02764E-001	0,00000E+000	1,28600E+000	1,45116E-005	13	...........	64,67
	758	75,9	1,28138E+000	2,00654E-001	0,00000E+000	1,28400E+000	7,11157E-006	13	...........	64,69
	759	76	1,27931E+000	1,98616E-001	0,00000E+000	1,28200E+000	1,29116E-005	13	...........	64,69
	760	76,1	1,27734E+000	1,96560E-001	0,00000E+000	1,28000E+000	9,91157E-006	13	...........	64,68
	761	76,2	1,27554E+000	1,94734E-001	0,00000E+000	1,27800E+000	9,31157E-006	13	...........	64,68
	762	76,3	1,27370E+000	1,92379E-001	0,00000E+000	1,27600E+000	1,71116E-005	13	...........	64,69
	763	76,4	1,27137E+000	1,90308E-001	0,00000E+000	1,27400E+000	1,87116E-005	13	...........	64,68
	764	76,5	1,26932E+000	1,88572E-001	0,00000E+000	1,27200E+000	3,71157E-006	13	...........	64,69
	765	76,6	1,26732E+000	1,86542E-001	0,00000E+000	1,27000E+000	-1,14884E-005	13	...........	64,68
	766	76,7	1,26528E+000	1,84397E-001	0,00000E+000	1,26800E+000	1,51157E-006	13	...........	64,68
	767	76,8	1,26331E+000	1,82376E-001	0,00000E+000	1,26600E+000	1,91157E-006	13	...........	64,68
	768	76,9	1,26131E+000	1,80664E-001	0,00000E+000	1,26400E+000	-8,84284E-008	13	...........	64,69
	769	77	1,25946E+000	1,78809E-001	0,00000E+000	1,26200E+000	-6,88433E-007	13	...........	64,69
	770	77,1	1,25740E+000	1,77029E-001	0,00000E+000	1,26000E+000	7,51157E-006	13	...........	64,69
	771	77,2	1,25539E+000	1,74864E-001	0,00000E+000	1,25800E+000	1,35116E-005	13	...........	64,69
	772	77,3	1,25335E+000	1,72947E-001	0,00000E+000	1,25600E+000	3,91157E-006	13	...........	64,69
	773	77,4	1,25152E+000	1,71440E-001	0,00000E+000	1,25400E+000	3,11157E-006	13	...........	64,68
	774	77,5	1,24945E+000	1,69736E-001	0,00000E+000	1,25200E+000	7,91157E-006	13	...........	64,68
	775	77,6	1,24742E+000	1,67652E-001	0,00000E+000	1,25000E+000	1,85116E-005	13	...........	64,69
	776	77,7	1,24546E+000	1,66116E-001	0,00000E+000	1,24800E+000	7,91157E-006	13	...........	64,68
	777	77,8	1,24358E+000	1,64153E-001	0,00000E+000	1,24600E+000	7,51157E-006	13	...........	64,68
	778	77,9	1,24137E+000	1,62663E-001	0,00000E+000	1,24400E+000	2,09116E-005	13	...........	64,68
	779	78	1,23937E+000	1,61000E-001	0,00000E+000	1,24200E+000	1,21116E-005	13	...........	64,68
	780	78,1	1,23739E+000	1,59179E-001	0,00000E+000	1,24000E+000	1,13116E-005	13	...........	64,68
	781	78,2	1,23549E+000	1,57509E-001	0,00000E+000	1,23800E+000	1,51116E-005	13	...........	64,68
	782	78,3	1,23343E+000	1,56192E-001	0,00000E+000	1,23600E+000	2,67116E-005	13	...........	64,68
	783	78,4	1,23141E+000	1,54543E-001	0,00000E+000	1,23400E+000	9,31157E-006	13	...........	64,69
	784	78,5	1,22943E+000	1,53285E-001	0,00000E+000	1,23200E+000	1,17116E-005	13	...........	64,68
	785	78,6	1,22750E+000	1,51505E-001	0,00000E+000	1,23000E+000	8,91157E-006	13	...........	64,69
	786	78,7	1,22553E+000	1,50189E-001	0,00000E+000	1,22800E+000	1,15116E-005	13	...........	64,69
	787	78,8	1,22338E+000	1,48370E-001	0,00000E+000	1,22600E+000	1,31116E-005	13	...........	64,69
	788	78,9	1,22144E+000	1,47231E-001	0,00000E+000	1,22400E+000	1,41116E-005	13	...........	64,68
	789	79	1,21955E+000	1,45886E-001	0,00000E+000	1,22200E+000	3,11157E-006	13	...........	64,68
	790	79,1	1,21762E+000	1,44353E-001	0,00000E+000	1,22000E+000	1,91157E-006	13	...........	64,68
	791	79,2	1,21533E+000	1,42831E-001	0,00000E+000	1,21800E+000	9,11157E-006	13	...........	64,68
	792	79,3	1,21332E+000	1,41776E-001	0,00000E+000	1,21600E+000	1,09116E-005	13	...........	64,68
	793	79,4	1,21148E+000	1,40216E-001	0,00000E+000	1,21400E+000	-4,08843E-006	13	...........	64,68
	794	79,5	1,20936E+000	1,39282E-001	0,00000E+000	1,21200E+000	-2,48843E-006	13	...........	64,69
	795	79,6	1,20735E+000	1,37843E-001	0,00000E+000	1,21000E+000	1,01116E-005	13	...........	64,70
	796	79,7	1,20537E+000	1,36594E-001	0,00000E+000	1,20800E+000	-1,68843E-006	13	...........	64,69
	797	79,8	1,20350E+000	1,35501E-001	0,00000E+000	1,20600E+000	1,07116E-005	13	...........	64,68
	798	79,9	1,20155E+000	1,34365E-001	0,00000E+000	1,20400E+000	1,63116E-005	13	...........	64,69
	799	80	1,19942E+000	1,32835E-001	0,00000E+000	1,20200E+000	1,35116E-005	13	...........	64,69
	800	80,1	1,19753E+000	1,31782E-001	0,00000E+000	1,20000E+000	1,93116E-005	13	...........	64,69
	801	80,2	1,19557E+000	1,30642E-001	0,00000E+000	1,19800E+000	1,37116E-005	13	...........	64,69
	802	80,3	1,19379E+000	1,29815E-001	0,00000E+000	1,19600E+000	1,85116E-005	13	...........	64,68
	803	80,4	1,19150E+000	1,28448E-001	0,00000E+000	1,19400E+000	9,71157E-006	13	...........	64,69
	804	80,5	1,18937E+000	1,26947E-001	0,00000E+000	1,19200E+000	6,51157E-006	13	...........	64,69
	805	80,6	1,18748E+000	1,25898E-001	0,00000E+000	1,19000E+000	1,71157E-006	13	...........	64,68
	806	80,7	1,18544E+000	1,24582E-001	0,00000E+000	1,18800E+000	2,37116E-005	13	...........	64,70
	807	80,8	1,18345E+000	1,23890E-001	0,00000E+000	1,18600E+000	2,55116E-005	13	...........	64,69
	808	80,9	1,18142E+000	1,23198E-001	0,00000E+000	1,18400E+000	1,31116E-005	13	...........	64,69
	809	81	1,17953E+000	1,22486E-001	0,00000E+000	1,18200E+000	4,91157E-006	13	...........	64,68
	810	81,1	1,17755E+000	1,21490E-001	0,00000E+000	1,18000E+000	1,39116E-005	13	...........	64,69
	811	81,2	1,17545E+000	1,20667E-001	0,00000E+000	1,17800E+000	1,77116E-005	13	...........	64,70
	812	81,3	1,17347E+000	1,19768E-001	0,00000E+000	1,17600E+000	1,19116E-005	13	...........	64,68
	813	81,4	1,17157E+000	1,18714E-001	0,00000E+000	1,17400E+000	1,85116E-005	13	...........	64,69
	814	81,5	1,16978E+000	1,17422E-001	0,00000E+000	1,17200E+000	1,47116E-005	13	...........	64,69
	815	81,6	1,16749E+000	1,16377E-001	0,00000E+000	1,17000E+000	1,71116E-005	13	...........	64,69
	816	81,7	1,16548E+000	1,15779E-001	0,00000E+000	1,16800E+000	1,33116E-005	13	...........	64,70
	817	81,8	1,16350E+000	1,15043E-001	0,00000E+000	1,16600E+000	3,71157E-006	13	...........	64,69
	818	81,9	1,16142E+000	1,14514E-001	0,00000E+000	1,16400E+000	1,19116E-005	13	...........	64,69
	819	82	1,15943E+000	1,13764E-001	0,00000E+000	1,16200E+000	1,63116E-005	13	...........	64,68
	820	82,1	1,15742E+000	1,13405E-001	0,00000E+000	1,16000E+000	7,51157E-006	13	...........	64,70
	821	82,2	1,15550E+000	1,12471E-001	0,00000E+000	1,15800E+000	2,71156E-006	13	...........	64,69
	822	82,3	1,15346E+000	1,11760E-001	0,00000E+000	1,15600E+000	1,09116E-005	13	...........	64,69
	823	82,4	1,15152E+000	1,10783E-001	0,00000E+000	1,15400E+000	8,11157E-006	13	...........	64,68
	824	82,5	1,14950E+000	1,09542E-001	0,00000E+000	1,15200E+000	9,71157E-006	13	...........	64,69
	825	82,6	1,14756E+000	1,08925E-001	0,00000E+000	1,15000E+000	7,11157E-006	13	...........	64,68
	826	82,7	1,14588E+000	1,07848E-001	0,00000E+000	1,14800E+000	1,19116E-005	13	...........	64,69
	827	82,8	1,14363E+000	1,07541E-001	0,00000E+000	1,14600E+000	1,33116E-005	13	...........	64,68
	828	82,9	1,14153E+000	1,06965E-001	0,00000E+000	1,14400E+000	3,71157E-006	13	...........	64,68
	829	83	1,13953E+000	1,06467E-001	0,00000E+000	1,14200E+000	-1,68843E-006	13	...........	64,69
	830	83,1	1,13745E+000	1,05722E-001	0,00000E+000	1,14000E+000	1,87116E-005	13	...........	64,69
	831	83,2	1,13550E+000	1,05079E-001	0,00000E+000	1,13800E+000	6,51157E-006	13	...........	64,69
	832	83,3	1,13348E+000	1,04281E-001	0,00000E+000	1,13600E+000	5,71157E-006	13	...........	64,69
	833	83,4	1,13151E+000	1,03495E-001	0,00000E+000	1,13400E+000	1,19116E-005	13	...........	64,69
	834	83,5	1,12956E+000	1,02864E-001	0,00000E+000	1,13200E+000	2,19116E-005	13	...........	64,69
	835	83,6	1,12755E+000	1,02068E-001	0,00000E+000	1,13000E+000	1,49116E-005	13	...........	64,69
	836	83,7	1,12552E+000	1,01417E-001	0,00000E+000	1,12800E+000	1,43116E-005	13	...........	64,68
	837	83,8	1,12357E+000	1,00842E-001	0,00000E+000	1,12600E+000	1,35116E-005	13	...........	64,70
	838	83,9	1,12178E+000	1,00226E-001	0,00000E+000	1,12400E+000	1,65116E-005	13	...........	64,68
	839	84	1,11957E+000	9,97134E-002	0,00000E+000	1,12200E+000	2,39116E-005	13	...........	64,69
	840	84,1	1,11758E+000	9,90691E-002	0,00000E+000	1,12000E+000	1,97116E-005	13	...........	64,69
	841	84,2	1,11561E+000	9,87658E-002	0,00000E+000	1,11800E+000	1,11116E-005	13	...........	64,70
	842	84,3	1,11349E+000	9,83512E-002	0,00000E+000	1,11600E+000	1,49116E-005	13	...........	64,68
	843	84,4	1,11150E+000	9,78754E-002	0,00000E+000	1,11400E+000	1,53116E-005	13	...........	64,69
	844	84,5	1,10949E+000	9,77130E-002	0,00000E+000	1,11200E+000	8,71157E-006	13	...........	64,69
	845	84,6	1,10756E+000	9,71892E-002	0,00000E+000	1,11000E+000	8,31157E-006	13	...........	64,69
	846	84,7	1,10558E+000	9,66265E-002	0,00000E+000	1,10800E+000	1,85116E-005	13	...........	64,69
	847	84,8	1,10358E+000	9,62406E-002	0,00000E+000	1,10600E+000	1,39116E-005	13	...........	64,69
	848	84,9	1,10159E+000	9,50898E-002	0,00000E+000	1,10400E+000	1,43116E-005	13	...........	64,69
	849	85	1,09960E+000	9,49060E-002	0,00000E+000	1,10200E+000	8,11157E-006	13	...........	64,70
	850	85,1	1,09774E+000	9,39144E-002	0,00000E+000	1,10000E+000	1,27116E-005	13	...........	64,70
	851	85,2	1,09566E+000	9,36142E-002	0,00000E+000	1,09800E+000	1,71116E-005	13	...........	64,70
	852	85,3	1,09364E+000	9,27340E-002	0,00000E+000	1,09600E+000	1,25116E-005	13	...........	64,70
	853	85,4	1,09166E+000	9,23123E-002	0,00000E+000	1,09400E+000	7,51157E-006	13	...........	64,70
	854	85,5	1,08986E+000	9,18732E-002	0,00000E+000	1,09200E+000	1,85116E-005	13	...........	64,70
	855	85,6	1,08758E+000	9,15362E-002	0,00000E+000	1,09000E+000	1,89116E-005	13	...........	64,71
	856	85,7	1,08554E+000	9,10236E-002	0,00000E+000	1,08800E+000	1,23116E-005	13	...........	64,70
	857	85,8	1,08358E+000	9,07510E-002	0,00000E+000	1,08600E+000	-2,28843E-006	13	...........	64,69
	858	85,9	1,08163E+000	9,04130E-002	0,00000E+000	1,08400E+000	1,07116E-005	13	...........	64,70
	859	86	1,07965E+000	8,99964E-002	0,00000E+000	1,08200E+000	1,45116E-005	13	...........	64,70
	860	86,1	1,07759E+000	8,94756E-002	0,00000E+000	1,08000E+000	9,91157E-006	13	...........	64,69
	861	86,2	1,07560E+000	8,90539E-002	0,00000E+000	1,07800E+000	2,01116E-005	13	...........	64,69
	862	86,3	1,07378E+000	8,88129E-002	0,00000E+000	1,07600E+000	1,63116E-005	13	...........	64,69
	863	86,4	1,07171E+000	8,83657E-002	0,00000E+000	1,07400E+000	1,41116E-005	13	...........	64,69
	864	86,5	1,06967E+000	8,76264E-002	0,00000E+000	1,07200E+000	2,31116E-005	13	...........	64,69
	865	86,6	1,06766E+000	8,71536E-002	0,00000E+000	1,07000E+000	8,51157E-006	13	...........	64,70
	866	86,7	1,06590E+000	8,66951E-002	0,00000E+000	1,06800E+000	3,71157E-006	13	...........	64,70
	867	86,8	1,06379E+000	8,62581E-002	0,00000E+000	1,06600E+000	6,11157E-006	13	...........	64,70
	868	86,9	1,06158E+000	8,56086E-002	0,00000E+000	1,06400E+000	5,31157E-006	13	...........	64,70
	869	87	1,05960E+000	8,51787E-002	0,00000E+000	1,06200E+000	3,71157E-006	13	...........	64,70
	870	87,1	1,05770E+000	8,45119E-002	0,00000E+000	1,06000E+000	7,31157E-006	13	...........	64,70
	871	87,2	1,05564E+000	8,42955E-002	0,00000E+000	1,05800E+000	1,23116E-005	13	...........	64,70
	872	87,3	1,05364E+000	8,38257E-002	0,00000E+000	1,05600E+000	2,71156E-006	13	...........	64,70
	873	87,4	1,05165E+000	8,34326E-002	0,00000E+000	1,05400E+000	-2,88426E-007	13	...........	64,70
	874	87,5	1,04989E+000	8,31579E-002	0,00000E+000	1,05200E+000	5,91157E-006	13	...........	64,70
	875	87,6	1,04774E+000	8,27005E-002	0,00000E+000	1,05000E+000	1,91157E-006	13	...........	64,70
	876	87,7	1,04572E+000	8,21960E-002	0,00000E+000	1,04800E+000	2,31157E-006	13	...........	64,71
	877	87,8	1,04374E+000	8,19356E-002	0,00000E+000	1,04600E+000	1,69116E-005	13	...........	64,70
	878	87,9	1,04193E+000	8,17130E-002	0,00000E+000	1,04400E+000	6,11157E-006	13	...........	64,70
	879	88	1,04010E+000	8,13873E-002	0,00000E+000	1,04200E+000	1,29116E-005	13	...........	64,70
	880	88,1	1,03774E+000	8,08277E-002	0,00000E+000	1,04000E+000	3,11157E-006	13	...........	64,71
	881	88,2	1,03568E+000	8,06990E-002	0,00000E+000	1,03800E+000	1,41116E-005	13	...........	64,71
	882	88,3	1,03375E+000	8,00088E-002	0,00000E+000	1,03600E+000	5,11157E-006	13	...........	64,71
	883	88,4	1,03173E+000	8,00057E-002	0,00000E+000	1,03400E+000	1,09116E-005	13	...........	64,70
	884	88,5	1,02972E+000	7,91939E-002	0,00000E+000	1,03200E+000	5,31157E-006	13	...........	64,71
	885	88,6	1,02772E+000	7,88610E-002	0,00000E+000	1,03000E+000	-7,08843E-006	13	...........	64,71
	886	88,7	1,02589E+000	7,83811E-002	0,00000E+000	1,02800E+000	-3,48843E-006	13	...........	64,71
	887	88,8	1,02390E+000	7,79767E-002	0,00000E+000	1,02600E+000	1,05116E-005	13	...........	64,70
	888	88,9	1,02176E+000	7,75029E-002	0,00000E+000	1,02400E+000	1,15116E-005	13	...........	64,70
	889	89	1,01983E+000	7,71792E-002	0,00000E+000	1,02200E+000	1,23116E-005	13	...........	64,71
	890	89,1	1,01795E+000	7,66564E-002	0,00000E+000	1,02000E+000	1,67116E-005	13	...........	64,70
	891	89,2	1,01599E+000	7,63807E-002	0,00000E+000	1,01800E+000	9,31157E-006	13	...........	64,71
	892	89,3	1,01387E+000	7,55587E-002	0,00000E+000	1,01600E+000	1,35116E-005	13	...........	64,71
	893	89,4	1,01182E+000	7,55393E-002	0,00000E+000	1,01400E+000	1,23116E-005	13	...........	64,71
	894	89,5	1,00985E+000	7,49399E-002	0,00000E+000	1,01200E+000	2,71156E-006	13	...........	64,71
	895	89,6	1,00774E+000	7,46938E-002	0,00000E+000	1,01000E+000	7,11157E-006	13	...........	64,70
	896	89,7	1,00576E+000	7,43038E-002	0,00000E+000	1,00800E+000	6,91157E-006	13	...........	64,72
	897	89,8	1,00373E+000	7,39137E-002	0,00000E+000	1,00600E+000	1,07116E-005	13	...........	64,71
	898	89,9	1,00190E+000	7,35205E-002	0,00000E+000	1,00400E+000	3,11567E-007	13	...........	64,70
	899	90	9,99849E-001	7,32540E-002	0,00000E+000	1,00200E+000	1,19116E-005	13	...........	64,71
	900	90,1	9,97806E-001	7,28813E-002	0,00000E+000	1,00000E+000	1,93116E-005	13	...........	64,71
	901	90,2	9,95786E-001	7,27578E-002	0,00000E+000	9,98000E-001	5,91157E-006	13	...........	64,71
	902	90,3	9,93942E-001	7,22390E-002	0,00000E+000	9,96000E-001	1,01116E-005	13	...........	64,72
	903	90,4	9,92232E-001	7,21512E-002	0,00000E+000	9,94000E-001	6,91157E-006	13	...........	64,72
	904	90,5	9,89854E-001	7,15620E-002	0,00000E+000	9,92000E-001	1,05116E-005	13	...........	64,71
	905	90,6	9,87861E-001	7,11822E-002	0,00000E+000	9,90000E-001	2,51157E-006	13	...........	64,72
	906	90,7	9,85888E-001	7,06828E-002	0,00000E+000	9,88000E-001	5,91157E-006	13	...........	64,70
	907	90,8	9,83783E-001	7,01999E-002	0,00000E+000	9,86000E-001	6,11157E-006	13	...........	64,71
	908	90,9	9,81762E-001	6,97179E-002	0,00000E+000	9,84000E-001	-1,08843E-006	13	...........	64,72
	909	91	9,79776E-001	6,92390E-002	0,00000E+000	9,82000E-001	6,31157E-006	13	...........	64,71
	910	91,1	9,77893E-001	6,87590E-002	0,00000E+000	9,80000E-001	1,17116E-005	13	...........	64,70
	911	91,2	9,75892E-001	6,83925E-002	0,00000E+000	9,78000E-001	2,17116E-005	13	...........	64,70
	912	91,3	9,73803E-001	6,79707E-002	0,00000E+000	9,76000E-001	1,77116E-005	13	...........	64,71
	913	91,4	9,71814E-001	6,76419E-002	0,00000E+000	9,74000E-001	1,15116E-005	13	...........	64,72
	914	91,5	9,69947E-001	6,72039E-002	0,00000E+000	9,72000E-001	1,73116E-005	13	...........	64,71
	915	91,6	9,68052E-001	6,69026E-002	0,00000E+000	9,70000E-001	2,25116E-005	13	...........	64,71
	916	91,7	9,65840E-001	6,64166E-002	0,00000E+000	9,68000E-001	2,79116E-005	13	...........	64,71
	917	91,8	9,63848E-001	6,61511E-002	0,00000E+000	9,66000E-001	2,39116E-005	13	...........	64,72
	918	91,9	9,61975E-001	6,58407E-002	0,00000E+000	9,64000E-001	1,15116E-005	13	...........	64,71
	919	92	9,59815E-001	6,55364E-002	0,00000E+000	9,62000E-001	1,49116E-005	13	...........	64,70
	920	92,1	9,57796E-001	6,50861E-002	0,00000E+000	9,60000E-001	1,47116E-005	13	...........	64,71
	921	92,2	9,55814E-001	6,50156E-002	0,00000E+000	9,58000E-001	1,51116E-005	13	...........	64,72
	922	92,3	9,53925E-001	6,45724E-002	0,00000E+000	9,56000E-001	7,71157E-006	13	...........	64,72
	923	92,4	9,51908E-001	6,43743E-002	0,00000E+000	9,54000E-001	1,49116E-005	13	...........	64,72
	924	92,5	9,49859E-001	6,38209E-002	0,00000E+000	9,52000E-001	7,91157E-006	13	...........	64,72
	925	92,6	9,47893E-001	6,36054E-002	0,00000E+000	9,50000E-001	1,29116E-005	13	...........	64,70
	926	92,7	9,45967E-001	6,30704E-002	0,00000E+000	9,48000E-001	5,71157E-006	13	...........	64,72
	927	92,8	9,44126E-001	6,27385E-002	0,00000E+000	9,46000E-001	1,33116E-005	13	...........	64,72
	928	92,9	9,41978E-001	6,21973E-002	0,00000E+000	9,44000E-001	1,73116E-005	13	...........	64,71
	929	93	9,39992E-001	6,19931E-002	0,00000E+000	9,42000E-001	8,71157E-006	13	...........	64,72
	930	93,1	9,38012E-001	6,12375E-002	0,00000E+000	9,40000E-001	5,11157E-006	13	...........	64,71
	931	93,2	9,36209E-001	6,07636E-002	0,00000E+000	9,38000E-001	1,47116E-005	13	...........	64,73
	932	93,3	9,33890E-001	6,03787E-002	0,00000E+000	9,36000E-001	1,19116E-005	13	...........	64,72
	933	93,4	9,31873E-001	5,99631E-002	0,00000E+000	9,34000E-001	1,93116E-005	13	...........	64,71
	934	93,5	9,29953E-001	5,96567E-002	0,00000E+000	9,32000E-001	8,91157E-006	13	...........	64,73
	935	93,6	9,27987E-001	5,92994E-002	0,00000E+000	9,30000E-001	1,45116E-005	13	...........	64,71
	936	93,7	9,25952E-001	5,87837E-002	0,00000E+000	9,28000E-001	1,45116E-005	13	...........	64,72
	937	93,8	9,23952E-001	5,86428E-002	0,00000E+000	9,26000E-001	3,91157E-006	13	...........	64,73
	938	93,9	9,21993E-001	5,82445E-002	0,00000E+000	9,24000E-001	1,25116E-005	13	...........	64,72
	939	94	9,20130E-001	5,78667E-002	0,00000E+000	9,22000E-001	8,11157E-006	13	...........	64,73
	940	94,1	9,17993E-001	5,77095E-002	0,00000E+000	9,20000E-001	2,93116E-005	13	...........	64,73
	941	94,2	9,15996E-001	5,75359E-002	0,00000E+000	9,18000E-001	2,37116E-005	13	...........	64,73
	942	94,3	9,13989E-001	5,69446E-002	0,00000E+000	9,16000E-001	8,71157E-006	13	...........	64,74
	943	94,4	9,12232E-001	5,66291E-002	0,00000E+000	9,14000E-001	1,49116E-005	13	...........	64,72
	944	94,5	9,10026E-001	5,61706E-002	0,00000E+000	9,12000E-001	1,67116E-005	13	...........	64,73
	945	94,6	9,07858E-001	5,57693E-002	0,00000E+000	9,10000E-001	8,71157E-006	13	...........	64,73
	946	94,7	9,05939E-001	5,56560E-002	0,00000E+000	9,08000E-001	2,91157E-006	13	...........	64,73
	947	94,8	9,03931E-001	5,50413E-002	0,00000E+000	9,06000E-001	7,71157E-006	13	...........	64,74
	948	94,9	9,01919E-001	5,44470E-002	0,00000E+000	9,04000E-001	1,75116E-005	13	...........	64,73
	949	95	8,99931E-001	5,40732E-002	0,00000E+000	9,02000E-001	4,31157E-006	13	...........	64,73
	950	95,1	8,97964E-001	5,35708E-002	0,00000E+000	9,00000E-001	3,31157E-006	13	...........	64,73
	951	95,2	8,96205E-001	5,32196E-002	0,00000E+000	8,98000E-001	3,71157E-006	13	...........	64,72
	952	95,3	8,93966E-001	5,26539E-002	0,00000E+000	8,96000E-001	1,35116E-005	13	...........	64,74
	953	95,4	8,92042E-001	5,24006E-002	0,00000E+000	8,94000E-001	2,13116E-005	13	...........	64,75
	954	95,5	8,90091E-001	5,19136E-002	0,00000E+000	8,92000E-001	6,71157E-006	13	...........	64,73
	955	95,6	8,88308E-001	5,15623E-002	0,00000E+000	8,90000E-001	3,11567E-007	13	...........	64,73
	956	95,7	8,86311E-001	5,14214E-002	0,00000E+000	8,88000E-001	1,19116E-005	13	...........	64,74
	957	95,8	8,84045E-001	5,06443E-002	0,00000E+000	8,86000E-001	1,03116E-005	13	...........	64,74
	958	95,9	8,81980E-001	5,03615E-002	0,00000E+000	8,84000E-001	1,19116E-005	13	...........	64,74
	959	96	8,79997E-001	5,00327E-002	0,00000E+000	8,82000E-001	6,11157E-006	13	...........	64,73
	960	96,1	8,77974E-001	4,96242E-002	0,00000E+000	8,80000E-001	6,31157E-006	13	...........	64,74
	961	96,2	8,76014E-001	4,94139E-002	0,00000E+000	8,78000E-001	-2,68843E-006	13	...........	64,73
	962	96,3	8,74016E-001	4,90585E-002	0,00000E+000	8,76000E-001	-3,08843E-006	13	...........	64,72
	963	96,4	8,72222E-001	4,88042E-002	0,00000E+000	8,74000E-001	1,51157E-006	13	...........	64,73
	964	96,5	8,70062E-001	4,85939E-002	0,00000E+000	8,72000E-001	1,55116E-005	13	...........	64,73
	965	96,6	8,68066E-001	4,83335E-002	0,00000E+000	8,70000E-001	8,31157E-006	13	...........	64,74
	966	96,7	8,66122E-001	4,79496E-002	0,00000E+000	8,68000E-001	1,77116E-005	13	...........	64,74
	967	96,8	8,64313E-001	4,74073E-002	0,00000E+000	8,66000E-001	1,09116E-005	13	...........	64,74
	968	96,9	8,62237E-001	4,71255E-002	0,00000E+000	8,64000E-001	-3,68843E-006	13	...........	64,75
	969	97	8,60110E-001	4,66241E-002	0,00000E+000	8,62000E-001	1,91157E-006	13	...........	64,74
	970	97,1	8,58132E-001	4,60002E-002	0,00000E+000	8,60000E-001	2,31157E-006	13	...........	64,74
	971	97,2	8,56036E-001	4,58113E-002	0,00000E+000	8,58000E-001	1,11116E-005	13	...........	64,75
	972	97,3	8,54018E-001	4,52620E-002	0,00000E+000	8,56000E-001	8,31157E-006	13	...........	64,74
	973	97,4	8,52018E-001	4,47504E-002	0,00000E+000	8,54000E-001	8,51157E-006	13	...........	64,73
	974	97,5	8,50023E-001	4,45319E-002	0,00000E+000	8,52000E-001	5,51157E-006	13	...........	64,74
	975	97,6	8,48164E-001	4,39417E-002	0,00000E+000	8,50000E-001	6,91157E-006	13	...........	64,74
	976	97,7	8,46100E-001	4,40213E-002	0,00000E+000	8,48000E-001	1,13116E-005	13	...........	64,73
	977	97,8	8,44079E-001	4,32994E-002	0,00000E+000	8,46000E-001	-1,68843E-006	13	...........	64,75
	978	97,9	8,42076E-001	4,31309E-002	0,00000E+000	8,44000E-001	-2,88843E-006	13	...........	64,75
	979	98	8,40299E-001	4,25846E-002	0,00000E+000	8,42000E-001	-9,08843E-006	13	...........	64,74
	980	98,1	8,38483E-001	4,24222E-002	0,00000E+000	8,40000E-001	2,25116E-005	13	...........	64,74
	981	98,2	8,36189E-001	4,19096E-002	0,00000E+000	8,38000E-001	1,21116E-005	13	...........	64,74
	982	98,3	8,34152E-001	4,14236E-002	0,00000E+000	8,36000E-001	-4,68843E-006	13	...........	64,75
	983	98,4	8,32159E-001	4,11009E-002	0,00000E+000	8,34000E-001	1,17116E-005	13	...........	64,74
	984	98,5	8,30066E-001	4,07935E-002	0,00000E+000	8,32000E-001	1,25116E-005	13	...........	64,75
	985	98,6	8,28057E-001	4,03412E-002	0,00000E+000	8,30000E-001	1,29116E-005	13	...........	64,74
	986	98,7	8,26054E-001	4,02350E-002	0,00000E+000	8,28000E-001	1,91157E-006	13	...........	64,74
	987	98,8	8,24253E-001	3,97397E-002	0,00000E+000	8,26000E-001	2,71156E-006	13	...........	64,75
	988	98,9	8,22137E-001	3,95038E-002	0,00000E+000	8,24000E-001	1,75116E-005	13	...........	64,75
	989	99	8,20155E-001	3,90321E-002	0,00000E+000	8,22000E-001	1,83116E-005	13	...........	64,74
	990	99,1	8,18176E-001	3,87666E-002	0,00000E+000	8,20000E-001	4,31157E-006	13	...........	64,73
	991	99,2	8,16319E-001	3,83285E-002	0,00000E+000	8,18000E-001	3,31157E-006	13	...........	64,74
	992	99,3	8,14298E-001	3,80692E-002	0,00000E+000	8,16000E-001	1,49116E-005	13	...........	64,74
	993	99,4	8,12202E-001	3,72012E-002	0,00000E+000	8,14000E-001	2,27116E-005	13	...........	64,75
	994	99,5	8,10255E-001	3,69204E-002	0,00000E+000	8,12000E-001	1,63116E-005	13	...........	64,75
	995	99,6	8,08360E-001	3,65957E-002	0,00000E+000	8,10000E-001	1,47116E-005	13	...........	64,75
	996	99,7	8,06151E-001	3,61831E-002	0,00000E+000	8,08000E-001	2,25116E-005	13	...........	64,75
	997	99,8	8,04142E-001	3,57359E-002	0,00000E+000	8,06000E-001	1,35116E-005	13	...........	64,75
	998	99,9	8,02166E-001	3,52958E-002	0,00000E+000	8,04000E-001	1,23116E-005	13	...........	64,74
	999	100	8,00292E-001	3,47893E-002	0,00000E+000	8,02000E-001	2,17116E-005	13	...........	64,74
	1000	100,1	7,98215E-001	3,46525E-002	0,00000E+000	8,00000E-001	5,91157E-006	13	...........	64,74
	1001	100,2	7,96197E-001	3,41266E-002	0,00000E+000	7,98000E-001	2,29116E-005	13	...........	64,75
	1002	100,3	7,94237E-001	3,38897E-002	0,00000E+000	7,96000E-001	1,49116E-005	13	...........	64,75
	1003	100,4	7,92354E-001	3,32004E-002	0,00000E+000	7,94000E-001	2,07116E-005	13	...........	64,75
	1004	100,5	7,90478E-001	3,30391E-002	0,00000E+000	7,92000E-001	1,37116E-005	13	...........	64,75
	1005	100,6	7,88270E-001	3,27726E-002	0,00000E+000	7,90000E-001	2,57116E-005	13	...........	64,75
	1006	100,7	7,86352E-001	3,24305E-002	0,00000E+000	7,88000E-001	1,29116E-005	13	...........	64,76
	1007	100,8	7,84397E-001	3,21232E-002	0,00000E+000	7,86000E-001	9,51157E-006	13	...........	64,75
	1008	100,9	7,82543E-001	3,20190E-002	0,00000E+000	7,84000E-001	2,51116E-005	13	...........	64,75
	1009	101	7,80214E-001	3,14799E-002	0,00000E+000	7,82000E-001	8,91157E-006	13	...........	64,75
	1010	101,1	7,78234E-001	3,10132E-002	0,00000E+000	7,80000E-001	1,71116E-005	13	...........	64,75
	1011	101,2	7,76317E-001	3,05282E-002	0,00000E+000	7,78000E-001	7,51157E-006	13	...........	64,74
	1012	101,3	7,74292E-001	3,03025E-002	0,00000E+000	7,76000E-001	2,19116E-005	13	...........	64,75
	1013	101,4	7,72284E-001	2,95755E-002	0,00000E+000	7,74000E-001	1,31116E-005	13	...........	64,74
	1014	101,5	7,70331E-001	2,94815E-002	0,00000E+000	7,72000E-001	5,91157E-006	13	...........	64,74
	1015	101,6	7,68382E-001	2,88709E-002	0,00000E+000	7,70000E-001	7,91157E-006	13	...........	64,75
	1016	101,7	7,66559E-001	2,86534E-002	0,00000E+000	7,68000E-001	2,19116E-005	13	...........	64,76
	1017	101,8	7,64370E-001	2,80877E-002	0,00000E+000	7,66000E-001	8,31157E-006	13	...........	64,75
	1018	101,9	7,62405E-001	2,78436E-002	0,00000E+000	7,64000E-001	1,17116E-005	13	...........	64,76
	1019	102	7,60410E-001	2,71983E-002	0,00000E+000	7,62000E-001	1,75116E-005	13	...........	64,76
	1020	102,1	7,58704E-001	2,69920E-002	0,00000E+000	7,60000E-001	8,91157E-006	13	...........	64,76
	1021	102,2	7,56416E-001	2,64988E-002	0,00000E+000	7,58000E-001	1,25116E-005	13	...........	64,75
	1022	102,3	7,54223E-001	2,64621E-002	0,00000E+000	7,56000E-001	5,51157E-006	13	...........	64,76
	1023	102,4	7,52325E-001	2,59433E-002	0,00000E+000	7,54000E-001	-4,48843E-006	13	...........	64,75
	1024	102,5	7,50310E-001	2,55941E-002	0,00000E+000	7,52000E-001	7,91157E-006	13	...........	64,76
	1025	102,6	7,48293E-001	2,50468E-002	0,00000E+000	7,50000E-001	1,61116E-005	13	...........	64,77
	1026	102,7	7,46284E-001	2,48477E-002	0,00000E+000	7,48000E-001	1,09116E-005	13	...........	64,76
	1027	102,8	7,44358E-001	2,44852E-002	0,00000E+000	7,46000E-001	-4,48843E-006	13	...........	64,77
	1028	102,9	7,42573E-001	2,44157E-002	0,00000E+000	7,44000E-001	1,29116E-005	13	...........	64,76
	1029	103	7,40354E-001	2,37653E-002	0,00000E+000	7,42000E-001	1,05116E-005	13	...........	64,77
	1030	103,1	7,38362E-001	2,36356E-002	0,00000E+000	7,40000E-001	6,91157E-006	13	...........	64,76
	1031	103,2	7,36434E-001	2,30505E-002	0,00000E+000	7,38000E-001	2,17116E-005	13	...........	64,76
	1032	103,3	7,34664E-001	2,29300E-002	0,00000E+000	7,36000E-001	6,11157E-006	13	...........	64,76
	1033	103,4	7,32464E-001	2,23326E-002	0,00000E+000	7,34000E-001	5,71157E-006	13	...........	64,77
	1034	103,5	7,30389E-001	2,21315E-002	0,00000E+000	7,32000E-001	1,11116E-005	13	...........	64,77
	1035	103,6	7,28332E-001	2,17445E-002	0,00000E+000	7,30000E-001	1,35116E-005	13	...........	64,77
	1036	103,7	7,26327E-001	2,12758E-002	0,00000E+000	7,28000E-001	1,71157E-006	13	...........	64,76
	1037	103,8	7,24313E-001	2,08745E-002	0,00000E+000	7,26000E-001	1,95116E-005	13	...........	64,77
	1038	103,9	7,22351E-001	2,03813E-002	0,00000E+000	7,24000E-001	1,67116E-005	13	...........	64,76
	1039	104	7,20383E-001	2,00647E-002	0,00000E+000	7,22000E-001	2,31157E-006	13	...........	64,77
	1040	104,1	7,18609E-001	1,98115E-002	0,00000E+000	7,20000E-001	4,51157E-006	13	...........	64,77
	1041	104,2	7,16348E-001	1,94010E-002	0,00000E+000	7,18000E-001	1,55116E-005	13	...........	64,76
	1042	104,3	7,14389E-001	1,89190E-002	0,00000E+000	7,16000E-001	6,11157E-006	13	...........	64,78
	1043	104,4	7,12456E-001	1,84993E-002	0,00000E+000	7,14000E-001	7,11157E-006	13	...........	64,76
	1044	104,5	7,10679E-001	1,83594E-002	0,00000E+000	7,12000E-001	1,55116E-005	13	...........	64,76
	1045	104,6	7,08397E-001	1,76436E-002	0,00000E+000	7,10000E-001	9,51157E-006	13	...........	64,78
	1046	104,7	7,06453E-001	1,74425E-002	0,00000E+000	7,08000E-001	9,71157E-006	13	...........	64,77
	1047	104,8	7,04476E-001	1,71024E-002	0,00000E+000	7,06000E-001	1,71157E-006	13	...........	64,77
	1048	104,9	7,02359E-001	1,69013E-002	0,00000E+000	7,04000E-001	2,09116E-005	13	...........	64,77
	1049	105	7,00347E-001	1,64714E-002	0,00000E+000	7,02000E-001	1,11116E-005	13	...........	64,78
	1050	105,1	6,98356E-001	1,63121E-002	0,00000E+000	7,00000E-001	1,07116E-005	13	...........	64,78
	1051	105,2	6,96404E-001	1,57831E-002	0,00000E+000	6,98000E-001	1,01116E-005	13	...........	64,77
	1052	105,3	6,94542E-001	1,57229E-002	0,00000E+000	6,96000E-001	1,21116E-005	13	...........	64,78
	1053	105,4	6,92436E-001	1,52001E-002	0,00000E+000	6,94000E-001	1,27116E-005	13	...........	64,78
	1054	105,5	6,90452E-001	1,49519E-002	0,00000E+000	6,92000E-001	5,91157E-006	13	...........	64,77
	1055	105,6	6,88459E-001	1,43995E-002	0,00000E+000	6,90000E-001	6,11157E-006	13	...........	64,76
	1056	105,7	6,86636E-001	1,42821E-002	0,00000E+000	6,88000E-001	4,91157E-006	13	...........	64,78
	1057	105,8	6,84731E-001	1,38338E-002	0,00000E+000	6,86000E-001	5,91157E-006	13	...........	64,77
	1058	105,9	6,82507E-001	1,34305E-002	0,00000E+000	6,84000E-001	1,05116E-005	13	...........	64,78
	1059	106	6,80582E-001	1,27514E-002	0,00000E+000	6,82000E-001	-2,48843E-006	13	...........	64,78
	1060	106,1	6,78462E-001	1,24461E-002	0,00000E+000	6,80000E-001	1,53116E-005	13	...........	64,78
	1061	106,2	6,76414E-001	1,20846E-002	0,00000E+000	6,78000E-001	-2,28843E-006	13	...........	64,78
	1062	106,3	6,74429E-001	1,17272E-002	0,00000E+000	6,76000E-001	-6,88843E-006	13	...........	64,78
	1063	106,4	6,72429E-001	1,14097E-002	0,00000E+000	6,74000E-001	2,51157E-006	13	...........	64,78
	1064	106,5	6,70641E-001	1,10972E-002	0,00000E+000	6,72000E-001	7,71157E-006	13	...........	64,78
	1065	106,6	6,68525E-001	1,08501E-002	0,00000E+000	6,70000E-001	1,85116E-005	13	...........	64,79
	1066	106,7	6,66508E-001	1,03824E-002	0,00000E+000	6,68000E-001	1,67116E-005	13	...........	64,79
	1067	106,8	6,64507E-001	1,00148E-002	0,00000E+000	6,66000E-001	7,51157E-006	13	...........	64,78
	1068	106,9	6,62709E-001	9,84019E-003	0,00000E+000	6,64000E-001	-2,28843E-006	13	...........	64,78
	1069	107	6,60547E-001	9,31125E-003	0,00000E+000	6,62000E-001	7,11157E-006	13	...........	64,78
	1070	107,1	6,58577E-001	9,18054E-003	0,00000E+000	6,60000E-001	1,69116E-005	13	...........	64,79
	1071	107,2	6,56503E-001	8,81294E-003	0,00000E+000	6,58000E-001	8,51157E-006	13	...........	64,79
	1072	107,3	6,54706E-001	8,50660E-003	0,00000E+000	6,56000E-001	1,87116E-005	13	...........	64,78
	1073	107,4	6,52436E-001	8,19516E-003	0,00000E+000	6,54000E-001	1,33116E-005	13	...........	64,79
	1074	107,5	6,50421E-001	7,86942E-003	0,00000E+000	6,52000E-001	1,07116E-005	13	...........	64,79
	1075	107,6	6,48432E-001	7,65090E-003	0,00000E+000	6,50000E-001	-1,68843E-006	13	...........	64,79
	1076	107,7	6,46544E-001	7,39460E-003	0,00000E+000	6,48000E-001	1,13116E-005	13	...........	64,80
	1077	107,8	6,44486E-001	6,99227E-003	0,00000E+000	6,46000E-001	5,71157E-006	13	...........	64,78
	1078	107,9	6,42470E-001	6,60425E-003	0,00000E+000	6,44000E-001	4,51157E-006	13	...........	64,79
	1079	108	6,40465E-001	6,17333E-003	0,00000E+000	6,42000E-001	6,91157E-006	13	...........	64,79
	1080	108,1	6,38687E-001	5,92622E-003	0,00000E+000	6,40000E-001	1,71116E-005	13	...........	64,79
	1081	108,2	6,36599E-001	5,62397E-003	0,00000E+000	6,38000E-001	1,23116E-005	13	...........	64,78
	1082	108,3	6,34518E-001	5,11749E-003	0,00000E+000	6,36000E-001	5,51157E-006	13	...........	64,79
	1083	108,4	6,32575E-001	4,72436E-003	0,00000E+000	6,34000E-001	4,31157E-006	13	...........	64,78
	1084	108,5	6,30715E-001	4,55077E-003	0,00000E+000	6,32000E-001	6,51157E-006	13	...........	64,80
	1085	108,6	6,28682E-001	4,11373E-003	0,00000E+000	6,30000E-001	3,51157E-006	13	...........	64,79
	1086	108,7	6,26461E-001	3,56436E-003	0,00000E+000	6,28000E-001	2,09116E-005	13	...........	64,81
	1087	108,8	6,24483E-001	3,28457E-003	0,00000E+000	6,26000E-001	1,29116E-005	13	...........	64,79
	1088	108,9	6,22621E-001	3,02317E-003	0,00000E+000	6,24000E-001	7,31157E-006	13	...........	64,80
	1089	109	6,20546E-001	2,64637E-003	0,00000E+000	6,22000E-001	2,15116E-005	13	...........	64,79
	1090	109,1	6,18533E-001	2,31655E-003	0,00000E+000	6,20000E-001	6,91157E-006	13	...........	64,80
	1091	109,2	6,16561E-001	2,11539E-003	0,00000E+000	6,18000E-001	1,35116E-005	13	...........	64,81
	1092	109,3	6,14724E-001	1,78046E-003	0,00000E+000	6,16000E-001	1,19116E-005	13	...........	64,79
	1093	109,4	6,12682E-001	1,38630E-003	0,00000E+000	6,14000E-001	2,45116E-005	13	...........	64,80
	1094	109,5	6,10595E-001	1,05342E-003	0,00000E+000	6,12000E-001	1,25116E-005	13	...........	64,80
	1095	109,6	6,08670E-001	8,15495E-004	0,00000E+000	6,10000E-001	2,87116E-005	13	...........	64,79
	1096	109,7	6,06761E-001	6,79685E-004	0,00000E+000	6,08000E-001	7,51157E-006	13	...........	64,81
	1097	109,8	6,04967E-001	3,61095E-004	0,00000E+000	6,06000E-001	1,47116E-005	13	...........	64,80
	1098	109,9	6,02594E-001	-3,20382E-005	0,00000E+000	6,04000E-001	1,29116E-005	13	...........	64,81
	1099	110	6,00543E-001	2,10603E-005	0,00000E+000	6,02000E-001	1,17116E-005	13	...........	64,81
	1100	110,1	5,98648E-001	-2,60770E-004	0,00000E+000	6,00000E-001	9,11572E-007	13	...........	64,80
	1101	110,2	5,96623E-001	-7,00874E-004	0,00000E+000	5,98000E-001	1,11116E-005	13	...........	64,80
	1102	110,3	5,94589E-001	-1,05112E-003	0,00000E+000	5,96000E-001	4,71157E-006	13	...........	64,80
	1103	110,4	5,92592E-001	-1,23799E-003	0,00000E+000	5,94000E-001	6,51157E-006	13	...........	64,81
	1104	110,5	5,90736E-001	-1,48816E-003	0,00000E+000	5,92000E-001	-5,68843E-006	13	...........	64,80
	1105	110,6	5,88787E-001	-1,78122E-003	0,00000E+000	5,90000E-001	1,69116E-005	13	...........	64,81
	1106	110,7	5,86636E-001	-2,19172E-003	0,00000E+000	5,88000E-001	8,31157E-006	13	...........	64,81
	1107	110,8	5,84733E-001	-2,50010E-003	0,00000E+000	5,86000E-001	1,51157E-006	13	...........	64,80
	1108	110,9	5,82783E-001	-2,88302E-003	0,00000E+000	5,84000E-001	1,05116E-005	13	...........	64,80
	1109	111	5,80931E-001	-3,14545E-003	0,00000E+000	5,82000E-001	1,47116E-005	13	...........	64,80
	1110	111,1	5,78751E-001	-3,34048E-003	0,00000E+000	5,80000E-001	6,91157E-006	13	...........	64,82
	1111	111,2	5,76742E-001	-3,74791E-003	0,00000E+000	5,78000E-001	1,55116E-005	13	...........	64,81
	1112	111,3	5,74692E-001	-3,96337E-003	0,00000E+000	5,76000E-001	7,91157E-006	13	...........	64,81
	1113	111,4	5,72655E-001	-4,15942E-003	0,00000E+000	5,74000E-001	6,71157E-006	13	...........	64,81
	1114	111,5	5,70622E-001	-4,89055E-003	0,00000E+000	5,72000E-001	5,51157E-006	13	...........	64,81
	1115	111,6	5,68648E-001	-5,03861E-003	0,00000E+000	5,70000E-001	9,71157E-006	13	...........	64,81
	1116	111,7	5,66735E-001	-5,22445E-003	0,00000E+000	5,68000E-001	5,31157E-006	13	...........	64,82
	1117	111,8	5,64850E-001	-5,41336E-003	0,00000E+000	5,66000E-001	1,37116E-005	13	...........	64,81
	1118	111,9	5,62684E-001	-5,92392E-003	0,00000E+000	5,64000E-001	1,07116E-005	13	...........	64,81
	1119	112	5,60672E-001	-5,95252E-003	0,00000E+000	5,62000E-001	1,49116E-005	13	...........	64,81
	1120	112,1	5,58783E-001	-6,35075E-003	0,00000E+000	5,60000E-001	1,63116E-005	13	...........	64,81
	1121	112,2	5,57070E-001	-6,58561E-003	0,00000E+000	5,58000E-001	1,23116E-005	13	...........	64,81
	1122	112,3	5,54741E-001	-6,97977E-003	0,00000E+000	5,56000E-001	1,33116E-005	13	...........	64,81
	1123	112,4	5,52706E-001	-6,96751E-003	0,00000E+000	5,54000E-001	1,11116E-005	13	...........	64,81
	1124	112,5	5,50785E-001	-7,45867E-003	0,00000E+000	5,52000E-001	1,03116E-005	13	...........	64,80
	1125	112,6	5,48621E-001	-7,56487E-003	0,00000E+000	5,50000E-001	1,81116E-005	13	...........	64,82
	1126	112,7	5,46647E-001	-7,85283E-003	0,00000E+000	5,48000E-001	-6,88433E-007	13	...........	64,82
	1127	112,8	5,44612E-001	-7,92737E-003	0,00000E+000	5,46000E-001	8,91157E-006	13	...........	64,81
	1128	112,9	5,42726E-001	-8,38177E-003	0,00000E+000	5,44000E-001	2,51157E-006	13	...........	64,81
	1129	113	5,40781E-001	-8,59416E-003	0,00000E+000	5,42000E-001	8,11157E-006	13	...........	64,82
	1130	113,1	5,38727E-001	-9,01589E-003	0,00000E+000	5,40000E-001	1,35116E-005	13	...........	64,81
	1131	113,2	5,36652E-001	-9,05878E-003	0,00000E+000	5,38000E-001	1,59116E-005	13	...........	64,82
	1132	113,3	5,34759E-001	-9,36511E-003	0,00000E+000	5,36000E-001	2,71156E-006	13	...........	64,82
	1133	113,4	5,32945E-001	-9,67247E-003	0,00000E+000	5,34000E-001	7,91157E-006	13	...........	64,82
	1134	113,5	5,30816E-001	-1,01197E-002	0,00000E+000	5,32000E-001	1,53116E-005	13	...........	64,82
	1135	113,6	5,28748E-001	-9,96043E-003	0,00000E+000	5,30000E-001	1,23116E-005	13	...........	64,82
	1136	113,7	5,26810E-001	-1,09642E-002	0,00000E+000	5,28000E-001	-4,68843E-006	13	...........	64,82
	1137	113,8	5,24683E-001	-1,09254E-002	0,00000E+000	5,26000E-001	1,07116E-005	13	...........	64,82
	1138	113,9	5,22686E-001	-1,16596E-002	0,00000E+000	5,24000E-001	3,31157E-006	13	...........	64,81
	1139	114	5,20697E-001	-1,14543E-002	0,00000E+000	5,22000E-001	1,11157E-006	13	...........	64,82
	1140	114,1	5,18752E-001	-1,21916E-002	0,00000E+000	5,20000E-001	-5,08843E-006	13	...........	64,82
	1141	114,2	5,16844E-001	-1,24469E-002	0,00000E+000	5,18000E-001	5,31157E-006	13	...........	64,83
	1142	114,3	5,14747E-001	-1,29329E-002	0,00000E+000	5,16000E-001	1,09116E-005	13	...........	64,83
	1143	114,4	5,12792E-001	-1,31637E-002	0,00000E+000	5,14000E-001	1,17116E-005	13	...........	64,82
	1144	114,5	5,10787E-001	-1,35813E-002	0,00000E+000	5,12000E-001	3,11157E-006	13	...........	64,83
	1145	114,6	5,09035E-001	-1,35344E-002	0,00000E+000	5,10000E-001	4,51157E-006	13	...........	64,83
	1146	114,7	5,06761E-001	-1,42012E-002	0,00000E+000	5,08000E-001	1,61116E-005	13	...........	64,82
	1147	114,8	5,04819E-001	-1,42216E-002	0,00000E+000	5,06000E-001	6,91157E-006	13	...........	64,82
	1148	114,9	5,02837E-001	-1,46106E-002	0,00000E+000	5,04000E-001	1,51157E-006	13	...........	64,82
	1149	115	5,01002E-001	-1,47812E-002	0,00000E+000	5,02000E-001	1,03116E-005	13	...........	64,83
	1150	115,1	4,98692E-001	-1,51202E-002	0,00000E+000	5,00000E-001	6,51157E-006	13	...........	64,82
	1151	115,2	4,96696E-001	-1,51631E-002	0,00000E+000	4,98000E-001	1,55116E-005	13	...........	64,83
	1152	115,3	4,94760E-001	-1,56501E-002	0,00000E+000	4,96000E-001	-9,08843E-006	13	...........	64,82
	1153	115,4	4,92814E-001	-1,58870E-002	0,00000E+000	4,94000E-001	8,31157E-006	13	...........	64,82
	1154	115,5	4,90759E-001	-1,62179E-002	0,00000E+000	4,92000E-001	8,91157E-006	13	...........	64,82
	1155	115,6	4,88779E-001	-1,61403E-002	0,00000E+000	4,90000E-001	-8,88843E-006	13	...........	64,83
	1156	115,7	4,86838E-001	-1,67897E-002	0,00000E+000	4,88000E-001	3,51157E-006	13	...........	64,83
	1157	115,8	4,85059E-001	-1,67866E-002	0,00000E+000	4,86000E-001	1,05116E-005	13	...........	64,83
	1158	115,9	4,82909E-001	-1,73942E-002	0,00000E+000	4,84000E-001	1,09116E-005	13	...........	64,84
	1159	116	4,80910E-001	-1,74289E-002	0,00000E+000	4,82000E-001	8,71157E-006	13	...........	64,83
	1160	116,1	4,78918E-001	-1,78527E-002	0,00000E+000	4,80000E-001	6,71157E-006	13	...........	64,83
	1161	116,2	4,77116E-001	-1,82959E-002	0,00000E+000	4,78000E-001	2,71156E-006	13	...........	64,83
	1162	116,3	4,74980E-001	-1,88064E-002	0,00000E+000	4,76000E-001	8,11157E-006	13	...........	64,84
	1163	116,4	4,72775E-001	-1,89576E-002	0,00000E+000	4,74000E-001	6,11157E-006	13	...........	64,83
	1164	116,5	4,70797E-001	-1,96223E-002	0,00000E+000	4,72000E-001	-5,08843E-006	13	...........	64,83
	1165	116,6	4,68894E-001	-1,96131E-002	0,00000E+000	4,70000E-001	2,71156E-006	13	...........	64,82
	1166	116,7	4,66850E-001	-2,01104E-002	0,00000E+000	4,68000E-001	-1,48843E-006	13	...........	64,82
	1167	116,8	4,64839E-001	-2,02084E-002	0,00000E+000	4,66000E-001	1,11157E-006	13	...........	64,82
	1168	116,9	4,62851E-001	-2,08078E-002	0,00000E+000	4,64000E-001	-3,08843E-006	13	...........	64,83
	1169	117	4,61064E-001	-2,08180E-002	0,00000E+000	4,62000E-001	-8,84284E-008	13	...........	64,84
	1170	117,1	4,58970E-001	-2,14501E-002	0,00000E+000	4,60000E-001	-4,28843E-006	13	...........	64,83
	1171	117,2	4,56925E-001	-2,15318E-002	0,00000E+000	4,58000E-001	7,11157E-006	13	...........	64,83
	1172	117,3	4,54968E-001	-2,21067E-002	0,00000E+000	4,56000E-001	8,91157E-006	13	...........	64,83
	1173	117,4	4,53121E-001	-2,22466E-002	0,00000E+000	4,54000E-001	1,39116E-005	13	...........	64,84
	1174	117,5	4,51283E-001	-2,29961E-002	0,00000E+000	4,52000E-001	7,51157E-006	13	...........	64,83
	1175	117,6	4,48886E-001	-2,31329E-002	0,00000E+000	4,50000E-001	7,51157E-006	13	...........	64,82
	1176	117,7	4,46803E-001	-2,36700E-002	0,00000E+000	4,48000E-001	6,31157E-006	13	...........	64,83
	1177	117,8	4,44823E-001	-2,38344E-002	0,00000E+000	4,46000E-001	-9,08843E-006	13	...........	64,82
	1178	117,9	4,42845E-001	-2,40550E-002	0,00000E+000	4,44000E-001	-6,08843E-006	13	...........	64,82
	1179	118	4,40831E-001	-2,43001E-002	0,00000E+000	4,42000E-001	9,31157E-006	13	...........	64,82
	1180	118,1	4,38810E-001	-2,45584E-002	0,00000E+000	4,40000E-001	-9,68843E-006	13	...........	64,83
	1181	118,2	4,36922E-001	-2,47310E-002	0,00000E+000	4,38000E-001	3,11157E-006	13	...........	64,82
	1182	118,3	4,34932E-001	-2,53222E-002	0,00000E+000	4,36000E-001	1,57116E-005	13	...........	64,83
	1183	118,4	4,32870E-001	-2,53140E-002	0,00000E+000	4,34000E-001	-6,08843E-006	13	...........	64,82
	1184	118,5	4,30876E-001	-2,60105E-002	0,00000E+000	4,32000E-001	1,31157E-006	13	...........	64,83
	1185	118,6	4,29108E-001	-2,61800E-002	0,00000E+000	4,30000E-001	9,71157E-006	13	...........	64,83
	1186	118,7	4,27309E-001	-2,65557E-002	0,00000E+000	4,28000E-001	9,11157E-006	13	...........	64,83
	1187	118,8	4,24952E-001	-2,70449E-002	0,00000E+000	4,26000E-001	1,63116E-005	13	...........	64,83
	1188	118,9	4,22997E-001	-2,76861E-002	0,00000E+000	4,24000E-001	1,31116E-005	13	...........	64,82
	1189	119	4,20915E-001	-2,78934E-002	0,00000E+000	4,22000E-001	1,01116E-005	13	...........	64,83
	1190	119,1	4,18905E-001	-2,84571E-002	0,00000E+000	4,20000E-001	1,35116E-005	13	...........	64,82
	1191	119,2	4,16876E-001	-2,89023E-002	0,00000E+000	4,18000E-001	6,91157E-006	13	...........	64,82
	1192	119,3	4,14897E-001	-2,93628E-002	0,00000E+000	4,16000E-001	7,71157E-006	13	...........	64,83
	1193	119,4	4,13085E-001	-2,95282E-002	0,00000E+000	4,14000E-001	9,11157E-006	13	...........	64,83
	1194	119,5	4,11031E-001	-3,00102E-002	0,00000E+000	4,12000E-001	5,91157E-006	13	...........	64,82
	1195	119,6	4,08897E-001	-3,04033E-002	0,00000E+000	4,10000E-001	1,47116E-005	13	...........	64,82
	1196	119,7	4,06920E-001	-3,05514E-002	0,00000E+000	4,08000E-001	7,71157E-006	13	...........	64,83
	1197	119,8	4,05122E-001	-3,10221E-002	0,00000E+000	4,06000E-001	1,63116E-005	13	...........	64,82
	1198	119,9	4,03096E-001	-3,14612E-002	0,00000E+000	4,04000E-001	7,91157E-006	13	...........	64,82
	1199	120	4,00950E-001	-3,17247E-002	0,00000E+000	4,02000E-001	8,71157E-006	13	...........	64,82
	1200	120,1	3,98960E-001	-3,21719E-002	0,00000E+000	4,00000E-001	-4,28843E-006	13	...........	64,83
	1201	120,2	3,96911E-001	-3,25926E-002	0,00000E+000	3,98000E-001	1,27116E-005	13	...........	64,82
	1202	120,3	3,94877E-001	-3,30572E-002	0,00000E+000	3,96000E-001	1,97116E-005	13	...........	64,82
	1203	120,4	3,92898E-001	-3,33962E-002	0,00000E+000	3,94000E-001	1,63116E-005	13	...........	64,82
	1204	120,5	3,90889E-001	-3,38016E-002	0,00000E+000	3,92000E-001	3,31157E-006	13	...........	64,82
	1205	120,6	3,89031E-001	-3,40743E-002	0,00000E+000	3,90000E-001	8,11157E-006	13	...........	64,81
	1206	120,7	3,86985E-001	-3,44347E-002	0,00000E+000	3,88000E-001	1,19116E-005	13	...........	64,83
	1207	120,8	3,84964E-001	-3,49565E-002	0,00000E+000	3,86000E-001	1,07116E-005	13	...........	64,82
	1208	120,9	3,82965E-001	-3,53762E-002	0,00000E+000	3,84000E-001	1,07116E-005	13	...........	64,82
	1209	121	3,81124E-001	-3,59613E-002	0,00000E+000	3,82000E-001	1,63116E-005	13	...........	64,82
	1210	121,1	3,79104E-001	-3,60583E-002	0,00000E+000	3,80000E-001	1,61116E-005	13	...........	64,83
	1211	121,2	3,77043E-001	-3,66965E-002	0,00000E+000	3,78000E-001	1,99116E-005	13	...........	64,83
	1212	121,3	3,75053E-001	-3,73337E-002	0,00000E+000	3,76000E-001	5,71157E-006	13	...........	64,82
	1213	121,4	3,73151E-001	-3,77932E-002	0,00000E+000	3,74000E-001	1,11116E-005	13	...........	64,81
	1214	121,5	3,70919E-001	-3,84957E-002	0,00000E+000	3,72000E-001	1,61116E-005	13	...........	64,81
	1215	121,6	3,68913E-001	-3,89471E-002	0,00000E+000	3,70000E-001	8,71157E-006	13	...........	64,82
	1216	121,7	3,66925E-001	-3,91503E-002	0,00000E+000	3,68000E-001	2,31157E-006	13	...........	64,82
	1217	121,8	3,65069E-001	-3,95424E-002	0,00000E+000	3,66000E-001	1,29116E-005	13	...........	64,82
	1218	121,9	3,62976E-001	-3,99907E-002	0,00000E+000	3,64000E-001	1,55116E-005	13	...........	64,82
	1219	122	3,60974E-001	-4,05502E-002	0,00000E+000	3,62000E-001	1,43116E-005	13	...........	64,81
	1220	122,1	3,58952E-001	-4,06779E-002	0,00000E+000	3,60000E-001	1,11116E-005	13	...........	64,82
	1221	122,2	3,57093E-001	-4,13631E-002	0,00000E+000	3,58000E-001	1,11573E-007	13	...........	64,81
	1222	122,3	3,55147E-001	-4,16643E-002	0,00000E+000	3,56000E-001	1,75116E-005	13	...........	64,81
	1223	122,4	3,53003E-001	-4,22269E-002	0,00000E+000	3,54000E-001	1,31116E-005	13	...........	64,82
	1224	122,5	3,51023E-001	-4,28294E-002	0,00000E+000	3,52000E-001	6,31157E-006	13	...........	64,80
	1225	122,6	3,49135E-001	-4,31439E-002	0,00000E+000	3,50000E-001	5,91157E-006	13	...........	64,80
	1226	122,7	3,47182E-001	-4,38536E-002	0,00000E+000	3,48000E-001	4,91157E-006	13	...........	64,80
	1227	122,8	3,44922E-001	-4,45653E-002	0,00000E+000	3,46000E-001	9,51157E-006	13	...........	64,81
	1228	122,9	3,42938E-001	-4,48716E-002	0,00000E+000	3,44000E-001	1,91157E-006	13	...........	64,80
	1229	123	3,41083E-001	-4,56385E-002	0,00000E+000	3,42000E-001	-6,08843E-006	13	...........	64,80
	1230	123,1	3,38994E-001	-4,61378E-002	0,00000E+000	3,40000E-001	7,51157E-006	13	...........	64,81
	1231	123,2	3,36953E-001	-4,68496E-002	0,00000E+000	3,38000E-001	1,35116E-005	13	...........	64,81
	1232	123,3	3,34985E-001	-4,69935E-002	0,00000E+000	3,36000E-001	5,11565E-007	13	...........	64,81
	1233	123,4	3,33145E-001	-4,77972E-002	0,00000E+000	3,34000E-001	1,23116E-005	13	...........	64,80
	1234	123,5	3,31166E-001	-4,78523E-002	0,00000E+000	3,32000E-001	7,91157E-006	13	...........	64,80
	1235	123,6	3,29052E-001	-4,88571E-002	0,00000E+000	3,30000E-001	2,01116E-005	13	...........	64,80
	1236	123,7	3,27095E-001	-4,87876E-002	0,00000E+000	3,28000E-001	9,31157E-006	13	...........	64,81
	1237	123,8	3,25200E-001	-4,94759E-002	0,00000E+000	3,26000E-001	-1,88843E-006	13	...........	64,80
	1238	123,9	3,23476E-001	-4,97516E-002	0,00000E+000	3,24000E-001	-9,88843E-006	13	...........	64,80
	1239	124	3,21093E-001	-5,05981E-002	0,00000E+000	3,22000E-001	2,71156E-006	13	...........	64,81
	1240	124,1	3,19009E-001	-5,10913E-002	0,00000E+000	3,20000E-001	1,19116E-005	13	...........	64,80
	1241	124,2	3,17099E-001	-5,18694E-002	0,00000E+000	3,18000E-001	-6,28843E-006	13	...........	64,81
	1242	124,3	3,15086E-001	-5,21614E-002	0,00000E+000	3,16000E-001	5,91157E-006	13	...........	64,80
	1243	124,4	3,13052E-001	-5,31050E-002	0,00000E+000	3,14000E-001	5,51157E-006	13	...........	64,81
	1244	124,5	3,11070E-001	-5,33715E-002	0,00000E+000	3,12000E-001	-5,28843E-006	13	...........	64,81
	1245	124,6	3,09158E-001	-5,43814E-002	0,00000E+000	3,10000E-001	1,31157E-006	13	...........	64,81
	1246	124,7	3,07318E-001	-5,47030E-002	0,00000E+000	3,08000E-001	-1,08843E-006	13	...........	64,80
	1247	124,8	3,05072E-001	-5,56425E-002	0,00000E+000	3,06000E-001	4,51157E-006	13	...........	64,80
	1248	124,9	3,03112E-001	-5,59508E-002	0,00000E+000	3,04000E-001	3,91157E-006	13	...........	64,80
	1249	125	3,01202E-001	-5,68249E-002	0,00000E+000	3,02000E-001	1,97116E-005	13	...........	64,81
	1250	125,1	2,99370E-001	-5,70077E-002	0,00000E+000	3,00000E-001	9,51157E-006	13	...........	64,80
	1251	125,2	2,97197E-001	-5,80023E-002	0,00000E+000	2,98000E-001	8,11157E-006	13	...........	64,79
	1252	125,3	2,95075E-001	-5,82810E-002	0,00000E+000	2,96000E-001	-1,28843E-006	13	...........	64,79
	1253	125,4	2,93092E-001	-5,90969E-002	0,00000E+000	2,94000E-001	1,03116E-005	13	...........	64,80
	1254	125,5	2,91028E-001	-5,94349E-002	0,00000E+000	2,92000E-001	1,51116E-005	13	...........	64,80
	1255	125,6	2,88989E-001	-6,06174E-002	0,00000E+000	2,90000E-001	1,15116E-005	13	...........	64,79
	1256	125,7	2,87044E-001	-6,09809E-002	0,00000E+000	2,88000E-001	6,51157E-006	13	...........	64,80
	1257	125,8	2,85134E-001	-6,20510E-002	0,00000E+000	2,86000E-001	3,31157E-006	13	...........	64,80
	1258	125,9	2,83161E-001	-6,24636E-002	0,00000E+000	2,84000E-001	1,53116E-005	13	...........	64,79
	1259	126	2,81023E-001	-6,33979E-002	0,00000E+000	2,82000E-001	1,71116E-005	13	...........	64,79
	1260	126,1	2,79091E-001	-6,36940E-002	0,00000E+000	2,80000E-001	1,07116E-005	13	...........	64,78
	1261	126,2	2,77214E-001	-6,46906E-002	0,00000E+000	2,78000E-001	-1,28843E-006	13	...........	64,77
	1262	126,3	2,75456E-001	-6,52145E-002	0,00000E+000	2,76000E-001	1,21116E-005	13	...........	64,79
	1263	126,4	2,73123E-001	-6,59037E-002	0,00000E+000	2,74000E-001	1,91116E-005	13	...........	64,78
	1264	126,5	2,71162E-001	-6,59548E-002	0,00000E+000	2,72000E-001	3,71157E-006	13	...........	64,79
	1265	126,6	2,69268E-001	-6,75763E-002	0,00000E+000	2,70000E-001	4,71157E-006	13	...........	64,78
	1266	126,7	2,67121E-001	-6,76968E-002	0,00000E+000	2,68000E-001	1,07116E-005	13	...........	64,78
	1267	126,8	2,65111E-001	-6,89630E-002	0,00000E+000	2,66000E-001	1,23116E-005	13	...........	64,79
	1268	126,9	2,63117E-001	-6,93429E-002	0,00000E+000	2,64000E-001	5,71157E-006	13	...........	64,78
	1269	127	2,61156E-001	-7,03211E-002	0,00000E+000	2,62000E-001	-2,88426E-007	13	...........	64,79
	1270	127,1	2,59286E-001	-7,08889E-002	0,00000E+000	2,60000E-001	5,51157E-006	13	...........	64,78
	1271	127,2	2,57202E-001	-7,21071E-002	0,00000E+000	2,58000E-001	1,83116E-005	13	...........	64,78
	1272	127,3	2,55104E-001	-7,23685E-002	0,00000E+000	2,56000E-001	2,41116E-005	13	...........	64,78
	1273	127,4	2,53170E-001	-7,34560E-002	0,00000E+000	2,54000E-001	5,11157E-006	13	...........	64,78
	1274	127,5	2,51411E-001	-7,37817E-002	0,00000E+000	2,52000E-001	1,63116E-005	13	...........	64,79
	1275	127,6	2,49255E-001	-7,48917E-002	0,00000E+000	2,50000E-001	6,71157E-006	13	...........	64,78
	1276	127,7	2,47181E-001	-7,51909E-002	0,00000E+000	2,48000E-001	1,43116E-005	13	...........	64,78
	1277	127,8	2,45247E-001	-7,65367E-002	0,00000E+000	2,46000E-001	9,11572E-007	13	...........	64,78
	1278	127,9	2,43115E-001	-7,70963E-002	0,00000E+000	2,44000E-001	1,21116E-005	13	...........	64,78
	1279	128	2,41091E-001	-7,83278E-002	0,00000E+000	2,42000E-001	7,51157E-006	13	...........	64,78
	1280	128,1	2,39103E-001	-7,86035E-002	0,00000E+000	2,40000E-001	1,01116E-005	13	...........	64,77
	1281	128,2	2,37168E-001	-7,96409E-002	0,00000E+000	2,38000E-001	9,11157E-006	13	...........	64,78
	1282	128,3	2,35249E-001	-8,02761E-002	0,00000E+000	2,36000E-001	7,51157E-006	13	...........	64,78
	1283	128,4	2,33153E-001	-8,14105E-002	0,00000E+000	2,34000E-001	1,07116E-005	13	...........	64,77
	1284	128,5	2,31206E-001	-8,16464E-002	0,00000E+000	2,32000E-001	7,11157E-006	13	...........	64,77
	1285	128,6	2,29218E-001	-8,25327E-002	0,00000E+000	2,30000E-001	1,11157E-006	13	...........	64,78
	1286	128,7	2,27413E-001	-8,30035E-002	0,00000E+000	2,28000E-001	4,91157E-006	13	...........	64,78
	1287	128,8	2,25272E-001	-8,43851E-002	0,00000E+000	2,26000E-001	2,31157E-006	13	...........	64,78
	1288	128,9	2,23343E-001	-8,49293E-002	0,00000E+000	2,24000E-001	2,31116E-005	13	...........	64,76
	1289	129	2,21298E-001	-8,64355E-002	0,00000E+000	2,22000E-001	-2,88843E-006	13	...........	64,77
	1290	129,1	2,19463E-001	-8,67173E-002	0,00000E+000	2,20000E-001	7,71157E-006	13	...........	64,78
	1291	129,2	2,17170E-001	-8,79018E-002	0,00000E+000	2,18000E-001	1,75116E-005	13	...........	64,77
	1292	129,3	2,15179E-001	-8,83817E-002	0,00000E+000	2,16000E-001	-3,68843E-006	13	...........	64,77
	1293	129,4	2,13195E-001	-8,94968E-002	0,00000E+000	2,14000E-001	-1,08843E-006	13	...........	64,76
	1294	129,5	2,11243E-001	-9,00441E-002	0,00000E+000	2,12000E-001	6,71157E-006	13	...........	64,77
	1295	129,6	2,09262E-001	-9,11316E-002	0,00000E+000	2,10000E-001	7,11157E-006	13	...........	64,78
	1296	129,7	2,07232E-001	-9,18117E-002	0,00000E+000	2,08000E-001	5,11157E-006	13	...........	64,77
	1297	129,8	2,05256E-001	-9,31106E-002	0,00000E+000	2,06000E-001	9,71157E-006	13	...........	64,77
	1298	129,9	2,03438E-001	-9,38182E-002	0,00000E+000	2,04000E-001	1,67116E-005	13	...........	64,76
	1299	130	2,01351E-001	-9,49363E-002	0,00000E+000	2,02000E-001	1,17116E-005	13	...........	64,77
	1300	130,1	1,99315E-001	-9,54959E-002	0,00000E+000	2,00000E-001	2,03116E-005	13	...........	64,76
	1301	130,2	1,97330E-001	-9,67703E-002	0,00000E+000	1,98000E-001	5,51157E-006	13	...........	64,77
	1302	130,3	1,95530E-001	-9,73115E-002	0,00000E+000	1,96000E-001	8,31157E-006	13	...........	64,77
	1303	130,4	1,93382E-001	-9,85358E-002	0,00000E+000	1,94000E-001	2,77116E-005	13	...........	64,77
	1304	130,5	1,91242E-001	-9,89146E-002	0,00000E+000	1,92000E-001	1,85116E-005	13	...........	64,76
	1305	130,6	1,89235E-001	-1,00184E-001	0,00000E+000	1,90000E-001	4,91157E-006	13	...........	64,75
	1306	130,7	1,87341E-001	-1,00788E-001	0,00000E+000	1,88000E-001	5,71157E-006	13	...........	64,78
	1307	130,8	1,85297E-001	-1,02464E-001	0,00000E+000	1,86000E-001	6,71157E-006	13	...........	64,77
	1308	130,9	1,83289E-001	-1,03218E-001	0,00000E+000	1,84000E-001	5,51157E-006	13	...........	64,77
	1309	131	1,81297E-001	-1,04440E-001	0,00000E+000	1,82000E-001	1,55116E-005	13	...........	64,76
	1310	131,1	1,79494E-001	-1,05028E-001	0,00000E+000	1,80000E-001	1,03116E-005	13	...........	64,76
	1311	131,2	1,77405E-001	-1,06175E-001	0,00000E+000	1,78000E-001	2,43116E-005	13	...........	64,77
	1312	131,3	1,75347E-001	-1,06834E-001	0,00000E+000	1,76000E-001	9,11157E-006	13	...........	64,77
	1313	131,4	1,73384E-001	-1,08182E-001	0,00000E+000	1,74000E-001	1,49116E-005	13	...........	64,77
	1314	131,5	1,71490E-001	-1,08788E-001	0,00000E+000	1,72000E-001	6,11157E-006	13	...........	64,76
	1315	131,6	1,69639E-001	-1,10013E-001	0,00000E+000	1,70000E-001	6,11157E-006	13	...........	64,76
	1316	131,7	1,67307E-001	-1,10933E-001	0,00000E+000	1,68000E-001	-3,88844E-006	13	...........	64,75
	1317	131,8	1,65281E-001	-1,12060E-001	0,00000E+000	1,66000E-001	5,31157E-006	13	...........	64,78
	1318	131,9	1,63404E-001	-1,12935E-001	0,00000E+000	1,64000E-001	1,51157E-006	13	...........	64,77
	1319	132	1,61345E-001	-1,13935E-001	0,00000E+000	1,62000E-001	6,91157E-006	13	...........	64,77
	1320	132,1	1,59325E-001	-1,14914E-001	0,00000E+000	1,60000E-001	1,01116E-005	13	...........	64,76
	1321	132,2	1,57332E-001	-1,15927E-001	0,00000E+000	1,58000E-001	9,71157E-006	13	...........	64,76
	1322	132,3	1,55478E-001	-1,16887E-001	0,00000E+000	1,56000E-001	2,31157E-006	13	...........	64,76
	1323	132,4	1,53463E-001	-1,18221E-001	0,00000E+000	1,54000E-001	7,91157E-006	13	...........	64,76
	1324	132,5	1,51351E-001	-1,19366E-001	0,00000E+000	1,52000E-001	-1,08843E-006	13	...........	64,76
	1325	132,6	1,49382E-001	-1,20601E-001	0,00000E+000	1,50000E-001	-7,88843E-006	13	...........	64,76
	1326	132,7	1,47540E-001	-1,21549E-001	0,00000E+000	1,48000E-001	1,13116E-005	13	...........	64,77
	1327	132,8	1,45438E-001	-1,22745E-001	0,00000E+000	1,46000E-001	2,03116E-005	13	...........	64,77
	1328	132,9	1,43412E-001	-1,23737E-001	0,00000E+000	1,44000E-001	9,51157E-006	13	...........	64,76
	1329	133	1,41400E-001	-1,24806E-001	0,00000E+000	1,42000E-001	3,11157E-006	13	...........	64,77
	1330	133,1	1,39347E-001	-1,26090E-001	0,00000E+000	1,40000E-001	6,71157E-006	13	...........	64,77
	1331	133,2	1,37313E-001	-1,27369E-001	0,00000E+000	1,38000E-001	1,43116E-005	13	...........	64,75
	1332	133,3	1,35320E-001	-1,28565E-001	0,00000E+000	1,36000E-001	7,91157E-006	13	...........	64,76
	1333	133,4	1,33310E-001	-1,29755E-001	0,00000E+000	1,34000E-001	1,33116E-005	13	...........	64,75
	1334	133,5	1,31456E-001	-1,30928E-001	0,00000E+000	1,32000E-001	1,15116E-005	13	...........	64,75
	1335	133,6	1,29376E-001	-1,32139E-001	0,00000E+000	1,30000E-001	1,37116E-005	13	...........	64,76
	1336	133,7	1,27369E-001	-1,34023E-001	0,00000E+000	1,28000E-001	1,07116E-005	13	...........	64,76
	1337	133,8	1,25417E-001	-1,35125E-001	0,00000E+000	1,26000E-001	1,01116E-005	13	...........	64,76
	1338	133,9	1,23532E-001	-1,36396E-001	0,00000E+000	1,24000E-001	4,31157E-006	13	...........	64,75
	1339	134	1,21766E-001	-1,37512E-001	0,00000E+000	1,22000E-001	1,59116E-005	13	...........	64,76
	1340	134,1	1,19454E-001	-1,38596E-001	0,00000E+000	1,20000E-001	1,55116E-005	13	...........	64,76
	1341	134,2	1,17430E-001	-1,39452E-001	0,00000E+000	1,18000E-001	1,21116E-005	13	...........	64,76
	1342	134,3	1,15415E-001	-1,40797E-001	0,00000E+000	1,16000E-001	6,71157E-006	13	...........	64,76
	1343	134,4	1,13388E-001	-1,42234E-001	0,00000E+000	1,14000E-001	2,31157E-006	13	...........	64,76
	1344	134,5	1,11389E-001	-1,43939E-001	0,00000E+000	1,12000E-001	4,71157E-006	13	...........	64,76
	1345	134,6	1,09393E-001	-1,45353E-001	0,00000E+000	1,10000E-001	7,11567E-007	13	...........	64,75
	1346	134,7	1,07532E-001	-1,46486E-001	0,00000E+000	1,08000E-001	1,71157E-006	13	...........	64,74
	1347	134,8	1,05540E-001	-1,47754E-001	0,00000E+000	1,06000E-001	1,11157E-006	13	...........	64,74
	1348	134,9	1,03496E-001	-1,49197E-001	0,00000E+000	1,04000E-001	5,11565E-007	13	...........	64,75
	1349	135	1,01534E-001	-1,50125E-001	0,00000E+000	1,02000E-001	-1,48843E-006	13	...........	64,75
	1350	135,1	9,95704E-002	-1,51990E-001	0,00000E+000	1,00000E-001	-8,28843E-006	13	...........	64,75
	1351	135,2	9,76278E-002	-1,53060E-001	0,00000E+000	9,80000E-002	1,41116E-005	13	...........	64,75
	1352	135,3	9,56314E-002	-1,54640E-001	0,00000E+000	9,60001E-002	1,21116E-005	13	...........	64,75
	1353	135,4	9,35029E-002	-1,55794E-001	0,00000E+000	9,40000E-002	-3,28843E-006	13	...........	64,76
	1354	135,5	9,16050E-002	-1,57224E-001	0,00000E+000	9,20001E-002	-2,48843E-006	13	...........	64,75
	1355	135,6	8,94194E-002	-1,59099E-001	0,00000E+000	9,00000E-002	1,29116E-005	13	...........	64,75
	1356	135,7	8,74021E-002	-1,61153E-001	0,00000E+000	8,80001E-002	1,03116E-005	13	...........	64,76
	1357	135,8	8,54493E-002	-1,62257E-001	0,00000E+000	8,60001E-002	7,91157E-006	13	...........	64,74
	1358	135,9	8,35435E-002	-1,64541E-001	0,00000E+000	8,40001E-002	5,11157E-006	13	...........	64,75
	1359	136	8,15680E-002	-1,65548E-001	0,00000E+000	8,20001E-002	3,51157E-006	13	...........	64,76
	1360	136,1	7,95143E-002	-1,67389E-001	0,00000E+000	8,00000E-002	-4,08843E-006	13	...........	64,75
	1361	136,2	7,75466E-002	-1,68353E-001	0,00000E+000	7,80001E-002	5,31157E-006	13	...........	64,75
	1362	136,3	7,55796E-002	-1,70652E-001	0,00000E+000	7,60000E-002	5,31157E-006	13	...........	64,75
	1363	136,4	7,38434E-002	-1,71616E-001	0,00000E+000	7,40001E-002	5,31157E-006	13	...........	64,75
	1364	136,5	7,15927E-002	-1,73643E-001	0,00000E+000	7,20001E-002	1,15116E-005	13	...........	64,75
	1365	136,6	6,96534E-002	-1,74708E-001	0,00000E+000	7,00001E-002	1,41116E-005	13	...........	64,75
	1366	136,7	6,76564E-002	-1,77197E-001	0,00000E+000	6,80001E-002	1,91157E-006	13	...........	64,76
	1367	136,8	6,57558E-002	-1,78662E-001	0,00000E+000	6,60000E-002	7,71157E-006	13	...........	64,75
	1368	136,9	6,34673E-002	-1,81077E-001	0,00000E+000	6,40001E-002	5,51157E-006	13	...........	64,75
	1369	137	6,15137E-002	-1,82391E-001	0,00000E+000	6,20000E-002	-2,08843E-006	13	...........	64,75
	1370	137,1	5,95687E-002	-1,84074E-001	0,00000E+000	6,00001E-002	-5,28843E-006	13	...........	64,75
	1371	137,2	5,76556E-002	-1,85238E-001	0,00000E+000	5,80001E-002	-8,84284E-008	13	...........	64,75
	1372	137,3	5,55779E-002	-1,87541E-001	0,00000E+000	5,60001E-002	2,51157E-006	13	...........	64,75
	1373	137,4	5,35755E-002	-1,88577E-001	0,00000E+000	5,40001E-002	1,51157E-006	13	...........	64,75
	1374	137,5	5,16001E-002	-1,91500E-001	0,00000E+000	5,20000E-002	2,51157E-006	13	...........	64,75
	1375	137,6	4,98361E-002	-1,92765E-001	0,00000E+000	5,00001E-002	8,91157E-006	13	...........	64,74
	1376	137,7	4,76125E-002	-1,95333E-001	0,00000E+000	4,80000E-002	1,49116E-005	13	...........	64,74
	1377	137,8	4,56691E-002	-1,96904E-001	0,00000E+000	4,60001E-002	1,97116E-005	13	...........	64,75
	1378	137,9	4,37131E-002	-1,99218E-001	0,00000E+000	4,40001E-002	7,11157E-006	13	...........	64,75
	1379	138	4,19254E-002	-2,00175E-001	0,00000E+000	4,20001E-002	1,71157E-006	13	...........	64,74
	1380	138,1	3,96948E-002	-2,02771E-001	0,00000E+000	4,00001E-002	1,25116E-005	13	...........	64,75
	1381	138,2	3,75061E-002	-2,03979E-001	0,00000E+000	3,80000E-002	1,07116E-005	13	...........	64,75
	1382	138,3	3,55578E-002	-2,06304E-001	0,00000E+000	3,60001E-002	-6,68843E-006	13	...........	64,75
	1383	138,4	3,35806E-002	-2,07803E-001	0,00000E+000	3,40000E-002	-2,88426E-007	13	...........	64,73
	1384	138,5	3,15120E-002	-2,10735E-001	0,00000E+000	3,20001E-002	1,37116E-005	13	...........	64,76
	1385	138,6	2,95679E-002	-2,12056E-001	0,00000E+000	3,00001E-002	5,51157E-006	13	...........	64,75
	1386	138,7	2,76541E-002	-2,14592E-001	0,00000E+000	2,80001E-002	-4,48843E-006	13	...........	64,74
	1387	138,8	2,58894E-002	-2,15740E-001	0,00000E+000	2,60001E-002	-1,08843E-006	13	...........	64,74
	1388	138,9	2,37147E-002	-2,18467E-001	0,00000E+000	2,40000E-002	-1,68843E-006	13	...........	64,74
	1389	139	2,17026E-002	-2,19645E-001	0,00000E+000	2,20001E-002	-2,88426E-007	13	...........	64,75
	1390	139,1	1,97266E-002	-2,22422E-001	0,00000E+000	2,00000E-002	2,09116E-005	13	...........	64,74
	1391	139,2	1,79213E-002	-2,23844E-001	0,00000E+000	1,80001E-002	7,11157E-006	13	...........	64,75
	1392	139,3	1,59395E-002	-2,26736E-001	0,00000E+000	1,60001E-002	2,91157E-006	13	...........	64,75
	1393	139,4	1,37455E-002	-2,28267E-001	0,00000E+000	1,40001E-002	1,43116E-005	13	...........	64,75
	1394	139,5	1,15821E-002	-2,30893E-001	0,00000E+000	1,20001E-002	-1,68843E-006	13	...........	64,74
	1395	139,6	9,65392E-003	-2,31996E-001	0,00000E+000	1,00001E-002	5,71157E-006	13	...........	64,74
	1396	139,7	7,60992E-003	-2,34865E-001	0,00000E+000	8,00008E-003	-5,08843E-006	13	...........	64,75
	1397	139,8	5,65092E-003	-2,36106E-001	0,00000E+000	6,00004E-003	1,33116E-005	13	...........	64,75
	1398	139,9	3,65952E-003	-2,38875E-001	0,00000E+000	4,00007E-003	9,31157E-006	13	...........	64,74
	1399	140	1,83662E-003	-2,40144E-001	0,00000E+000	2,00009E-003	2,71156E-006	13	...........	64,74
	1400	140,1	-4,33579E-004	-2,43426E-001	0,00000E+000	5,96046E-008	1,53116E-005	13	...........	64,74
CURVE2	TABLE
	Pt	T	Vf	Im	Vu	Sig	Ach	IERange	Over	Temp
	#	s	V vs. Ref.	A	V	V	V	#	bits	deg C
	1401	140,2	1,79382E-003	-2,27309E-001	0,00000E+000	2,00009E-003	1,31116E-005	13	...........	64,75
	1402	140,3	3,67992E-003	-2,15189E-001	0,00000E+000	4,00007E-003	3,11157E-006	13	...........	64,75
	1403	140,4	5,64662E-003	-2,02938E-001	0,00000E+000	6,00004E-003	5,11157E-006	13	...........	64,73
	1404	140,5	7,60092E-003	-1,93037E-001	0,00000E+000	8,00008E-003	1,45116E-005	13	...........	64,75
	1405	140,6	9,65822E-003	-1,82402E-001	0,00000E+000	1,00001E-002	5,71157E-006	13	...........	64,75
	1406	140,7	1,15986E-002	-1,73150E-001	0,00000E+000	1,20001E-002	5,11157E-006	13	...........	64,74
	1407	140,8	1,37459E-002	-1,64575E-001	0,00000E+000	1,40001E-002	4,51157E-006	13	...........	64,75
	1408	140,9	1,60752E-002	-1,56147E-001	0,00000E+000	1,60001E-002	4,91157E-006	13	...........	64,74
	1409	141	1,79316E-002	-1,48586E-001	0,00000E+000	1,80001E-002	1,31157E-006	13	...........	64,74
	1410	141,1	1,96502E-002	-1,41610E-001	0,00000E+000	2,00000E-002	1,83116E-005	13	...........	64,75
	1411	141,2	2,15866E-002	-1,34832E-001	0,00000E+000	2,20001E-002	9,11157E-006	13	...........	64,76
	1412	141,3	2,35408E-002	-1,27954E-001	0,00000E+000	2,40000E-002	8,11157E-006	13	...........	64,75
	1413	141,4	2,56779E-002	-1,21007E-001	0,00000E+000	2,60001E-002	7,71157E-006	13	...........	64,74
	1414	141,5	2,75693E-002	-1,15286E-001	0,00000E+000	2,80001E-002	3,71157E-006	13	...........	64,74
	1415	141,6	2,95215E-002	-1,09282E-001	0,00000E+000	3,00001E-002	5,11157E-006	13	...........	64,74
	1416	141,7	3,15345E-002	-1,04518E-001	0,00000E+000	3,20001E-002	2,51157E-006	13	...........	64,74
	1417	141,8	3,35378E-002	-9,84133E-002	0,00000E+000	3,40000E-002	9,11572E-007	13	...........	64,75
	1418	141,9	3,55258E-002	-9,42828E-002	0,00000E+000	3,60001E-002	1,09116E-005	13	...........	64,75
	1419	142	3,74516E-002	-8,89832E-002	0,00000E+000	3,80000E-002	1,19116E-005	13	...........	64,76
	1420	142,1	3,96269E-002	-8,45393E-002	0,00000E+000	4,00001E-002	7,11567E-007	13	...........	64,75
	1421	142,2	4,19127E-002	-8,01392E-002	0,00000E+000	4,20001E-002	-2,88426E-007	13	...........	64,75
	1422	142,3	4,36135E-002	-7,61170E-002	0,00000E+000	4,40001E-002	-2,88426E-007	13	...........	64,74
	1423	142,4	4,55407E-002	-7,19590E-002	0,00000E+000	4,60001E-002	1,19116E-005	13	...........	64,75
	1424	142,5	4,75824E-002	-6,81512E-002	0,00000E+000	4,80000E-002	5,71157E-006	13	...........	64,75
	1425	142,6	4,96975E-002	-6,45007E-002	0,00000E+000	5,00001E-002	1,47116E-005	13	...........	64,75
	1426	142,7	5,15719E-002	-6,13628E-002	0,00000E+000	5,20000E-002	1,11157E-006	13	...........	64,74
	1427	142,8	5,34863E-002	-5,73590E-002	0,00000E+000	5,40001E-002	3,91157E-006	13	...........	64,74
	1428	142,9	5,55456E-002	-5,47694E-002	0,00000E+000	5,60001E-002	5,11565E-007	13	...........	64,74
	1429	143	5,75379E-002	-5,10014E-002	0,00000E+000	5,80001E-002	6,51157E-006	13	...........	64,75
	1430	143,1	5,95520E-002	-4,83863E-002	0,00000E+000	6,00001E-002	-5,08843E-006	13	...........	64,74
	1431	143,2	6,14614E-002	-4,55241E-002	0,00000E+000	6,20000E-002	9,31157E-006	13	...........	64,75
	1432	143,3	6,34388E-002	-4,26323E-002	0,00000E+000	6,40001E-002	1,53116E-005	13	...........	64,75
	1433	143,4	6,57099E-002	-3,99764E-002	0,00000E+000	6,60000E-002	1,33116E-005	13	...........	64,73
	1434	143,5	6,76101E-002	-3,77156E-002	0,00000E+000	6,80001E-002	6,31157E-006	13	...........	64,75
	1435	143,6	6,95857E-002	-3,48993E-002	0,00000E+000	7,00001E-002	5,71157E-006	13	...........	64,76
	1436	143,7	7,14774E-002	-3,30154E-002	0,00000E+000	7,20001E-002	2,07116E-005	13	...........	64,75
	1437	143,8	7,37681E-002	-3,06004E-002	0,00000E+000	7,40001E-002	1,53116E-005	13	...........	64,75
	1438	143,9	7,55443E-002	-2,85408E-002	0,00000E+000	7,60000E-002	1,11573E-007	13	...........	64,75
	1439	144	7,74564E-002	-2,59400E-002	0,00000E+000	7,80001E-002	9,11157E-006	13	...........	64,75
	1440	144,1	7,94790E-002	-2,43705E-002	0,00000E+000	8,00000E-002	1,37116E-005	13	...........	64,74
	1441	144,2	8,14961E-002	-2,26244E-002	0,00000E+000	8,20001E-002	1,31157E-006	13	...........	64,75
	1442	144,3	8,35147E-002	-2,09375E-002	0,00000E+000	8,40001E-002	4,31157E-006	13	...........	64,73
	1443	144,4	8,54052E-002	-1,87002E-002	0,00000E+000	8,60001E-002	-1,48843E-006	13	...........	64,74
	1444	144,5	8,73942E-002	-1,72145E-002	0,00000E+000	8,80001E-002	2,71156E-006	13	...........	64,74
	1445	144,6	8,93973E-002	-1,54622E-002	0,00000E+000	9,00000E-002	-1,08843E-006	13	...........	64,74
	1446	144,7	9,15950E-002	-1,41246E-002	0,00000E+000	9,20001E-002	4,51157E-006	13	...........	64,75
	1447	144,8	9,34886E-002	-1,24009E-002	0,00000E+000	9,40000E-002	1,07116E-005	13	...........	64,74
	1448	144,9	9,54593E-002	-1,13737E-002	0,00000E+000	9,60001E-002	1,71116E-005	13	...........	64,74
	1449	145	9,75950E-002	-9,39677E-003	0,00000E+000	9,80000E-002	1,45116E-005	13	...........	64,75
	1450	145,1	9,95353E-002	-8,15712E-003	0,00000E+000	1,00000E-001	8,71157E-006	13	...........	64,75
	1451	145,2	1,01403E-001	-6,96649E-003	0,00000E+000	1,02000E-001	6,91157E-006	13	...........	64,75
	1452	145,3	1,03500E-001	-5,99030E-003	0,00000E+000	1,04000E-001	6,31157E-006	13	...........	64,76
	1453	145,4	1,05582E-001	-4,43002E-003	0,00000E+000	1,06000E-001	9,91157E-006	13	...........	64,75
	1454	145,5	1,07521E-001	-3,30576E-003	0,00000E+000	1,08000E-001	8,51157E-006	13	...........	64,75
	1455	145,6	1,09428E-001	-2,17129E-003	0,00000E+000	1,10000E-001	1,33116E-005	13	...........	64,75
	1456	145,7	1,11387E-001	-1,07256E-003	0,00000E+000	1,12000E-001	5,91157E-006	13	...........	64,74
	1457	145,8	1,13408E-001	-2,69326E-005	0,00000E+000	1,14000E-001	1,89116E-005	13	...........	64,74
	1458	145,9	1,15550E-001	6,79685E-004	0,00000E+000	1,16000E-001	1,63116E-005	13	...........	64,74
	1459	146	1,17464E-001	1,77637E-003	0,00000E+000	1,18000E-001	8,91157E-006	13	...........	64,74
	1460	146,1	1,19384E-001	2,62186E-003	0,00000E+000	1,20000E-001	1,35116E-005	13	...........	64,74
	1461	146,2	1,21795E-001	3,91052E-003	0,00000E+000	1,22000E-001	1,91116E-005	13	...........	64,74
	1462	146,3	1,23543E-001	4,78460E-003	0,00000E+000	1,24000E-001	6,51157E-006	13	...........	64,76
	1463	146,4	1,25403E-001	5,76693E-003	0,00000E+000	1,26000E-001	8,91157E-006	13	...........	64,75
	1464	146,5	1,27387E-001	6,53175E-003	0,00000E+000	1,28000E-001	1,55116E-005	13	...........	64,74
	1465	146,6	1,29413E-001	7,65090E-003	0,00000E+000	1,30000E-001	-8,88431E-007	13	...........	64,75
	1466	146,7	1,31494E-001	8,30544E-003	0,00000E+000	1,32000E-001	-8,88431E-007	13	...........	64,75
	1467	146,8	1,33341E-001	9,12847E-003	0,00000E+000	1,34000E-001	9,31157E-006	13	...........	64,74
	1468	146,9	1,35349E-001	9,64618E-003	0,00000E+000	1,36000E-001	1,03116E-005	13	...........	64,75
	1469	147	1,37351E-001	1,05294E-002	0,00000E+000	1,38000E-001	1,91157E-006	13	...........	64,75
	1470	147,1	1,39436E-001	1,13229E-002	0,00000E+000	1,40000E-001	8,91157E-006	13	...........	64,74
	1471	147,2	1,41481E-001	1,21295E-002	0,00000E+000	1,42000E-001	7,91157E-006	13	...........	64,75
	1472	147,3	1,43477E-001	1,29076E-002	0,00000E+000	1,44000E-001	1,33116E-005	13	...........	64,75
	1473	147,4	1,45596E-001	1,37205E-002	0,00000E+000	1,46000E-001	1,45116E-005	13	...........	64,75
	1474	147,5	1,47557E-001	1,46109E-002	0,00000E+000	1,48000E-001	4,71157E-006	13	...........	64,76
	1475	147,6	1,49431E-001	1,52858E-002	0,00000E+000	1,50000E-001	2,51157E-006	13	...........	64,75
	1476	147,7	1,51368E-001	1,55524E-002	0,00000E+000	1,52000E-001	1,19116E-005	13	...........	64,75
	1477	147,8	1,53455E-001	1,64724E-002	0,00000E+000	1,54000E-001	1,65116E-005	13	...........	64,75
	1478	147,9	1,55513E-001	1,70840E-002	0,00000E+000	1,56000E-001	-6,68843E-006	13	...........	64,75
	1479	148	1,57317E-001	1,74996E-002	0,00000E+000	1,58000E-001	6,51157E-006	13	...........	64,76
	1480	148,1	1,59317E-001	1,80888E-002	0,00000E+000	1,60000E-001	5,31157E-006	13	...........	64,75
	1481	148,2	1,61325E-001	1,90783E-002	0,00000E+000	1,62000E-001	1,05116E-005	13	...........	64,75
	1482	148,3	1,63373E-001	1,94898E-002	0,00000E+000	1,64000E-001	3,71157E-006	13	...........	64,75
	1483	148,4	1,65268E-001	2,02434E-002	0,00000E+000	1,66000E-001	-2,88843E-006	13	...........	64,75
	1484	148,5	1,67340E-001	2,09306E-002	0,00000E+000	1,68000E-001	1,09116E-005	13	...........	64,75
	1485	148,6	1,69598E-001	2,15760E-002	0,00000E+000	1,70000E-001	1,27116E-005	13	...........	64,76
	1486	148,7	1,71504E-001	2,22244E-002	0,00000E+000	1,72000E-001	9,11572E-007	13	...........	64,76
	1487	148,8	1,73380E-001	2,29667E-002	0,00000E+000	1,74000E-001	6,31157E-006	13	...........	64,76
	1488	148,9	1,75358E-001	2,35039E-002	0,00000E+000	1,76000E-001	1,55116E-005	13	...........	64,76
	1489	149	1,77408E-001	2,40297E-002	0,00000E+000	1,78000E-001	1,33116E-005	13	...........	64,75
	1490	149,1	1,79495E-001	2,45260E-002	0,00000E+000	1,80000E-001	1,27116E-005	13	...........	64,76
	1491	149,2	1,81282E-001	2,49743E-002	0,00000E+000	1,82000E-001	-8,88431E-007	13	...........	64,76
	1492	149,3	1,83300E-001	2,53929E-002	0,00000E+000	1,84000E-001	3,51157E-006	13	...........	64,76
	1493	149,4	1,85269E-001	2,59586E-002	0,00000E+000	1,86000E-001	6,11157E-006	13	...........	64,76
	1494	149,5	1,87384E-001	2,66499E-002	0,00000E+000	1,88000E-001	9,11157E-006	13	...........	64,77
	1495	149,6	1,89239E-001	2,70645E-002	0,00000E+000	1,90000E-001	3,11157E-006	13	...........	64,77
	1496	149,7	1,91230E-001	2,77007E-002	0,00000E+000	1,92000E-001	8,51157E-006	13	...........	64,75
	1497	149,8	1,93488E-001	2,81479E-002	0,00000E+000	1,94000E-001	9,71157E-006	13	...........	64,76
	1498	149,9	1,95529E-001	2,88004E-002	0,00000E+000	1,96000E-001	5,91157E-006	13	...........	64,76
	1499	150	1,97384E-001	2,94856E-002	0,00000E+000	1,98000E-001	1,27116E-005	13	...........	64,76
	1500	150,1	1,99335E-001	2,98481E-002	0,00000E+000	2,00000E-001	1,53116E-005	13	...........	64,74
	1501	150,2	2,01407E-001	3,04914E-002	0,00000E+000	2,02000E-001	1,67116E-005	13	...........	64,77
	1502	150,3	2,03478E-001	3,11674E-002	0,00000E+000	2,04000E-001	1,05116E-005	13	...........	64,76
	1503	150,4	2,05286E-001	3,14268E-002	0,00000E+000	2,06000E-001	1,21116E-005	13	...........	64,76
	1504	150,5	2,07273E-001	3,20690E-002	0,00000E+000	2,08000E-001	5,71157E-006	13	...........	64,76
	1505	150,6	2,09251E-001	3,25908E-002	0,00000E+000	2,10000E-001	6,31157E-006	13	...........	64,76
	1506	150,7	2,11303E-001	3,30034E-002	0,00000E+000	2,12000E-001	6,51157E-006	13	...........	64,76
	1507	150,8	2,13219E-001	3,35578E-002	0,00000E+000	2,14000E-001	4,31157E-006	13	...........	64,75
	1508	150,9	2,15183E-001	3,38203E-002	0,00000E+000	2,16000E-001	8,51157E-006	13	...........	64,76
	1509	151	2,17156E-001	3,43349E-002	0,00000E+000	2,18000E-001	1,17116E-005	13	...........	64,76
	1510	151,1	2,19457E-001	3,49404E-002	0,00000E+000	2,20000E-001	1,29116E-005	13	...........	64,75
	1511	151,2	2,21280E-001	3,54837E-002	0,00000E+000	2,22000E-001	5,71157E-006	13	...........	64,75
	1512	151,3	2,23274E-001	3,56185E-002	0,00000E+000	2,24000E-001	1,11116E-005	13	...........	64,77
	1513	151,4	2,25208E-001	3,64364E-002	0,00000E+000	2,26000E-001	1,31116E-005	13	...........	64,76
	1514	151,5	2,27426E-001	3,69613E-002	0,00000E+000	2,28000E-001	2,91157E-006	13	...........	64,75
	1515	151,6	2,29181E-001	3,73973E-002	0,00000E+000	2,30000E-001	2,51157E-006	13	...........	64,76
	1516	151,7	2,31171E-001	3,81458E-002	0,00000E+000	2,32000E-001	1,19116E-005	13	...........	64,76
	1517	151,8	2,33185E-001	3,89494E-002	0,00000E+000	2,34000E-001	6,11157E-006	13	...........	64,77
	1518	151,9	2,35176E-001	3,94569E-002	0,00000E+000	2,36000E-001	1,15116E-005	13	...........	64,75
	1519	152	2,37147E-001	3,98806E-002	0,00000E+000	2,38000E-001	5,11157E-006	13	...........	64,76
	1520	152,1	2,39100E-001	4,02809E-002	0,00000E+000	2,40000E-001	1,91157E-006	13	...........	64,76
	1521	152,2	2,41131E-001	4,07067E-002	0,00000E+000	2,42000E-001	2,91157E-006	13	...........	64,75
	1522	152,3	2,43087E-001	4,10488E-002	0,00000E+000	2,44000E-001	1,35116E-005	13	...........	64,76
	1523	152,4	2,45226E-001	4,16125E-002	0,00000E+000	2,46000E-001	4,51157E-006	13	...........	64,77
	1524	152,5	2,47196E-001	4,18810E-002	0,00000E+000	2,48000E-001	1,11116E-005	13	...........	64,76
	1525	152,6	2,49346E-001	4,22415E-002	0,00000E+000	2,50000E-001	2,19116E-005	13	...........	64,76
	1526	152,7	2,51305E-001	4,29879E-002	0,00000E+000	2,52000E-001	1,79116E-005	13	...........	64,76
	1527	152,8	2,53195E-001	4,35352E-002	0,00000E+000	2,54000E-001	8,11157E-006	13	...........	64,77
	1528	152,9	2,55171E-001	4,37936E-002	0,00000E+000	2,56000E-001	4,91157E-006	13	...........	64,75
	1529	153	2,57214E-001	4,42429E-002	0,00000E+000	2,58000E-001	5,71157E-006	13	...........	64,76
	1530	153,1	2,59263E-001	4,46677E-002	0,00000E+000	2,60000E-001	5,71157E-006	13	...........	64,76
	1531	153,2	2,61160E-001	4,51599E-002	0,00000E+000	2,62000E-001	-9,08843E-006	13	...........	64,77
	1532	153,3	2,63107E-001	4,54162E-002	0,00000E+000	2,64000E-001	7,51157E-006	13	...........	64,77
	1533	153,4	2,65078E-001	4,61585E-002	0,00000E+000	2,66000E-001	7,51157E-006	13	...........	64,77
	1534	153,5	2,67099E-001	4,68641E-002	0,00000E+000	2,68000E-001	1,51157E-006	13	...........	64,77
	1535	153,6	2,69252E-001	4,74410E-002	0,00000E+000	2,70000E-001	4,51157E-006	13	...........	64,76
	1536	153,7	2,71236E-001	4,77545E-002	0,00000E+000	2,72000E-001	6,91157E-006	13	...........	64,76
	1537	153,8	2,73180E-001	4,83192E-002	0,00000E+000	2,74000E-001	1,25116E-005	13	...........	64,77
	1538	153,9	2,75468E-001	4,89043E-002	0,00000E+000	2,76000E-001	1,39116E-005	13	...........	64,77
	1539	154	2,77225E-001	4,89635E-002	0,00000E+000	2,78000E-001	7,91157E-006	13	...........	64,76
	1540	154,1	2,79115E-001	4,93556E-002	0,00000E+000	2,80000E-001	6,91157E-006	13	...........	64,77
	1541	154,2	2,81061E-001	4,97110E-002	0,00000E+000	2,82000E-001	1,53116E-005	13	...........	64,76
	1542	154,3	2,83199E-001	5,00224E-002	0,00000E+000	2,84000E-001	6,71157E-006	13	...........	64,76
	1543	154,4	2,85134E-001	5,06045E-002	0,00000E+000	2,86000E-001	-1,08843E-006	13	...........	64,76
	1544	154,5	2,87017E-001	5,10936E-002	0,00000E+000	2,88000E-001	9,71157E-006	13	...........	64,77
	1545	154,6	2,88980E-001	5,13836E-002	0,00000E+000	2,90000E-001	3,51157E-006	13	...........	64,76
	1546	154,7	2,91026E-001	5,19462E-002	0,00000E+000	2,92000E-001	1,79116E-005	13	...........	64,77
	1547	154,8	2,93075E-001	5,23506E-002	0,00000E+000	2,94000E-001	9,11572E-007	13	...........	64,77
	1548	154,9	2,95124E-001	5,30470E-002	0,00000E+000	2,96000E-001	-1,88843E-006	13	...........	64,75
	1549	155	2,97132E-001	5,35678E-002	0,00000E+000	2,98000E-001	1,35116E-005	13	...........	64,77
	1550	155,1	2,99418E-001	5,41008E-002	0,00000E+000	3,00000E-001	3,11157E-006	13	...........	64,76
	1551	155,2	3,01186E-001	5,44429E-002	0,00000E+000	3,02000E-001	3,91157E-006	13	...........	64,76
	1552	155,3	3,03092E-001	5,50014E-002	0,00000E+000	3,04000E-001	4,51157E-006	13	...........	64,76
	1553	155,4	3,05027E-001	5,53211E-002	0,00000E+000	3,06000E-001	6,91157E-006	13	...........	64,77
	1554	155,5	3,07145E-001	5,58878E-002	0,00000E+000	3,08000E-001	1,81116E-005	13	...........	64,76
	1555	155,6	3,09135E-001	5,62360E-002	0,00000E+000	3,10000E-001	2,51157E-006	13	...........	64,75
	1556	155,7	3,11014E-001	5,65352E-002	0,00000E+000	3,12000E-001	1,81116E-005	13	...........	64,76
	1557	155,8	3,13041E-001	5,69028E-002	0,00000E+000	3,14000E-001	9,91157E-006	13	...........	64,76
	1558	155,9	3,15031E-001	5,73306E-002	0,00000E+000	3,16000E-001	9,11157E-006	13	...........	64,77
	1559	156	3,17096E-001	5,76451E-002	0,00000E+000	3,18000E-001	4,51157E-006	13	...........	64,76
	1560	156,1	3,18973E-001	5,80178E-002	0,00000E+000	3,20000E-001	9,71157E-006	13	...........	64,76
	1561	156,2	3,21119E-001	5,82211E-002	0,00000E+000	3,22000E-001	1,43116E-005	13	...........	64,77
	1562	156,3	3,23354E-001	5,86366E-002	0,00000E+000	3,24000E-001	1,87116E-005	13	...........	64,76
	1563	156,4	3,25158E-001	5,91574E-002	0,00000E+000	3,26000E-001	1,11116E-005	13	...........	64,76
	1564	156,5	3,27055E-001	5,92994E-002	0,00000E+000	3,28000E-001	1,09116E-005	13	...........	64,77
	1565	156,6	3,29043E-001	5,98926E-002	0,00000E+000	3,30000E-001	9,11157E-006	13	...........	64,76
	1566	156,7	3,31160E-001	6,04175E-002	0,00000E+000	3,32000E-001	1,65116E-005	13	...........	64,77
	1567	156,8	3,33133E-001	6,08892E-002	0,00000E+000	3,34000E-001	8,51157E-006	13	...........	64,76
	1568	156,9	3,35004E-001	6,12956E-002	0,00000E+000	3,36000E-001	5,11565E-007	13	...........	64,76
	1569	157	3,36979E-001	6,15765E-002	0,00000E+000	3,38000E-001	1,07116E-005	13	...........	64,77
	1570	157,1	3,39022E-001	6,20605E-002	0,00000E+000	3,40000E-001	1,41116E-005	13	...........	64,76
	1571	157,2	3,41046E-001	6,24179E-002	0,00000E+000	3,42000E-001	7,31157E-006	13	...........	64,76
	1572	157,3	3,42950E-001	6,29866E-002	0,00000E+000	3,44000E-001	-1,88843E-006	13	...........	64,77
	1573	157,4	3,44930E-001	6,34298E-002	0,00000E+000	3,46000E-001	1,65116E-005	13	...........	64,76
	1574	157,5	3,47205E-001	6,40078E-002	0,00000E+000	3,48000E-001	9,71157E-006	13	...........	64,77
	1575	157,6	3,49154E-001	6,42804E-002	0,00000E+000	3,50000E-001	1,23116E-005	13	...........	64,77
	1576	157,7	3,51015E-001	6,48481E-002	0,00000E+000	3,52000E-001	1,63116E-005	13	...........	64,77
	1577	157,8	3,52987E-001	6,49094E-002	0,00000E+000	3,54000E-001	1,49116E-005	13	...........	64,77
	1578	157,9	3,55132E-001	6,53710E-002	0,00000E+000	3,56000E-001	1,45116E-005	13	...........	64,77
	1579	158	3,57123E-001	6,55497E-002	0,00000E+000	3,58000E-001	8,71157E-006	13	...........	64,77
	1580	158,1	3,58974E-001	6,57488E-002	0,00000E+000	3,60000E-001	1,85116E-005	13	...........	64,77
	1581	158,2	3,60954E-001	6,60898E-002	0,00000E+000	3,62000E-001	5,31157E-006	13	...........	64,77
	1582	158,3	3,62979E-001	6,64891E-002	0,00000E+000	3,64000E-001	1,65116E-005	13	...........	64,76
	1583	158,4	3,65043E-001	6,66698E-002	0,00000E+000	3,66000E-001	7,71157E-006	13	...........	64,77
	1584	158,5	3,66907E-001	6,71600E-002	0,00000E+000	3,68000E-001	4,71157E-006	13	...........	64,77
	1585	158,6	3,68899E-001	6,72539E-002	0,00000E+000	3,70000E-001	8,91157E-006	13	...........	64,77
	1586	158,7	3,70898E-001	6,76491E-002	0,00000E+000	3,72000E-001	9,71157E-006	13	...........	64,76
	1587	158,8	3,73130E-001	6,80014E-002	0,00000E+000	3,74000E-001	8,51157E-006	13	...........	64,76
	1588	158,9	3,74977E-001	6,85140E-002	0,00000E+000	3,76000E-001	3,71157E-006	13	...........	64,76
	1589	159	3,76940E-001	6,88448E-002	0,00000E+000	3,78000E-001	7,31157E-006	13	...........	64,77
	1590	159,1	3,79073E-001	6,97404E-002	0,00000E+000	3,80000E-001	1,33116E-005	13	...........	64,76
	1591	159,2	3,81085E-001	7,00355E-002	0,00000E+000	3,82000E-001	5,11157E-006	13	...........	64,78
	1592	159,3	3,82911E-001	7,05327E-002	0,00000E+000	3,84000E-001	1,11116E-005	13	...........	64,77
	1593	159,4	3,84908E-001	7,07441E-002	0,00000E+000	3,86000E-001	1,71116E-005	13	...........	64,76
	1594	159,5	3,86921E-001	7,12894E-002	0,00000E+000	3,88000E-001	3,51157E-006	13	...........	64,76
	1595	159,6	3,89002E-001	7,12414E-002	0,00000E+000	3,90000E-001	3,91157E-006	13	...........	64,77
	1596	159,7	3,90848E-001	7,21625E-002	0,00000E+000	3,92000E-001	5,31157E-006	13	...........	64,77
	1597	159,8	3,92833E-001	7,22901E-002	0,00000E+000	3,94000E-001	3,51157E-006	13	...........	64,78
	1598	159,9	3,94856E-001	7,27455E-002	0,00000E+000	3,96000E-001	7,71157E-006	13	...........	64,77
	1599	160	3,96896E-001	7,29896E-002	0,00000E+000	3,98000E-001	-3,08843E-006	13	...........	64,78
	1600	160,1	3,98925E-001	7,33592E-002	0,00000E+000	4,00000E-001	3,91157E-006	13	...........	64,76
	1601	160,2	4,00936E-001	7,33766E-002	0,00000E+000	4,02000E-001	7,31157E-006	13	...........	64,76
	1602	160,3	4,03277E-001	7,39382E-002	0,00000E+000	4,04000E-001	1,59116E-005	13	...........	64,77
	1603	160,4	4,05124E-001	7,41424E-002	0,00000E+000	4,06000E-001	1,65116E-005	13	...........	64,77
	1604	160,5	4,06900E-001	7,43426E-002	0,00000E+000	4,08000E-001	1,17116E-005	13	...........	64,77
	1605	160,6	4,08898E-001	7,45866E-002	0,00000E+000	4,10000E-001	5,71157E-006	13	...........	64,76
	1606	160,7	4,11048E-001	7,47418E-002	0,00000E+000	4,12000E-001	1,31116E-005	13	...........	64,77
	1607	160,8	4,13081E-001	7,52585E-002	0,00000E+000	4,14000E-001	-8,84284E-008	13	...........	64,77
	1608	160,9	4,14905E-001	7,53872E-002	0,00000E+000	4,16000E-001	1,07116E-005	13	...........	64,77
	1609	161	4,16906E-001	7,58783E-002	0,00000E+000	4,18000E-001	1,03116E-005	13	...........	64,77
	1610	161,1	4,18891E-001	7,62592E-002	0,00000E+000	4,20000E-001	1,17116E-005	13	...........	64,77
	1611	161,2	4,20946E-001	7,62061E-002	0,00000E+000	4,22000E-001	5,31157E-006	13	...........	64,77
	1612	161,3	4,23010E-001	7,68555E-002	0,00000E+000	4,24000E-001	4,11157E-006	13	...........	64,76
	1613	161,4	4,25008E-001	7,72895E-002	0,00000E+000	4,26000E-001	4,11157E-006	13	...........	64,76
	1614	161,5	4,27113E-001	7,77827E-002	0,00000E+000	4,28000E-001	1,13116E-005	13	...........	64,77
	1615	161,6	4,29118E-001	7,81411E-002	0,00000E+000	4,30000E-001	1,45116E-005	13	...........	64,76
	1616	161,7	4,30926E-001	7,87834E-002	0,00000E+000	4,32000E-001	-2,08843E-006	13	...........	64,75
	1617	161,8	4,32890E-001	7,87027E-002	0,00000E+000	4,34000E-001	5,71157E-006	13	...........	64,76
	1618	161,9	4,34964E-001	7,92582E-002	0,00000E+000	4,36000E-001	9,91157E-006	13	...........	64,77
	1619	162	4,36942E-001	7,95411E-002	0,00000E+000	4,38000E-001	-2,08843E-006	13	...........	64,76
	1620	162,1	4,38837E-001	8,01272E-002	0,00000E+000	4,40000E-001	-1,02884E-005	13	...........	64,75
	1621	162,2	4,40836E-001	8,00047E-002	0,00000E+000	4,42000E-001	7,11157E-006	13	...........	64,76
	1622	162,3	4,42857E-001	8,07133E-002	0,00000E+000	4,44000E-001	1,17116E-005	13	...........	64,77
	1623	162,4	4,44830E-001	8,07440E-002	0,00000E+000	4,46000E-001	5,51157E-006	13	...........	64,76
	1624	162,5	4,46807E-001	8,12178E-002	0,00000E+000	4,48000E-001	-4,88431E-007	13	...........	64,77
	1625	162,6	4,48865E-001	8,13179E-002	0,00000E+000	4,50000E-001	3,11157E-006	13	...........	64,76
	1626	162,7	4,51097E-001	8,15415E-002	0,00000E+000	4,52000E-001	5,31157E-006	13	...........	64,76
	1627	162,8	4,53113E-001	8,17957E-002	0,00000E+000	4,54000E-001	4,51157E-006	13	...........	64,76
	1628	162,9	4,54921E-001	8,22471E-002	0,00000E+000	4,56000E-001	1,01116E-005	13	...........	64,77
	1629	163	4,56902E-001	8,21572E-002	0,00000E+000	4,58000E-001	1,13116E-005	13	...........	64,76
	1630	163,1	4,58826E-001	8,25361E-002	0,00000E+000	4,60000E-001	7,11157E-006	13	...........	64,76
	1631	163,2	4,61056E-001	8,27474E-002	0,00000E+000	4,62000E-001	7,91157E-006	13	...........	64,76
	1632	163,3	4,62841E-001	8,30027E-002	0,00000E+000	4,64000E-001	-6,88433E-007	13	...........	64,76
	1633	163,4	4,64818E-001	8,32978E-002	0,00000E+000	4,66000E-001	5,71157E-006	13	...........	64,77
	1634	163,5	4,66805E-001	8,36103E-002	0,00000E+000	4,68000E-001	1,31116E-005	13	...........	64,77
	1635	163,6	4,68845E-001	8,38216E-002	0,00000E+000	4,70000E-001	-3,48843E-006	13	...........	64,76
	1636	163,7	4,70780E-001	8,41157E-002	0,00000E+000	4,72000E-001	1,11157E-006	13	...........	64,76
	1637	163,8	4,72757E-001	8,43302E-002	0,00000E+000	4,74000E-001	1,35116E-005	13	...........	64,76
	1638	163,9	4,74893E-001	8,47376E-002	0,00000E+000	4,76000E-001	1,51157E-006	13	...........	64,77
	1639	164	4,77104E-001	8,51134E-002	0,00000E+000	4,78000E-001	5,91157E-006	13	...........	64,77
	1640	164,1	4,78847E-001	8,55698E-002	0,00000E+000	4,80000E-001	7,11567E-007	13	...........	64,77
	1641	164,2	4,80843E-001	8,57934E-002	0,00000E+000	4,82000E-001	1,95116E-005	13	...........	64,76
	1642	164,3	4,82848E-001	8,63755E-002	0,00000E+000	4,84000E-001	1,41116E-005	13	...........	64,77
	1643	164,4	4,85006E-001	8,64092E-002	0,00000E+000	4,86000E-001	6,71157E-006	13	...........	64,77
	1644	164,5	4,86786E-001	8,68084E-002	0,00000E+000	4,88000E-001	9,31157E-006	13	...........	64,76
	1645	164,6	4,88744E-001	8,71709E-002	0,00000E+000	4,90000E-001	1,05116E-005	13	...........	64,76
	1646	164,7	4,90741E-001	8,76110E-002	0,00000E+000	4,92000E-001	6,51157E-006	13	...........	64,77
	1647	164,8	4,92723E-001	8,79184E-002	0,00000E+000	4,94000E-001	1,53116E-005	13	...........	64,76
	1648	164,9	4,94740E-001	8,83074E-002	0,00000E+000	4,96000E-001	7,51157E-006	13	...........	64,76
	1649	165	4,96653E-001	8,83861E-002	0,00000E+000	4,98000E-001	5,31157E-006	13	...........	64,77
	1650	165,1	4,98694E-001	8,89140E-002	0,00000E+000	5,00000E-001	3,71157E-006	13	...........	64,76
	1651	165,2	5,00961E-001	8,89987E-002	0,00000E+000	5,02000E-001	1,57116E-005	13	...........	64,76
	1652	165,3	5,02781E-001	8,93878E-002	0,00000E+000	5,04000E-001	1,63116E-005	13	...........	64,76
	1653	165,4	5,04761E-001	8,91152E-002	0,00000E+000	5,06000E-001	8,91157E-006	13	...........	64,76
	1654	165,5	5,06824E-001	8,97962E-002	0,00000E+000	5,08000E-001	1,17116E-005	13	...........	64,77
	1655	165,6	5,08931E-001	8,97462E-002	0,00000E+000	5,10000E-001	6,91157E-006	13	...........	64,76
	1656	165,7	5,10748E-001	9,01506E-002	0,00000E+000	5,12000E-001	-2,08843E-006	13	...........	64,76
	1657	165,8	5,12727E-001	9,00025E-002	0,00000E+000	5,14000E-001	1,71116E-005	13	...........	64,76
	1658	165,9	5,14774E-001	9,06387E-002	0,00000E+000	5,16000E-001	1,37116E-005	13	...........	64,76
	1659	166	5,16728E-001	9,05386E-002	0,00000E+000	5,18000E-001	1,07116E-005	13	...........	64,77
	1660	166,1	5,18738E-001	9,09225E-002	0,00000E+000	5,20000E-001	5,91157E-006	13	...........	64,77
	1661	166,2	5,20661E-001	9,10349E-002	0,00000E+000	5,22000E-001	-6,88433E-007	13	...........	64,76
	1662	166,3	5,22664E-001	9,13964E-002	0,00000E+000	5,24000E-001	1,21116E-005	13	...........	64,76
	1663	166,4	5,24657E-001	9,13412E-002	0,00000E+000	5,26000E-001	2,21116E-005	13	...........	64,77
	1664	166,5	5,26810E-001	9,17333E-002	0,00000E+000	5,28000E-001	8,51157E-006	13	...........	64,77
	1665	166,6	5,28763E-001	9,16853E-002	0,00000E+000	5,30000E-001	1,79116E-005	13	...........	64,76
	1666	166,7	5,30798E-001	9,24573E-002	0,00000E+000	5,32000E-001	1,41116E-005	13	...........	64,77
	1667	166,8	5,32992E-001	9,25921E-002	0,00000E+000	5,34000E-001	1,27116E-005	13	...........	64,76
	1668	166,9	5,34760E-001	9,29495E-002	0,00000E+000	5,36000E-001	2,91157E-006	13	...........	64,76
	1669	167	5,36675E-001	9,28351E-002	0,00000E+000	5,38000E-001	1,03116E-005	13	...........	64,77
	1670	167,1	5,38721E-001	9,33447E-002	0,00000E+000	5,40000E-001	2,21116E-005	13	...........	64,77
	1671	167,2	5,40741E-001	9,34723E-002	0,00000E+000	5,42000E-001	1,35116E-005	13	...........	64,78
	1672	167,3	5,42711E-001	9,38460E-002	0,00000E+000	5,44000E-001	-1,08843E-006	13	...........	64,76
	1673	167,4	5,44634E-001	9,39818E-002	0,00000E+000	5,46000E-001	1,09116E-005	13	...........	64,76
	1674	167,5	5,46621E-001	9,45486E-002	0,00000E+000	5,48000E-001	9,91157E-006	13	...........	64,77
	1675	167,6	5,48631E-001	9,46782E-002	0,00000E+000	5,50000E-001	1,93116E-005	13	...........	64,77
	1676	167,7	5,50741E-001	9,50693E-002	0,00000E+000	5,52000E-001	6,11157E-006	13	...........	64,77
	1677	167,8	5,52718E-001	9,49621E-002	0,00000E+000	5,54000E-001	5,31157E-006	13	...........	64,77
	1678	167,9	5,54718E-001	9,55319E-002	0,00000E+000	5,56000E-001	2,17116E-005	13	...........	64,77
	1679	168	5,56979E-001	9,59965E-002	0,00000E+000	5,58000E-001	3,05116E-005	13	...........	64,77
	1680	168,1	5,58785E-001	9,62222E-002	0,00000E+000	5,60000E-001	1,37116E-005	13	...........	64,77
	1681	168,2	5,60665E-001	9,60343E-002	0,00000E+000	5,62000E-001	1,23116E-005	13	...........	64,77
	1682	168,3	5,62631E-001	9,65786E-002	0,00000E+000	5,64000E-001	2,03116E-005	13	...........	64,78
	1683	168,4	5,64710E-001	9,67766E-002	0,00000E+000	5,66000E-001	7,11157E-006	13	...........	64,77
	1684	168,5	5,66736E-001	9,67971E-002	0,00000E+000	5,68000E-001	7,11157E-006	13	...........	64,77
	1685	168,6	5,68611E-001	9,71800E-002	0,00000E+000	5,70000E-001	5,71157E-006	13	...........	64,77
	1686	168,7	5,70598E-001	9,71310E-002	0,00000E+000	5,72000E-001	1,11116E-005	13	...........	64,78
	1687	168,8	5,72609E-001	9,73791E-002	0,00000E+000	5,74000E-001	2,25116E-005	13	...........	64,76
	1688	168,9	5,74644E-001	9,74986E-002	0,00000E+000	5,76000E-001	1,17116E-005	13	...........	64,77
	1689	169	5,76629E-001	9,77120E-002	0,00000E+000	5,78000E-001	1,33116E-005	13	...........	64,78
	1690	169,1	5,78628E-001	9,78213E-002	0,00000E+000	5,80000E-001	1,39116E-005	13	...........	64,77
	1691	169,2	5,80904E-001	9,79213E-002	0,00000E+000	5,82000E-001	5,51157E-006	13	...........	64,77
	1692	169,3	5,82749E-001	9,81572E-002	0,00000E+000	5,84000E-001	1,69116E-005	13	...........	64,77
	1693	169,4	5,84581E-001	9,82655E-002	0,00000E+000	5,86000E-001	1,05116E-005	13	...........	64,77
	1694	169,5	5,86589E-001	9,82083E-002	0,00000E+000	5,88000E-001	9,71157E-006	13	...........	64,78
	1695	169,6	5,88678E-001	9,82675E-002	0,00000E+000	5,90000E-001	2,41116E-005	13	...........	64,77
	1696	169,7	5,90689E-001	9,84360E-002	0,00000E+000	5,92000E-001	4,51157E-006	13	...........	64,77
	1697	169,8	5,92539E-001	9,85769E-002	0,00000E+000	5,94000E-001	-1,68843E-006	13	...........	64,77
	1698	169,9	5,94522E-001	9,86106E-002	0,00000E+000	5,96000E-001	1,53116E-005	13	...........	64,77
	1699	170	5,96558E-001	9,89210E-002	0,00000E+000	5,98000E-001	1,13116E-005	13	...........	64,77
	1700	170,1	5,98618E-001	9,88587E-002	0,00000E+000	6,00000E-001	8,51157E-006	13	...........	64,78
	1701	170,2	6,00510E-001	9,89271E-002	0,00000E+000	6,02000E-001	1,91116E-005	13	...........	64,77
	1702	170,3	6,02560E-001	9,92794E-002	0,00000E+000	6,04000E-001	1,21116E-005	13	...........	64,76
	1703	170,4	6,04812E-001	9,93448E-002	0,00000E+000	6,06000E-001	8,31157E-006	13	...........	64,77
	1704	170,5	6,06723E-001	9,95276E-002	0,00000E+000	6,08000E-001	8,91157E-006	13	...........	64,77
	1705	170,6	6,08600E-001	9,96950E-002	0,00000E+000	6,10000E-001	1,77116E-005	13	...........	64,77
	1706	170,7	6,10544E-001	9,97144E-002	0,00000E+000	6,12000E-001	2,43116E-005	13	...........	64,77
	1707	170,8	6,12620E-001	9,98390E-002	0,00000E+000	6,14000E-001	1,75116E-005	13	...........	64,77
	1708	170,9	6,14692E-001	9,98931E-002	0,00000E+000	6,16000E-001	1,93116E-005	13	...........	64,78
	1709	171	6,16511E-001	1,00196E-001	0,00000E+000	6,18000E-001	1,51116E-005	13	...........	64,75
	1710	171,1	6,18491E-001	1,00412E-001	0,00000E+000	6,20000E-001	8,11157E-006	13	...........	64,76
	1711	171,2	6,20512E-001	1,00449E-001	0,00000E+000	6,22000E-001	3,01116E-005	13	...........	64,77
	1712	171,3	6,22553E-001	1,00684E-001	0,00000E+000	6,24000E-001	-6,88433E-007	13	...........	64,76
	1713	171,4	6,24457E-001	1,00671E-001	0,00000E+000	6,26000E-001	8,71157E-006	13	...........	64,76
	1714	171,5	6,26439E-001	1,01070E-001	0,00000E+000	6,28000E-001	1,51116E-005	13	...........	64,77
	1715	171,6	6,28643E-001	1,01050E-001	0,00000E+000	6,30000E-001	1,91116E-005	13	...........	64,77
	1716	171,7	6,30666E-001	1,00973E-001	0,00000E+000	6,32000E-001	1,13116E-005	13	...........	64,75
	1717	171,8	6,32495E-001	1,01261E-001	0,00000E+000	6,34000E-001	1,41116E-005	13	...........	64,77
	1718	171,9	6,34496E-001	1,01346E-001	0,00000E+000	6,36000E-001	2,09116E-005	13	...........	64,77
	1719	172	6,36526E-001	1,01424E-001	0,00000E+000	6,38000E-001	5,51157E-006	13	...........	64,76
	1720	172,1	6,38572E-001	1,01630E-001	0,00000E+000	6,40000E-001	1,09116E-005	13	...........	64,77
	1721	172,2	6,40451E-001	1,01769E-001	0,00000E+000	6,42000E-001	7,91157E-006	13	...........	64,76
	1722	172,3	6,42445E-001	1,01922E-001	0,00000E+000	6,44000E-001	2,17116E-005	13	...........	64,76
	1723	172,4	6,44451E-001	1,02032E-001	0,00000E+000	6,46000E-001	1,53116E-005	13	...........	64,78
	1724	172,5	6,46449E-001	1,02335E-001	0,00000E+000	6,48000E-001	1,13116E-005	13	...........	64,76
	1725	172,6	6,48398E-001	1,02376E-001	0,00000E+000	6,50000E-001	7,11157E-006	13	...........	64,76
	1726	172,7	6,50389E-001	1,02394E-001	0,00000E+000	6,52000E-001	9,91157E-006	13	...........	64,75
	1727	172,8	6,52392E-001	1,03023E-001	0,00000E+000	6,54000E-001	1,47116E-005	13	...........	64,76
	1728	172,9	6,54623E-001	1,02930E-001	0,00000E+000	6,56000E-001	6,51157E-006	13	...........	64,76
	1729	173	6,56454E-001	1,03133E-001	0,00000E+000	6,58000E-001	-4,88431E-007	13	...........	64,76
	1730	173,1	6,58449E-001	1,03130E-001	0,00000E+000	6,60000E-001	9,31157E-006	13	...........	64,76
	1731	173,2	6,60525E-001	1,03606E-001	0,00000E+000	6,62000E-001	1,39116E-005	13	...........	64,75
	1732	173,3	6,62562E-001	1,03541E-001	0,00000E+000	6,64000E-001	9,11572E-007	13	...........	64,74
	1733	173,4	6,64405E-001	1,03970E-001	0,00000E+000	6,66000E-001	3,31157E-006	13	...........	64,76
	1734	173,5	6,66434E-001	1,03855E-001	0,00000E+000	6,68000E-001	1,49116E-005	13	...........	64,75
	1735	173,6	6,68444E-001	1,03990E-001	0,00000E+000	6,70000E-001	1,43116E-005	13	...........	64,76
	1736	173,7	6,70413E-001	1,03852E-001	0,00000E+000	6,72000E-001	8,51157E-006	13	...........	64,76
	1737	173,8	6,72367E-001	1,04317E-001	0,00000E+000	6,74000E-001	1,31116E-005	13	...........	64,75
	1738	173,9	6,74353E-001	1,04536E-001	0,00000E+000	6,76000E-001	9,11572E-007	13	...........	64,74
	1739	174	6,76368E-001	1,04666E-001	0,00000E+000	6,78000E-001	3,51157E-006	13	...........	64,76
	1740	174,1	6,78334E-001	1,04375E-001	0,00000E+000	6,80000E-001	7,31157E-006	13	...........	64,76
	1741	174,2	6,80419E-001	1,04701E-001	0,00000E+000	6,82000E-001	-1,68843E-006	13	...........	64,76
	1742	174,3	6,82409E-001	1,04778E-001	0,00000E+000	6,84000E-001	2,31157E-006	13	...........	64,74
	1743	174,4	6,84516E-001	1,05081E-001	0,00000E+000	6,86000E-001	1,57116E-005	13	...........	64,74
	1744	174,5	6,86676E-001	1,05171E-001	0,00000E+000	6,88000E-001	8,91157E-006	13	...........	64,75
	1745	174,6	6,88379E-001	1,05357E-001	0,00000E+000	6,90000E-001	4,71157E-006	13	...........	64,74
	1746	174,7	6,90359E-001	1,05322E-001	0,00000E+000	6,92000E-001	7,51157E-006	13	...........	64,75
	1747	174,8	6,92377E-001	1,05647E-001	0,00000E+000	6,94000E-001	-1,28843E-006	13	...........	64,75
	1748	174,9	6,94336E-001	1,05558E-001	0,00000E+000	6,96000E-001	1,31116E-005	13	...........	64,76
	1749	175	6,96330E-001	1,05612E-001	0,00000E+000	6,98000E-001	7,51157E-006	13	...........	64,73
	1750	175,1	6,98289E-001	1,05521E-001	0,00000E+000	7,00000E-001	3,71157E-006	13	...........	64,74
	1751	175,2	7,00322E-001	1,05735E-001	0,00000E+000	7,02000E-001	8,91157E-006	13	...........	64,74
	1752	175,3	7,02275E-001	1,05892E-001	0,00000E+000	7,04000E-001	1,85116E-005	13	...........	64,75
	1753	175,4	7,04369E-001	1,06056E-001	0,00000E+000	7,06000E-001	4,91157E-006	13	...........	64,75
	1754	175,5	7,06365E-001	1,05784E-001	0,00000E+000	7,08000E-001	9,91157E-006	13	...........	64,75
	1755	175,6	7,08464E-001	1,06196E-001	0,00000E+000	7,10000E-001	1,31116E-005	13	...........	64,75
	1756	175,7	7,10592E-001	1,06056E-001	0,00000E+000	7,12000E-001	1,37116E-005	13	...........	64,75
	1757	175,8	7,12377E-001	1,06529E-001	0,00000E+000	7,14000E-001	6,11157E-006	13	...........	64,76
	1758	175,9	7,14309E-001	1,06234E-001	0,00000E+000	7,16000E-001	1,11573E-007	13	...........	64,74
	1759	176	7,16362E-001	1,06563E-001	0,00000E+000	7,18000E-001	1,55116E-005	13	...........	64,75
	1760	176,1	7,18348E-001	1,06550E-001	0,00000E+000	7,20000E-001	9,11572E-007	13	...........	64,75
	1761	176,2	7,20336E-001	1,06771E-001	0,00000E+000	7,22000E-001	-2,88426E-007	13	...........	64,75
	1762	176,3	7,22301E-001	1,06876E-001	0,00000E+000	7,24000E-001	5,71157E-006	13	...........	64,75
	1763	176,4	7,24328E-001	1,07126E-001	0,00000E+000	7,26000E-001	5,11157E-006	13	...........	64,75
	1764	176,5	7,26261E-001	1,06936E-001	0,00000E+000	7,28000E-001	1,03116E-005	13	...........	64,75
	1765	176,6	7,28308E-001	1,07450E-001	0,00000E+000	7,30000E-001	3,71157E-006	13	...........	64,74
	1766	176,7	7,30355E-001	1,07031E-001	0,00000E+000	7,32000E-001	1,01116E-005	13	...........	64,73
	1767	176,8	7,32478E-001	1,07458E-001	0,00000E+000	7,34000E-001	1,67116E-005	13	...........	64,75
	1768	176,9	7,34659E-001	1,07534E-001	0,00000E+000	7,36000E-001	1,89116E-005	13	...........	64,74
	1769	177	7,36432E-001	1,07874E-001	0,00000E+000	7,38000E-001	8,91157E-006	13	...........	64,75
	1770	177,1	7,38327E-001	1,07703E-001	0,00000E+000	7,40000E-001	8,51157E-006	13	...........	64,75
	1771	177,2	7,40332E-001	1,07815E-001	0,00000E+000	7,42000E-001	1,33116E-005	13	...........	64,74
	1772	177,3	7,42321E-001	1,08169E-001	0,00000E+000	7,44000E-001	8,91157E-006	13	...........	64,74
	1773	177,4	7,44290E-001	1,08134E-001	0,00000E+000	7,46000E-001	3,31157E-006	13	...........	64,74
	1774	177,5	7,46247E-001	1,08074E-001	0,00000E+000	7,48000E-001	-3,68843E-006	13	...........	64,74
	1775	177,6	7,48255E-001	1,08607E-001	0,00000E+000	7,50000E-001	1,51116E-005	13	...........	64,74
	1776	177,7	7,50233E-001	1,08472E-001	0,00000E+000	7,52000E-001	1,17116E-005	13	...........	64,74
	1777	177,8	7,52263E-001	1,09012E-001	0,00000E+000	7,54000E-001	1,71157E-006	13	...........	64,75
	1778	177,9	7,54194E-001	1,08805E-001	0,00000E+000	7,56000E-001	1,07116E-005	13	...........	64,74
	1779	178	7,56326E-001	1,09252E-001	0,00000E+000	7,58000E-001	6,91157E-006	13	...........	64,75
	1780	178,1	7,58413E-001	1,08898E-001	0,00000E+000	7,60000E-001	1,97116E-005	13	...........	64,74
	1781	178,2	7,60353E-001	1,09406E-001	0,00000E+000	7,62000E-001	7,31157E-006	13	...........	64,75
	1782	178,3	7,62331E-001	1,09079E-001	0,00000E+000	7,64000E-001	2,11116E-005	13	...........	64,74
	1783	178,4	7,64322E-001	1,09539E-001	0,00000E+000	7,66000E-001	6,71157E-006	13	...........	64,74
	1784	178,5	7,66361E-001	1,09487E-001	0,00000E+000	7,68000E-001	5,71157E-006	13	...........	64,73
	1785	178,6	7,68326E-001	1,10045E-001	0,00000E+000	7,70000E-001	7,71157E-006	13	...........	64,73
	1786	178,7	7,70256E-001	1,09905E-001	0,00000E+000	7,72000E-001	1,11157E-006	13	...........	64,73
	1787	178,8	7,72249E-001	1,10471E-001	0,00000E+000	7,74000E-001	8,71157E-006	13	...........	64,73
	1788	178,9	7,74218E-001	1,10293E-001	0,00000E+000	7,76000E-001	1,35116E-005	13	...........	64,73
	1789	179	7,76272E-001	1,11086E-001	0,00000E+000	7,78000E-001	7,91157E-006	13	...........	64,75
	1790	179,1	7,78184E-001	1,10473E-001	0,00000E+000	7,80000E-001	4,91157E-006	13	...........	64,74
	1791	179,2	7,80201E-001	1,11457E-001	0,00000E+000	7,82000E-001	1,87116E-005	13	...........	64,73
	1792	179,3	7,82498E-001	1,10988E-001	0,00000E+000	7,84000E-001	6,91157E-006	13	...........	64,72
	1793	179,4	7,84358E-001	1,11659E-001	0,00000E+000	7,86000E-001	4,51157E-006	13	...........	64,73
	1794	179,5	7,86309E-001	1,11385E-001	0,00000E+000	7,88000E-001	-1,88843E-006	13	...........	64,73
	1795	179,6	7,88324E-001	1,11673E-001	0,00000E+000	7,90000E-001	1,63116E-005	13	...........	64,73
	1796	179,7	7,90436E-001	1,11746E-001	0,00000E+000	7,92000E-001	7,51157E-006	13	...........	64,73
	1797	179,8	7,92344E-001	1,12416E-001	0,00000E+000	7,94000E-001	3,31157E-006	13	...........	64,72
	1798	179,9	7,94231E-001	1,12246E-001	0,00000E+000	7,96000E-001	1,31157E-006	13	...........	64,73
	1799	180	7,96197E-001	1,12778E-001	0,00000E+000	7,98000E-001	1,39116E-005	13	...........	64,74
	1800	180,1	7,98210E-001	1,12586E-001	0,00000E+000	8,00000E-001	6,11157E-006	13	...........	64,74
	1801	180,2	8,00254E-001	1,13141E-001	0,00000E+000	8,02000E-001	7,11567E-007	13	...........	64,73
	1802	180,3	8,02140E-001	1,13168E-001	0,00000E+000	8,04000E-001	-8,88431E-007	13	...........	64,73
	1803	180,4	8,04135E-001	1,13438E-001	0,00000E+000	8,06000E-001	2,31157E-006	13	...........	64,72
	1804	180,5	8,06145E-001	1,13155E-001	0,00000E+000	8,08000E-001	9,11157E-006	13	...........	64,73
	1805	180,6	8,08350E-001	1,13794E-001	0,00000E+000	8,10000E-001	-1,28843E-006	13	...........	64,73
	1806	180,7	8,10201E-001	1,13673E-001	0,00000E+000	8,12000E-001	1,29116E-005	13	...........	64,72
	1807	180,8	8,12207E-001	1,14153E-001	0,00000E+000	8,14000E-001	3,33116E-005	13	...........	64,72
	1808	180,9	8,14334E-001	1,14045E-001	0,00000E+000	8,16000E-001	1,83116E-005	13	...........	64,72
	1809	181	8,16329E-001	1,14379E-001	0,00000E+000	8,18000E-001	-2,48843E-006	13	...........	64,71
	1810	181,1	8,18163E-001	1,14239E-001	0,00000E+000	8,20000E-001	1,23116E-005	13	...........	64,72
	1811	181,2	8,20147E-001	1,14527E-001	0,00000E+000	8,22000E-001	1,89116E-005	13	...........	64,72
	1812	181,3	8,22151E-001	1,14389E-001	0,00000E+000	8,24000E-001	1,61116E-005	13	...........	64,72
	1813	181,4	8,24243E-001	1,14802E-001	0,00000E+000	8,26000E-001	6,11157E-006	13	...........	64,72
	1814	181,5	8,26075E-001	1,14719E-001	0,00000E+000	8,28000E-001	1,11116E-005	13	...........	64,72
	1815	181,6	8,28067E-001	1,14865E-001	0,00000E+000	8,30000E-001	3,51157E-006	13	...........	64,72
	1816	181,7	8,30064E-001	1,15082E-001	0,00000E+000	8,32000E-001	2,09116E-005	13	...........	64,71
	1817	181,8	8,32083E-001	1,15037E-001	0,00000E+000	8,34000E-001	9,11157E-006	13	...........	64,72
	1818	181,9	8,34136E-001	1,15245E-001	0,00000E+000	8,36000E-001	9,11157E-006	13	...........	64,71
	1819	182	8,36137E-001	1,15600E-001	0,00000E+000	8,38000E-001	3,91157E-006	13	...........	64,73
	1820	182,1	8,38315E-001	1,15702E-001	0,00000E+000	8,40000E-001	1,91116E-005	13	...........	64,72
	1821	182,2	8,40295E-001	1,15843E-001	0,00000E+000	8,42000E-001	-1,68843E-006	13	...........	64,71
	1822	182,3	8,42039E-001	1,15970E-001	0,00000E+000	8,44000E-001	-4,08843E-006	13	...........	64,72
	1823	182,4	8,44038E-001	1,16119E-001	0,00000E+000	8,46000E-001	1,35116E-005	13	...........	64,71
	1824	182,5	8,46017E-001	1,16336E-001	0,00000E+000	8,48000E-001	5,31157E-006	13	...........	64,71
	1825	182,6	8,48062E-001	1,16816E-001	0,00000E+000	8,50000E-001	1,31157E-006	13	...........	64,71
	1826	182,7	8,49999E-001	1,16853E-001	0,00000E+000	8,52000E-001	1,11157E-006	13	...........	64,71
	1827	182,8	8,51988E-001	1,17123E-001	0,00000E+000	8,54000E-001	9,91157E-006	13	...........	64,72
	1828	182,9	8,53987E-001	1,17248E-001	0,00000E+000	8,56000E-001	1,37116E-005	13	...........	64,71
	1829	183	8,55966E-001	1,17429E-001	0,00000E+000	8,58000E-001	6,71157E-006	13	...........	64,72
	1830	183,1	8,58061E-001	1,17827E-001	0,00000E+000	8,60000E-001	5,51157E-006	13	...........	64,72
	1831	183,2	8,60036E-001	1,18287E-001	0,00000E+000	8,62000E-001	1,91157E-006	13	...........	64,71
	1832	183,3	8,62098E-001	1,18514E-001	0,00000E+000	8,64000E-001	1,85116E-005	13	...........	64,72
	1833	183,4	8,64274E-001	1,18912E-001	0,00000E+000	8,66000E-001	8,51157E-006	13	...........	64,72
	1834	183,5	8,66030E-001	1,18726E-001	0,00000E+000	8,68000E-001	7,51157E-006	13	...........	64,71
	1835	183,6	8,67991E-001	1,19090E-001	0,00000E+000	8,70000E-001	9,11157E-006	13	...........	64,72
	1836	183,7	8,70008E-001	1,19357E-001	0,00000E+000	8,72000E-001	6,31157E-006	13	...........	64,71
	1837	183,8	8,72033E-001	1,19486E-001	0,00000E+000	8,74000E-001	-2,08843E-006	13	...........	64,71
	1838	183,9	8,73984E-001	1,19780E-001	0,00000E+000	8,76000E-001	5,11565E-007	13	...........	64,71
	1839	184	8,75959E-001	1,20212E-001	0,00000E+000	8,78000E-001	1,29116E-005	13	...........	64,71
	1840	184,1	8,77974E-001	1,20438E-001	0,00000E+000	8,80000E-001	7,71157E-006	13	...........	64,71
	1841	184,2	8,79942E-001	1,20668E-001	0,00000E+000	8,82000E-001	7,11157E-006	13	...........	64,71
	1842	184,3	8,81947E-001	1,21172E-001	0,00000E+000	8,84000E-001	-8,28843E-006	13	...........	64,70
	1843	184,4	8,83999E-001	1,21220E-001	0,00000E+000	8,86000E-001	5,91157E-006	13	...........	64,70
	1844	184,5	8,86067E-001	1,21296E-001	0,00000E+000	8,88000E-001	6,11157E-006	13	...........	64,70
	1845	184,6	8,88227E-001	1,21505E-001	0,00000E+000	8,90000E-001	1,27116E-005	13	...........	64,71
	1846	184,7	8,90071E-001	1,21772E-001	0,00000E+000	8,92000E-001	1,69116E-005	13	...........	64,71
	1847	184,8	8,91967E-001	1,22120E-001	0,00000E+000	8,94000E-001	7,71157E-006	13	...........	64,70
	1848	184,9	8,94012E-001	1,22507E-001	0,00000E+000	8,96000E-001	4,51157E-006	13	...........	64,68
	1849	185	8,96170E-001	1,22619E-001	0,00000E+000	8,98000E-001	1,09116E-005	13	...........	64,70
	1850	185,1	8,97968E-001	1,22714E-001	0,00000E+000	9,00000E-001	3,51157E-006	13	...........	64,70
	1851	185,2	8,99920E-001	1,22962E-001	0,00000E+000	9,02000E-001	1,59116E-005	13	...........	64,70
	1852	185,3	9,01948E-001	1,23115E-001	0,00000E+000	9,04000E-001	8,31157E-006	13	...........	64,70
	1853	185,4	9,03938E-001	1,23365E-001	0,00000E+000	9,06000E-001	9,71157E-006	13	...........	64,69
	1854	185,5	9,05942E-001	1,23714E-001	0,00000E+000	9,08000E-001	1,35116E-005	13	...........	64,70
	1855	185,6	9,07874E-001	1,23786E-001	0,00000E+000	9,10000E-001	8,51157E-006	13	...........	64,70
	1856	185,7	9,10045E-001	1,24038E-001	0,00000E+000	9,12000E-001	8,91157E-006	13	...........	64,69
	1857	185,8	9,12278E-001	1,24380E-001	0,00000E+000	9,14000E-001	8,51157E-006	13	...........	64,68
	1858	185,9	9,14030E-001	1,24795E-001	0,00000E+000	9,16000E-001	1,23116E-005	13	...........	64,69
	1859	186	9,16040E-001	1,24846E-001	0,00000E+000	9,18000E-001	1,39116E-005	13	...........	64,68
	1860	186,1	9,18010E-001	1,24920E-001	0,00000E+000	9,20000E-001	1,77116E-005	13	...........	64,69
	1861	186,2	9,20139E-001	1,25292E-001	0,00000E+000	9,22000E-001	1,13116E-005	13	...........	64,69
	1862	186,3	9,22016E-001	1,25601E-001	0,00000E+000	9,24000E-001	2,23116E-005	13	...........	64,69
	1863	186,4	9,23956E-001	1,25750E-001	0,00000E+000	9,26000E-001	1,31157E-006	13	...........	64,69
	1864	186,5	9,25947E-001	1,25931E-001	0,00000E+000	9,28000E-001	6,31157E-006	13	...........	64,69
	1865	186,6	9,27945E-001	1,26264E-001	0,00000E+000	9,30000E-001	2,09116E-005	13	...........	64,68
	1866	186,7	9,29945E-001	1,26751E-001	0,00000E+000	9,32000E-001	1,17116E-005	13	...........	64,68
	1867	186,8	9,31872E-001	1,26719E-001	0,00000E+000	9,34000E-001	7,51157E-006	13	...........	64,70
	1868	186,9	9,33850E-001	1,27208E-001	0,00000E+000	9,36000E-001	1,33116E-005	13	...........	64,69
	1869	187	9,36166E-001	1,27544E-001	0,00000E+000	9,38000E-001	1,71116E-005	13	...........	64,68
	1870	187,1	9,38013E-001	1,27734E-001	0,00000E+000	9,40000E-001	5,71157E-006	13	...........	64,69
	1871	187,2	9,39985E-001	1,28027E-001	0,00000E+000	9,42000E-001	1,31116E-005	13	...........	64,68
	1872	187,3	9,41932E-001	1,28622E-001	0,00000E+000	9,44000E-001	1,15116E-005	13	...........	64,69
	1873	187,4	9,44096E-001	1,28801E-001	0,00000E+000	9,46000E-001	1,15116E-005	13	...........	64,69
	1874	187,5	9,45964E-001	1,29243E-001	0,00000E+000	9,48000E-001	6,91157E-006	13	...........	64,68
	1875	187,6	9,47880E-001	1,29445E-001	0,00000E+000	9,50000E-001	1,11573E-007	13	...........	64,67
	1876	187,7	9,49845E-001	1,30080E-001	0,00000E+000	9,52000E-001	7,71157E-006	13	...........	64,67
	1877	187,8	9,51888E-001	1,30143E-001	0,00000E+000	9,54000E-001	5,91157E-006	13	...........	64,68
	1878	187,9	9,53912E-001	1,30488E-001	0,00000E+000	9,56000E-001	-1,68843E-006	13	...........	64,68
	1879	188	9,55795E-001	1,30568E-001	0,00000E+000	9,58000E-001	2,11157E-006	13	...........	64,67
	1880	188,1	9,57784E-001	1,31048E-001	0,00000E+000	9,60000E-001	9,31157E-006	13	...........	64,67
	1881	188,2	9,59801E-001	1,31110E-001	0,00000E+000	9,62000E-001	1,11116E-005	13	...........	64,68
	1882	188,3	9,61976E-001	1,31503E-001	0,00000E+000	9,64000E-001	7,51157E-006	13	...........	64,67
	1883	188,4	9,63849E-001	1,31529E-001	0,00000E+000	9,66000E-001	4,91157E-006	13	...........	64,66
	1884	188,5	9,65860E-001	1,32287E-001	0,00000E+000	9,68000E-001	1,31116E-005	13	...........	64,67
	1885	188,6	9,67942E-001	1,32064E-001	0,00000E+000	9,70000E-001	1,19116E-005	13	...........	64,67
	1886	188,7	9,69941E-001	1,32546E-001	0,00000E+000	9,72000E-001	5,11157E-006	13	...........	64,67
	1887	188,8	9,71809E-001	1,32521E-001	0,00000E+000	9,74000E-001	1,65116E-005	13	...........	64,67
	1888	188,9	9,73806E-001	1,33010E-001	0,00000E+000	9,76000E-001	7,71157E-006	13	...........	64,66
	1889	189	9,75900E-001	1,33199E-001	0,00000E+000	9,78000E-001	1,61116E-005	13	...........	64,66
	1890	189,1	9,77905E-001	1,33623E-001	0,00000E+000	9,80000E-001	9,71157E-006	13	...........	64,67
	1891	189,2	9,79768E-001	1,33806E-001	0,00000E+000	9,82000E-001	6,71157E-006	13	...........	64,68
	1892	189,3	9,81749E-001	1,34216E-001	0,00000E+000	9,84000E-001	1,61116E-005	13	...........	64,67
	1893	189,4	9,83778E-001	1,34367E-001	0,00000E+000	9,86000E-001	1,35116E-005	13	...........	64,65
	1894	189,5	9,85869E-001	1,34842E-001	0,00000E+000	9,88000E-001	1,75116E-005	13	...........	64,65
	1895	189,6	9,87883E-001	1,35031E-001	0,00000E+000	9,90000E-001	2,31157E-006	13	...........	64,65
	1896	189,7	9,89780E-001	1,35369E-001	0,00000E+000	9,92000E-001	2,09116E-005	13	...........	64,66
	1897	189,8	9,92091E-001	1,35542E-001	0,00000E+000	9,94000E-001	1,73116E-005	13	...........	64,65
	1898	189,9	9,93934E-001	1,36118E-001	0,00000E+000	9,96000E-001	1,03116E-005	13	...........	64,66
	1899	190	9,95813E-001	1,36051E-001	0,00000E+000	9,98000E-001	-2,08843E-006	13	...........	64,65
	1900	190,1	9,97760E-001	1,36518E-001	0,00000E+000	1,00000E+000	1,21116E-005	13	...........	64,65
	1901	190,2	9,99814E-001	1,36753E-001	0,00000E+000	1,00200E+000	4,91157E-006	13	...........	64,65
	1902	190,3	1,00186E+000	1,37451E-001	0,00000E+000	1,00400E+000	-4,88843E-006	13	...........	64,65
	1903	190,4	1,00373E+000	1,37413E-001	0,00000E+000	1,00600E+000	7,71157E-006	13	...........	64,67
	1904	190,5	1,00571E+000	1,37786E-001	0,00000E+000	1,00800E+000	7,51157E-006	13	...........	64,66
	1905	190,6	1,00773E+000	1,37987E-001	0,00000E+000	1,01000E+000	3,71157E-006	13	...........	64,66
	1906	190,7	1,00982E+000	1,38538E-001	0,00000E+000	1,01200E+000	1,51157E-006	13	...........	64,66
	1907	190,8	1,01177E+000	1,38587E-001	0,00000E+000	1,01400E+000	2,31157E-006	13	...........	64,65
	1908	190,9	1,01385E+000	1,39024E-001	0,00000E+000	1,01600E+000	1,05116E-005	13	...........	64,67
	1909	191	1,01589E+000	1,39087E-001	0,00000E+000	1,01800E+000	2,31157E-006	13	...........	64,65
	1910	191,1	1,01793E+000	1,39683E-001	0,00000E+000	1,02000E+000	1,09116E-005	13	...........	64,65
	1911	191,2	1,01979E+000	1,39688E-001	0,00000E+000	1,02200E+000	1,29116E-005	13	...........	64,65
	1912	191,3	1,02176E+000	1,40091E-001	0,00000E+000	1,02400E+000	1,55116E-005	13	...........	64,66
	1913	191,4	1,02385E+000	1,40189E-001	0,00000E+000	1,02600E+000	1,01116E-005	13	...........	64,67
	1914	191,5	1,02590E+000	1,40506E-001	0,00000E+000	1,02800E+000	-6,88433E-007	13	...........	64,66
	1915	191,6	1,02770E+000	1,40608E-001	0,00000E+000	1,03000E+000	2,11157E-006	13	...........	64,66
	1916	191,7	1,02971E+000	1,41237E-001	0,00000E+000	1,03200E+000	9,31157E-006	13	...........	64,66
	1917	191,8	1,03172E+000	1,41348E-001	0,00000E+000	1,03400E+000	-6,88433E-007	13	...........	64,66
	1918	191,9	1,03380E+000	1,41824E-001	0,00000E+000	1,03600E+000	-2,08843E-006	13	...........	64,65
	1919	192	1,03566E+000	1,41687E-001	0,00000E+000	1,03800E+000	6,91157E-006	13	...........	64,66
	1920	192,1	1,03774E+000	1,42331E-001	0,00000E+000	1,04000E+000	2,91157E-006	13	...........	64,65
	1921	192,2	1,04022E+000	1,42424E-001	0,00000E+000	1,04200E+000	7,11157E-006	13	...........	64,65
	1922	192,3	1,04193E+000	1,43083E-001	0,00000E+000	1,04400E+000	-1,68843E-006	13	...........	64,66
	1923	192,4	1,04378E+000	1,43053E-001	0,00000E+000	1,04600E+000	8,31157E-006	13	...........	64,66
	1924	192,5	1,04573E+000	1,43914E-001	0,00000E+000	1,04800E+000	1,51157E-006	13	...........	64,66
	1925	192,6	1,04776E+000	1,43735E-001	0,00000E+000	1,05000E+000	-5,08843E-006	13	...........	64,64
	1926	192,7	1,04986E+000	1,44212E-001	0,00000E+000	1,05200E+000	6,71157E-006	13	...........	64,64
	1927	192,8	1,05167E+000	1,44369E-001	0,00000E+000	1,05400E+000	-8,48843E-006	13	...........	64,65
	1928	192,9	1,05364E+000	1,45041E-001	0,00000E+000	1,05600E+000	1,07116E-005	13	...........	64,64
	1929	193	1,05566E+000	1,45082E-001	0,00000E+000	1,05800E+000	1,19116E-005	13	...........	64,64
	1930	193,1	1,05769E+000	1,45565E-001	0,00000E+000	1,06000E+000	3,91157E-006	13	...........	64,65
	1931	193,2	1,05961E+000	1,45302E-001	0,00000E+000	1,06200E+000	-2,68843E-006	13	...........	64,65
	1932	193,3	1,06160E+000	1,46378E-001	0,00000E+000	1,06400E+000	5,11565E-007	13	...........	64,65
	1933	193,4	1,06370E+000	1,46465E-001	0,00000E+000	1,06600E+000	9,31157E-006	13	...........	64,65
	1934	193,5	1,06592E+000	1,47032E-001	0,00000E+000	1,06800E+000	5,11565E-007	13	...........	64,64
	1935	193,6	1,06770E+000	1,46928E-001	0,00000E+000	1,07000E+000	1,11157E-006	13	...........	64,64
	1936	193,7	1,06971E+000	1,47708E-001	0,00000E+000	1,07200E+000	1,09116E-005	13	...........	64,64
	1937	193,8	1,07173E+000	1,47758E-001	0,00000E+000	1,07400E+000	1,01116E-005	13	...........	64,65
	1938	193,9	1,07386E+000	1,48288E-001	0,00000E+000	1,07600E+000	1,11157E-006	13	...........	64,65
	1939	194	1,07567E+000	1,48219E-001	0,00000E+000	1,07800E+000	-8,48843E-006	13	...........	64,64
	1940	194,1	1,07766E+000	1,48996E-001	0,00000E+000	1,08000E+000	3,71157E-006	13	...........	64,65
	1941	194,2	1,07961E+000	1,49045E-001	0,00000E+000	1,08200E+000	1,51116E-005	13	...........	64,64
	1942	194,3	1,08169E+000	1,49680E-001	0,00000E+000	1,08400E+000	3,11157E-006	13	...........	64,64
	1943	194,4	1,08361E+000	1,49858E-001	0,00000E+000	1,08600E+000	-5,88843E-006	13	...........	64,64
	1944	194,5	1,08558E+000	1,50511E-001	0,00000E+000	1,08800E+000	6,51157E-006	13	...........	64,64
	1945	194,6	1,08755E+000	1,50718E-001	0,00000E+000	1,09000E+000	5,71157E-006	13	...........	64,63
	1946	194,7	1,08984E+000	1,51320E-001	0,00000E+000	1,09200E+000	1,09116E-005	13	...........	64,64
	1947	194,8	1,09163E+000	1,51281E-001	0,00000E+000	1,09400E+000	3,11567E-007	13	...........	64,65
	1948	194,9	1,09365E+000	1,52224E-001	0,00000E+000	1,09600E+000	1,69116E-005	13	...........	64,64
	1949	195	1,09563E+000	1,52065E-001	0,00000E+000	1,09800E+000	5,51157E-006	13	...........	64,64
	1950	195,1	1,09784E+000	1,52898E-001	0,00000E+000	1,10000E+000	2,51157E-006	13	...........	64,64
	1951	195,2	1,09960E+000	1,53234E-001	0,00000E+000	1,10200E+000	-2,68843E-006	13	...........	64,63
	1952	195,3	1,10157E+000	1,53971E-001	0,00000E+000	1,10400E+000	8,31157E-006	13	...........	64,64
	1953	195,4	1,10358E+000	1,54066E-001	0,00000E+000	1,10600E+000	2,31157E-006	13	...........	64,64
	1954	195,5	1,10559E+000	1,54659E-001	0,00000E+000	1,10800E+000	7,11157E-006	13	...........	64,65
	1955	195,6	1,10756E+000	1,55065E-001	0,00000E+000	1,11000E+000	-8,84284E-008	13	...........	64,64
	1956	195,7	1,10949E+000	1,55397E-001	0,00000E+000	1,11200E+000	1,31116E-005	13	...........	64,64
	1957	195,8	1,11151E+000	1,55545E-001	0,00000E+000	1,11400E+000	1,41116E-005	13	...........	64,64
	1958	195,9	1,11348E+000	1,56109E-001	0,00000E+000	1,11600E+000	2,25116E-005	13	...........	64,64
	1959	196	1,11565E+000	1,56330E-001	0,00000E+000	1,11800E+000	3,71157E-006	13	...........	64,64
	1960	196,1	1,11763E+000	1,57100E-001	0,00000E+000	1,12000E+000	9,51157E-006	13	...........	64,65
	1961	196,2	1,11970E+000	1,57450E-001	0,00000E+000	1,12200E+000	1,59116E-005	13	...........	64,63
	1962	196,3	1,12169E+000	1,58018E-001	0,00000E+000	1,12400E+000	2,65116E-005	13	...........	64,64
	1963	196,4	1,12360E+000	1,58245E-001	0,00000E+000	1,12600E+000	4,31157E-006	13	...........	64,65
	1964	196,5	1,12558E+000	1,59048E-001	0,00000E+000	1,12800E+000	2,03116E-005	13	...........	64,65
	1965	196,6	1,12761E+000	1,59333E-001	0,00000E+000	1,13000E+000	6,51157E-006	13	...........	64,63
	1966	196,7	1,12972E+000	1,59938E-001	0,00000E+000	1,13200E+000	7,11157E-006	13	...........	64,65
	1967	196,8	1,13158E+000	1,60371E-001	0,00000E+000	1,13400E+000	7,11157E-006	13	...........	64,63
	1968	196,9	1,13353E+000	1,61016E-001	0,00000E+000	1,13600E+000	1,11573E-007	13	...........	64,63
	1969	197	1,13549E+000	1,61422E-001	0,00000E+000	1,13800E+000	1,19116E-005	13	...........	64,64
	1970	197,1	1,13750E+000	1,62198E-001	0,00000E+000	1,14000E+000	1,31157E-006	13	...........	64,63
	1971	197,2	1,13967E+000	1,62418E-001	0,00000E+000	1,14200E+000	6,71157E-006	13	...........	64,64
	1972	197,3	1,14163E+000	1,63134E-001	0,00000E+000	1,14400E+000	7,11157E-006	13	...........	64,63
	1973	197,4	1,14363E+000	1,63379E-001	0,00000E+000	1,14600E+000	1,67116E-005	13	...........	64,64
	1974	197,5	1,14586E+000	1,63745E-001	0,00000E+000	1,14800E+000	6,31157E-006	13	...........	64,64
	1975	197,6	1,14763E+000	1,64379E-001	0,00000E+000	1,15000E+000	6,11157E-006	13	...........	64,64
	1976	197,7	1,14950E+000	1,64843E-001	0,00000E+000	1,15200E+000	8,91157E-006	13	...........	64,63
	1977	197,8	1,15145E+000	1,65375E-001	0,00000E+000	1,15400E+000	1,17116E-005	13	...........	64,64
	1978	197,9	1,15364E+000	1,65987E-001	0,00000E+000	1,15600E+000	6,71157E-006	13	...........	64,64
	1979	198	1,15554E+000	1,66647E-001	0,00000E+000	1,15800E+000	-3,48843E-006	13	...........	64,63
	1980	198,1	1,15745E+000	1,67308E-001	0,00000E+000	1,16000E+000	6,11157E-006	13	...........	64,63
	1981	198,2	1,15940E+000	1,67799E-001	0,00000E+000	1,16200E+000	5,71157E-006	13	...........	64,62
	1982	198,3	1,16144E+000	1,68740E-001	0,00000E+000	1,16400E+000	1,09116E-005	13	...........	64,64
	1983	198,4	1,16348E+000	1,69351E-001	0,00000E+000	1,16600E+000	8,91157E-006	13	...........	64,64
	1984	198,5	1,16551E+000	1,70144E-001	0,00000E+000	1,16800E+000	-4,68843E-006	13	...........	64,64
	1985	198,6	1,16759E+000	1,70879E-001	0,00000E+000	1,17000E+000	8,31157E-006	13	...........	64,63
	1986	198,7	1,16988E+000	1,71410E-001	0,00000E+000	1,17200E+000	1,31116E-005	13	...........	64,63
	1987	198,8	1,17159E+000	1,72044E-001	0,00000E+000	1,17400E+000	7,11157E-006	13	...........	64,63
	1988	198,9	1,17351E+000	1,72800E-001	0,00000E+000	1,17600E+000	7,11157E-006	13	...........	64,63
	1989	199	1,17550E+000	1,73334E-001	0,00000E+000	1,17800E+000	1,19116E-005	13	...........	64,62
	1990	199,1	1,17773E+000	1,74020E-001	0,00000E+000	1,18000E+000	1,51157E-006	13	...........	64,64
	1991	199,2	1,17955E+000	1,74923E-001	0,00000E+000	1,18200E+000	-3,48843E-006	13	...........	64,64
	1992	199,3	1,18147E+000	1,75416E-001	0,00000E+000	1,18400E+000	-1,08843E-006	13	...........	64,63
	1993	199,4	1,18344E+000	1,76383E-001	0,00000E+000	1,18600E+000	1,47116E-005	13	...........	64,64
	1994	199,5	1,18546E+000	1,77372E-001	0,00000E+000	1,18800E+000	-2,28843E-006	13	...........	64,62
	1995	199,6	1,18750E+000	1,78166E-001	0,00000E+000	1,19000E+000	2,51157E-006	13	...........	64,62
	1996	199,7	1,18940E+000	1,78960E-001	0,00000E+000	1,19200E+000	2,91157E-006	13	...........	64,62
	1997	199,8	1,19144E+000	1,79627E-001	0,00000E+000	1,19400E+000	3,11157E-006	13	...........	64,63
	1998	199,9	1,19389E+000	1,80438E-001	0,00000E+000	1,19600E+000	5,31157E-006	13	...........	64,63
	1999	200	1,19557E+000	1,81162E-001	0,00000E+000	1,19800E+000	1,91157E-006	13	...........	64,62
	2000	200,1	1,19754E+000	1,82190E-001	0,00000E+000	1,20000E+000	1,49116E-005	13	...........	64,63
	2001	200,2	1,19946E+000	1,82940E-001	0,00000E+000	1,20200E+000	7,31157E-006	13	...........	64,63
	2002	200,3	1,20159E+000	1,83582E-001	0,00000E+000	1,20400E+000	-8,84284E-008	13	...........	64,63
	2003	200,4	1,20352E+000	1,84780E-001	0,00000E+000	1,20600E+000	-1,48843E-006	13	...........	64,63
	2004	200,5	1,20539E+000	1,85986E-001	0,00000E+000	1,20800E+000	-2,88426E-007	13	...........	64,62
	2005	200,6	1,20737E+000	1,86911E-001	0,00000E+000	1,21000E+000	4,91157E-006	13	...........	64,63
	2006	200,7	1,20937E+000	1,87732E-001	0,00000E+000	1,21200E+000	1,43116E-005	13	...........	64,62
	2007	200,8	1,21147E+000	1,88867E-001	0,00000E+000	1,21400E+000	6,31157E-006	13	...........	64,63
	2008	200,9	1,21332E+000	1,89566E-001	0,00000E+000	1,21600E+000	-3,48843E-006	13	...........	64,63
	2009	201	1,21534E+000	1,90452E-001	0,00000E+000	1,21800E+000	1,93116E-005	13	...........	64,62
	2010	201,1	1,21765E+000	1,91520E-001	0,00000E+000	1,22000E+000	7,51157E-006	13	...........	64,61
	2011	201,2	1,21955E+000	1,92519E-001	0,00000E+000	1,22200E+000	5,31157E-006	13	...........	64,62
	2012	201,3	1,22150E+000	1,93719E-001	0,00000E+000	1,22400E+000	2,31157E-006	13	...........	64,63
	2013	201,4	1,22342E+000	1,95163E-001	0,00000E+000	1,22600E+000	1,31116E-005	13	...........	64,63
	2014	201,5	1,22553E+000	1,95970E-001	0,00000E+000	1,22800E+000	9,91157E-006	13	...........	64,62
	2015	201,6	1,22752E+000	1,96992E-001	0,00000E+000	1,23000E+000	5,71157E-006	13	...........	64,62
	2016	201,7	1,22943E+000	1,97868E-001	0,00000E+000	1,23200E+000	7,11157E-006	13	...........	64,62
	2017	201,8	1,23138E+000	1,99231E-001	0,00000E+000	1,23400E+000	1,41116E-005	13	...........	64,62
	2018	201,9	1,23346E+000	2,00414E-001	0,00000E+000	1,23600E+000	1,65116E-005	13	...........	64,62
	2019	202	1,23547E+000	2,01849E-001	0,00000E+000	1,23800E+000	7,71157E-006	13	...........	64,62
	2020	202,1	1,23734E+000	2,03225E-001	0,00000E+000	1,24000E+000	1,91157E-006	13	...........	64,62
	2021	202,2	1,23936E+000	2,04216E-001	0,00000E+000	1,24200E+000	-2,08843E-006	13	...........	64,61
	2022	202,3	1,24135E+000	2,05109E-001	0,00000E+000	1,24400E+000	3,11157E-006	13	...........	64,63
	2023	202,4	1,24358E+000	2,06352E-001	0,00000E+000	1,24600E+000	5,71157E-006	13	...........	64,62
	2024	202,5	1,24549E+000	2,07479E-001	0,00000E+000	1,24800E+000	2,51157E-006	13	...........	64,61
	2025	202,6	1,24754E+000	2,08837E-001	0,00000E+000	1,25000E+000	3,91157E-006	13	...........	64,61
	2026	202,7	1,24955E+000	2,10182E-001	0,00000E+000	1,25200E+000	7,31157E-006	13	...........	64,60
	2027	202,8	1,25154E+000	2,11818E-001	0,00000E+000	1,25400E+000	-4,08843E-006	13	...........	64,61
	2028	202,9	1,25338E+000	2,12790E-001	0,00000E+000	1,25600E+000	-8,84284E-008	13	...........	64,61
	2029	203	1,25536E+000	2,14190E-001	0,00000E+000	1,25800E+000	7,91157E-006	13	...........	64,61
	2030	203,1	1,25739E+000	2,15453E-001	0,00000E+000	1,26000E+000	-1,48843E-006	13	...........	64,61
	2031	203,2	1,25947E+000	2,16939E-001	0,00000E+000	1,26200E+000	1,11573E-007	13	...........	64,62
	2032	203,3	1,26127E+000	2,18348E-001	0,00000E+000	1,26400E+000	7,11157E-006	13	...........	64,60
	2033	203,4	1,26329E+000	2,19901E-001	0,00000E+000	1,26600E+000	8,51157E-006	13	...........	64,60
	2034	203,5	1,26529E+000	2,20991E-001	0,00000E+000	1,26800E+000	6,91157E-006	13	...........	64,61
	2035	203,6	1,26741E+000	2,22239E-001	0,00000E+000	1,27000E+000	1,13116E-005	13	...........	64,61
	2036	203,7	1,26945E+000	2,23658E-001	0,00000E+000	1,27200E+000	7,11157E-006	13	...........	64,61
	2037	203,8	1,27142E+000	2,25192E-001	0,00000E+000	1,27400E+000	9,51157E-006	13	...........	64,61
	2038	203,9	1,27370E+000	2,26505E-001	0,00000E+000	1,27600E+000	1,39116E-005	13	...........	64,60
	2039	204	1,27553E+000	2,28305E-001	0,00000E+000	1,27800E+000	8,71157E-006	13	...........	64,61
	2040	204,1	1,27736E+000	2,29309E-001	0,00000E+000	1,28000E+000	7,51157E-006	13	...........	64,61
	2041	204,2	1,27934E+000	2,31061E-001	0,00000E+000	1,28200E+000	7,11157E-006	13	...........	64,60
	2042	204,3	1,28141E+000	2,32084E-001	0,00000E+000	1,28400E+000	6,11157E-006	13	...........	64,61
	2043	204,4	1,28346E+000	2,34041E-001	0,00000E+000	1,28600E+000	6,51157E-006	13	...........	64,61
	2044	204,5	1,28527E+000	2,35355E-001	0,00000E+000	1,28800E+000	2,71156E-006	13	...........	64,61
	2045	204,6	1,28728E+000	2,37072E-001	0,00000E+000	1,29000E+000	6,51157E-006	13	...........	64,60
	2046	204,7	1,28930E+000	2,37567E-001	0,00000E+000	1,29200E+000	1,41116E-005	13	...........	64,60
	2047	204,8	1,29139E+000	2,39620E-001	0,00000E+000	1,29400E+000	-2,48843E-006	13	...........	64,59
	2048	204,9	1,29346E+000	2,40907E-001	0,00000E+000	1,29600E+000	4,51157E-006	13	...........	64,60
	2049	205	1,29543E+000	2,42885E-001	0,00000E+000	1,29800E+000	1,15116E-005	13	...........	64,59
	2050	205,1	1,29765E+000	2,44080E-001	0,00000E+000	1,30000E+000	2,91157E-006	13	...........	64,60
	2051	205,2	1,29953E+000	2,45821E-001	0,00000E+000	1,30200E+000	-2,68843E-006	13	...........	64,59
	2052	205,3	1,30135E+000	2,46570E-001	0,00000E+000	1,30400E+000	1,21116E-005	13	...........	64,60
	2053	205,4	1,30328E+000	2,48582E-001	0,00000E+000	1,30600E+000	7,11157E-006	13	...........	64,59
	2054	205,5	1,30533E+000	2,50393E-001	0,00000E+000	1,30800E+000	1,39116E-005	13	...........	64,59
	2055	205,6	1,30744E+000	2,52448E-001	0,00000E+000	1,31000E+000	5,11157E-006	13	...........	64,60
	2056	205,7	1,30923E+000	2,53442E-001	0,00000E+000	1,31200E+000	7,91157E-006	13	...........	64,59
	2057	205,8	1,31124E+000	2,54896E-001	0,00000E+000	1,31400E+000	1,11116E-005	13	...........	64,59
	2058	205,9	1,31323E+000	2,56221E-001	0,00000E+000	1,31600E+000	3,91157E-006	13	...........	64,60
	2059	206	1,31530E+000	2,57763E-001	0,00000E+000	1,31800E+000	1,29116E-005	13	...........	64,60
	2060	206,1	1,31721E+000	2,59044E-001	0,00000E+000	1,32000E+000	-1,28843E-006	13	...........	64,60
	2061	206,2	1,31931E+000	2,60803E-001	0,00000E+000	1,32200E+000	3,91157E-006	13	...........	64,59
	2062	206,3	1,32147E+000	2,61672E-001	0,00000E+000	1,32400E+000	1,15116E-005	13	...........	64,60
	2063	206,4	1,32350E+000	2,63459E-001	0,00000E+000	1,32600E+000	2,05116E-005	13	...........	64,60
	2064	206,5	1,32530E+000	2,64628E-001	0,00000E+000	1,32800E+000	6,51157E-006	13	...........	64,59
	2065	206,6	1,32727E+000	2,66420E-001	0,00000E+000	1,33000E+000	1,77116E-005	13	...........	64,59
	2066	206,7	1,32928E+000	2,67981E-001	0,00000E+000	1,33200E+000	2,11157E-006	13	...........	64,59
	2067	206,8	1,33150E+000	2,69509E-001	0,00000E+000	1,33400E+000	-3,28843E-006	13	...........	64,59
	2068	206,9	1,33328E+000	2,70251E-001	0,00000E+000	1,33600E+000	5,11565E-007	13	...........	64,60
	2069	207	1,33525E+000	2,71928E-001	0,00000E+000	1,33800E+000	3,71157E-006	13	...........	64,58
	2070	207,1	1,33724E+000	2,73104E-001	0,00000E+000	1,34000E+000	5,11565E-007	13	...........	64,58
	2071	207,2	1,33933E+000	2,75058E-001	0,00000E+000	1,34200E+000	-3,28843E-006	13	...........	64,59
	2072	207,3	1,34121E+000	2,75968E-001	0,00000E+000	1,34400E+000	-1,88843E-006	13	...........	64,59
	2073	207,4	1,34318E+000	2,77525E-001	0,00000E+000	1,34600E+000	7,51157E-006	13	...........	64,59
	2074	207,5	1,34528E+000	2,78450E-001	0,00000E+000	1,34800E+000	2,11157E-006	13	...........	64,58
	2075	207,6	1,34752E+000	2,80105E-001	0,00000E+000	1,35000E+000	1,51157E-006	13	...........	64,58
	2076	207,7	1,34929E+000	2,80958E-001	0,00000E+000	1,35200E+000	-1,08843E-006	13	...........	64,57
	2077	207,8	1,35125E+000	2,82839E-001	0,00000E+000	1,35400E+000	1,05116E-005	13	...........	64,59
	2078	207,9	1,35326E+000	2,83725E-001	0,00000E+000	1,35600E+000	6,91157E-006	13	...........	64,58
	2079	208	1,35545E+000	2,85604E-001	0,00000E+000	1,35800E+000	5,31157E-006	13	...........	64,58
	2080	208,1	1,35721E+000	2,86118E-001	0,00000E+000	1,36000E+000	-1,28843E-006	13	...........	64,58
	2081	208,2	1,35920E+000	2,87682E-001	0,00000E+000	1,36200E+000	1,91157E-006	13	...........	64,58
	2082	208,3	1,36120E+000	2,88331E-001	0,00000E+000	1,36400E+000	1,45116E-005	13	...........	64,58
	2083	208,4	1,36325E+000	2,89897E-001	0,00000E+000	1,36600E+000	1,55116E-005	13	...........	64,59
	2084	208,5	1,36518E+000	2,90801E-001	0,00000E+000	1,36800E+000	1,11157E-006	13	...........	64,57
	2085	208,6	1,36712E+000	2,92480E-001	0,00000E+000	1,37000E+000	6,91157E-006	13	...........	64,58
	2086	208,7	1,36910E+000	2,93101E-001	0,00000E+000	1,37200E+000	9,11157E-006	13	...........	64,57
	2087	208,8	1,37142E+000	2,94404E-001	0,00000E+000	1,37400E+000	1,19116E-005	13	...........	64,56
	2088	208,9	1,37327E+000	2,95199E-001	0,00000E+000	1,37600E+000	-1,08843E-006	13	...........	64,58
	2089	209	1,37523E+000	2,96257E-001	0,00000E+000	1,37800E+000	1,57116E-005	13	...........	64,57
	2090	209,1	1,37717E+000	2,96993E-001	0,00000E+000	1,38000E+000	1,29116E-005	13	...........	64,58
	2091	209,2	1,37941E+000	2,98741E-001	0,00000E+000	1,38200E+000	1,77116E-005	13	...........	64,58
	2092	209,3	1,38118E+000	2,99219E-001	0,00000E+000	1,38400E+000	7,11157E-006	13	...........	64,58
	2093	209,4	1,38315E+000	3,00777E-001	0,00000E+000	1,38600E+000	1,21116E-005	13	...........	64,57
	2094	209,5	1,38517E+000	3,01262E-001	0,00000E+000	1,38800E+000	1,23116E-005	13	...........	64,56
	2095	209,6	1,38729E+000	3,02293E-001	0,00000E+000	1,39000E+000	2,91157E-006	13	...........	64,57
	2096	209,7	1,38916E+000	3,02580E-001	0,00000E+000	1,39200E+000	-4,48843E-006	13	...........	64,57
	2097	209,8	1,39109E+000	3,03678E-001	0,00000E+000	1,39400E+000	6,11157E-006	13	...........	64,56
	2098	209,9	1,39310E+000	3,04034E-001	0,00000E+000	1,39600E+000	-4,48843E-006	13	...........	64,57
	2099	210	1,39510E+000	3,05191E-001	0,00000E+000	1,39800E+000	3,11157E-006	13	...........	64,56
	2100	210,1	1,39727E+000	3,05613E-001	0,00000E+000	1,40000E+000	4,31157E-006	13	...........	64,57
	2101	210,2	1,39507E+000	2,98719E-001	0,00000E+000	1,39800E+000	1,35116E-005	13	...........	64,56
	2102	210,3	1,39307E+000	2,92642E-001	0,00000E+000	1,39600E+000	1,99116E-005	13	...........	64,57
	2103	210,4	1,39110E+000	2,87865E-001	0,00000E+000	1,39400E+000	9,11157E-006	13	...........	64,56
	2104	210,5	1,38914E+000	2,83211E-001	0,00000E+000	1,39200E+000	4,51157E-006	13	...........	64,56
	2105	210,6	1,38723E+000	2,79210E-001	0,00000E+000	1,39000E+000	6,71157E-006	13	...........	64,56
	2106	210,7	1,38517E+000	2,75287E-001	0,00000E+000	1,38800E+000	7,71157E-006	13	...........	64,56
	2107	210,8	1,38320E+000	2,71601E-001	0,00000E+000	1,38600E+000	1,15116E-005	13	...........	64,56
	2108	210,9	1,38119E+000	2,68337E-001	0,00000E+000	1,38400E+000	-1,68843E-006	13	...........	64,56
	2109	211	1,37940E+000	2,64544E-001	0,00000E+000	1,38200E+000	1,21116E-005	13	...........	64,56
	2110	211,1	1,37720E+000	2,61290E-001	0,00000E+000	1,38000E+000	9,31157E-006	13	...........	64,55
	2111	211,2	1,37525E+000	2,58447E-001	0,00000E+000	1,37800E+000	1,55116E-005	13	...........	64,55
	2112	211,3	1,37325E+000	2,55296E-001	0,00000E+000	1,37600E+000	3,11157E-006	13	...........	64,55
	2113	211,4	1,37143E+000	2,52792E-001	0,00000E+000	1,37400E+000	6,31157E-006	13	...........	64,56
	2114	211,5	1,36909E+000	2,49028E-001	0,00000E+000	1,37200E+000	1,19116E-005	13	...........	64,56
	2115	211,6	1,36710E+000	2,46295E-001	0,00000E+000	1,37000E+000	-4,88843E-006	13	...........	64,56
	2116	211,7	1,36519E+000	2,43614E-001	0,00000E+000	1,36800E+000	-2,08843E-006	13	...........	64,55
	2117	211,8	1,36328E+000	2,40709E-001	0,00000E+000	1,36600E+000	7,11157E-006	13	...........	64,56
	2118	211,9	1,36121E+000	2,38074E-001	0,00000E+000	1,36400E+000	5,31157E-006	13	...........	64,55
	2119	212	1,35916E+000	2,35576E-001	0,00000E+000	1,36200E+000	4,91157E-006	13	...........	64,56
	2120	212,1	1,35722E+000	2,32334E-001	0,00000E+000	1,36000E+000	-2,28843E-006	13	...........	64,55
	2121	212,2	1,35546E+000	2,29857E-001	0,00000E+000	1,35800E+000	5,71157E-006	13	...........	64,55
	2122	212,3	1,35334E+000	2,27261E-001	0,00000E+000	1,35600E+000	1,59116E-005	13	...........	64,55
	2123	212,4	1,35130E+000	2,24524E-001	0,00000E+000	1,35400E+000	9,51157E-006	13	...........	64,55
	2124	212,5	1,34929E+000	2,21815E-001	0,00000E+000	1,35200E+000	1,01116E-005	13	...........	64,54
	2125	212,6	1,34750E+000	2,19751E-001	0,00000E+000	1,35000E+000	6,51157E-006	13	...........	64,55
	2126	212,7	1,34536E+000	2,16756E-001	0,00000E+000	1,34800E+000	4,31157E-006	13	...........	64,55
	2127	212,8	1,34319E+000	2,14126E-001	0,00000E+000	1,34600E+000	1,27116E-005	13	...........	64,55
	2128	212,9	1,34122E+000	2,11965E-001	0,00000E+000	1,34400E+000	3,11567E-007	13	...........	64,55
	2129	213	1,33933E+000	2,09668E-001	0,00000E+000	1,34200E+000	-3,28843E-006	13	...........	64,55
	2130	213,1	1,33724E+000	2,06697E-001	0,00000E+000	1,34000E+000	1,17116E-005	13	...........	64,54
	2131	213,2	1,33525E+000	2,04732E-001	0,00000E+000	1,33800E+000	1,31157E-006	13	...........	64,55
	2132	213,3	1,33323E+000	2,02359E-001	0,00000E+000	1,33600E+000	7,51157E-006	13	...........	64,55
	2133	213,4	1,33144E+000	1,99697E-001	0,00000E+000	1,33400E+000	2,03116E-005	13	...........	64,55
	2134	213,5	1,32926E+000	1,97328E-001	0,00000E+000	1,33200E+000	-4,88431E-007	13	...........	64,55
	2135	213,6	1,32732E+000	1,95309E-001	0,00000E+000	1,33000E+000	1,61116E-005	13	...........	64,55
	2136	213,7	1,32534E+000	1,92970E-001	0,00000E+000	1,32800E+000	1,13116E-005	13	...........	64,54
	2137	213,8	1,32350E+000	1,90325E-001	0,00000E+000	1,32600E+000	1,19116E-005	13	...........	64,54
	2138	213,9	1,32144E+000	1,88036E-001	0,00000E+000	1,32400E+000	2,19116E-005	13	...........	64,55
	2139	214	1,31928E+000	1,85894E-001	0,00000E+000	1,32200E+000	3,51157E-006	13	...........	64,54
	2140	214,1	1,31720E+000	1,83249E-001	0,00000E+000	1,32000E+000	4,71157E-006	13	...........	64,55
	2141	214,2	1,31525E+000	1,80740E-001	0,00000E+000	1,31800E+000	-5,68843E-006	13	...........	64,56
	2142	214,3	1,31323E+000	1,79048E-001	0,00000E+000	1,31600E+000	5,91157E-006	13	...........	64,55
	2143	214,4	1,31125E+000	1,76580E-001	0,00000E+000	1,31400E+000	-4,28843E-006	13	...........	64,56
	2144	214,5	1,30927E+000	1,74195E-001	0,00000E+000	1,31200E+000	-2,48843E-006	13	...........	64,55
	2145	214,6	1,30747E+000	1,72165E-001	0,00000E+000	1,31000E+000	-5,28843E-006	13	...........	64,55
	2146	214,7	1,30534E+000	1,70037E-001	0,00000E+000	1,30800E+000	1,81116E-005	13	...........	64,56
	2147	214,8	1,30329E+000	1,67557E-001	0,00000E+000	1,30600E+000	-1,28843E-006	13	...........	64,56
	2148	214,9	1,30136E+000	1,65359E-001	0,00000E+000	1,30400E+000	7,91157E-006	13	...........	64,56
	2149	215	1,29953E+000	1,63660E-001	0,00000E+000	1,30200E+000	1,11157E-006	13	...........	64,55
	2150	215,1	1,29760E+000	1,61499E-001	0,00000E+000	1,30000E+000	7,71157E-006	13	...........	64,55
	2151	215,2	1,29537E+000	1,59453E-001	0,00000E+000	1,29800E+000	7,11157E-006	13	...........	64,55
	2152	215,3	1,29337E+000	1,57231E-001	0,00000E+000	1,29600E+000	-1,68843E-006	13	...........	64,55
	2153	215,4	1,29130E+000	1,55405E-001	0,00000E+000	1,29400E+000	6,31157E-006	13	...........	64,55
	2154	215,5	1,28926E+000	1,53489E-001	0,00000E+000	1,29200E+000	1,05116E-005	13	...........	64,55
	2155	215,6	1,28726E+000	1,51170E-001	0,00000E+000	1,29000E+000	2,31157E-006	13	...........	64,56
	2156	215,7	1,28529E+000	1,49244E-001	0,00000E+000	1,28800E+000	5,11565E-007	13	...........	64,55
	2157	215,8	1,28347E+000	1,47364E-001	0,00000E+000	1,28600E+000	5,31157E-006	13	...........	64,55
	2158	215,9	1,28142E+000	1,45571E-001	0,00000E+000	1,28400E+000	1,11157E-006	13	...........	64,54
	2159	216	1,27933E+000	1,43392E-001	0,00000E+000	1,28200E+000	5,51157E-006	13	...........	64,55
	2160	216,1	1,27732E+000	1,41551E-001	0,00000E+000	1,28000E+000	-5,48843E-006	13	...........	64,55
	2161	216,2	1,27549E+000	1,39740E-001	0,00000E+000	1,27800E+000	-1,28843E-006	13	...........	64,55
	2162	216,3	1,27366E+000	1,38156E-001	0,00000E+000	1,27600E+000	2,71156E-006	13	...........	64,56
	2163	216,4	1,27133E+000	1,36290E-001	0,00000E+000	1,27400E+000	9,11157E-006	13	...........	64,56
	2164	216,5	1,26937E+000	1,34544E-001	0,00000E+000	1,27200E+000	-1,08843E-006	13	...........	64,55
	2165	216,6	1,26736E+000	1,32843E-001	0,00000E+000	1,27000E+000	1,17116E-005	13	...........	64,56
	2166	216,7	1,26530E+000	1,31071E-001	0,00000E+000	1,26800E+000	1,23116E-005	13	...........	64,55
	2167	216,8	1,26330E+000	1,29250E-001	0,00000E+000	1,26600E+000	5,91157E-006	13	...........	64,56
	2168	216,9	1,26131E+000	1,27371E-001	0,00000E+000	1,26400E+000	-6,28843E-006	13	...........	64,55
	2169	217	1,25943E+000	1,25632E-001	0,00000E+000	1,26200E+000	-1,48843E-006	13	...........	64,56
	2170	217,1	1,25737E+000	1,24299E-001	0,00000E+000	1,26000E+000	9,91157E-006	13	...........	64,55
	2171	217,2	1,25536E+000	1,22756E-001	0,00000E+000	1,25800E+000	9,11157E-006	13	...........	64,55
	2172	217,3	1,25332E+000	1,21537E-001	0,00000E+000	1,25600E+000	1,21116E-005	13	...........	64,54
	2173	217,4	1,25148E+000	1,19660E-001	0,00000E+000	1,25400E+000	5,11157E-006	13	...........	64,54
	2174	217,5	1,24952E+000	1,18045E-001	0,00000E+000	1,25200E+000	1,05116E-005	13	...........	64,55
	2175	217,6	1,24742E+000	1,16536E-001	0,00000E+000	1,25000E+000	1,87116E-005	13	...........	64,54
	2176	217,7	1,24540E+000	1,15367E-001	0,00000E+000	1,24800E+000	-2,68843E-006	13	...........	64,55
	2177	217,8	1,24355E+000	1,14137E-001	0,00000E+000	1,24600E+000	5,31157E-006	13	...........	64,55
	2178	217,9	1,24133E+000	1,13070E-001	0,00000E+000	1,24400E+000	7,71157E-006	13	...........	64,55
	2179	218	1,23934E+000	1,11471E-001	0,00000E+000	1,24200E+000	1,25116E-005	13	...........	64,55
	2180	218,1	1,23732E+000	1,09862E-001	0,00000E+000	1,24000E+000	5,31157E-006	13	...........	64,55
	2181	218,2	1,23540E+000	1,08597E-001	0,00000E+000	1,23800E+000	1,71157E-006	13	...........	64,55
	2182	218,3	1,23336E+000	1,07332E-001	0,00000E+000	1,23600E+000	4,71157E-006	13	...........	64,55
	2183	218,4	1,23140E+000	1,06056E-001	0,00000E+000	1,23400E+000	7,31157E-006	13	...........	64,54
	2184	218,5	1,22938E+000	1,05047E-001	0,00000E+000	1,23200E+000	-1,88843E-006	13	...........	64,55
	2185	218,6	1,22742E+000	1,03852E-001	0,00000E+000	1,23000E+000	9,71157E-006	13	...........	64,55
	2186	218,7	1,22545E+000	1,02429E-001	0,00000E+000	1,22800E+000	9,31157E-006	13	...........	64,56
	2187	218,8	1,22336E+000	1,01091E-001	0,00000E+000	1,22600E+000	1,61116E-005	13	...........	64,55
	2188	218,9	1,22137E+000	9,99084E-002	0,00000E+000	1,22400E+000	1,11157E-006	13	...........	64,55
	2189	219	1,21954E+000	9,89700E-002	0,00000E+000	1,22200E+000	-8,88431E-007	13	...........	64,55
	2190	219,1	1,21760E+000	9,81582E-002	0,00000E+000	1,22000E+000	1,67116E-005	13	...........	64,55
	2191	219,2	1,21532E+000	9,73720E-002	0,00000E+000	1,21800E+000	9,51157E-006	13	...........	64,55
	2192	219,3	1,21333E+000	9,63825E-002	0,00000E+000	1,21600E+000	1,05116E-005	13	...........	64,54
	2193	219,4	1,21142E+000	9,50326E-002	0,00000E+000	1,21400E+000	-1,68843E-006	13	...........	64,55
	2194	219,5	1,20937E+000	9,37858E-002	0,00000E+000	1,21200E+000	2,01116E-005	13	...........	64,55
	2195	219,6	1,20738E+000	9,26830E-002	0,00000E+000	1,21000E+000	4,51157E-006	13	...........	64,55
	2196	219,7	1,20535E+000	9,16220E-002	0,00000E+000	1,20800E+000	1,29116E-005	13	...........	64,56
	2197	219,8	1,20350E+000	9,10584E-002	0,00000E+000	1,20600E+000	4,51157E-006	13	...........	64,55
	2198	219,9	1,20147E+000	9,01567E-002	0,00000E+000	1,20400E+000	1,33116E-005	13	...........	64,54
	2199	220	1,19944E+000	8,90753E-002	0,00000E+000	1,20200E+000	9,91157E-006	13	...........	64,54
	2200	220,1	1,19745E+000	8,80593E-002	0,00000E+000	1,20000E+000	2,41116E-005	13	...........	64,55
	2201	220,2	1,19554E+000	8,74824E-002	0,00000E+000	1,19800E+000	1,51157E-006	13	...........	64,54
	2202	220,3	1,19381E+000	8,65685E-002	0,00000E+000	1,19600E+000	1,15116E-005	13	...........	64,56
	2203	220,4	1,19145E+000	8,55361E-002	0,00000E+000	1,19400E+000	1,09116E-005	13	...........	64,55
	2204	220,5	1,18937E+000	8,48897E-002	0,00000E+000	1,19200E+000	2,51157E-006	13	...........	64,55
	2205	220,6	1,18749E+000	8,38850E-002	0,00000E+000	1,19000E+000	-8,88431E-007	13	...........	64,55
	2206	220,7	1,18543E+000	8,31324E-002	0,00000E+000	1,18800E+000	5,71157E-006	13	...........	64,55
	2207	220,8	1,18340E+000	8,23339E-002	0,00000E+000	1,18600E+000	1,05116E-005	13	...........	64,55
	2208	220,9	1,18143E+000	8,17723E-002	0,00000E+000	1,18400E+000	7,51157E-006	13	...........	64,55
	2209	221	1,17955E+000	8,11034E-002	0,00000E+000	1,18200E+000	-5,48843E-006	13	...........	64,55
	2210	221,1	1,17761E+000	8,03059E-002	0,00000E+000	1,18000E+000	1,55116E-005	13	...........	64,56
	2211	221,2	1,17546E+000	7,96759E-002	0,00000E+000	1,17800E+000	-4,08843E-006	13	...........	64,55
	2212	221,3	1,17354E+000	7,87579E-002	0,00000E+000	1,17600E+000	8,51157E-006	13	...........	64,55
	2213	221,4	1,17161E+000	7,80115E-002	0,00000E+000	1,17400E+000	1,03116E-005	13	...........	64,56
	2214	221,5	1,16978E+000	7,72701E-002	0,00000E+000	1,17200E+000	-4,68843E-006	13	...........	64,56
	2215	221,6	1,16770E+000	7,65124E-002	0,00000E+000	1,17000E+000	6,51157E-006	13	...........	64,55
	2216	221,7	1,16554E+000	7,59386E-002	0,00000E+000	1,16800E+000	7,11157E-006	13	...........	64,55
	2217	221,8	1,16351E+000	7,53034E-002	0,00000E+000	1,16600E+000	-1,68843E-006	13	...........	64,56
	2218	221,9	1,16144E+000	7,46928E-002	0,00000E+000	1,16400E+000	-1,08843E-006	13	...........	64,56
	2219	222	1,15944E+000	7,41077E-002	0,00000E+000	1,16200E+000	2,31157E-006	13	...........	64,56
	2220	222,1	1,15743E+000	7,37697E-002	0,00000E+000	1,16000E+000	1,11157E-006	13	...........	64,56
	2221	222,2	1,15553E+000	7,32060E-002	0,00000E+000	1,15800E+000	9,51157E-006	13	...........	64,56
	2222	222,3	1,15358E+000	7,27680E-002	0,00000E+000	1,15600E+000	5,91157E-006	13	...........	64,56
	2223	222,4	1,15152E+000	7,20940E-002	0,00000E+000	1,15400E+000	6,51157E-006	13	...........	64,55
	2224	222,5	1,14950E+000	7,16356E-002	0,00000E+000	1,15200E+000	9,91157E-006	13	...........	64,55
	2225	222,6	1,14758E+000	7,09463E-002	0,00000E+000	1,15000E+000	7,71157E-006	13	...........	64,56
	2226	222,7	1,14588E+000	7,04684E-002	0,00000E+000	1,14800E+000	1,13116E-005	13	...........	64,56
	2227	222,8	1,14353E+000	6,94769E-002	0,00000E+000	1,14600E+000	7,71157E-006	13	...........	64,55
	2228	222,9	1,14156E+000	6,89388E-002	0,00000E+000	1,14400E+000	1,35116E-005	13	...........	64,56
	2229	223	1,13962E+000	6,82046E-002	0,00000E+000	1,14200E+000	3,51157E-006	13	...........	64,57
	2230	223,1	1,13748E+000	6,75633E-002	0,00000E+000	1,14000E+000	1,69116E-005	13	...........	64,57
	2231	223,2	1,13546E+000	6,70446E-002	0,00000E+000	1,13800E+000	4,71157E-006	13	...........	64,56
	2232	223,3	1,13350E+000	6,66637E-002	0,00000E+000	1,13600E+000	1,23116E-005	13	...........	64,56
	2233	223,4	1,13157E+000	6,63614E-002	0,00000E+000	1,13400E+000	6,51157E-006	13	...........	64,57
	2234	223,5	1,12967E+000	6,58570E-002	0,00000E+000	1,13200E+000	8,71157E-006	13	...........	64,56
	2235	223,6	1,12755E+000	6,55343E-002	0,00000E+000	1,13000E+000	9,31157E-006	13	...........	64,57
	2236	223,7	1,12554E+000	6,50973E-002	0,00000E+000	1,12800E+000	1,07116E-005	13	...........	64,58
	2237	223,8	1,12361E+000	6,48696E-002	0,00000E+000	1,12600E+000	5,11157E-006	13	...........	64,56
	2238	223,9	1,12180E+000	6,45357E-002	0,00000E+000	1,12400E+000	6,11157E-006	13	...........	64,56
	2239	224	1,11965E+000	6,38280E-002	0,00000E+000	1,12200E+000	2,31116E-005	13	...........	64,56
	2240	224,1	1,11759E+000	6,33277E-002	0,00000E+000	1,12000E+000	1,11116E-005	13	...........	64,55
	2241	224,2	1,11567E+000	6,30162E-002	0,00000E+000	1,11800E+000	9,11157E-006	13	...........	64,56
	2242	224,3	1,11353E+000	6,23127E-002	0,00000E+000	1,11600E+000	1,27116E-005	13	...........	64,58
	2243	224,4	1,11151E+000	6,18205E-002	0,00000E+000	1,11400E+000	1,33116E-005	13	...........	64,57
	2244	224,5	1,10951E+000	6,13375E-002	0,00000E+000	1,11200E+000	-1,88843E-006	13	...........	64,56
	2245	224,6	1,10757E+000	6,11190E-002	0,00000E+000	1,11000E+000	9,71157E-006	13	...........	64,57
	2246	224,7	1,10570E+000	6,02817E-002	0,00000E+000	1,10800E+000	3,51157E-006	13	...........	64,56
	2247	224,8	1,10361E+000	5,98171E-002	0,00000E+000	1,10600E+000	1,21116E-005	13	...........	64,57
	2248	224,9	1,10160E+000	5,94147E-002	0,00000E+000	1,10400E+000	9,11157E-006	13	...........	64,56
	2249	225	1,09962E+000	5,90482E-002	0,00000E+000	1,10200E+000	6,31157E-006	13	...........	64,57
	2250	225,1	1,09787E+000	5,87571E-002	0,00000E+000	1,10000E+000	1,21116E-005	13	...........	64,56
	2251	225,2	1,09570E+000	5,82670E-002	0,00000E+000	1,09800E+000	1,29116E-005	13	...........	64,57
	2252	225,3	1,09365E+000	5,78024E-002	0,00000E+000	1,09600E+000	1,69116E-005	13	...........	64,56
	2253	225,4	1,09164E+000	5,76901E-002	0,00000E+000	1,09400E+000	5,51157E-006	13	...........	64,57
	2254	225,5	1,08986E+000	5,73694E-002	0,00000E+000	1,09200E+000	2,51157E-006	13	...........	64,56
	2255	225,6	1,08757E+000	5,71713E-002	0,00000E+000	1,09000E+000	7,91157E-006	13	...........	64,57
	2256	225,7	1,08557E+000	5,68558E-002	0,00000E+000	1,08800E+000	9,11157E-006	13	...........	64,57
	2257	225,8	1,08359E+000	5,63922E-002	0,00000E+000	1,08600E+000	-2,08843E-006	13	...........	64,56
	2258	225,9	1,08166E+000	5,60195E-002	0,00000E+000	1,08400E+000	1,45116E-005	13	...........	64,57
	2259	226	1,07964E+000	5,56172E-002	0,00000E+000	1,08200E+000	1,63116E-005	13	...........	64,57
	2260	226,1	1,07762E+000	5,50300E-002	0,00000E+000	1,08000E+000	2,31157E-006	13	...........	64,58
	2261	226,2	1,07565E+000	5,49759E-002	0,00000E+000	1,07800E+000	1,37116E-005	13	...........	64,57
	2262	226,3	1,07386E+000	5,43683E-002	0,00000E+000	1,07600E+000	1,51157E-006	13	...........	64,57
	2263	226,4	1,07173E+000	5,38823E-002	0,00000E+000	1,07400E+000	1,85116E-005	13	...........	64,57
	2264	226,5	1,06969E+000	5,34432E-002	0,00000E+000	1,07200E+000	8,71157E-006	13	...........	64,58
	2265	226,6	1,06770E+000	5,33013E-002	0,00000E+000	1,07000E+000	-3,88844E-006	13	...........	64,58
	2266	226,7	1,06592E+000	5,26457E-002	0,00000E+000	1,06800E+000	7,11567E-007	13	...........	64,57
	2267	226,8	1,06376E+000	5,23332E-002	0,00000E+000	1,06600E+000	4,71157E-006	13	...........	64,57
	2268	226,9	1,06159E+000	5,16930E-002	0,00000E+000	1,06400E+000	5,91157E-006	13	...........	64,58
	2269	227	1,05959E+000	5,14969E-002	0,00000E+000	1,06200E+000	-6,68843E-006	13	...........	64,57
	2270	227,1	1,05768E+000	5,11079E-002	0,00000E+000	1,06000E+000	-4,88431E-007	13	...........	64,58
	2271	227,2	1,05563E+000	5,08975E-002	0,00000E+000	1,05800E+000	1,03116E-005	13	...........	64,57
	2272	227,3	1,05365E+000	5,04687E-002	0,00000E+000	1,05600E+000	-7,88843E-006	13	...........	64,56
	2273	227,4	1,05166E+000	5,01531E-002	0,00000E+000	1,05400E+000	-1,08884E-005	13	...........	64,56
	2274	227,5	1,04990E+000	4,97365E-002	0,00000E+000	1,05200E+000	-2,28843E-006	13	...........	64,57
	2275	227,6	1,04777E+000	4,94261E-002	0,00000E+000	1,05000E+000	2,31157E-006	13	...........	64,57
	2276	227,7	1,04573E+000	4,92801E-002	0,00000E+000	1,04800E+000	3,91157E-006	13	...........	64,58
	2277	227,8	1,04376E+000	4,92362E-002	0,00000E+000	1,04600E+000	2,11157E-006	13	...........	64,57
	2278	227,9	1,04194E+000	4,87705E-002	0,00000E+000	1,04400E+000	-2,48843E-006	13	...........	64,56
	2279	228	1,04015E+000	4,85776E-002	0,00000E+000	1,04200E+000	2,71156E-006	13	...........	64,59
	2280	228,1	1,03775E+000	4,82569E-002	0,00000E+000	1,04000E+000	5,71157E-006	13	...........	64,58
	2281	228,2	1,03565E+000	4,80210E-002	0,00000E+000	1,03800E+000	5,31157E-006	13	...........	64,58
	2282	228,3	1,03377E+000	4,75186E-002	0,00000E+000	1,03600E+000	-3,48843E-006	13	...........	64,57
	2283	228,4	1,03173E+000	4,73573E-002	0,00000E+000	1,03400E+000	-7,28843E-006	13	...........	64,58
	2284	228,5	1,02973E+000	4,68672E-002	0,00000E+000	1,03200E+000	1,39116E-005	13	...........	64,58
	2285	228,6	1,02774E+000	4,65690E-002	0,00000E+000	1,03000E+000	-6,28843E-006	13	...........	64,57
	2286	228,7	1,02591E+000	4,58859E-002	0,00000E+000	1,02800E+000	-6,68843E-006	13	...........	64,57
	2287	228,8	1,02391E+000	4,55979E-002	0,00000E+000	1,02600E+000	5,71157E-006	13	...........	64,57
	2288	228,9	1,02179E+000	4,52528E-002	0,00000E+000	1,02400E+000	-4,88843E-006	13	...........	64,57
	2289	229	1,01988E+000	4,50220E-002	0,00000E+000	1,02200E+000	6,51157E-006	13	...........	64,57
	2290	229,1	1,01795E+000	4,46718E-002	0,00000E+000	1,02000E+000	4,91157E-006	13	...........	64,57
	2291	229,2	1,01622E+000	4,42317E-002	0,00000E+000	1,01800E+000	6,91157E-006	13	...........	64,57
	2292	229,3	1,01394E+000	4,39498E-002	0,00000E+000	1,01600E+000	9,71157E-006	13	...........	64,58
	2293	229,4	1,01186E+000	4,36067E-002	0,00000E+000	1,01400E+000	-2,88843E-006	13	...........	64,57
	2294	229,5	1,00985E+000	4,33433E-002	0,00000E+000	1,01200E+000	6,51157E-006	13	...........	64,58
	2295	229,6	1,00775E+000	4,30247E-002	0,00000E+000	1,01000E+000	1,57116E-005	13	...........	64,58
	2296	229,7	1,00575E+000	4,24324E-002	0,00000E+000	1,00800E+000	5,91157E-006	13	...........	64,57
	2297	229,8	1,00374E+000	4,23293E-002	0,00000E+000	1,00600E+000	6,91157E-006	13	...........	64,58
	2298	229,9	1,00190E+000	4,20985E-002	0,00000E+000	1,00400E+000	-4,28843E-006	13	...........	64,58
	2299	230	9,99927E-001	4,18647E-002	0,00000E+000	1,00200E+000	4,31157E-006	13	...........	64,58
	2300	230,1	9,97847E-001	4,14368E-002	0,00000E+000	1,00000E+000	5,71157E-006	13	...........	64,57
	2301	230,2	9,95796E-001	4,12122E-002	0,00000E+000	9,98000E-001	1,91157E-006	13	...........	64,58
	2302	230,3	9,93956E-001	4,07976E-002	0,00000E+000	9,96000E-001	5,71157E-006	13	...........	64,58
	2303	230,4	9,92253E-001	4,05148E-002	0,00000E+000	9,94000E-001	4,51157E-006	13	...........	64,58
	2304	230,5	9,89908E-001	4,01400E-002	0,00000E+000	9,92000E-001	1,91116E-005	13	...........	64,58
	2305	230,6	9,87860E-001	4,02227E-002	0,00000E+000	9,90000E-001	5,11157E-006	13	...........	64,58
	2306	230,7	9,85901E-001	3,97040E-002	0,00000E+000	9,88000E-001	4,51157E-006	13	...........	64,58
	2307	230,8	9,83777E-001	3,92588E-002	0,00000E+000	9,86000E-001	7,31157E-006	13	...........	64,58
	2308	230,9	9,81776E-001	3,90811E-002	0,00000E+000	9,84000E-001	2,31157E-006	13	...........	64,58
	2309	231	9,79792E-001	3,87840E-002	0,00000E+000	9,82000E-001	1,37116E-005	13	...........	64,59
	2310	231,1	9,77901E-001	3,84082E-002	0,00000E+000	9,80000E-001	1,23116E-005	13	...........	64,57
	2311	231,2	9,75914E-001	3,79160E-002	0,00000E+000	9,78000E-001	3,51157E-006	13	...........	64,58
	2312	231,3	9,73834E-001	3,76975E-002	0,00000E+000	9,76000E-001	3,91157E-006	13	...........	64,59
	2313	231,4	9,71832E-001	3,72655E-002	0,00000E+000	9,74000E-001	2,51157E-006	13	...........	64,58
	2314	231,5	9,69938E-001	3,69949E-002	0,00000E+000	9,72000E-001	-1,88843E-006	13	...........	64,59
	2315	231,6	9,67943E-001	3,67764E-002	0,00000E+000	9,70000E-001	4,91157E-006	13	...........	64,59
	2316	231,7	9,65861E-001	3,62965E-002	0,00000E+000	9,68000E-001	9,11157E-006	13	...........	64,58
	2317	231,8	9,63923E-001	3,59922E-002	0,00000E+000	9,66000E-001	4,91157E-006	13	...........	64,58
	2318	231,9	9,62003E-001	3,55929E-002	0,00000E+000	9,64000E-001	-4,68843E-006	13	...........	64,58
	2319	232	9,59791E-001	3,52958E-002	0,00000E+000	9,62000E-001	1,89116E-005	13	...........	64,58
	2320	232,1	9,57785E-001	3,49139E-002	0,00000E+000	9,60000E-001	6,71157E-006	13	...........	64,57
	2321	232,2	9,55814E-001	3,48649E-002	0,00000E+000	9,58000E-001	7,31157E-006	13	...........	64,58
	2322	232,3	9,53920E-001	3,47035E-002	0,00000E+000	9,56000E-001	7,71157E-006	13	...........	64,59
	2323	232,4	9,51910E-001	3,41521E-002	0,00000E+000	9,54000E-001	1,21116E-005	13	...........	64,59
	2324	232,5	9,49825E-001	3,38846E-002	0,00000E+000	9,52000E-001	7,31157E-006	13	...........	64,59
	2325	232,6	9,47882E-001	3,35905E-002	0,00000E+000	9,50000E-001	4,11157E-006	13	...........	64,59
	2326	232,7	9,45974E-001	3,35047E-002	0,00000E+000	9,48000E-001	7,11567E-007	13	...........	64,59
	2327	232,8	9,44182E-001	3,29850E-002	0,00000E+000	9,46000E-001	8,71157E-006	13	...........	64,59
	2328	232,9	9,41880E-001	3,28053E-002	0,00000E+000	9,44000E-001	8,31157E-006	13	...........	64,58
	2329	233	9,40017E-001	3,23427E-002	0,00000E+000	9,42000E-001	1,49116E-005	13	...........	64,59
	2330	233,1	9,38022E-001	3,21773E-002	0,00000E+000	9,40000E-001	-6,48843E-006	13	...........	64,58
	2331	233,2	9,36213E-001	3,18056E-002	0,00000E+000	9,38000E-001	1,01116E-005	13	...........	64,58
	2332	233,3	9,33847E-001	3,14717E-002	0,00000E+000	9,36000E-001	1,25116E-005	13	...........	64,58
	2333	233,4	9,31884E-001	3,11112E-002	0,00000E+000	9,34000E-001	7,51157E-006	13	...........	64,60
	2334	233,5	9,29964E-001	3,11408E-002	0,00000E+000	9,32000E-001	2,31157E-006	13	...........	64,59
	2335	233,6	9,27965E-001	3,07150E-002	0,00000E+000	9,30000E-001	7,71157E-006	13	...........	64,59
	2336	233,7	9,25937E-001	3,03964E-002	0,00000E+000	9,28000E-001	3,11567E-007	13	...........	64,59
	2337	233,8	9,23963E-001	2,98767E-002	0,00000E+000	9,26000E-001	5,51157E-006	13	...........	64,59
	2338	233,9	9,22028E-001	2,96837E-002	0,00000E+000	9,24000E-001	4,91157E-006	13	...........	64,60
	2339	234	9,20206E-001	2,93590E-002	0,00000E+000	9,22000E-001	1,25116E-005	13	...........	64,60
	2340	234,1	9,18029E-001	2,88944E-002	0,00000E+000	9,20000E-001	3,71157E-006	13	...........	64,60
	2341	234,2	9,16050E-001	2,87167E-002	0,00000E+000	9,18000E-001	2,25116E-005	13	...........	64,59
	2342	234,3	9,14047E-001	2,84675E-002	0,00000E+000	9,16000E-001	7,31157E-006	13	...........	64,59
	2343	234,4	9,12313E-001	2,83491E-002	0,00000E+000	9,14000E-001	4,51157E-006	13	...........	64,59
	2344	234,5	9,10119E-001	2,78528E-002	0,00000E+000	9,12000E-001	1,45116E-005	13	...........	64,59
	2345	234,6	9,07892E-001	2,73494E-002	0,00000E+000	9,10000E-001	2,71156E-006	13	...........	64,60
	2346	234,7	9,05958E-001	2,71748E-002	0,00000E+000	9,08000E-001	-2,88426E-007	13	...........	64,59
	2347	234,8	9,04006E-001	2,70492E-002	0,00000E+000	9,06000E-001	6,11157E-006	13	...........	64,60
	2348	234,9	9,01963E-001	2,66418E-002	0,00000E+000	9,04000E-001	1,41116E-005	13	...........	64,60
	2349	235	8,99960E-001	2,63620E-002	0,00000E+000	9,02000E-001	6,51157E-006	13	...........	64,59
	2350	235,1	8,97996E-001	2,61036E-002	0,00000E+000	9,00000E-001	3,71157E-006	13	...........	64,61
	2351	235,2	8,96250E-001	2,57340E-002	0,00000E+000	8,98000E-001	1,11573E-007	13	...........	64,60
	2352	235,3	8,94070E-001	2,55042E-002	0,00000E+000	8,96000E-001	1,65116E-005	13	...........	64,60
	2353	235,4	8,92060E-001	2,52030E-002	0,00000E+000	8,94000E-001	1,01116E-005	13	...........	64,61
	2354	235,5	8,90086E-001	2,49436E-002	0,00000E+000	8,92000E-001	2,01116E-005	13	...........	64,60
	2355	235,6	8,88308E-001	2,48691E-002	0,00000E+000	8,90000E-001	2,71156E-006	13	...........	64,59
	2356	235,7	8,86154E-001	2,47231E-002	0,00000E+000	8,88000E-001	1,51157E-006	13	...........	64,60
	2357	235,8	8,84034E-001	2,45556E-002	0,00000E+000	8,86000E-001	1,71157E-006	13	...........	64,61
	2358	235,9	8,81964E-001	2,42911E-002	0,00000E+000	8,84000E-001	-3,88844E-006	13	...........	64,61
	2359	236	8,79985E-001	2,40818E-002	0,00000E+000	8,82000E-001	1,07116E-005	13	...........	64,61
	2360	236,1	8,77993E-001	2,37387E-002	0,00000E+000	8,80000E-001	2,71156E-006	13	...........	64,61
	2361	236,2	8,75980E-001	2,35631E-002	0,00000E+000	8,78000E-001	6,11157E-006	13	...........	64,61
	2362	236,3	8,74002E-001	2,32598E-002	0,00000E+000	8,76000E-001	3,11157E-006	13	...........	64,61
	2363	236,4	8,72139E-001	2,27768E-002	0,00000E+000	8,74000E-001	1,11573E-007	13	...........	64,60
	2364	236,5	8,70040E-001	2,26727E-002	0,00000E+000	8,72000E-001	2,01116E-005	13	...........	64,61
	2365	236,6	8,67990E-001	2,20579E-002	0,00000E+000	8,70000E-001	3,71157E-006	13	...........	64,60
	2366	236,7	8,66056E-001	2,17240E-002	0,00000E+000	8,68000E-001	3,71157E-006	13	...........	64,61
	2367	236,8	8,64290E-001	2,15167E-002	0,00000E+000	8,66000E-001	1,35116E-005	13	...........	64,61
	2368	236,9	8,62098E-001	2,14922E-002	0,00000E+000	8,64000E-001	5,11565E-007	13	...........	64,61
	2369	237	8,60055E-001	2,00841E-002	0,00000E+000	8,62000E-001	1,11573E-007	13	...........	64,61
	2370	237,1	8,58111E-001	1,98932E-002	0,00000E+000	8,60000E-001	-2,88426E-007	13	...........	64,61
	2371	237,2	8,56034E-001	1,95092E-002	0,00000E+000	8,58000E-001	6,51157E-006	13	...........	64,62
	2372	237,3	8,54005E-001	1,93050E-002	0,00000E+000	8,56000E-001	3,91157E-006	13	...........	64,61
	2373	237,4	8,52000E-001	1,89078E-002	0,00000E+000	8,54000E-001	-4,28843E-006	13	...........	64,62
	2374	237,5	8,50021E-001	1,88628E-002	0,00000E+000	8,52000E-001	-4,48843E-006	13	...........	64,62
	2375	237,6	8,48201E-001	1,80796E-002	0,00000E+000	8,50000E-001	-6,68843E-006	13	...........	64,62
	2376	237,7	8,46047E-001	1,82440E-002	0,00000E+000	8,48000E-001	2,51157E-006	13	...........	64,63
	2377	237,8	8,44080E-001	1,77243E-002	0,00000E+000	8,46000E-001	6,51157E-006	13	...........	64,63
	2378	237,9	8,42073E-001	1,76589E-002	0,00000E+000	8,44000E-001	-5,48843E-006	13	...........	64,64
	2379	238	8,40293E-001	1,71729E-002	0,00000E+000	8,42000E-001	5,31157E-006	13	...........	64,61
	2380	238,1	8,38358E-001	1,69778E-002	0,00000E+000	8,40000E-001	5,51157E-006	13	...........	64,62
	2381	238,2	8,36140E-001	1,66817E-002	0,00000E+000	8,38000E-001	4,11157E-006	13	...........	64,62
	2382	238,3	8,34199E-001	1,64836E-002	0,00000E+000	8,36000E-001	9,31157E-006	13	...........	64,62
	2383	238,4	8,32111E-001	1,62702E-002	0,00000E+000	8,34000E-001	7,51157E-006	13	...........	64,62
	2384	238,5	8,30057E-001	1,61701E-002	0,00000E+000	8,32000E-001	6,91157E-006	13	...........	64,62
	2385	238,6	8,28097E-001	1,57014E-002	0,00000E+000	8,30000E-001	3,51157E-006	13	...........	64,64
	2386	238,7	8,26097E-001	1,56341E-002	0,00000E+000	8,28000E-001	2,31157E-006	13	...........	64,62
	2387	238,8	8,24272E-001	1,52828E-002	0,00000E+000	8,26000E-001	-2,88426E-007	13	...........	64,63
	2388	238,9	8,22189E-001	1,50918E-002	0,00000E+000	8,24000E-001	2,31157E-006	13	...........	64,63
	2389	239	8,20179E-001	1,46395E-002	0,00000E+000	8,22000E-001	6,11157E-006	13	...........	64,63
	2390	239,1	8,18240E-001	1,45374E-002	0,00000E+000	8,20000E-001	-1,88843E-006	13	...........	64,62
	2391	239,2	8,16344E-001	1,42749E-002	0,00000E+000	8,18000E-001	8,71157E-006	13	...........	64,64
	2392	239,3	8,14329E-001	1,41616E-002	0,00000E+000	8,16000E-001	7,11157E-006	13	...........	64,64
	2393	239,4	8,12301E-001	1,36163E-002	0,00000E+000	8,14000E-001	2,31116E-005	13	...........	64,62
	2394	239,5	8,10305E-001	1,34897E-002	0,00000E+000	8,12000E-001	-1,48843E-006	13	...........	64,63
	2395	239,6	8,08385E-001	1,32354E-002	0,00000E+000	8,10000E-001	4,91157E-006	13	...........	64,64
	2396	239,7	8,06158E-001	1,29454E-002	0,00000E+000	8,08000E-001	6,71157E-006	13	...........	64,63
	2397	239,8	8,04151E-001	1,23481E-002	0,00000E+000	8,06000E-001	-1,28843E-006	13	...........	64,63
	2398	239,9	8,02196E-001	1,24686E-002	0,00000E+000	8,04000E-001	3,31157E-006	13	...........	64,64
	2399	240	8,00302E-001	1,20489E-002	0,00000E+000	8,02000E-001	-4,68843E-006	13	...........	64,64
	2400	240,1	7,98297E-001	1,17630E-002	0,00000E+000	8,00000E-001	7,31157E-006	13	...........	64,64
	2401	240,2	7,96239E-001	1,14965E-002	0,00000E+000	7,98000E-001	4,91157E-006	13	...........	64,65
	2402	240,3	7,94266E-001	1,13882E-002	0,00000E+000	7,96000E-001	-3,68843E-006	13	...........	64,63
	2403	240,4	7,92348E-001	1,10461E-002	0,00000E+000	7,94000E-001	7,51157E-006	13	...........	64,64
	2404	240,5	7,90609E-001	1,10196E-002	0,00000E+000	7,92000E-001	-2,08843E-006	13	...........	64,64
	2405	240,6	7,88353E-001	1,04968E-002	0,00000E+000	7,90000E-001	8,51157E-006	13	...........	64,65
	2406	240,7	7,86375E-001	1,05825E-002	0,00000E+000	7,88000E-001	2,71156E-006	13	...........	64,64
	2407	240,8	7,84392E-001	9,90861E-003	0,00000E+000	7,86000E-001	-9,28843E-006	13	...........	64,64
	2408	240,9	7,82530E-001	9,81364E-003	0,00000E+000	7,84000E-001	1,11116E-005	13	...........	64,64
	2409	241	7,80210E-001	9,50628E-003	0,00000E+000	7,82000E-001	7,51157E-006	13	...........	64,64
	2410	241,1	7,78203E-001	9,25917E-003	0,00000E+000	7,80000E-001	-2,08843E-006	13	...........	64,64
	2411	241,2	7,76328E-001	9,08456E-003	0,00000E+000	7,78000E-001	-7,88843E-006	13	...........	64,64
	2412	241,3	7,74300E-001	8,86604E-003	0,00000E+000	7,76000E-001	1,07116E-005	13	...........	64,64
	2413	241,4	7,72292E-001	8,49741E-003	0,00000E+000	7,74000E-001	4,71157E-006	13	...........	64,64
	2414	241,5	7,70268E-001	8,34628E-003	0,00000E+000	7,72000E-001	7,71157E-006	13	...........	64,64
	2415	241,6	7,68366E-001	7,99298E-003	0,00000E+000	7,70000E-001	-3,48843E-006	13	...........	64,65
	2416	241,7	7,66532E-001	8,03995E-003	0,00000E+000	7,68000E-001	-4,68843E-006	13	...........	64,64
	2417	241,8	7,64367E-001	7,63456E-003	0,00000E+000	7,66000E-001	7,91157E-006	13	...........	64,64
	2418	241,9	7,62397E-001	7,57227E-003	0,00000E+000	7,64000E-001	-1,48843E-006	13	...........	64,64
	2419	242	7,60402E-001	7,36601E-003	0,00000E+000	7,62000E-001	-5,68843E-006	13	...........	64,65
	2420	242,1	7,58696E-001	7,27921E-003	0,00000E+000	7,60000E-001	-1,68843E-006	13	...........	64,65
	2421	242,2	7,56355E-001	6,68900E-003	0,00000E+000	7,58000E-001	6,11157E-006	13	...........	64,66
	2422	242,3	7,54224E-001	6,89016E-003	0,00000E+000	7,56000E-001	3,71157E-006	13	...........	64,66
	2423	242,4	7,52315E-001	6,40921E-003	0,00000E+000	7,54000E-001	1,11573E-007	13	...........	64,65
	2424	242,5	7,50301E-001	6,23971E-003	0,00000E+000	7,52000E-001	2,31157E-006	13	...........	64,66
	2425	242,6	7,48261E-001	5,74140E-003	0,00000E+000	7,50000E-001	2,07116E-005	13	...........	64,67
	2426	242,7	7,46287E-001	5,61784E-003	0,00000E+000	7,48000E-001	9,11157E-006	13	...........	64,66
	2427	242,8	7,44350E-001	5,13791E-003	0,00000E+000	7,46000E-001	-4,28843E-006	13	...........	64,66
	2428	242,9	7,42518E-001	5,12872E-003	0,00000E+000	7,44000E-001	4,91157E-006	13	...........	64,66
	2429	243	7,40293E-001	4,65798E-003	0,00000E+000	7,42000E-001	6,11157E-006	13	...........	64,66
	2430	243,1	7,38380E-001	4,73559E-003	0,00000E+000	7,40000E-001	1,09116E-005	13	...........	64,67
	2431	243,2	7,36423E-001	4,08207E-003	0,00000E+000	7,38000E-001	1,69116E-005	13	...........	64,67
	2432	243,3	7,34648E-001	4,13823E-003	0,00000E+000	7,36000E-001	1,89116E-005	13	...........	64,67
	2433	243,4	7,32417E-001	3,73183E-003	0,00000E+000	7,34000E-001	7,51157E-006	13	...........	64,67
	2434	243,5	7,30413E-001	3,35197E-003	0,00000E+000	7,32000E-001	1,11116E-005	13	...........	64,67
	2435	243,6	7,28338E-001	3,06707E-003	0,00000E+000	7,30000E-001	5,51157E-006	13	...........	64,66
	2436	243,7	7,26335E-001	2,87714E-003	0,00000E+000	7,28000E-001	1,17116E-005	13	...........	64,67
	2437	243,8	7,24300E-001	2,52894E-003	0,00000E+000	7,26000E-001	6,71157E-006	13	...........	64,68
	2438	243,9	7,22354E-001	2,59327E-003	0,00000E+000	7,24000E-001	-2,28843E-006	13	...........	64,68
	2439	244	7,20400E-001	2,30838E-003	0,00000E+000	7,22000E-001	1,11157E-006	13	...........	64,67
	2440	244,1	7,18583E-001	2,28285E-003	0,00000E+000	7,20000E-001	1,69116E-005	13	...........	64,68
	2441	244,2	7,16336E-001	1,83049E-003	0,00000E+000	7,18000E-001	1,01116E-005	13	...........	64,67
	2442	244,3	7,14386E-001	1,57215E-003	0,00000E+000	7,16000E-001	1,63116E-005	13	...........	64,68
	2443	244,4	7,12465E-001	1,40775E-003	0,00000E+000	7,14000E-001	1,27116E-005	13	...........	64,68
	2444	244,5	7,10679E-001	1,19944E-003	0,00000E+000	7,12000E-001	2,09116E-005	13	...........	64,68
	2445	244,6	7,08425E-001	9,44156E-004	0,00000E+000	7,10000E-001	3,71157E-006	13	...........	64,68
	2446	244,7	7,06469E-001	7,15425E-004	0,00000E+000	7,08000E-001	2,17116E-005	13	...........	64,68
	2447	244,8	7,04502E-001	5,27538E-004	0,00000E+000	7,06000E-001	4,91157E-006	13	...........	64,68
	2448	244,9	7,02370E-001	2,69193E-004	0,00000E+000	7,04000E-001	1,27116E-005	13	...........	64,69
	2449	245	7,00341E-001	3,22292E-004	0,00000E+000	7,02000E-001	6,91157E-006	13	...........	64,68
	2450	245,1	6,98353E-001	7,62010E-005	0,00000E+000	7,00000E-001	3,91157E-006	13	...........	64,69
	2451	245,2	6,96412E-001	-7,90099E-005	0,00000E+000	6,98000E-001	4,31157E-006	13	...........	64,68
	2452	245,3	6,94552E-001	-2,37284E-004	0,00000E+000	6,96000E-001	7,91157E-006	13	...........	64,68
	2453	245,4	6,92442E-001	-6,84536E-004	0,00000E+000	6,94000E-001	1,37116E-005	13	...........	64,68
	2454	245,5	6,90460E-001	-1,01947E-003	0,00000E+000	6,92000E-001	3,11157E-006	13	...........	64,69
	2455	245,6	6,88486E-001	-1,26351E-003	0,00000E+000	6,90000E-001	1,03116E-005	13	...........	64,69
	2456	245,7	6,86635E-001	-1,21042E-003	0,00000E+000	6,88000E-001	6,31157E-006	13	...........	64,69
	2457	245,8	6,84662E-001	-1,38605E-003	0,00000E+000	6,86000E-001	2,01116E-005	13	...........	64,68
	2458	245,9	6,82517E-001	-1,84555E-003	0,00000E+000	6,84000E-001	1,49116E-005	13	...........	64,69
	2459	246	6,80557E-001	-1,85168E-003	0,00000E+000	6,82000E-001	5,71157E-006	13	...........	64,70
	2460	246,1	6,78441E-001	-2,33161E-003	0,00000E+000	6,80000E-001	2,91157E-006	13	...........	64,70
	2461	246,2	6,76395E-001	-2,21826E-003	0,00000E+000	6,78000E-001	1,21116E-005	13	...........	64,69
	2462	246,3	6,74426E-001	-2,58893E-003	0,00000E+000	6,76000E-001	3,31157E-006	13	...........	64,69
	2463	246,4	6,72437E-001	-2,81460E-003	0,00000E+000	6,74000E-001	5,51157E-006	13	...........	64,69
	2464	246,5	6,70607E-001	-3,01474E-003	0,00000E+000	6,72000E-001	7,31157E-006	13	...........	64,69
	2465	246,6	6,68515E-001	-3,28126E-003	0,00000E+000	6,70000E-001	8,91157E-006	13	...........	64,69
	2466	246,7	6,66514E-001	-3,42217E-003	0,00000E+000	6,68000E-001	1,51116E-005	13	...........	64,70
	2467	246,8	6,64492E-001	-3,67030E-003	0,00000E+000	6,66000E-001	8,91157E-006	13	...........	64,69
	2468	246,9	6,62707E-001	-3,54981E-003	0,00000E+000	6,64000E-001	-5,28843E-006	13	...........	64,70
	2469	247	6,60589E-001	-4,09305E-003	0,00000E+000	6,62000E-001	1,31116E-005	13	...........	64,70
	2470	247,1	6,58555E-001	-4,35241E-003	0,00000E+000	6,60000E-001	9,31157E-006	13	...........	64,71
	2471	247,2	6,56553E-001	-4,24417E-003	0,00000E+000	6,58000E-001	3,11157E-006	13	...........	64,70
	2472	247,3	6,54702E-001	-4,55970E-003	0,00000E+000	6,56000E-001	-6,28843E-006	13	...........	64,70
	2473	247,4	6,52431E-001	-4,82213E-003	0,00000E+000	6,54000E-001	1,19116E-005	13	...........	64,71
	2474	247,5	6,50435E-001	-5,26530E-003	0,00000E+000	6,52000E-001	-2,88426E-007	13	...........	64,69
	2475	247,6	6,48453E-001	-5,24896E-003	0,00000E+000	6,50000E-001	7,11567E-007	13	...........	64,70
	2476	247,7	6,46592E-001	-5,40724E-003	0,00000E+000	6,48000E-001	1,03116E-005	13	...........	64,70
	2477	247,8	6,44486E-001	-5,64414E-003	0,00000E+000	6,46000E-001	6,11157E-006	13	...........	64,71
	2478	247,9	6,42472E-001	-6,15163E-003	0,00000E+000	6,44000E-001	2,11157E-006	13	...........	64,71
	2479	248	6,40501E-001	-6,29051E-003	0,00000E+000	6,42000E-001	1,13116E-005	13	...........	64,71
	2480	248,1	6,38704E-001	-6,49984E-003	0,00000E+000	6,40000E-001	9,71157E-006	13	...........	64,71
	2481	248,2	6,36689E-001	-6,66016E-003	0,00000E+000	6,38000E-001	9,71157E-006	13	...........	64,70
	2482	248,3	6,34555E-001	-7,09311E-003	0,00000E+000	6,36000E-001	1,63116E-005	13	...........	64,71
	2483	248,4	6,32571E-001	-6,97772E-003	0,00000E+000	6,34000E-001	2,71156E-006	13	...........	64,72
	2484	248,5	6,30732E-001	-7,31674E-003	0,00000E+000	6,32000E-001	-3,28843E-006	13	...........	64,72
	2485	248,6	6,28687E-001	-7,39741E-003	0,00000E+000	6,30000E-001	5,31157E-006	13	...........	64,71
	2486	248,7	6,26481E-001	-7,89265E-003	0,00000E+000	6,28000E-001	1,71157E-006	13	...........	64,71
	2487	248,8	6,24487E-001	-7,79156E-003	0,00000E+000	6,26000E-001	2,31157E-006	13	...........	64,71
	2488	248,9	6,22643E-001	-8,02029E-003	0,00000E+000	6,24000E-001	-5,88843E-006	13	...........	64,72
	2489	249	6,20542E-001	-8,09790E-003	0,00000E+000	6,22000E-001	1,61116E-005	13	...........	64,71
	2490	249,1	6,18540E-001	-8,46754E-003	0,00000E+000	6,20000E-001	1,11116E-005	13	...........	64,72
	2491	249,2	6,16530E-001	-8,59825E-003	0,00000E+000	6,18000E-001	-8,84284E-008	13	...........	64,72
	2492	249,3	6,14719E-001	-8,74325E-003	0,00000E+000	6,16000E-001	-5,28843E-006	13	...........	64,72
	2493	249,4	6,12658E-001	-8,92092E-003	0,00000E+000	6,14000E-001	5,71157E-006	13	...........	64,72
	2494	249,5	6,10595E-001	-9,36001E-003	0,00000E+000	6,12000E-001	1,51116E-005	13	...........	64,72
	2495	249,6	6,08628E-001	-9,46314E-003	0,00000E+000	6,10000E-001	1,55116E-005	13	...........	64,72
	2496	249,7	6,06737E-001	-9,76131E-003	0,00000E+000	6,08000E-001	1,55116E-005	13	...........	64,72
	2497	249,8	6,04916E-001	-9,83177E-003	0,00000E+000	6,06000E-001	9,11157E-006	13	...........	64,72
	2498	249,9	6,02616E-001	-1,00452E-002	0,00000E+000	6,04000E-001	3,51157E-006	13	...........	64,72
	2499	250	6,00516E-001	-1,03270E-002	0,00000E+000	6,02000E-001	1,71157E-006	13	...........	64,72
	2500	250,1	5,98641E-001	-1,08774E-002	0,00000E+000	6,00000E-001	3,91157E-006	13	...........	64,72
	2501	250,2	5,96583E-001	-1,07814E-002	0,00000E+000	5,98000E-001	9,91157E-006	13	...........	64,72
	2502	250,3	5,94538E-001	-1,16514E-002	0,00000E+000	5,96000E-001	2,31157E-006	13	...........	64,72
	2503	250,4	5,92565E-001	-1,13890E-002	0,00000E+000	5,94000E-001	5,91157E-006	13	...........	64,73
	2504	250,5	5,90706E-001	-1,19067E-002	0,00000E+000	5,92000E-001	-1,38884E-005	13	...........	64,73
	2505	250,6	5,88779E-001	-1,22069E-002	0,00000E+000	5,90000E-001	1,09116E-005	13	...........	64,72
	2506	250,7	5,86585E-001	-1,23590E-002	0,00000E+000	5,88000E-001	7,51157E-006	13	...........	64,74
	2507	250,8	5,84692E-001	-1,24509E-002	0,00000E+000	5,86000E-001	1,01116E-005	13	...........	64,72
	2508	250,9	5,82772E-001	-1,28563E-002	0,00000E+000	5,84000E-001	8,51157E-006	13	...........	64,73
	2509	251	5,81011E-001	-1,28757E-002	0,00000E+000	5,82000E-001	2,71156E-006	13	...........	64,73
	2510	251,1	5,78707E-001	-1,34976E-002	0,00000E+000	5,80000E-001	1,45116E-005	13	...........	64,72
	2511	251,2	5,76682E-001	-1,35701E-002	0,00000E+000	5,78000E-001	3,51157E-006	13	...........	64,74
	2512	251,3	5,74684E-001	-1,38764E-002	0,00000E+000	5,76000E-001	-2,68843E-006	13	...........	64,73
	2513	251,4	5,72619E-001	-1,39224E-002	0,00000E+000	5,74000E-001	-6,88433E-007	13	...........	64,73
	2514	251,5	5,70589E-001	-1,44207E-002	0,00000E+000	5,72000E-001	5,91157E-006	13	...........	64,73
	2515	251,6	5,68618E-001	-1,41756E-002	0,00000E+000	5,70000E-001	9,71157E-006	13	...........	64,73
	2516	251,7	5,66742E-001	-1,47985E-002	0,00000E+000	5,68000E-001	-9,68843E-006	13	...........	64,73
	2517	251,8	5,64876E-001	-1,47372E-002	0,00000E+000	5,66000E-001	1,91157E-006	13	...........	64,74
	2518	251,9	5,62650E-001	-1,54612E-002	0,00000E+000	5,64000E-001	8,51157E-006	13	...........	64,73
	2519	252	5,60684E-001	-1,52396E-002	0,00000E+000	5,62000E-001	-4,28843E-006	13	...........	64,73
	2520	252,1	5,58796E-001	-1,56124E-002	0,00000E+000	5,60000E-001	-2,28843E-006	13	...........	64,73
	2521	252,2	5,57017E-001	-1,57686E-002	0,00000E+000	5,58000E-001	2,01116E-005	13	...........	64,74
	2522	252,3	5,54690E-001	-1,61556E-002	0,00000E+000	5,56000E-001	5,11157E-006	13	...........	64,74
	2523	252,4	5,52766E-001	-1,61913E-002	0,00000E+000	5,54000E-001	-3,08843E-006	13	...........	64,74
	2524	252,5	5,50814E-001	-1,66243E-002	0,00000E+000	5,52000E-001	-1,88843E-006	13	...........	64,73
	2525	252,6	5,48645E-001	-1,66243E-002	0,00000E+000	5,50000E-001	7,11157E-006	13	...........	64,74
	2526	252,7	5,46633E-001	-1,70235E-002	0,00000E+000	5,48000E-001	1,51116E-005	13	...........	64,74
	2527	252,8	5,44653E-001	-1,71982E-002	0,00000E+000	5,46000E-001	1,05116E-005	13	...........	64,74
	2528	252,9	5,42749E-001	-1,72278E-002	0,00000E+000	5,44000E-001	-1,88843E-006	13	...........	64,74
	2529	253	5,40770E-001	-1,75167E-002	0,00000E+000	5,42000E-001	-1,28843E-006	13	...........	64,74
	2530	253,1	5,38712E-001	-1,81407E-002	0,00000E+000	5,40000E-001	8,11157E-006	13	...........	64,75
	2531	253,2	5,36738E-001	-1,80242E-002	0,00000E+000	5,38000E-001	1,65116E-005	13	...........	64,74
	2532	253,3	5,34795E-001	-1,84909E-002	0,00000E+000	5,36000E-001	1,11157E-006	13	...........	64,74
	2533	253,4	5,33014E-001	-1,84827E-002	0,00000E+000	5,34000E-001	-4,88843E-006	13	...........	64,75
	2534	253,5	5,30906E-001	-1,89320E-002	0,00000E+000	5,32000E-001	1,09116E-005	13	...........	64,75
	2535	253,6	5,28827E-001	-1,90893E-002	0,00000E+000	5,30000E-001	5,51157E-006	13	...........	64,75
	2536	253,7	5,26907E-001	-1,94916E-002	0,00000E+000	5,28000E-001	-5,48843E-006	13	...........	64,75
	2537	253,8	5,24720E-001	-1,96683E-002	0,00000E+000	5,26000E-001	6,91157E-006	13	...........	64,75
	2538	253,9	5,22713E-001	-2,02043E-002	0,00000E+000	5,24000E-001	7,51157E-006	13	...........	64,74
	2539	254	5,20743E-001	-2,03636E-002	0,00000E+000	5,22000E-001	5,31157E-006	13	...........	64,75
	2540	254,1	5,18769E-001	-2,07772E-002	0,00000E+000	5,20000E-001	-8,88431E-007	13	...........	64,74
	2541	254,2	5,16891E-001	-2,09140E-002	0,00000E+000	5,18000E-001	3,11157E-006	13	...........	64,76
	2542	254,3	5,14807E-001	-2,11918E-002	0,00000E+000	5,16000E-001	3,11567E-007	13	...........	64,75
	2543	254,4	5,12830E-001	-2,12806E-002	0,00000E+000	5,14000E-001	-1,00884E-005	13	...........	64,75
	2544	254,5	5,10822E-001	-2,16717E-002	0,00000E+000	5,12000E-001	8,71157E-006	13	...........	64,76
	2545	254,6	5,09083E-001	-2,16911E-002	0,00000E+000	5,10000E-001	4,91157E-006	13	...........	64,76
	2546	254,7	5,06867E-001	-2,20812E-002	0,00000E+000	5,08000E-001	1,01116E-005	13	...........	64,75
	2547	254,8	5,04852E-001	-2,24661E-002	0,00000E+000	5,06000E-001	1,11573E-007	13	...........	64,75
	2548	254,9	5,02829E-001	-2,25968E-002	0,00000E+000	5,04000E-001	-3,08843E-006	13	...........	64,75
	2549	255	5,01022E-001	-2,30175E-002	0,00000E+000	5,02000E-001	1,63116E-005	13	...........	64,77
	2550	255,1	4,98699E-001	-2,35955E-002	0,00000E+000	5,00000E-001	-2,88426E-007	13	...........	64,76
	2551	255,2	4,96688E-001	-2,36006E-002	0,00000E+000	4,98000E-001	-5,28843E-006	13	...........	64,75
	2552	255,3	4,94761E-001	-2,39131E-002	0,00000E+000	4,96000E-001	-2,08843E-006	13	...........	64,77
	2553	255,4	4,92793E-001	-2,40111E-002	0,00000E+000	4,94000E-001	8,31157E-006	13	...........	64,76
	2554	255,5	4,90803E-001	-2,43317E-002	0,00000E+000	4,92000E-001	1,03116E-005	13	...........	64,76
	2555	255,6	4,88748E-001	-2,44982E-002	0,00000E+000	4,90000E-001	2,31157E-006	13	...........	64,77
	2556	255,7	4,86799E-001	-2,48525E-002	0,00000E+000	4,88000E-001	1,17116E-005	13	...........	64,77
	2557	255,8	4,85068E-001	-2,48045E-002	0,00000E+000	4,86000E-001	1,11573E-007	13	...........	64,77
	2558	255,9	4,82916E-001	-2,53631E-002	0,00000E+000	4,84000E-001	2,91157E-006	13	...........	64,77
	2559	256	4,80891E-001	-2,55908E-002	0,00000E+000	4,82000E-001	8,91157E-006	13	...........	64,77
	2560	256,1	4,78848E-001	-2,58910E-002	0,00000E+000	4,80000E-001	7,51157E-006	13	...........	64,77
	2561	256,2	4,77085E-001	-2,60911E-002	0,00000E+000	4,78000E-001	1,91157E-006	13	...........	64,77
	2562	256,3	4,74898E-001	-2,66068E-002	0,00000E+000	4,76000E-001	1,51116E-005	13	...........	64,77
	2563	256,4	4,72758E-001	-2,71419E-002	0,00000E+000	4,74000E-001	7,51157E-006	13	...........	64,78
	2564	256,5	4,70780E-001	-2,75769E-002	0,00000E+000	4,72000E-001	-1,88843E-006	13	...........	64,78
	2565	256,6	4,68845E-001	-2,77668E-002	0,00000E+000	4,70000E-001	1,11573E-007	13	...........	64,78
	2566	256,7	4,66814E-001	-2,83437E-002	0,00000E+000	4,68000E-001	1,71116E-005	13	...........	64,78
	2567	256,8	4,64834E-001	-2,85684E-002	0,00000E+000	4,66000E-001	7,31157E-006	13	...........	64,77
	2568	256,9	4,62848E-001	-2,87910E-002	0,00000E+000	4,64000E-001	5,71157E-006	13	...........	64,77
	2569	257	4,61057E-001	-2,89819E-002	0,00000E+000	4,62000E-001	1,17116E-005	13	...........	64,77
	2570	257,1	4,58901E-001	-2,95589E-002	0,00000E+000	4,60000E-001	-1,08843E-006	13	...........	64,77
	2571	257,2	4,56883E-001	-2,97161E-002	0,00000E+000	4,58000E-001	1,07116E-005	13	...........	64,78
	2572	257,3	4,54937E-001	-3,00674E-002	0,00000E+000	4,56000E-001	1,33116E-005	13	...........	64,79
	2573	257,4	4,53117E-001	-3,02726E-002	0,00000E+000	4,54000E-001	8,51157E-006	13	...........	64,78
	2574	257,5	4,51006E-001	-3,06290E-002	0,00000E+000	4,52000E-001	5,31157E-006	13	...........	64,79
	2575	257,6	4,48880E-001	-3,10048E-002	0,00000E+000	4,50000E-001	-8,84284E-008	13	...........	64,79
	2576	257,7	4,46825E-001	-3,13652E-002	0,00000E+000	4,48000E-001	-6,88433E-007	13	...........	64,77
	2577	257,8	4,44881E-001	-3,16001E-002	0,00000E+000	4,46000E-001	7,51157E-006	13	...........	64,78
	2578	257,9	4,42831E-001	-3,20136E-002	0,00000E+000	4,44000E-001	1,15116E-005	13	...........	64,79
	2579	258	4,40853E-001	-3,20698E-002	0,00000E+000	4,42000E-001	4,51157E-006	13	...........	64,78
	2580	258,1	4,38861E-001	-3,25171E-002	0,00000E+000	4,40000E-001	-7,88843E-006	13	...........	64,79
	2581	258,2	4,37029E-001	-3,26692E-002	0,00000E+000	4,38000E-001	-3,08843E-006	13	...........	64,78
	2582	258,3	4,34925E-001	-3,31992E-002	0,00000E+000	4,36000E-001	9,11572E-007	13	...........	64,78
	2583	258,4	4,32918E-001	-3,33534E-002	0,00000E+000	4,34000E-001	3,31157E-006	13	...........	64,79
	2584	258,5	4,30942E-001	-3,35065E-002	0,00000E+000	4,32000E-001	4,31157E-006	13	...........	64,78
	2585	258,6	4,29137E-001	-3,37363E-002	0,00000E+000	4,30000E-001	-1,08843E-006	13	...........	64,79
	2586	258,7	4,27279E-001	-3,42714E-002	0,00000E+000	4,28000E-001	1,23116E-005	13	...........	64,79
	2587	258,8	4,25002E-001	-3,49749E-002	0,00000E+000	4,26000E-001	8,31157E-006	13	...........	64,80
	2588	258,9	4,23068E-001	-3,52322E-002	0,00000E+000	4,24000E-001	7,71157E-006	13	...........	64,80
	2589	259	4,20947E-001	-3,54426E-002	0,00000E+000	4,22000E-001	5,31157E-006	13	...........	64,80
	2590	259,1	4,18909E-001	-3,61318E-002	0,00000E+000	4,20000E-001	1,19116E-005	13	...........	64,80
	2591	259,2	4,16917E-001	-3,65311E-002	0,00000E+000	4,18000E-001	1,41116E-005	13	...........	64,80
	2592	259,3	4,14908E-001	-3,67792E-002	0,00000E+000	4,16000E-001	7,11157E-006	13	...........	64,80
	2593	259,4	4,13087E-001	-3,70733E-002	0,00000E+000	4,14000E-001	5,71157E-006	13	...........	64,80
	2594	259,5	4,11065E-001	-3,75104E-002	0,00000E+000	4,12000E-001	8,11157E-006	13	...........	64,80
	2595	259,6	4,08911E-001	-3,80628E-002	0,00000E+000	4,10000E-001	1,01116E-005	13	...........	64,79
	2596	259,7	4,06922E-001	-3,84304E-002	0,00000E+000	4,08000E-001	7,71157E-006	13	...........	64,79
	2597	259,8	4,05124E-001	-3,85754E-002	0,00000E+000	4,06000E-001	2,71156E-006	13	...........	64,80
	2598	259,9	4,03283E-001	-3,88674E-002	0,00000E+000	4,04000E-001	2,33116E-005	13	...........	64,79
	2599	260	4,00970E-001	-3,94760E-002	0,00000E+000	4,02000E-001	2,91157E-006	13	...........	64,79
	2600	260,1	3,98946E-001	-3,99100E-002	0,00000E+000	4,00000E-001	8,51157E-006	13	...........	64,81
	2601	260,2	3,96871E-001	-4,04267E-002	0,00000E+000	3,98000E-001	8,11157E-006	13	...........	64,81
	2602	260,3	3,94858E-001	-4,05339E-002	0,00000E+000	3,96000E-001	1,77116E-005	13	...........	64,80
	2603	260,4	3,92858E-001	-4,09679E-002	0,00000E+000	3,94000E-001	6,51157E-006	13	...........	64,80
	2604	260,5	3,90851E-001	-4,11486E-002	0,00000E+000	3,92000E-001	-4,68843E-006	13	...........	64,79
	2605	260,6	3,88980E-001	-4,16857E-002	0,00000E+000	3,90000E-001	8,71157E-006	13	...........	64,79
	2606	260,7	3,86936E-001	-4,20687E-002	0,00000E+000	3,88000E-001	1,11116E-005	13	...........	64,79
	2607	260,8	3,84924E-001	-4,25751E-002	0,00000E+000	3,86000E-001	-4,88431E-007	13	...........	64,81
	2608	260,9	3,82942E-001	-4,30173E-002	0,00000E+000	3,84000E-001	-5,68843E-006	13	...........	64,82
	2609	261	3,81111E-001	-4,37780E-002	0,00000E+000	3,82000E-001	1,51157E-006	13	...........	64,81
	2610	261,1	3,79097E-001	-4,38679E-002	0,00000E+000	3,80000E-001	8,51157E-006	13	...........	64,81
	2611	261,2	3,76986E-001	-4,45582E-002	0,00000E+000	3,78000E-001	5,51157E-006	13	...........	64,80
	2612	261,3	3,75032E-001	-4,47491E-002	0,00000E+000	3,76000E-001	2,51157E-006	13	...........	64,81
	2613	261,4	3,73159E-001	-4,55190E-002	0,00000E+000	3,74000E-001	-2,48843E-006	13	...........	64,81
	2614	261,5	3,70919E-001	-4,57447E-002	0,00000E+000	3,72000E-001	4,11157E-006	13	...........	64,82
	2615	261,6	3,68911E-001	-4,62185E-002	0,00000E+000	3,70000E-001	-8,84284E-008	13	...........	64,80
	2616	261,7	3,66926E-001	-4,64442E-002	0,00000E+000	3,68000E-001	-3,68843E-006	13	...........	64,81
	2617	261,8	3,65075E-001	-4,72652E-002	0,00000E+000	3,66000E-001	2,51157E-006	13	...........	64,80
	2618	261,9	3,63015E-001	-4,72958E-002	0,00000E+000	3,64000E-001	1,37116E-005	13	...........	64,81
	2619	262	3,60974E-001	-4,81311E-002	0,00000E+000	3,62000E-001	6,31157E-006	13	...........	64,81
	2620	262,1	3,58992E-001	-4,82710E-002	0,00000E+000	3,60000E-001	5,11565E-007	13	...........	64,81
	2621	262,2	3,57142E-001	-4,87887E-002	0,00000E+000	3,58000E-001	4,11157E-006	13	...........	64,81
	2622	262,3	3,55180E-001	-4,91941E-002	0,00000E+000	3,56000E-001	2,51157E-006	13	...........	64,81
	2623	262,4	3,53010E-001	-4,97056E-002	0,00000E+000	3,54000E-001	1,03116E-005	13	...........	64,81
	2624	262,5	3,51082E-001	-4,98905E-002	0,00000E+000	3,52000E-001	-6,88433E-007	13	...........	64,80
	2625	262,6	3,49165E-001	-5,06778E-002	0,00000E+000	3,50000E-001	-8,28843E-006	13	...........	64,81
	2626	262,7	3,47226E-001	-5,07635E-002	0,00000E+000	3,48000E-001	-3,48843E-006	13	...........	64,81
	2627	262,8	3,44940E-001	-5,16407E-002	0,00000E+000	3,46000E-001	1,11116E-005	13	...........	64,81
	2628	262,9	3,42961E-001	-5,18347E-002	0,00000E+000	3,44000E-001	-3,68843E-006	13	...........	64,82
	2629	263	3,41086E-001	-5,25995E-002	0,00000E+000	3,42000E-001	-8,28843E-006	13	...........	64,82
	2630	263,1	3,39030E-001	-5,28742E-002	0,00000E+000	3,40000E-001	1,05116E-005	13	...........	64,81
	2631	263,2	3,36995E-001	-5,36176E-002	0,00000E+000	3,38000E-001	1,31157E-006	13	...........	64,81
	2632	263,3	3,35033E-001	-5,39188E-002	0,00000E+000	3,36000E-001	3,91157E-006	13	...........	64,80
	2633	263,4	3,33141E-001	-5,46867E-002	0,00000E+000	3,34000E-001	-6,88433E-007	13	...........	64,82
	2634	263,5	3,31180E-001	-5,48429E-002	0,00000E+000	3,32000E-001	1,07116E-005	13	...........	64,81
	2635	263,6	3,29095E-001	-5,58252E-002	0,00000E+000	3,30000E-001	3,91157E-006	13	...........	64,81
	2636	263,7	3,27084E-001	-5,60662E-002	0,00000E+000	3,28000E-001	1,39116E-005	13	...........	64,82
	2637	263,8	3,25178E-001	-5,66901E-002	0,00000E+000	3,26000E-001	-3,68843E-006	13	...........	64,82
	2638	263,9	3,23496E-001	-5,68719E-002	0,00000E+000	3,24000E-001	2,11157E-006	13	...........	64,81
	2639	264	3,21113E-001	-5,76735E-002	0,00000E+000	3,22000E-001	-4,88843E-006	13	...........	64,82
	2640	264,1	3,18996E-001	-5,76827E-002	0,00000E+000	3,20000E-001	5,11565E-007	13	...........	64,81
	2641	264,2	3,17093E-001	-5,84015E-002	0,00000E+000	3,18000E-001	1,11573E-007	13	...........	64,82
	2642	264,3	3,15060E-001	-5,88284E-002	0,00000E+000	3,16000E-001	-9,28843E-006	13	...........	64,83
	2643	264,4	3,13014E-001	-5,99771E-002	0,00000E+000	3,14000E-001	1,13116E-005	13	...........	64,82
	2644	264,5	3,11054E-001	-6,01272E-002	0,00000E+000	3,12000E-001	-1,28843E-006	13	...........	64,84
	2645	264,6	3,09144E-001	-6,12627E-002	0,00000E+000	3,10000E-001	-4,88431E-007	13	...........	64,82
	2646	264,7	3,07180E-001	-6,15803E-002	0,00000E+000	3,08000E-001	7,11157E-006	13	...........	64,84
	2647	264,8	3,04988E-001	-6,26637E-002	0,00000E+000	3,06000E-001	1,73116E-005	13	...........	64,82
	2648	264,9	3,03081E-001	-6,26280E-002	0,00000E+000	3,04000E-001	1,49116E-005	13	...........	64,83
	2649	265	3,01194E-001	-6,33377E-002	0,00000E+000	3,02000E-001	2,43116E-005	13	...........	64,83
	2650	265,1	2,99342E-001	-6,37696E-002	0,00000E+000	3,00000E-001	1,63116E-005	13	...........	64,84
	2651	265,2	2,97035E-001	-6,48152E-002	0,00000E+000	2,98000E-001	8,51157E-006	13	...........	64,85
	2652	265,3	2,95082E-001	-6,49429E-002	0,00000E+000	2,96000E-001	6,31157E-006	13	...........	64,83
	2653	265,4	2,93104E-001	-6,57567E-002	0,00000E+000	2,94000E-001	5,31157E-006	13	...........	64,83
	2654	265,5	2,91047E-001	-6,60549E-002	0,00000E+000	2,92000E-001	6,31157E-006	13	...........	64,83
	2655	265,6	2,89025E-001	-6,69596E-002	0,00000E+000	2,90000E-001	1,03116E-005	13	...........	64,84
	2656	265,7	2,87067E-001	-6,69739E-002	0,00000E+000	2,88000E-001	7,51157E-006	13	...........	64,84
	2657	265,8	2,85151E-001	-6,82523E-002	0,00000E+000	2,86000E-001	6,31157E-006	13	...........	64,84
	2658	265,9	2,83200E-001	-6,84116E-002	0,00000E+000	2,84000E-001	5,71157E-006	13	...........	64,84
	2659	266	2,81124E-001	-6,95737E-002	0,00000E+000	2,82000E-001	8,11157E-006	13	...........	64,83
	2660	266,1	2,79151E-001	-6,97544E-002	0,00000E+000	2,80000E-001	8,11157E-006	13	...........	64,84
	2661	266,2	2,77196E-001	-7,09828E-002	0,00000E+000	2,78000E-001	4,11157E-006	13	...........	64,84
	2662	266,3	2,75487E-001	-7,12871E-002	0,00000E+000	2,76000E-001	3,51157E-006	13	...........	64,84
	2663	266,4	2,73213E-001	-7,22755E-002	0,00000E+000	2,74000E-001	2,71156E-006	13	...........	64,85
	2664	266,5	2,71151E-001	-7,24287E-002	0,00000E+000	2,72000E-001	1,21116E-005	13	...........	64,85
	2665	266,6	2,69191E-001	-7,36673E-002	0,00000E+000	2,70000E-001	1,43116E-005	13	...........	64,84
	2666	266,7	2,67081E-001	-7,35754E-002	0,00000E+000	2,68000E-001	1,53116E-005	13	...........	64,84
	2667	266,8	2,65084E-001	-7,47610E-002	0,00000E+000	2,66000E-001	8,71157E-006	13	...........	64,84
	2668	266,9	2,63076E-001	-7,49601E-002	0,00000E+000	2,64000E-001	-1,48843E-006	13	...........	64,84
	2669	267	2,61149E-001	-7,64101E-002	0,00000E+000	2,62000E-001	-2,48843E-006	13	...........	64,85
	2670	267,1	2,59262E-001	-7,67358E-002	0,00000E+000	2,60000E-001	-2,28843E-006	13	...........	64,84
	2671	267,2	2,57135E-001	-7,78601E-002	0,00000E+000	2,58000E-001	1,71157E-006	13	...........	64,85
	2672	267,3	2,55182E-001	-7,82920E-002	0,00000E+000	2,56000E-001	9,11157E-006	13	...........	64,84
	2673	267,4	2,53223E-001	-7,92600E-002	0,00000E+000	2,54000E-001	-8,08843E-006	13	...........	64,86
	2674	267,5	2,51320E-001	-7,97022E-002	0,00000E+000	2,52000E-001	1,19116E-005	13	...........	64,85
	2675	267,6	2,49277E-001	-8,07437E-002	0,00000E+000	2,50000E-001	2,13116E-005	13	...........	64,85
	2676	267,7	2,47222E-001	-8,12277E-002	0,00000E+000	2,48000E-001	1,11573E-007	13	...........	64,85
	2677	267,8	2,45273E-001	-8,21845E-002	0,00000E+000	2,46000E-001	5,11565E-007	13	...........	64,84
	2678	267,9	2,43116E-001	-8,26961E-002	0,00000E+000	2,44000E-001	4,51157E-006	13	...........	64,85
	2679	268	2,41110E-001	-8,37234E-002	0,00000E+000	2,42000E-001	1,15116E-005	13	...........	64,86
	2680	268,1	2,39149E-001	-8,41400E-002	0,00000E+000	2,40000E-001	-8,84284E-008	13	...........	64,86
	2681	268,2	2,37174E-001	-8,54358E-002	0,00000E+000	2,38000E-001	-3,28843E-006	13	...........	64,86
	2682	268,3	2,35245E-001	-8,61302E-002	0,00000E+000	2,36000E-001	4,31157E-006	13	...........	64,86
	2683	268,4	2,33212E-001	-8,71635E-002	0,00000E+000	2,34000E-001	5,91157E-006	13	...........	64,85
	2684	268,5	2,31204E-001	-8,76761E-002	0,00000E+000	2,32000E-001	3,11567E-007	13	...........	64,85
	2685	268,6	2,29208E-001	-8,85911E-002	0,00000E+000	2,30000E-001	-2,48843E-006	13	...........	64,87
	2686	268,7	2,27433E-001	-8,92456E-002	0,00000E+000	2,28000E-001	-8,88843E-006	13	...........	64,86
	2687	268,8	2,25234E-001	-9,03127E-002	0,00000E+000	2,26000E-001	-8,28843E-006	13	...........	64,85
	2688	268,9	2,23288E-001	-9,07222E-002	0,00000E+000	2,24000E-001	2,31157E-006	13	...........	64,86
	2689	269	2,21253E-001	-9,20037E-002	0,00000E+000	2,22000E-001	2,51157E-006	13	...........	64,86
	2690	269,1	2,19424E-001	-9,26623E-002	0,00000E+000	2,20000E-001	1,59116E-005	13	...........	64,86
	2691	269,2	2,17153E-001	-9,37784E-002	0,00000E+000	2,18000E-001	1,21116E-005	13	...........	64,87
	2692	269,3	2,15185E-001	-9,45555E-002	0,00000E+000	2,16000E-001	5,71157E-006	13	...........	64,86
	2693	269,4	2,13224E-001	-9,53887E-002	0,00000E+000	2,14000E-001	7,31157E-006	13	...........	64,85
	2694	269,5	2,11307E-001	-9,60912E-002	0,00000E+000	2,12000E-001	1,93116E-005	13	...........	64,86
	2695	269,6	2,09226E-001	-9,73840E-002	0,00000E+000	2,10000E-001	6,11157E-006	13	...........	64,87
	2696	269,7	2,07275E-001	-9,78884E-002	0,00000E+000	2,08000E-001	3,11567E-007	13	...........	64,86
	2697	269,8	2,05308E-001	-9,86920E-002	0,00000E+000	2,06000E-001	1,07116E-005	13	...........	64,86
	2698	269,9	2,03487E-001	-9,93241E-002	0,00000E+000	2,04000E-001	1,01116E-005	13	...........	64,87
	2699	270	2,01417E-001	-1,00677E-001	0,00000E+000	2,02000E-001	1,15116E-005	13	...........	64,86
	2700	270,1	1,99342E-001	-1,01375E-001	0,00000E+000	2,00000E-001	7,11157E-006	13	...........	64,87
	2701	270,2	1,97360E-001	-1,02668E-001	0,00000E+000	1,98000E-001	2,71156E-006	13	...........	64,87
	2702	270,3	1,95533E-001	-1,03442E-001	0,00000E+000	1,96000E-001	6,11157E-006	13	...........	64,86
	2703	270,4	1,93407E-001	-1,04585E-001	0,00000E+000	1,94000E-001	1,31157E-006	13	...........	64,87
	2704	270,5	1,91225E-001	-1,05267E-001	0,00000E+000	1,92000E-001	1,91157E-006	13	...........	64,86
	2705	270,6	1,89222E-001	-1,05984E-001	0,00000E+000	1,90000E-001	-5,48843E-006	13	...........	64,86
	2706	270,7	1,87302E-001	-1,07135E-001	0,00000E+000	1,88000E-001	7,91157E-006	13	...........	64,87
	2707	270,8	1,85248E-001	-1,08306E-001	0,00000E+000	1,86000E-001	8,31157E-006	13	...........	64,86
	2708	270,9	1,83257E-001	-1,09103E-001	0,00000E+000	1,84000E-001	4,11157E-006	13	...........	64,88
	2709	271	1,81268E-001	-1,10097E-001	0,00000E+000	1,82000E-001	6,11157E-006	13	...........	64,87
	2710	271,1	1,79492E-001	-1,11087E-001	0,00000E+000	1,80000E-001	-1,12884E-005	13	...........	64,88
	2711	271,2	1,77378E-001	-1,12107E-001	0,00000E+000	1,78000E-001	7,91157E-006	13	...........	64,88
	2712	271,3	1,75349E-001	-1,13121E-001	0,00000E+000	1,76000E-001	9,51157E-006	13	...........	64,87
	2713	271,4	1,73407E-001	-1,14042E-001	0,00000E+000	1,74000E-001	1,33116E-005	13	...........	64,88
	2714	271,5	1,71545E-001	-1,14817E-001	0,00000E+000	1,72000E-001	1,01116E-005	13	...........	64,87
	2715	271,6	1,69679E-001	-1,15596E-001	0,00000E+000	1,70000E-001	7,91157E-006	13	...........	64,87
	2716	271,7	1,67365E-001	-1,17014E-001	0,00000E+000	1,68000E-001	3,51157E-006	13	...........	64,87
	2717	271,8	1,65292E-001	-1,18032E-001	0,00000E+000	1,66000E-001	3,51157E-006	13	...........	64,89
	2718	271,9	1,63385E-001	-1,19120E-001	0,00000E+000	1,64000E-001	-9,68843E-006	13	...........	64,87
	2719	272	1,61310E-001	-1,20294E-001	0,00000E+000	1,62000E-001	3,31157E-006	13	...........	64,88
	2720	272,1	1,59330E-001	-1,21360E-001	0,00000E+000	1,60000E-001	3,11157E-006	13	...........	64,88
	2721	272,2	1,57301E-001	-1,22357E-001	0,00000E+000	1,58000E-001	-6,28843E-006	13	...........	64,88
	2722	272,3	1,55431E-001	-1,23298E-001	0,00000E+000	1,56000E-001	4,91157E-006	13	...........	64,88
	2723	272,4	1,53380E-001	-1,24484E-001	0,00000E+000	1,54000E-001	3,91157E-006	13	...........	64,89
	2724	272,5	1,51305E-001	-1,25669E-001	0,00000E+000	1,52000E-001	4,11157E-006	13	...........	64,88
	2725	272,6	1,49371E-001	-1,26620E-001	0,00000E+000	1,50000E-001	1,65116E-005	13	...........	64,89
	2726	272,7	1,47543E-001	-1,27976E-001	0,00000E+000	1,48000E-001	1,35116E-005	13	...........	64,88
	2727	272,8	1,45476E-001	-1,29183E-001	0,00000E+000	1,46000E-001	1,27116E-005	13	...........	64,89
	2728	272,9	1,43358E-001	-1,30268E-001	0,00000E+000	1,44000E-001	8,31157E-006	13	...........	64,88
	2729	273	1,41356E-001	-1,31202E-001	0,00000E+000	1,42000E-001	6,71157E-006	13	...........	64,90
	2730	273,1	1,39349E-001	-1,32797E-001	0,00000E+000	1,40000E-001	3,71157E-006	13	...........	64,89
	2731	273,2	1,37362E-001	-1,34136E-001	0,00000E+000	1,38000E-001	1,51116E-005	13	...........	64,89
	2732	273,3	1,35336E-001	-1,35731E-001	0,00000E+000	1,36000E-001	6,71157E-006	13	...........	64,89
	2733	273,4	1,33336E-001	-1,36663E-001	0,00000E+000	1,34000E-001	8,11157E-006	13	...........	64,89
	2734	273,5	1,31420E-001	-1,37570E-001	0,00000E+000	1,32000E-001	-2,48843E-006	13	...........	64,88
	2735	273,6	1,29344E-001	-1,38649E-001	0,00000E+000	1,30000E-001	5,31157E-006	13	...........	64,88
	2736	273,7	1,27374E-001	-1,39938E-001	0,00000E+000	1,28000E-001	1,11157E-006	13	...........	64,88
	2737	273,8	1,25390E-001	-1,40879E-001	0,00000E+000	1,26000E-001	2,91157E-006	13	...........	64,88
	2738	273,9	1,23532E-001	-1,42466E-001	0,00000E+000	1,24000E-001	-3,48843E-006	13	...........	64,88
	2739	274	1,21745E-001	-1,43257E-001	0,00000E+000	1,22000E-001	1,67116E-005	13	...........	64,88
	2740	274,1	1,19442E-001	-1,45138E-001	0,00000E+000	1,20000E-001	1,31157E-006	13	...........	64,89
	2741	274,2	1,17536E-001	-1,46090E-001	0,00000E+000	1,18000E-001	3,71157E-006	13	...........	64,88
	2742	274,3	1,15611E-001	-1,47481E-001	0,00000E+000	1,16000E-001	2,51157E-006	13	...........	64,89
	2743	274,4	1,13439E-001	-1,48588E-001	0,00000E+000	1,14000E-001	1,31116E-005	13	...........	64,89
	2744	274,5	1,11428E-001	-1,50111E-001	0,00000E+000	1,12000E-001	9,31157E-006	13	...........	64,90
	2745	274,6	1,09477E-001	-1,50984E-001	0,00000E+000	1,10000E-001	-4,48843E-006	13	...........	64,88
	2746	274,7	1,07552E-001	-1,52687E-001	0,00000E+000	1,08000E-001	1,01116E-005	13	...........	64,88
	2747	274,8	1,05622E-001	-1,53838E-001	0,00000E+000	1,06000E-001	-2,88426E-007	13	...........	64,89
	2748	274,9	1,03542E-001	-1,55183E-001	0,00000E+000	1,04000E-001	9,11572E-007	13	...........	64,89
	2749	275	1,01473E-001	-1,56080E-001	0,00000E+000	1,02000E-001	-4,28843E-006	13	...........	64,89
	2750	275,1	9,95727E-002	-1,58023E-001	0,00000E+000	1,00000E-001	9,71157E-006	13	...........	64,90
	2751	275,2	9,76274E-002	-1,59244E-001	0,00000E+000	9,80000E-002	4,11157E-006	13	...........	64,87
	2752	275,3	9,55361E-002	-1,61680E-001	0,00000E+000	9,60001E-002	2,55116E-005	13	...........	64,89
	2753	275,4	9,35628E-002	-1,62407E-001	0,00000E+000	9,40000E-002	7,11567E-007	13	...........	64,89
	2754	275,5	9,16702E-002	-1,64415E-001	0,00000E+000	9,20001E-002	1,11573E-007	13	...........	64,88
	2755	275,6	8,94343E-002	-1,65499E-001	0,00000E+000	9,00000E-002	-8,84284E-008	13	...........	64,89
	2756	275,7	8,74464E-002	-1,67318E-001	0,00000E+000	8,80001E-002	1,43116E-005	13	...........	64,88
	2757	275,8	8,54754E-002	-1,68218E-001	0,00000E+000	8,60001E-002	2,11157E-006	13	...........	64,89
	2758	275,9	8,35365E-002	-1,70371E-001	0,00000E+000	8,40001E-002	-1,48843E-006	13	...........	64,89
	2759	276	8,15039E-002	-1,71149E-001	0,00000E+000	8,20001E-002	2,91157E-006	13	...........	64,89
	2760	276,1	7,95019E-002	-1,72771E-001	0,00000E+000	8,00000E-002	1,61116E-005	13	...........	64,90
	2761	276,2	7,75162E-002	-1,74079E-001	0,00000E+000	7,80001E-002	2,51157E-006	13	...........	64,89
	2762	276,3	7,56073E-002	-1,76314E-001	0,00000E+000	7,60000E-002	2,11157E-006	13	...........	64,89
	2763	276,4	7,38326E-002	-1,77586E-001	0,00000E+000	7,40001E-002	1,11157E-006	13	...........	64,89
	2764	276,5	7,15554E-002	-1,79860E-001	0,00000E+000	7,20001E-002	-4,28843E-006	13	...........	64,89
	2765	276,6	6,96317E-002	-1,80937E-001	0,00000E+000	7,00001E-002	5,91157E-006	13	...........	64,89
	2766	276,7	6,77111E-002	-1,82666E-001	0,00000E+000	6,80001E-002	-7,88843E-006	13	...........	64,89
	2767	276,8	6,57602E-002	-1,83741E-001	0,00000E+000	6,60000E-002	3,31157E-006	13	...........	64,90
	2768	276,9	6,34905E-002	-1,86456E-001	0,00000E+000	6,40001E-002	9,51157E-006	13	...........	64,90
	2769	277	6,14771E-002	-1,87249E-001	0,00000E+000	6,20000E-002	-9,28843E-006	13	...........	64,89
	2770	277,1	5,95654E-002	-1,89177E-001	0,00000E+000	6,00001E-002	-2,88843E-006	13	...........	64,89
	2771	277,2	5,75693E-002	-1,90449E-001	0,00000E+000	5,80001E-002	3,31157E-006	13	...........	64,89
	2772	277,3	5,54870E-002	-1,93225E-001	0,00000E+000	5,60001E-002	9,51157E-006	13	...........	64,90
	2773	277,4	5,35974E-002	-1,94165E-001	0,00000E+000	5,40001E-002	-3,28843E-006	13	...........	64,90
	2774	277,5	5,16429E-002	-1,96770E-001	0,00000E+000	5,20000E-002	-4,88431E-007	13	...........	64,90
	2775	277,6	4,98166E-002	-1,98032E-001	0,00000E+000	5,00001E-002	8,91157E-006	13	...........	64,88
	2776	277,7	4,76614E-002	-2,00137E-001	0,00000E+000	4,80000E-002	1,31157E-006	13	...........	64,91
	2777	277,8	4,56770E-002	-2,01389E-001	0,00000E+000	4,60001E-002	1,27116E-005	13	...........	64,90
	2778	277,9	4,36755E-002	-2,03804E-001	0,00000E+000	4,40001E-002	4,31157E-006	13	...........	64,89
	2779	278	4,19113E-002	-2,04642E-001	0,00000E+000	4,20001E-002	-2,88426E-007	13	...........	64,91
	2780	278,1	3,95684E-002	-2,07654E-001	0,00000E+000	4,00001E-002	1,11157E-006	13	...........	64,90
	2781	278,2	3,75293E-002	-2,08772E-001	0,00000E+000	3,80000E-002	-2,28843E-006	13	...........	64,90
	2782	278,3	3,55797E-002	-2,11420E-001	0,00000E+000	3,60001E-002	-6,28843E-006	13	...........	64,91
	2783	278,4	3,36115E-002	-2,12864E-001	0,00000E+000	3,40000E-002	4,31157E-006	13	...........	64,90
	2784	278,5	3,15738E-002	-2,15087E-001	0,00000E+000	3,20001E-002	1,11573E-007	13	...........	64,90
	2785	278,6	2,96131E-002	-2,16299E-001	0,00000E+000	3,00001E-002	-7,68843E-006	13	...........	64,91
	2786	278,7	2,76160E-002	-2,18972E-001	0,00000E+000	2,80001E-002	1,51157E-006	13	...........	64,91
	2787	278,8	2,58943E-002	-2,19929E-001	0,00000E+000	2,60001E-002	2,31157E-006	13	...........	64,90
	2788	278,9	2,36673E-002	-2,22885E-001	0,00000E+000	2,40000E-002	3,51157E-006	13	...........	64,91
	2789	279	2,16793E-002	-2,23774E-001	0,00000E+000	2,20001E-002	1,11573E-007	13	...........	64,91
	2790	279,1	1,97434E-002	-2,26951E-001	0,00000E+000	2,00000E-002	1,11573E-007	13	...........	64,90
	2791	279,2	1,79349E-002	-2,28063E-001	0,00000E+000	1,80001E-002	3,11567E-007	13	...........	64,90
	2792	279,3	1,61439E-002	-2,30772E-001	0,00000E+000	1,60001E-002	-3,08843E-006	13	...........	64,91
	2793	279,4	1,37676E-002	-2,31858E-001	0,00000E+000	1,40001E-002	2,11157E-006	13	...........	64,91
	2794	279,5	1,16002E-002	-2,34579E-001	0,00000E+000	1,20001E-002	1,51157E-006	13	...........	64,90
	2795	279,6	9,67832E-003	-2,35827E-001	0,00000E+000	1,00001E-002	-4,68843E-006	13	...........	64,90
	2796	279,7	7,62862E-003	-2,38717E-001	0,00000E+000	8,00008E-003	1,23116E-005	13	...........	64,91
	2797	279,8	5,65012E-003	-2,40209E-001	0,00000E+000	6,00004E-003	-3,28843E-006	13	...........	64,91
	2798	279,9	3,69242E-003	-2,43113E-001	0,00000E+000	4,00007E-003	-2,68843E-006	13	...........	64,91
	2799	280	1,81272E-003	-2,44756E-001	0,00000E+000	2,00009E-003	-4,88843E-006	13	...........	64,90
	2800	280,1	-4,23679E-004	-2,47510E-001	0,00000E+000	5,96046E-008	1,41116E-005	13	...........	64,90
CURVE3	TABLE
	Pt	T	Vf	Im	Vu	Sig	Ach	IERange	Over	Temp
	#	s	V vs. Ref.	A	V	V	V	#	bits	deg C
	2801	280,2	1,87262E-003	-2,30847E-001	0,00000E+000	2,00009E-003	-5,08843E-006	13	...........	64,89
	2802	280,3	3,70782E-003	-2,17917E-001	0,00000E+000	4,00007E-003	-5,28843E-006	13	...........	64,90
	2803	280,4	5,66432E-003	-2,05146E-001	0,00000E+000	6,00004E-003	1,11573E-007	13	...........	64,90
	2804	280,5	7,60892E-003	-1,95681E-001	0,00000E+000	8,00008E-003	1,43116E-005	13	...........	64,91
	2805	280,6	9,65512E-003	-1,84128E-001	0,00000E+000	1,00001E-002	-1,20884E-005	13	...........	64,91
	2806	280,7	1,16117E-002	-1,75200E-001	0,00000E+000	1,20001E-002	1,71157E-006	13	...........	64,91
	2807	280,8	1,37669E-002	-1,65971E-001	0,00000E+000	1,40001E-002	1,51157E-006	13	...........	64,91
	2808	280,9	1,60226E-002	-1,57529E-001	0,00000E+000	1,60001E-002	1,91116E-005	13	...........	64,90
	2809	281	1,79415E-002	-1,49575E-001	0,00000E+000	1,80001E-002	-1,08843E-006	13	...........	64,91
	2810	281,1	1,96842E-002	-1,42608E-001	0,00000E+000	2,00000E-002	3,11567E-007	13	...........	64,91
	2811	281,2	2,15978E-002	-1,35834E-001	0,00000E+000	2,20001E-002	1,01116E-005	13	...........	64,92
	2812	281,3	2,35318E-002	-1,28871E-001	0,00000E+000	2,40000E-002	2,31157E-006	13	...........	64,92
	2813	281,4	2,56355E-002	-1,21754E-001	0,00000E+000	2,60001E-002	-4,68843E-006	13	...........	64,92
	2814	281,5	2,75723E-002	-1,15927E-001	0,00000E+000	2,80001E-002	-1,28843E-006	13	...........	64,92
	2815	281,6	2,95248E-002	-1,09695E-001	0,00000E+000	3,00001E-002	2,51157E-006	13	...........	64,91
	2816	281,7	3,15350E-002	-1,04886E-001	0,00000E+000	3,20001E-002	8,51157E-006	13	...........	64,91
	2817	281,8	3,35398E-002	-9,87993E-002	0,00000E+000	3,40000E-002	-8,88431E-007	13	...........	64,91
	2818	281,9	3,55338E-002	-9,43992E-002	0,00000E+000	3,60001E-002	-7,88843E-006	13	...........	64,91
	2819	282	3,74502E-002	-8,91282E-002	0,00000E+000	3,80000E-002	1,91157E-006	13	...........	64,92
	2820	282,1	3,96125E-002	-8,47925E-002	0,00000E+000	4,00001E-002	4,11157E-006	13	...........	64,92
	2821	282,2	4,19130E-002	-8,02720E-002	0,00000E+000	4,20001E-002	1,71157E-006	13	...........	64,92
	2822	282,3	4,36157E-002	-7,60241E-002	0,00000E+000	4,40001E-002	1,51157E-006	13	...........	64,91
	2823	282,4	4,55796E-002	-7,19713E-002	0,00000E+000	4,60001E-002	4,71157E-006	13	...........	64,92
	2824	282,5	4,75892E-002	-6,83452E-002	0,00000E+000	4,80000E-002	9,11157E-006	13	...........	64,92
	2825	282,6	4,97324E-002	-6,45906E-002	0,00000E+000	5,00001E-002	2,51157E-006	13	...........	64,93
	2826	282,7	5,15833E-002	-6,15466E-002	0,00000E+000	5,20000E-002	9,51157E-006	13	...........	64,91
	2827	282,8	5,34913E-002	-5,76000E-002	0,00000E+000	5,40001E-002	-1,88843E-006	13	...........	64,93
	2828	282,9	5,55420E-002	-5,49552E-002	0,00000E+000	5,60001E-002	1,11573E-007	13	...........	64,92
	2829	283	5,75502E-002	-5,16611E-002	0,00000E+000	5,80001E-002	-8,84284E-008	13	...........	64,91
	2830	283,1	5,95535E-002	-4,88887E-002	0,00000E+000	6,00001E-002	-3,88844E-006	13	...........	64,92
	2831	283,2	6,14506E-002	-4,63114E-002	0,00000E+000	6,20000E-002	1,11157E-006	13	...........	64,92
	2832	283,3	6,34299E-002	-4,32052E-002	0,00000E+000	6,40001E-002	7,11157E-006	13	...........	64,92
	2833	283,4	6,56623E-002	-4,06697E-002	0,00000E+000	6,60000E-002	8,71157E-006	13	...........	64,91
	2834	283,5	6,76117E-002	-3,84028E-002	0,00000E+000	6,80001E-002	4,11157E-006	13	...........	64,92
	2835	283,6	6,96054E-002	-3,56233E-002	0,00000E+000	7,00001E-002	7,51157E-006	13	...........	64,92
	2836	283,7	7,15106E-002	-3,36587E-002	0,00000E+000	7,20001E-002	1,51116E-005	13	...........	64,92
	2837	283,8	7,37667E-002	-3,16910E-002	0,00000E+000	7,40001E-002	7,11567E-007	13	...........	64,92
	2838	283,9	7,55714E-002	-2,96865E-002	0,00000E+000	7,60000E-002	6,51157E-006	13	...........	64,92
	2839	284	7,74905E-002	-2,74829E-002	0,00000E+000	7,80001E-002	3,11567E-007	13	...........	64,92
	2840	284,1	7,94681E-002	-2,52507E-002	0,00000E+000	8,00000E-002	3,11157E-006	13	...........	64,91
	2841	284,2	8,14816E-002	-2,37058E-002	0,00000E+000	8,20001E-002	-6,88433E-007	13	...........	64,93
	2842	284,3	8,35080E-002	-2,19852E-002	0,00000E+000	8,40001E-002	-6,88433E-007	13	...........	64,93
	2843	284,4	8,54372E-002	-2,01370E-002	0,00000E+000	8,60001E-002	-9,48843E-006	13	...........	64,92
	2844	284,5	8,74096E-002	-1,87196E-002	0,00000E+000	8,80001E-002	1,31157E-006	13	...........	64,93
	2845	284,6	8,94155E-002	-1,69378E-002	0,00000E+000	9,00000E-002	5,71157E-006	13	...........	64,93
	2846	284,7	9,16026E-002	-1,56920E-002	0,00000E+000	9,20001E-002	5,91157E-006	13	...........	64,93
	2847	284,8	9,34764E-002	-1,39755E-002	0,00000E+000	9,40000E-002	-9,88843E-006	13	...........	64,92
	2848	284,9	9,54637E-002	-1,26399E-002	0,00000E+000	9,60001E-002	2,03116E-005	13	...........	64,92
	2849	285	9,76400E-002	-1,10061E-002	0,00000E+000	9,80000E-002	1,37116E-005	13	...........	64,92
	2850	285,1	9,95369E-002	-9,43251E-003	0,00000E+000	1,00000E-001	7,31157E-006	13	...........	64,93
	2851	285,2	1,01391E-001	-8,42670E-003	0,00000E+000	1,02000E-001	1,19116E-005	13	...........	64,94
	2852	285,3	1,03501E-001	-7,67005E-003	0,00000E+000	1,04000E-001	1,01116E-005	13	...........	64,93
	2853	285,4	1,05562E-001	-6,25375E-003	0,00000E+000	1,06000E-001	1,65116E-005	13	...........	64,93
	2854	285,5	1,07527E-001	-5,13868E-003	0,00000E+000	1,08000E-001	1,91157E-006	13	...........	64,93
	2855	285,6	1,09427E-001	-4,05118E-003	0,00000E+000	1,10000E-001	2,91157E-006	13	...........	64,93
	2856	285,7	1,11406E-001	-3,01066E-003	0,00000E+000	1,12000E-001	8,11157E-006	13	...........	64,93
	2857	285,8	1,13422E-001	-1,79144E-003	0,00000E+000	1,14000E-001	1,37116E-005	13	...........	64,93
	2858	285,9	1,15554E-001	-1,07052E-003	0,00000E+000	1,16000E-001	5,51157E-006	13	...........	64,93
	2859	286	1,17495E-001	-1,65805E-004	0,00000E+000	1,18000E-001	6,71157E-006	13	...........	64,93
	2860	286,1	1,19393E-001	4,99967E-004	0,00000E+000	1,20000E-001	3,11567E-007	13	...........	64,94
	2861	286,2	1,21728E-001	1,44553E-003	0,00000E+000	1,22000E-001	1,71116E-005	13	...........	64,93
	2862	286,3	1,23557E-001	2,18482E-003	0,00000E+000	1,24000E-001	6,11157E-006	13	...........	64,94
	2863	286,4	1,25407E-001	3,11507E-003	0,00000E+000	1,26000E-001	-4,28843E-006	13	...........	64,94
	2864	286,5	1,27368E-001	3,81147E-003	0,00000E+000	1,28000E-001	2,03116E-005	13	...........	64,93
	2865	286,6	1,29419E-001	4,57425E-003	0,00000E+000	1,30000E-001	6,31157E-006	13	...........	64,93
	2866	286,7	1,31456E-001	5,76386E-003	0,00000E+000	1,32000E-001	-1,28843E-006	13	...........	64,93
	2867	286,8	1,33326E-001	6,74925E-003	0,00000E+000	1,34000E-001	2,51157E-006	13	...........	64,93
	2868	286,9	1,35348E-001	7,42523E-003	0,00000E+000	1,36000E-001	4,31157E-006	13	...........	64,94
	2869	287	1,37341E-001	8,12981E-003	0,00000E+000	1,38000E-001	7,71157E-006	13	...........	64,92
	2870	287,1	1,39444E-001	8,70368E-003	0,00000E+000	1,40000E-001	-1,28884E-005	13	...........	64,94
	2871	287,2	1,41382E-001	9,12745E-003	0,00000E+000	1,42000E-001	9,51157E-006	13	...........	64,93
	2872	287,3	1,43488E-001	9,82794E-003	0,00000E+000	1,44000E-001	6,11157E-006	13	...........	64,94
	2873	287,4	1,45592E-001	1,06796E-002	0,00000E+000	1,46000E-001	2,11157E-006	13	...........	64,94
	2874	287,5	1,47564E-001	1,13596E-002	0,00000E+000	1,48000E-001	1,45116E-005	13	...........	64,94
	2875	287,6	1,49469E-001	1,17160E-002	0,00000E+000	1,50000E-001	3,51157E-006	13	...........	64,94
	2876	287,7	1,51370E-001	1,23215E-002	0,00000E+000	1,52000E-001	6,91157E-006	13	...........	64,94
	2877	287,8	1,53533E-001	1,33283E-002	0,00000E+000	1,54000E-001	6,71157E-006	13	...........	64,94
	2878	287,9	1,55512E-001	1,39635E-002	0,00000E+000	1,56000E-001	-2,48843E-006	13	...........	64,94
	2879	288	1,57363E-001	1,46395E-002	0,00000E+000	1,58000E-001	5,71157E-006	13	...........	64,94
	2880	288,1	1,59358E-001	1,52787E-002	0,00000E+000	1,60000E-001	6,91157E-006	13	...........	64,95
	2881	288,2	1,61350E-001	1,57535E-002	0,00000E+000	1,62000E-001	9,31157E-006	13	...........	64,95
	2882	288,3	1,63414E-001	1,62018E-002	0,00000E+000	1,64000E-001	-3,88844E-006	13	...........	64,94
	2883	288,4	1,65286E-001	1,66950E-002	0,00000E+000	1,66000E-001	8,31157E-006	13	...........	64,94
	2884	288,5	1,67346E-001	1,73638E-002	0,00000E+000	1,68000E-001	-3,88844E-006	13	...........	64,94
	2885	288,6	1,69764E-001	1,79653E-002	0,00000E+000	1,70000E-001	2,91157E-006	13	...........	64,94
	2886	288,7	1,71541E-001	1,84687E-002	0,00000E+000	1,72000E-001	-2,28843E-006	13	...........	64,95
	2887	288,8	1,73432E-001	1,88853E-002	0,00000E+000	1,74000E-001	7,31157E-006	13	...........	64,96
	2888	288,9	1,75340E-001	1,94694E-002	0,00000E+000	1,76000E-001	1,27116E-005	13	...........	64,94
	2889	289	1,77396E-001	2,02781E-002	0,00000E+000	1,78000E-001	7,11157E-006	13	...........	64,95
	2890	289,1	1,79488E-001	2,09041E-002	0,00000E+000	1,80000E-001	3,31157E-006	13	...........	64,95
	2891	289,2	1,81265E-001	2,15024E-002	0,00000E+000	1,82000E-001	-1,16884E-005	13	...........	64,94
	2892	289,3	1,83257E-001	2,19640E-002	0,00000E+000	1,84000E-001	-1,02884E-005	13	...........	64,94
	2893	289,4	1,85283E-001	2,25859E-002	0,00000E+000	1,86000E-001	3,51157E-006	13	...........	64,94
	2894	289,5	1,87327E-001	2,31505E-002	0,00000E+000	1,88000E-001	8,91157E-006	13	...........	64,94
	2895	289,6	1,89223E-001	2,33170E-002	0,00000E+000	1,90000E-001	-5,48843E-006	13	...........	64,95
	2896	289,7	1,91207E-001	2,38235E-002	0,00000E+000	1,92000E-001	-1,88843E-006	13	...........	64,95
	2897	289,8	1,93346E-001	2,42768E-002	0,00000E+000	1,94000E-001	1,17116E-005	13	...........	64,96
	2898	289,9	1,95529E-001	2,48374E-002	0,00000E+000	1,96000E-001	8,91157E-006	13	...........	64,94
	2899	290	1,97325E-001	2,54266E-002	0,00000E+000	1,98000E-001	8,71157E-006	13	...........	64,96
	2900	290,1	1,99353E-001	2,57636E-002	0,00000E+000	2,00000E-001	-6,88433E-007	13	...........	64,95
	2901	290,2	2,01436E-001	2,63109E-002	0,00000E+000	2,02000E-001	1,31116E-005	13	...........	64,95
	2902	290,3	2,03504E-001	2,65029E-002	0,00000E+000	2,04000E-001	8,51157E-006	13	...........	64,94
	2903	290,4	2,05306E-001	2,71585E-002	0,00000E+000	2,06000E-001	1,31157E-006	13	...........	64,95
	2904	290,5	2,07273E-001	2,74791E-002	0,00000E+000	2,08000E-001	6,31157E-006	13	...........	64,95
	2905	290,6	2,09271E-001	2,82133E-002	0,00000E+000	2,10000E-001	4,51157E-006	13	...........	64,94
	2906	290,7	2,11328E-001	2,86667E-002	0,00000E+000	2,12000E-001	1,51157E-006	13	...........	64,94
	2907	290,8	2,13220E-001	2,90884E-002	0,00000E+000	2,14000E-001	-2,28843E-006	13	...........	64,94
	2908	290,9	2,15194E-001	2,95693E-002	0,00000E+000	2,16000E-001	3,71157E-006	13	...........	64,95
	2909	291	2,17171E-001	3,02719E-002	0,00000E+000	2,18000E-001	2,29116E-005	13	...........	64,95
	2910	291,1	2,19465E-001	3,09530E-002	0,00000E+000	2,20000E-001	1,51157E-006	13	...........	64,96
	2911	291,2	2,21330E-001	3,09744E-002	0,00000E+000	2,22000E-001	1,91157E-006	13	...........	64,95
	2912	291,3	2,23328E-001	3,15370E-002	0,00000E+000	2,24000E-001	6,11157E-006	13	...........	64,95
	2913	291,4	2,25244E-001	3,20098E-002	0,00000E+000	2,26000E-001	9,71157E-006	13	...........	64,96
	2914	291,5	2,27455E-001	3,24795E-002	0,00000E+000	2,28000E-001	3,11567E-007	13	...........	64,95
	2915	291,6	2,29229E-001	3,29033E-002	0,00000E+000	2,30000E-001	1,01116E-005	13	...........	64,96
	2916	291,7	2,31201E-001	3,32944E-002	0,00000E+000	2,32000E-001	1,39116E-005	13	...........	64,96
	2917	291,8	2,33121E-001	3,37988E-002	0,00000E+000	2,34000E-001	1,41116E-005	13	...........	64,95
	2918	291,9	2,35200E-001	3,38928E-002	0,00000E+000	2,36000E-001	4,51157E-006	13	...........	64,96
	2919	292	2,37169E-001	3,43747E-002	0,00000E+000	2,38000E-001	6,31157E-006	13	...........	64,95
	2920	292,1	2,39135E-001	3,48863E-002	0,00000E+000	2,40000E-001	7,91157E-006	13	...........	64,97
	2921	292,2	2,41076E-001	3,52049E-002	0,00000E+000	2,42000E-001	1,07116E-005	13	...........	64,96
	2922	292,3	2,43118E-001	3,58676E-002	0,00000E+000	2,44000E-001	6,91157E-006	13	...........	64,95
	2923	292,4	2,45255E-001	3,65599E-002	0,00000E+000	2,46000E-001	-2,28843E-006	13	...........	64,96
	2924	292,5	2,47208E-001	3,69122E-002	0,00000E+000	2,48000E-001	9,11157E-006	13	...........	64,96
	2925	292,6	2,49236E-001	3,71011E-002	0,00000E+000	2,50000E-001	1,97116E-005	13	...........	64,96
	2926	292,7	2,51282E-001	3,74739E-002	0,00000E+000	2,52000E-001	1,51116E-005	13	...........	64,96
	2927	292,8	2,53184E-001	3,81192E-002	0,00000E+000	2,54000E-001	7,11567E-007	13	...........	64,96
	2928	292,9	2,55130E-001	3,84786E-002	0,00000E+000	2,56000E-001	-4,88431E-007	13	...........	64,96
	2929	293	2,57181E-001	3,91720E-002	0,00000E+000	2,58000E-001	3,71157E-006	13	...........	64,95
	2930	293,1	2,59213E-001	3,96672E-002	0,00000E+000	2,60000E-001	7,91157E-006	13	...........	64,96
	2931	293,2	2,61159E-001	4,00553E-002	0,00000E+000	2,62000E-001	7,11567E-007	13	...........	64,96
	2932	293,3	2,63077E-001	4,06220E-002	0,00000E+000	2,64000E-001	5,91157E-006	13	...........	64,96
	2933	293,4	2,65112E-001	4,07751E-002	0,00000E+000	2,66000E-001	1,21116E-005	13	...........	64,96
	2934	293,5	2,67081E-001	4,10672E-002	0,00000E+000	2,68000E-001	5,11157E-006	13	...........	64,96
	2935	293,6	2,69222E-001	4,12857E-002	0,00000E+000	2,70000E-001	9,31157E-006	13	...........	64,96
	2936	293,7	2,71193E-001	4,14542E-002	0,00000E+000	2,72000E-001	1,37116E-005	13	...........	64,96
	2937	293,8	2,73282E-001	4,20730E-002	0,00000E+000	2,74000E-001	4,51157E-006	13	...........	64,97
	2938	293,9	2,75496E-001	4,24365E-002	0,00000E+000	2,76000E-001	1,17116E-005	13	...........	64,97
	2939	294	2,77216E-001	4,30819E-002	0,00000E+000	2,78000E-001	1,71157E-006	13	...........	64,97
	2940	294,1	2,79123E-001	4,32432E-002	0,00000E+000	2,80000E-001	-5,28843E-006	13	...........	64,97
	2941	294,2	2,81166E-001	4,37068E-002	0,00000E+000	2,82000E-001	1,53116E-005	13	...........	64,97
	2942	294,3	2,83248E-001	4,42786E-002	0,00000E+000	2,84000E-001	-1,88843E-006	13	...........	64,95
	2943	294,4	2,85153E-001	4,48494E-002	0,00000E+000	2,86000E-001	-7,48843E-006	13	...........	64,97
	2944	294,5	2,87086E-001	4,52293E-002	0,00000E+000	2,88000E-001	-2,08843E-006	13	...........	64,98
	2945	294,6	2,89047E-001	4,53957E-002	0,00000E+000	2,90000E-001	1,13116E-005	13	...........	64,97
	2946	294,7	2,91061E-001	4,60932E-002	0,00000E+000	2,92000E-001	-6,48843E-006	13	...........	64,98
	2947	294,8	2,93092E-001	4,67579E-002	0,00000E+000	2,94000E-001	-4,88431E-007	13	...........	64,98
	2948	294,9	2,95145E-001	4,68958E-002	0,00000E+000	2,96000E-001	1,11573E-007	13	...........	64,97
	2949	295	2,97233E-001	4,74278E-002	0,00000E+000	2,98000E-001	3,31157E-006	13	...........	64,97
	2950	295,1	2,99468E-001	4,76565E-002	0,00000E+000	3,00000E-001	1,27116E-005	13	...........	64,98
	2951	295,2	3,01223E-001	4,79148E-002	0,00000E+000	3,02000E-001	1,59116E-005	13	...........	64,97
	2952	295,3	3,03147E-001	4,83447E-002	0,00000E+000	3,04000E-001	-3,28843E-006	13	...........	64,98
	2953	295,4	3,05030E-001	4,87307E-002	0,00000E+000	3,06000E-001	8,51157E-006	13	...........	64,98
	2954	295,5	3,07217E-001	4,92474E-002	0,00000E+000	3,08000E-001	1,49116E-005	13	...........	64,97
	2955	295,6	3,09157E-001	4,93526E-002	0,00000E+000	3,10000E-001	4,91157E-006	13	...........	64,98
	2956	295,7	3,11037E-001	4,97028E-002	0,00000E+000	3,12000E-001	5,31157E-006	13	...........	64,96
	2957	295,8	3,13006E-001	4,98223E-002	0,00000E+000	3,14000E-001	1,41116E-005	13	...........	64,98
	2958	295,9	3,15052E-001	5,04779E-002	0,00000E+000	3,16000E-001	2,51157E-006	13	...........	64,97
	2959	296	3,17098E-001	5,08444E-002	0,00000E+000	3,18000E-001	2,51157E-006	13	...........	64,96
	2960	296,1	3,18982E-001	5,11651E-002	0,00000E+000	3,20000E-001	2,11157E-006	13	...........	64,97
	2961	296,2	3,20997E-001	5,11998E-002	0,00000E+000	3,22000E-001	7,91157E-006	13	...........	64,97
	2962	296,3	3,23467E-001	5,20616E-002	0,00000E+000	3,24000E-001	7,31157E-006	13	...........	64,97
	2963	296,4	3,25189E-001	5,22638E-002	0,00000E+000	3,26000E-001	7,71157E-006	13	...........	64,97
	2964	296,5	3,27100E-001	5,28714E-002	0,00000E+000	3,28000E-001	4,51157E-006	13	...........	64,98
	2965	296,6	3,29006E-001	5,32768E-002	0,00000E+000	3,30000E-001	2,71156E-006	13	...........	64,98
	2966	296,7	3,31211E-001	5,37312E-002	0,00000E+000	3,32000E-001	8,31157E-006	13	...........	64,98
	2967	296,8	3,33118E-001	5,42213E-002	0,00000E+000	3,34000E-001	2,71156E-006	13	...........	64,98
	2968	296,9	3,34990E-001	5,44970E-002	0,00000E+000	3,36000E-001	-2,08843E-006	13	...........	64,98
	2969	297	3,36968E-001	5,47319E-002	0,00000E+000	3,38000E-001	7,71157E-006	13	...........	64,98
	2970	297,1	3,39000E-001	5,54221E-002	0,00000E+000	3,40000E-001	9,51157E-006	13	...........	64,98
	2971	297,2	3,41038E-001	5,54752E-002	0,00000E+000	3,42000E-001	4,91157E-006	13	...........	64,97
	2972	297,3	3,42937E-001	5,60481E-002	0,00000E+000	3,44000E-001	1,15116E-005	13	...........	64,97
	2973	297,4	3,44937E-001	5,63912E-002	0,00000E+000	3,46000E-001	6,91157E-006	13	...........	64,97
	2974	297,5	3,47114E-001	5,68354E-002	0,00000E+000	3,48000E-001	5,11157E-006	13	...........	64,99
	2975	297,6	3,49140E-001	5,69242E-002	0,00000E+000	3,50000E-001	3,91157E-006	13	...........	64,97
	2976	297,7	3,51001E-001	5,73020E-002	0,00000E+000	3,52000E-001	8,71157E-006	13	...........	64,97
	2977	297,8	3,53031E-001	5,73858E-002	0,00000E+000	3,54000E-001	1,45116E-005	13	...........	64,98
	2978	297,9	3,55169E-001	5,79259E-002	0,00000E+000	3,56000E-001	2,09116E-005	13	...........	64,98
	2979	298	3,57118E-001	5,80730E-002	0,00000E+000	3,58000E-001	3,71157E-006	13	...........	64,97
	2980	298,1	3,58987E-001	5,86009E-002	0,00000E+000	3,60000E-001	1,21116E-005	13	...........	64,97
	2981	298,2	3,60984E-001	5,87214E-002	0,00000E+000	3,62000E-001	8,91157E-006	13	...........	64,97
	2982	298,3	3,63006E-001	5,92309E-002	0,00000E+000	3,64000E-001	1,25116E-005	13	...........	64,99
	2983	298,4	3,65069E-001	5,94872E-002	0,00000E+000	3,66000E-001	-3,88844E-006	13	...........	64,99
	2984	298,5	3,66929E-001	5,97609E-002	0,00000E+000	3,68000E-001	5,11157E-006	13	...........	64,98
	2985	298,6	3,68921E-001	6,01071E-002	0,00000E+000	3,70000E-001	1,51157E-006	13	...........	64,98
	2986	298,7	3,70914E-001	6,04757E-002	0,00000E+000	3,72000E-001	1,67116E-005	13	...........	64,97
	2987	298,8	3,73149E-001	6,06217E-002	0,00000E+000	3,74000E-001	-6,88433E-007	13	...........	64,98
	2988	298,9	3,75035E-001	6,12323E-002	0,00000E+000	3,76000E-001	2,11157E-006	13	...........	64,97
	2989	299	3,77012E-001	6,16500E-002	0,00000E+000	3,78000E-001	1,05116E-005	13	...........	64,98
	2990	299,1	3,79107E-001	6,21524E-002	0,00000E+000	3,80000E-001	1,25116E-005	13	...........	64,98
	2991	299,2	3,81119E-001	6,22576E-002	0,00000E+000	3,82000E-001	6,91157E-006	13	...........	64,97
	2992	299,3	3,82959E-001	6,28508E-002	0,00000E+000	3,84000E-001	3,31157E-006	13	...........	64,97
	2993	299,4	3,84955E-001	6,29866E-002	0,00000E+000	3,86000E-001	1,31116E-005	13	...........	64,98
	2994	299,5	3,86993E-001	6,34992E-002	0,00000E+000	3,88000E-001	1,21116E-005	13	...........	64,98
	2995	299,6	3,89020E-001	6,35809E-002	0,00000E+000	3,90000E-001	9,11157E-006	13	...........	64,98
	2996	299,7	3,90879E-001	6,42712E-002	0,00000E+000	3,92000E-001	6,71157E-006	13	...........	64,96
	2997	299,8	3,92885E-001	6,44417E-002	0,00000E+000	3,94000E-001	6,31157E-006	13	...........	64,98
	2998	299,9	3,94848E-001	6,46623E-002	0,00000E+000	3,96000E-001	1,17116E-005	13	...........	64,98
	2999	300	3,96848E-001	6,48053E-002	0,00000E+000	3,98000E-001	1,61116E-005	13	...........	64,98
	3000	300,1	3,98950E-001	6,53240E-002	0,00000E+000	4,00000E-001	9,91157E-006	13	...........	64,97
	3001	300,2	4,00925E-001	6,55119E-002	0,00000E+000	4,02000E-001	6,31157E-006	13	...........	64,99
	3002	300,3	4,03080E-001	6,56671E-002	0,00000E+000	4,04000E-001	2,49116E-005	13	...........	64,97
	3003	300,4	4,05128E-001	6,59285E-002	0,00000E+000	4,06000E-001	1,57116E-005	13	...........	64,98
	3004	300,5	4,06907E-001	6,63196E-002	0,00000E+000	4,08000E-001	7,91157E-006	13	...........	64,98
	3005	300,6	4,08889E-001	6,65698E-002	0,00000E+000	4,10000E-001	7,91157E-006	13	...........	64,97
	3006	300,7	4,10987E-001	6,67413E-002	0,00000E+000	4,12000E-001	1,83116E-005	13	...........	64,97
	3007	300,8	4,13063E-001	6,71477E-002	0,00000E+000	4,14000E-001	-1,08843E-006	13	...........	64,98
	3008	300,9	4,14907E-001	6,74387E-002	0,00000E+000	4,16000E-001	-4,88431E-007	13	...........	64,98
	3009	301	4,16886E-001	6,71273E-002	0,00000E+000	4,18000E-001	1,73116E-005	13	...........	64,98
	3010	301,1	4,18901E-001	6,77430E-002	0,00000E+000	4,20000E-001	1,91116E-005	13	...........	64,99
	3011	301,2	4,20924E-001	6,78319E-002	0,00000E+000	4,22000E-001	1,07116E-005	13	...........	64,99
	3012	301,3	4,22991E-001	6,82924E-002	0,00000E+000	4,24000E-001	1,23116E-005	13	...........	65,00
	3013	301,4	4,24915E-001	6,86498E-002	0,00000E+000	4,26000E-001	-2,88426E-007	13	...........	64,99
	3014	301,5	4,27039E-001	6,90266E-002	0,00000E+000	4,28000E-001	1,27116E-005	13	...........	64,98
	3015	301,6	4,29097E-001	6,93043E-002	0,00000E+000	4,30000E-001	7,51157E-006	13	...........	64,98
	3016	301,7	4,30875E-001	6,97914E-002	0,00000E+000	4,32000E-001	1,51157E-006	13	...........	64,98
	3017	301,8	4,32855E-001	6,96342E-002	0,00000E+000	4,34000E-001	4,91157E-006	13	...........	64,99
	3018	301,9	4,34881E-001	7,03796E-002	0,00000E+000	4,36000E-001	-4,08843E-006	13	...........	64,99
	3019	302	4,36884E-001	7,05440E-002	0,00000E+000	4,38000E-001	1,31157E-006	13	...........	64,99
	3020	302,1	4,38819E-001	7,10627E-002	0,00000E+000	4,40000E-001	-7,68843E-006	13	...........	64,98
	3021	302,2	4,40800E-001	7,11822E-002	0,00000E+000	4,42000E-001	7,91157E-006	13	...........	64,98
	3022	302,3	4,42851E-001	7,19450E-002	0,00000E+000	4,44000E-001	-8,88431E-007	13	...........	64,99
	3023	302,4	4,44813E-001	7,18357E-002	0,00000E+000	4,46000E-001	-6,08843E-006	13	...........	64,99
	3024	302,5	4,46797E-001	7,22635E-002	0,00000E+000	4,48000E-001	8,91157E-006	13	...........	64,97
	3025	302,6	4,48825E-001	7,22656E-002	0,00000E+000	4,50000E-001	-4,28843E-006	13	...........	64,99
	3026	302,7	4,51072E-001	7,26240E-002	0,00000E+000	4,52000E-001	9,71157E-006	13	...........	64,99
	3027	302,8	4,53114E-001	7,28660E-002	0,00000E+000	4,54000E-001	-4,68843E-006	13	...........	64,99
	3028	302,9	4,54938E-001	7,31693E-002	0,00000E+000	4,56000E-001	5,11565E-007	13	...........	64,98
	3029	303	4,56888E-001	7,33214E-002	0,00000E+000	4,58000E-001	4,31157E-006	13	...........	64,98
	3030	303,1	4,58883E-001	7,36084E-002	0,00000E+000	4,60000E-001	8,31157E-006	13	...........	64,98
	3031	303,2	4,61062E-001	7,35767E-002	0,00000E+000	4,62000E-001	-3,08843E-006	13	...........	64,98
	3032	303,3	4,62830E-001	7,39116E-002	0,00000E+000	4,64000E-001	1,51157E-006	13	...........	64,98
	3033	303,4	4,64822E-001	7,40679E-002	0,00000E+000	4,66000E-001	-3,68843E-006	13	...........	64,99
	3034	303,5	4,66844E-001	7,43783E-002	0,00000E+000	4,68000E-001	2,51157E-006	13	...........	64,99
	3035	303,6	4,68876E-001	7,41302E-002	0,00000E+000	4,70000E-001	6,51157E-006	13	...........	64,98
	3036	303,7	4,70782E-001	7,47010E-002	0,00000E+000	4,72000E-001	-1,48843E-006	13	...........	64,99
	3037	303,8	4,72765E-001	7,47387E-002	0,00000E+000	4,74000E-001	-3,48843E-006	13	...........	64,98
	3038	303,9	4,74946E-001	7,52636E-002	0,00000E+000	4,76000E-001	8,11157E-006	13	...........	64,99
	3039	304	4,77117E-001	7,50747E-002	0,00000E+000	4,78000E-001	-5,68843E-006	13	...........	64,99
	3040	304,1	4,78888E-001	7,55026E-002	0,00000E+000	4,80000E-001	9,71157E-006	13	...........	64,99
	3041	304,2	4,80896E-001	7,56414E-002	0,00000E+000	4,82000E-001	7,71157E-006	13	...........	64,99
	3042	304,3	4,82927E-001	7,62316E-002	0,00000E+000	4,84000E-001	1,47116E-005	13	...........	64,99
	3043	304,4	4,85067E-001	7,61397E-002	0,00000E+000	4,86000E-001	9,11157E-006	13	...........	64,98
	3044	304,5	4,86831E-001	7,64522E-002	0,00000E+000	4,88000E-001	3,51157E-006	13	...........	64,99
	3045	304,6	4,88800E-001	7,66942E-002	0,00000E+000	4,90000E-001	-3,48843E-006	13	...........	64,98
	3046	304,7	4,90769E-001	7,67279E-002	0,00000E+000	4,92000E-001	2,91157E-006	13	...........	64,99
	3047	304,8	4,92791E-001	7,67493E-002	0,00000E+000	4,94000E-001	-2,28843E-006	13	...........	64,99
	3048	304,9	4,94775E-001	7,72579E-002	0,00000E+000	4,96000E-001	-3,08843E-006	13	...........	64,99
	3049	305	4,96719E-001	7,71915E-002	0,00000E+000	4,98000E-001	-2,48843E-006	13	...........	64,99
	3050	305,1	4,98710E-001	7,78797E-002	0,00000E+000	5,00000E-001	4,31157E-006	13	...........	64,99
	3051	305,2	5,01004E-001	7,79767E-002	0,00000E+000	5,02000E-001	5,31157E-006	13	...........	64,98
	3052	305,3	5,02839E-001	7,82749E-002	0,00000E+000	5,04000E-001	-2,68843E-006	13	...........	64,99
	3053	305,4	5,04846E-001	7,82432E-002	0,00000E+000	5,06000E-001	8,51157E-006	13	...........	64,99
	3054	305,5	5,06853E-001	7,84199E-002	0,00000E+000	5,08000E-001	3,31157E-006	13	...........	64,99
	3055	305,6	5,09019E-001	7,84710E-002	0,00000E+000	5,10000E-001	-5,28843E-006	13	...........	65,00
	3056	305,7	5,10806E-001	7,90173E-002	0,00000E+000	5,12000E-001	4,51157E-006	13	...........	64,99
	3057	305,8	5,12819E-001	7,87630E-002	0,00000E+000	5,14000E-001	-4,88431E-007	13	...........	64,99
	3058	305,9	5,14763E-001	7,95962E-002	0,00000E+000	5,16000E-001	2,71156E-006	13	...........	64,98
	3059	306	5,16863E-001	7,95891E-002	0,00000E+000	5,18000E-001	1,11157E-006	13	...........	64,98
	3060	306,1	5,18776E-001	7,98117E-002	0,00000E+000	5,20000E-001	-3,28843E-006	13	...........	64,98
	3061	306,2	5,20690E-001	7,98934E-002	0,00000E+000	5,22000E-001	7,11157E-006	13	...........	64,98
	3062	306,3	5,22665E-001	7,99404E-002	0,00000E+000	5,24000E-001	5,71157E-006	13	...........	64,98
	3063	306,4	5,24677E-001	8,01854E-002	0,00000E+000	5,26000E-001	1,05116E-005	13	...........	64,99
	3064	306,5	5,26862E-001	8,07093E-002	0,00000E+000	5,28000E-001	-5,28843E-006	13	...........	64,99
	3065	306,6	5,28771E-001	8,06725E-002	0,00000E+000	5,30000E-001	-1,08843E-006	13	...........	64,99
	3066	306,7	5,30847E-001	8,07675E-002	0,00000E+000	5,32000E-001	2,29116E-005	13	...........	64,99
	3067	306,8	5,33039E-001	8,09523E-002	0,00000E+000	5,34000E-001	-2,28843E-006	13	...........	64,98
	3068	306,9	5,34784E-001	8,11269E-002	0,00000E+000	5,36000E-001	-5,88843E-006	13	...........	64,98
	3069	307	5,36718E-001	8,11769E-002	0,00000E+000	5,38000E-001	2,91157E-006	13	...........	64,98
	3070	307,1	5,38689E-001	8,12627E-002	0,00000E+000	5,40000E-001	3,51157E-006	13	...........	64,99
	3071	307,2	5,40745E-001	8,12454E-002	0,00000E+000	5,42000E-001	1,15116E-005	13	...........	64,99
	3072	307,3	5,42747E-001	8,16671E-002	0,00000E+000	5,44000E-001	-9,48843E-006	13	...........	64,97
	3073	307,4	5,44637E-001	8,16170E-002	0,00000E+000	5,46000E-001	6,91157E-006	13	...........	64,98
	3074	307,5	5,46616E-001	8,18039E-002	0,00000E+000	5,48000E-001	5,91157E-006	13	...........	64,98
	3075	307,6	5,48654E-001	8,17906E-002	0,00000E+000	5,50000E-001	-1,68843E-006	13	...........	64,99
	3076	307,7	5,50792E-001	8,20694E-002	0,00000E+000	5,52000E-001	-6,28843E-006	13	...........	64,99
	3077	307,8	5,52730E-001	8,22859E-002	0,00000E+000	5,54000E-001	-6,88433E-007	13	...........	64,98
	3078	307,9	5,54638E-001	8,23471E-002	0,00000E+000	5,56000E-001	1,45116E-005	13	...........	64,98
	3079	308	5,57022E-001	8,25391E-002	0,00000E+000	5,58000E-001	5,91157E-006	13	...........	64,98
	3080	308,1	5,58796E-001	8,26177E-002	0,00000E+000	5,60000E-001	6,11157E-006	13	...........	64,98
	3081	308,2	5,60643E-001	8,26433E-002	0,00000E+000	5,62000E-001	3,71157E-006	13	...........	64,99
	3082	308,3	5,62620E-001	8,25054E-002	0,00000E+000	5,64000E-001	1,43116E-005	13	...........	64,98
	3083	308,4	5,64802E-001	8,29180E-002	0,00000E+000	5,66000E-001	-3,08843E-006	13	...........	64,98
	3084	308,5	5,66736E-001	8,31569E-002	0,00000E+000	5,68000E-001	-2,88843E-006	13	...........	64,98
	3085	308,6	5,68624E-001	8,31365E-002	0,00000E+000	5,70000E-001	-3,48843E-006	13	...........	64,98
	3086	308,7	5,70593E-001	8,31957E-002	0,00000E+000	5,72000E-001	1,19116E-005	13	...........	64,98
	3087	308,8	5,72605E-001	8,32937E-002	0,00000E+000	5,74000E-001	1,13116E-005	13	...........	64,99
	3088	308,9	5,74678E-001	8,33438E-002	0,00000E+000	5,76000E-001	6,51157E-006	13	...........	64,99
	3089	309	5,76680E-001	8,37359E-002	0,00000E+000	5,78000E-001	7,11157E-006	13	...........	64,98
	3090	309,1	5,78653E-001	8,36940E-002	0,00000E+000	5,80000E-001	1,01116E-005	13	...........	64,99
	3091	309,2	5,80895E-001	8,39728E-002	0,00000E+000	5,82000E-001	8,31157E-006	13	...........	64,96
	3092	309,3	5,82775E-001	8,39697E-002	0,00000E+000	5,84000E-001	6,91157E-006	13	...........	64,98
	3093	309,4	5,84653E-001	8,38594E-002	0,00000E+000	5,86000E-001	9,51157E-006	13	...........	64,98
	3094	309,5	5,86584E-001	8,40616E-002	0,00000E+000	5,88000E-001	4,11157E-006	13	...........	64,98
	3095	309,6	5,88768E-001	8,45763E-002	0,00000E+000	5,90000E-001	7,11157E-006	13	...........	64,98
	3096	309,7	5,90714E-001	8,43251E-002	0,00000E+000	5,92000E-001	-4,28843E-006	13	...........	64,98
	3097	309,8	5,92560E-001	8,44027E-002	0,00000E+000	5,94000E-001	8,11157E-006	13	...........	64,98
	3098	309,9	5,94548E-001	8,45742E-002	0,00000E+000	5,96000E-001	1,11157E-006	13	...........	64,99
	3099	310	5,96580E-001	8,45620E-002	0,00000E+000	5,98000E-001	1,53116E-005	13	...........	64,97
	3100	310,1	5,98642E-001	8,49061E-002	0,00000E+000	6,00000E-001	-4,28843E-006	13	...........	64,98
	3101	310,2	6,00518E-001	8,50868E-002	0,00000E+000	6,02000E-001	3,31157E-006	13	...........	64,98
	3102	310,3	6,02567E-001	8,48213E-002	0,00000E+000	6,04000E-001	6,31157E-006	13	...........	64,98
	3103	310,4	6,04997E-001	8,52533E-002	0,00000E+000	6,06000E-001	3,11157E-006	13	...........	64,99
	3104	310,5	6,06744E-001	8,54708E-002	0,00000E+000	6,08000E-001	3,11157E-006	13	...........	64,98
	3105	310,6	6,08667E-001	8,53993E-002	0,00000E+000	6,10000E-001	1,25116E-005	13	...........	64,99
	3106	310,7	6,10582E-001	8,56444E-002	0,00000E+000	6,12000E-001	5,71157E-006	13	...........	64,99
	3107	310,8	6,12645E-001	8,54350E-002	0,00000E+000	6,14000E-001	8,31157E-006	13	...........	64,98
	3108	310,9	6,14718E-001	8,54871E-002	0,00000E+000	6,16000E-001	-6,88433E-007	13	...........	64,98
	3109	311	6,16533E-001	8,56924E-002	0,00000E+000	6,18000E-001	-2,68843E-006	13	...........	64,98
	3110	311,1	6,18506E-001	8,55412E-002	0,00000E+000	6,20000E-001	7,91157E-006	13	...........	64,98
	3111	311,2	6,20540E-001	8,57608E-002	0,00000E+000	6,22000E-001	1,39116E-005	13	...........	64,98
	3112	311,3	6,22615E-001	8,60355E-002	0,00000E+000	6,24000E-001	1,11573E-007	13	...........	64,98
	3113	311,4	6,24471E-001	8,61672E-002	0,00000E+000	6,26000E-001	-3,68843E-006	13	...........	64,98
	3114	311,5	6,26439E-001	8,63928E-002	0,00000E+000	6,28000E-001	7,11157E-006	13	...........	64,98
	3115	311,6	6,28639E-001	8,66502E-002	0,00000E+000	6,30000E-001	4,71157E-006	13	...........	64,98
	3116	311,7	6,30722E-001	8,66073E-002	0,00000E+000	6,32000E-001	-8,84284E-008	13	...........	64,98
	3117	311,8	6,32554E-001	8,67880E-002	0,00000E+000	6,34000E-001	7,71157E-006	13	...........	64,98
	3118	311,9	6,34515E-001	8,66430E-002	0,00000E+000	6,36000E-001	7,11567E-007	13	...........	64,97
	3119	312	6,36591E-001	8,69575E-002	0,00000E+000	6,38000E-001	9,31157E-006	13	...........	64,98
	3120	312,1	6,38683E-001	8,67666E-002	0,00000E+000	6,40000E-001	7,11567E-007	13	...........	64,98
	3121	312,2	6,40475E-001	8,69473E-002	0,00000E+000	6,42000E-001	1,51157E-006	13	...........	64,97
	3122	312,3	6,42464E-001	8,71025E-002	0,00000E+000	6,44000E-001	1,31157E-006	13	...........	64,97
	3123	312,4	6,44470E-001	8,72312E-002	0,00000E+000	6,46000E-001	-2,28843E-006	13	...........	64,98
	3124	312,5	6,46479E-001	8,69912E-002	0,00000E+000	6,48000E-001	1,11573E-007	13	...........	64,98
	3125	312,6	6,48418E-001	8,73394E-002	0,00000E+000	6,50000E-001	-4,08843E-006	13	...........	64,97
	3126	312,7	6,50408E-001	8,74793E-002	0,00000E+000	6,52000E-001	1,15116E-005	13	...........	64,97
	3127	312,8	6,52419E-001	8,73772E-002	0,00000E+000	6,54000E-001	1,09116E-005	13	...........	64,98
	3128	312,9	6,54664E-001	8,73159E-002	0,00000E+000	6,56000E-001	-1,48843E-006	13	...........	64,97
	3129	313	6,56476E-001	8,76090E-002	0,00000E+000	6,58000E-001	-1,68843E-006	13	...........	64,98
	3130	313,1	6,58495E-001	8,76539E-002	0,00000E+000	6,60000E-001	8,51157E-006	13	...........	64,97
	3131	313,2	6,60540E-001	8,76223E-002	0,00000E+000	6,62000E-001	1,81116E-005	13	...........	64,98
	3132	313,3	6,62660E-001	8,79051E-002	0,00000E+000	6,64000E-001	5,71157E-006	13	...........	64,97
	3133	313,4	6,64436E-001	8,78326E-002	0,00000E+000	6,66000E-001	4,71157E-006	13	...........	64,97
	3134	313,5	6,66458E-001	8,79940E-002	0,00000E+000	6,68000E-001	4,31157E-006	13	...........	64,97
	3135	313,6	6,68468E-001	8,80971E-002	0,00000E+000	6,70000E-001	1,33116E-005	13	...........	64,97
	3136	313,7	6,70492E-001	8,81665E-002	0,00000E+000	6,72000E-001	1,43116E-005	13	...........	64,98
	3137	313,8	6,72396E-001	8,82574E-002	0,00000E+000	6,74000E-001	7,11567E-007	13	...........	64,98
	3138	313,9	6,74385E-001	8,81461E-002	0,00000E+000	6,76000E-001	2,71156E-006	13	...........	64,98
	3139	314	6,76386E-001	8,84259E-002	0,00000E+000	6,78000E-001	6,91157E-006	13	...........	64,98
	3140	314,1	6,78370E-001	8,84167E-002	0,00000E+000	6,80000E-001	-2,28843E-006	13	...........	64,98
	3141	314,2	6,80454E-001	8,89201E-002	0,00000E+000	6,82000E-001	5,31157E-006	13	...........	64,98
	3142	314,3	6,82448E-001	8,85290E-002	0,00000E+000	6,84000E-001	1,51157E-006	13	...........	64,99
	3143	314,4	6,84534E-001	8,86679E-002	0,00000E+000	6,86000E-001	1,37116E-005	13	...........	64,99
	3144	314,5	6,86643E-001	8,83912E-002	0,00000E+000	6,88000E-001	5,11565E-007	13	...........	64,98
	3145	314,6	6,88404E-001	8,87036E-002	0,00000E+000	6,90000E-001	-2,48843E-006	13	...........	64,98
	3146	314,7	6,90389E-001	8,86730E-002	0,00000E+000	6,92000E-001	8,31157E-006	13	...........	64,98
	3147	314,8	6,92408E-001	8,87813E-002	0,00000E+000	6,94000E-001	2,91157E-006	13	...........	64,98
	3148	314,9	6,94439E-001	8,86168E-002	0,00000E+000	6,96000E-001	5,91157E-006	13	...........	64,98
	3149	315	6,96362E-001	8,89160E-002	0,00000E+000	6,98000E-001	-6,88433E-007	13	...........	64,99
	3150	315,1	6,98320E-001	8,88578E-002	0,00000E+000	7,00000E-001	3,11567E-007	13	...........	64,97
	3151	315,2	7,00335E-001	8,89732E-002	0,00000E+000	7,02000E-001	2,05116E-005	13	...........	64,97
	3152	315,3	7,02292E-001	8,89640E-002	0,00000E+000	7,04000E-001	7,71157E-006	13	...........	64,98
	3153	315,4	7,04399E-001	8,90386E-002	0,00000E+000	7,06000E-001	1,33116E-005	13	...........	64,97
	3154	315,5	7,06387E-001	8,90600E-002	0,00000E+000	7,08000E-001	1,01116E-005	13	...........	64,98
	3155	315,6	7,08470E-001	8,92091E-002	0,00000E+000	7,10000E-001	1,13116E-005	13	...........	64,98
	3156	315,7	7,10664E-001	8,91407E-002	0,00000E+000	7,12000E-001	1,21116E-005	13	...........	64,98
	3157	315,8	7,12412E-001	8,94276E-002	0,00000E+000	7,14000E-001	8,31157E-006	13	...........	64,97
	3158	315,9	7,14343E-001	8,92887E-002	0,00000E+000	7,16000E-001	3,71157E-006	13	...........	64,98
	3159	316	7,16362E-001	8,94235E-002	0,00000E+000	7,18000E-001	1,51116E-005	13	...........	64,97
	3160	316,1	7,18458E-001	8,92142E-002	0,00000E+000	7,20000E-001	8,11157E-006	13	...........	64,97
	3161	316,2	7,20369E-001	8,95563E-002	0,00000E+000	7,22000E-001	3,91157E-006	13	...........	64,97
	3162	316,3	7,22303E-001	8,93214E-002	0,00000E+000	7,24000E-001	7,71157E-006	13	...........	64,97
	3163	316,4	7,24344E-001	8,94858E-002	0,00000E+000	7,26000E-001	9,31157E-006	13	...........	64,97
	3164	316,5	7,26309E-001	8,96145E-002	0,00000E+000	7,28000E-001	2,11157E-006	13	...........	64,98
	3165	316,6	7,28325E-001	8,98647E-002	0,00000E+000	7,30000E-001	4,31157E-006	13	...........	64,97
	3166	316,7	7,30351E-001	8,95420E-002	0,00000E+000	7,32000E-001	1,69116E-005	13	...........	64,97
	3167	316,8	7,32406E-001	8,96421E-002	0,00000E+000	7,34000E-001	1,05116E-005	13	...........	64,98
	3168	316,9	7,34552E-001	8,96084E-002	0,00000E+000	7,36000E-001	1,13116E-005	13	...........	64,97
	3169	317	7,36403E-001	8,99515E-002	0,00000E+000	7,38000E-001	9,31157E-006	13	...........	64,98
	3170	317,1	7,38322E-001	8,97881E-002	0,00000E+000	7,40000E-001	1,15116E-005	13	...........	64,98
	3171	317,2	7,40356E-001	8,99606E-002	0,00000E+000	7,42000E-001	1,13116E-005	13	...........	64,98
	3172	317,3	7,42435E-001	8,99494E-002	0,00000E+000	7,44000E-001	1,95116E-005	13	...........	64,98
	3173	317,4	7,44337E-001	9,00423E-002	0,00000E+000	7,46000E-001	-4,88431E-007	13	...........	64,98
	3174	317,5	7,46244E-001	9,00199E-002	0,00000E+000	7,48000E-001	-4,68843E-006	13	...........	64,98
	3175	317,6	7,48282E-001	9,02445E-002	0,00000E+000	7,50000E-001	7,91157E-006	13	...........	64,98
	3176	317,7	7,50252E-001	9,01393E-002	0,00000E+000	7,52000E-001	6,71157E-006	13	...........	64,96
	3177	317,8	7,52294E-001	9,05029E-002	0,00000E+000	7,54000E-001	3,11157E-006	13	...........	64,97
	3178	317,9	7,54197E-001	9,01935E-002	0,00000E+000	7,56000E-001	1,27116E-005	13	...........	64,98
	3179	318	7,56359E-001	9,05846E-002	0,00000E+000	7,58000E-001	7,11157E-006	13	...........	64,98
	3180	318,1	7,58604E-001	9,04273E-002	0,00000E+000	7,60000E-001	7,11157E-006	13	...........	64,97
	3181	318,2	7,60376E-001	9,05468E-002	0,00000E+000	7,62000E-001	2,91157E-006	13	...........	64,97
	3182	318,3	7,62348E-001	9,03916E-002	0,00000E+000	7,64000E-001	1,55116E-005	13	...........	64,97
	3183	318,4	7,64350E-001	9,08245E-002	0,00000E+000	7,66000E-001	9,71157E-006	13	...........	64,97
	3184	318,5	7,66405E-001	9,05590E-002	0,00000E+000	7,68000E-001	5,31157E-006	13	...........	64,97
	3185	318,6	7,68360E-001	9,08133E-002	0,00000E+000	7,70000E-001	7,11157E-006	13	...........	64,98
	3186	318,7	7,70240E-001	9,07122E-002	0,00000E+000	7,72000E-001	3,31157E-006	13	...........	64,97
	3187	318,8	7,72265E-001	9,10104E-002	0,00000E+000	7,74000E-001	-1,48843E-006	13	...........	64,97
	3188	318,9	7,74246E-001	9,08245E-002	0,00000E+000	7,76000E-001	1,23116E-005	13	...........	64,96
	3189	319	7,76297E-001	9,13514E-002	0,00000E+000	7,78000E-001	5,31157E-006	13	...........	64,96
	3190	319,1	7,78189E-001	9,09317E-002	0,00000E+000	7,80000E-001	5,91157E-006	13	...........	64,97
	3191	319,2	7,80201E-001	9,13014E-002	0,00000E+000	7,82000E-001	1,83116E-005	13	...........	64,97
	3192	319,3	7,82437E-001	9,09705E-002	0,00000E+000	7,84000E-001	1,41116E-005	13	...........	64,98
	3193	319,4	7,84368E-001	9,12850E-002	0,00000E+000	7,86000E-001	-1,08843E-006	13	...........	64,97
	3194	319,5	7,86245E-001	9,09889E-002	0,00000E+000	7,88000E-001	1,03116E-005	13	...........	64,98
	3195	319,6	7,88304E-001	9,13892E-002	0,00000E+000	7,90000E-001	1,61116E-005	13	...........	64,98
	3196	319,7	7,90429E-001	9,12595E-002	0,00000E+000	7,92000E-001	1,61116E-005	13	...........	64,97
	3197	319,8	7,92318E-001	9,16721E-002	0,00000E+000	7,94000E-001	1,41116E-005	13	...........	64,97
	3198	319,9	7,94206E-001	9,15781E-002	0,00000E+000	7,96000E-001	7,51157E-006	13	...........	64,97
	3199	320	7,96197E-001	9,16741E-002	0,00000E+000	7,98000E-001	4,51157E-006	13	...........	64,98
	3200	320,1	7,98203E-001	9,17660E-002	0,00000E+000	8,00000E-001	9,71157E-006	13	...........	64,97
	3201	320,2	8,00271E-001	9,19896E-002	0,00000E+000	8,02000E-001	1,47116E-005	13	...........	64,98
	3202	320,3	8,02145E-001	9,18324E-002	0,00000E+000	8,04000E-001	2,71156E-006	13	...........	64,97
	3203	320,4	8,04144E-001	9,20417E-002	0,00000E+000	8,06000E-001	1,15116E-005	13	...........	64,97
	3204	320,5	8,06126E-001	9,19815E-002	0,00000E+000	8,08000E-001	1,77116E-005	13	...........	64,98
	3205	320,6	8,08358E-001	9,22265E-002	0,00000E+000	8,10000E-001	7,71157E-006	13	...........	64,97
	3206	320,7	8,10237E-001	9,23828E-002	0,00000E+000	8,12000E-001	1,71157E-006	13	...........	64,98
	3207	320,8	8,12252E-001	9,22653E-002	0,00000E+000	8,14000E-001	5,71157E-006	13	...........	64,98
	3208	320,9	8,14391E-001	9,23756E-002	0,00000E+000	8,16000E-001	2,33116E-005	13	...........	64,98
	3209	321	8,16328E-001	9,26329E-002	0,00000E+000	8,18000E-001	7,11567E-007	13	...........	64,96
	3210	321,1	8,18174E-001	9,27412E-002	0,00000E+000	8,20000E-001	6,11157E-006	13	...........	64,97
	3211	321,2	8,20159E-001	9,29097E-002	0,00000E+000	8,22000E-001	4,31157E-006	13	...........	64,97
	3212	321,3	8,22168E-001	9,27463E-002	0,00000E+000	8,24000E-001	5,71157E-006	13	...........	64,98
	3213	321,4	8,24195E-001	9,30230E-002	0,00000E+000	8,26000E-001	3,31157E-006	13	...........	64,98
	3214	321,5	8,26075E-001	9,30669E-002	0,00000E+000	8,28000E-001	1,11116E-005	13	...........	64,97
	3215	321,6	8,28072E-001	9,32129E-002	0,00000E+000	8,30000E-001	3,11567E-007	13	...........	64,98
	3216	321,7	8,30046E-001	9,33579E-002	0,00000E+000	8,32000E-001	1,13116E-005	13	...........	64,97
	3217	321,8	8,32065E-001	9,33794E-002	0,00000E+000	8,34000E-001	1,73116E-005	13	...........	64,98
	3218	321,9	8,34172E-001	9,37715E-002	0,00000E+000	8,36000E-001	9,11572E-007	13	...........	64,97
	3219	322	8,36119E-001	9,38818E-002	0,00000E+000	8,38000E-001	1,45116E-005	13	...........	64,98
	3220	322,1	8,38321E-001	9,39543E-002	0,00000E+000	8,40000E-001	1,59116E-005	13	...........	64,98
	3221	322,2	8,40255E-001	9,40778E-002	0,00000E+000	8,42000E-001	7,11157E-006	13	...........	64,98
	3222	322,3	8,42054E-001	9,39941E-002	0,00000E+000	8,44000E-001	4,51157E-006	13	...........	64,97
	3223	322,4	8,44031E-001	9,40104E-002	0,00000E+000	8,46000E-001	1,67116E-005	13	...........	64,98
	3224	322,5	8,46063E-001	9,41718E-002	0,00000E+000	8,48000E-001	7,51157E-006	13	...........	64,98
	3225	322,6	8,48100E-001	9,45557E-002	0,00000E+000	8,50000E-001	-8,84284E-008	13	...........	64,98
	3226	322,7	8,50017E-001	9,48447E-002	0,00000E+000	8,52000E-001	2,11157E-006	13	...........	64,97
	3227	322,8	8,51987E-001	9,46629E-002	0,00000E+000	8,54000E-001	1,11573E-007	13	...........	64,97
	3228	322,9	8,53998E-001	9,48610E-002	0,00000E+000	8,56000E-001	6,91157E-006	13	...........	64,97
	3229	323	8,55989E-001	9,47977E-002	0,00000E+000	8,58000E-001	4,31157E-006	13	...........	64,97
	3230	323,1	8,58118E-001	9,48998E-002	0,00000E+000	8,60000E-001	8,51157E-006	13	...........	64,97
	3231	323,2	8,60044E-001	9,52460E-002	0,00000E+000	8,62000E-001	6,31157E-006	13	...........	64,98
	3232	323,3	8,62192E-001	9,52552E-002	0,00000E+000	8,64000E-001	5,31157E-006	13	...........	64,97
	3233	323,4	8,64300E-001	9,52623E-002	0,00000E+000	8,66000E-001	1,01116E-005	13	...........	64,98
	3234	323,5	8,66079E-001	9,56013E-002	0,00000E+000	8,68000E-001	1,13116E-005	13	...........	64,98
	3235	323,6	8,68013E-001	9,55962E-002	0,00000E+000	8,70000E-001	9,71157E-006	13	...........	64,97
	3236	323,7	8,70018E-001	9,60169E-002	0,00000E+000	8,72000E-001	1,45116E-005	13	...........	64,98
	3237	323,8	8,72082E-001	9,61037E-002	0,00000E+000	8,74000E-001	7,11157E-006	13	...........	64,97
	3238	323,9	8,74010E-001	9,62324E-002	0,00000E+000	8,76000E-001	-5,68843E-006	13	...........	64,97
	3239	324	8,75981E-001	9,63253E-002	0,00000E+000	8,78000E-001	3,91157E-006	13	...........	64,97
	3240	324,1	8,77993E-001	9,63069E-002	0,00000E+000	8,80000E-001	1,53116E-005	13	...........	64,98
	3241	324,2	8,79969E-001	9,61977E-002	0,00000E+000	8,82000E-001	3,31157E-006	13	...........	64,97
	3242	324,3	8,81966E-001	9,66031E-002	0,00000E+000	8,84000E-001	1,51157E-006	13	...........	64,98
	3243	324,4	8,84012E-001	9,65653E-002	0,00000E+000	8,86000E-001	1,63116E-005	13	...........	64,98
	3244	324,5	8,86059E-001	9,66408E-002	0,00000E+000	8,88000E-001	1,05116E-005	13	...........	64,97
	3245	324,6	8,88249E-001	9,69911E-002	0,00000E+000	8,90000E-001	4,91157E-006	13	...........	64,98
	3246	324,7	8,90049E-001	9,70963E-002	0,00000E+000	8,92000E-001	1,77116E-005	13	...........	64,97
	3247	324,8	8,91979E-001	9,72351E-002	0,00000E+000	8,94000E-001	1,39116E-005	13	...........	64,99
	3248	324,9	8,93953E-001	9,73056E-002	0,00000E+000	8,96000E-001	1,11116E-005	13	...........	64,98
	3249	325	8,96116E-001	9,73995E-002	0,00000E+000	8,98000E-001	7,51157E-006	13	...........	64,98
	3250	325,1	8,97977E-001	9,75731E-002	0,00000E+000	9,00000E-001	2,11157E-006	13	...........	64,98
	3251	325,2	8,99915E-001	9,74884E-002	0,00000E+000	9,02000E-001	9,71157E-006	13	...........	64,98
	3252	325,3	9,01892E-001	9,76742E-002	0,00000E+000	9,04000E-001	2,33116E-005	13	...........	64,98
	3253	325,4	9,03909E-001	9,79121E-002	0,00000E+000	9,06000E-001	1,05116E-005	13	...........	64,97
	3254	325,5	9,05942E-001	9,80551E-002	0,00000E+000	9,08000E-001	7,91157E-006	13	...........	64,98
	3255	325,6	9,07865E-001	9,81184E-002	0,00000E+000	9,10000E-001	1,01116E-005	13	...........	64,97
	3256	325,7	9,09913E-001	9,81562E-002	0,00000E+000	9,12000E-001	1,83116E-005	13	...........	64,98
	3257	325,8	9,12254E-001	9,80847E-002	0,00000E+000	9,14000E-001	1,51157E-006	13	...........	64,98
	3258	325,9	9,14004E-001	9,82808E-002	0,00000E+000	9,16000E-001	9,11157E-006	13	...........	64,98
	3259	326	9,16001E-001	9,84758E-002	0,00000E+000	9,18000E-001	2,81116E-005	13	...........	64,99
	3260	326,1	9,17912E-001	9,87076E-002	0,00000E+000	9,20000E-001	1,11116E-005	13	...........	64,98
	3261	326,2	9,20063E-001	9,86953E-002	0,00000E+000	9,22000E-001	1,41116E-005	13	...........	64,98
	3262	326,3	9,21998E-001	9,91426E-002	0,00000E+000	9,24000E-001	4,51157E-006	13	...........	64,99
	3263	326,4	9,23902E-001	9,89659E-002	0,00000E+000	9,26000E-001	5,91157E-006	13	...........	64,99
	3264	326,5	9,25893E-001	9,91763E-002	0,00000E+000	9,28000E-001	1,67116E-005	13	...........	64,99
	3265	326,6	9,27922E-001	9,93070E-002	0,00000E+000	9,30000E-001	9,91157E-006	13	...........	64,99
	3266	326,7	9,29933E-001	9,95225E-002	0,00000E+000	9,32000E-001	7,11567E-007	13	...........	64,98
	3267	326,8	9,31837E-001	9,96481E-002	0,00000E+000	9,34000E-001	1,71157E-006	13	...........	64,98
	3268	326,9	9,33822E-001	9,98043E-002	0,00000E+000	9,36000E-001	1,09116E-005	13	...........	64,99
	3269	327	9,36093E-001	9,98267E-002	0,00000E+000	9,38000E-001	9,11157E-006	13	...........	64,98
	3270	327,1	9,37977E-001	1,00327E-001	0,00000E+000	9,40000E-001	5,51157E-006	13	...........	64,98
	3271	327,2	9,39915E-001	1,00095E-001	0,00000E+000	9,42000E-001	8,31157E-006	13	...........	64,98
	3272	327,3	9,41866E-001	1,00416E-001	0,00000E+000	9,44000E-001	1,09116E-005	13	...........	64,98
	3273	327,4	9,44084E-001	1,00706E-001	0,00000E+000	9,46000E-001	1,21116E-005	13	...........	64,98
	3274	327,5	9,45941E-001	1,01018E-001	0,00000E+000	9,48000E-001	1,71157E-006	13	...........	64,99
	3275	327,6	9,47873E-001	1,00687E-001	0,00000E+000	9,50000E-001	2,11157E-006	13	...........	64,98
	3276	327,7	9,49801E-001	1,01274E-001	0,00000E+000	9,52000E-001	7,91157E-006	13	...........	64,99
	3277	327,8	9,51836E-001	1,01138E-001	0,00000E+000	9,54000E-001	1,15116E-005	13	...........	64,99
	3278	327,9	9,53878E-001	1,01665E-001	0,00000E+000	9,56000E-001	1,51157E-006	13	...........	64,99
	3279	328	9,55781E-001	1,01692E-001	0,00000E+000	9,58000E-001	2,31157E-006	13	...........	64,99
	3280	328,1	9,57772E-001	1,02116E-001	0,00000E+000	9,60000E-001	1,03116E-005	13	...........	64,98
	3281	328,2	9,59781E-001	1,02331E-001	0,00000E+000	9,62000E-001	1,43116E-005	13	...........	64,98
	3282	328,3	9,61951E-001	1,02864E-001	0,00000E+000	9,64000E-001	1,05116E-005	13	...........	64,99
	3283	328,4	9,63885E-001	1,02809E-001	0,00000E+000	9,66000E-001	-8,84284E-008	13	...........	64,99
	3284	328,5	9,65851E-001	1,02993E-001	0,00000E+000	9,68000E-001	2,65116E-005	13	...........	64,99
	3285	328,6	9,68050E-001	1,03620E-001	0,00000E+000	9,70000E-001	1,15116E-005	13	...........	64,98
	3286	328,7	9,69909E-001	1,03551E-001	0,00000E+000	9,72000E-001	7,91157E-006	13	...........	64,99
	3287	328,8	9,71797E-001	1,03677E-001	0,00000E+000	9,74000E-001	8,71157E-006	13	...........	64,98
	3288	328,9	9,73851E-001	1,04042E-001	0,00000E+000	9,76000E-001	1,43116E-005	13	...........	64,99
	3289	329	9,75837E-001	1,04378E-001	0,00000E+000	9,78000E-001	8,31157E-006	13	...........	64,99
	3290	329,1	9,77825E-001	1,04578E-001	0,00000E+000	9,80000E-001	-2,08843E-006	13	...........	64,98
	3291	329,2	9,79755E-001	1,04497E-001	0,00000E+000	9,82000E-001	5,71157E-006	13	...........	64,98
	3292	329,3	9,81762E-001	1,04740E-001	0,00000E+000	9,84000E-001	9,51157E-006	13	...........	64,99
	3293	329,4	9,83744E-001	1,04950E-001	0,00000E+000	9,86000E-001	8,71157E-006	13	...........	64,98
	3294	329,5	9,85779E-001	1,05471E-001	0,00000E+000	9,88000E-001	1,91157E-006	13	...........	64,99
	3295	329,6	9,87808E-001	1,05236E-001	0,00000E+000	9,90000E-001	4,31157E-006	13	...........	64,98
	3296	329,7	9,89826E-001	1,05801E-001	0,00000E+000	9,92000E-001	3,11157E-006	13	...........	64,99
	3297	329,8	9,92027E-001	1,05907E-001	0,00000E+000	9,94000E-001	5,11157E-006	13	...........	64,98
	3298	329,9	9,93942E-001	1,06460E-001	0,00000E+000	9,96000E-001	5,31157E-006	13	...........	64,99
	3299	330	9,95763E-001	1,06182E-001	0,00000E+000	9,98000E-001	1,47116E-005	13	...........	64,97
	3300	330,1	9,97774E-001	1,06432E-001	0,00000E+000	1,00000E+000	8,71157E-006	13	...........	64,97
	3301	330,2	9,99753E-001	1,06520E-001	0,00000E+000	1,00200E+000	1,27116E-005	13	...........	64,99
	3302	330,3	1,00178E+000	1,06874E-001	0,00000E+000	1,00400E+000	1,31157E-006	13	...........	64,98
	3303	330,4	1,00370E+000	1,06983E-001	0,00000E+000	1,00600E+000	1,11157E-006	13	...........	64,99
	3304	330,5	1,00569E+000	1,07042E-001	0,00000E+000	1,00800E+000	6,91157E-006	13	...........	64,99
	3305	330,6	1,00769E+000	1,07371E-001	0,00000E+000	1,01000E+000	3,11157E-006	13	...........	64,99
	3306	330,7	1,00971E+000	1,07632E-001	0,00000E+000	1,01200E+000	4,71157E-006	13	...........	65,00
	3307	330,8	1,01179E+000	1,07789E-001	0,00000E+000	1,01400E+000	2,31157E-006	13	...........	64,98
	3308	330,9	1,01380E+000	1,08240E-001	0,00000E+000	1,01600E+000	-2,88426E-007	13	...........	64,98
	3309	331	1,01593E+000	1,08336E-001	0,00000E+000	1,01800E+000	1,09116E-005	13	...........	64,99
	3310	331,1	1,01791E+000	1,08710E-001	0,00000E+000	1,02000E+000	7,51157E-006	13	...........	64,98
	3311	331,2	1,01976E+000	1,08980E-001	0,00000E+000	1,02200E+000	-1,08843E-006	13	...........	64,98
	3312	331,3	1,02174E+000	1,09188E-001	0,00000E+000	1,02400E+000	-8,84284E-008	13	...........	64,99
	3313	331,4	1,02375E+000	1,09092E-001	0,00000E+000	1,02600E+000	5,51157E-006	13	...........	64,99
	3314	331,5	1,02575E+000	1,09979E-001	0,00000E+000	1,02800E+000	-4,28843E-006	13	...........	64,98
	3315	331,6	1,02768E+000	1,09907E-001	0,00000E+000	1,03000E+000	-2,88426E-007	13	...........	64,98
	3316	331,7	1,02968E+000	1,10700E-001	0,00000E+000	1,03200E+000	7,11157E-006	13	...........	64,99
	3317	331,8	1,03170E+000	1,10452E-001	0,00000E+000	1,03400E+000	8,31157E-006	13	...........	64,98
	3318	331,9	1,03369E+000	1,11298E-001	0,00000E+000	1,03600E+000	2,71156E-006	13	...........	64,99
	3319	332	1,03564E+000	1,11411E-001	0,00000E+000	1,03800E+000	-2,28843E-006	13	...........	64,98
	3320	332,1	1,03773E+000	1,11800E-001	0,00000E+000	1,04000E+000	6,11157E-006	13	...........	64,99
	3321	332,2	1,03994E+000	1,11787E-001	0,00000E+000	1,04200E+000	3,11567E-007	13	...........	64,98
	3322	332,3	1,04192E+000	1,12559E-001	0,00000E+000	1,04400E+000	-1,88843E-006	13	...........	64,98
	3323	332,4	1,04377E+000	1,12399E-001	0,00000E+000	1,04600E+000	7,11157E-006	13	...........	64,99
	3324	332,5	1,04570E+000	1,13258E-001	0,00000E+000	1,04800E+000	-1,88843E-006	13	...........	64,99
	3325	332,6	1,04771E+000	1,13087E-001	0,00000E+000	1,05000E+000	3,11157E-006	13	...........	64,98
	3326	332,7	1,04978E+000	1,13608E-001	0,00000E+000	1,05200E+000	1,43116E-005	13	...........	64,99
	3327	332,8	1,05161E+000	1,13686E-001	0,00000E+000	1,05400E+000	-6,28843E-006	13	...........	64,98
	3328	332,9	1,05363E+000	1,14076E-001	0,00000E+000	1,05600E+000	2,31157E-006	13	...........	64,97
	3329	333	1,05564E+000	1,14170E-001	0,00000E+000	1,05800E+000	-1,68843E-006	13	...........	64,99
	3330	333,1	1,05764E+000	1,14454E-001	0,00000E+000	1,06000E+000	4,51157E-006	13	...........	64,98
	3331	333,2	1,05959E+000	1,14609E-001	0,00000E+000	1,06200E+000	-2,88426E-007	13	...........	64,97
	3332	333,3	1,06157E+000	1,14995E-001	0,00000E+000	1,06400E+000	3,11567E-007	13	...........	64,98
	3333	333,4	1,06367E+000	1,15046E-001	0,00000E+000	1,06600E+000	1,31157E-006	13	...........	64,97
	3334	333,5	1,06590E+000	1,15504E-001	0,00000E+000	1,06800E+000	1,17116E-005	13	...........	64,98
	3335	333,6	1,06767E+000	1,15581E-001	0,00000E+000	1,07000E+000	7,11567E-007	13	...........	64,98
	3336	333,7	1,06970E+000	1,16049E-001	0,00000E+000	1,07200E+000	1,59116E-005	13	...........	64,98
	3337	333,8	1,07170E+000	1,16103E-001	0,00000E+000	1,07400E+000	4,11157E-006	13	...........	64,98
	3338	333,9	1,07385E+000	1,16613E-001	0,00000E+000	1,07600E+000	-4,88843E-006	13	...........	64,98
	3339	334	1,07564E+000	1,16840E-001	0,00000E+000	1,07800E+000	-4,88843E-006	13	...........	64,97
	3340	334,1	1,07762E+000	1,17312E-001	0,00000E+000	1,08000E+000	-2,68843E-006	13	...........	64,98
	3341	334,2	1,07963E+000	1,17536E-001	0,00000E+000	1,08200E+000	8,31157E-006	13	...........	64,97
	3342	334,3	1,08164E+000	1,17975E-001	0,00000E+000	1,08400E+000	8,91157E-006	13	...........	64,99
	3343	334,4	1,08358E+000	1,18358E-001	0,00000E+000	1,08600E+000	-1,48843E-006	13	...........	64,98
	3344	334,5	1,08555E+000	1,18922E-001	0,00000E+000	1,08800E+000	1,51157E-006	13	...........	64,98
	3345	334,6	1,08754E+000	1,19129E-001	0,00000E+000	1,09000E+000	6,31157E-006	13	...........	64,98
	3346	334,7	1,08978E+000	1,19837E-001	0,00000E+000	1,09200E+000	1,45116E-005	13	...........	65,00
	3347	334,8	1,09163E+000	1,20391E-001	0,00000E+000	1,09400E+000	6,11157E-006	13	...........	64,98
	3348	334,9	1,09363E+000	1,20505E-001	0,00000E+000	1,09600E+000	1,53116E-005	13	...........	64,98
	3349	335	1,09568E+000	1,20759E-001	0,00000E+000	1,09800E+000	1,67116E-005	13	...........	64,97
	3350	335,1	1,09782E+000	1,21332E-001	0,00000E+000	1,10000E+000	6,91157E-006	13	...........	64,97
	3351	335,2	1,09959E+000	1,21588E-001	0,00000E+000	1,10200E+000	6,31157E-006	13	...........	64,97
	3352	335,3	1,10158E+000	1,22114E-001	0,00000E+000	1,10400E+000	1,91157E-006	13	...........	64,99
	3353	335,4	1,10357E+000	1,22337E-001	0,00000E+000	1,10600E+000	9,31157E-006	13	...........	64,98
	3354	335,5	1,10561E+000	1,22637E-001	0,00000E+000	1,10800E+000	1,11157E-006	13	...........	64,98
	3355	335,6	1,10756E+000	1,22906E-001	0,00000E+000	1,11000E+000	4,11157E-006	13	...........	64,98
	3356	335,7	1,10952E+000	1,23144E-001	0,00000E+000	1,11200E+000	1,69116E-005	13	...........	64,98
	3357	335,8	1,11151E+000	1,23438E-001	0,00000E+000	1,11400E+000	6,71157E-006	13	...........	64,98
	3358	335,9	1,11350E+000	1,23825E-001	0,00000E+000	1,11600E+000	9,31157E-006	13	...........	64,99
	3359	336	1,11567E+000	1,24337E-001	0,00000E+000	1,11800E+000	-1,28843E-006	13	...........	64,99
	3360	336,1	1,11763E+000	1,24727E-001	0,00000E+000	1,12000E+000	8,31157E-006	13	...........	64,98
	3361	336,2	1,11968E+000	1,24718E-001	0,00000E+000	1,12200E+000	1,39116E-005	13	...........	64,99
	3362	336,3	1,12173E+000	1,25341E-001	0,00000E+000	1,12400E+000	6,31157E-006	13	...........	64,98
	3363	336,4	1,12362E+000	1,25692E-001	0,00000E+000	1,12600E+000	5,31157E-006	13	...........	64,98
	3364	336,5	1,12559E+000	1,26345E-001	0,00000E+000	1,12800E+000	6,91157E-006	13	...........	64,99
	3365	336,6	1,12763E+000	1,26479E-001	0,00000E+000	1,13000E+000	9,11157E-006	13	...........	64,99
	3366	336,7	1,12968E+000	1,27269E-001	0,00000E+000	1,13200E+000	9,31157E-006	13	...........	64,99
	3367	336,8	1,13158E+000	1,27784E-001	0,00000E+000	1,13400E+000	9,31157E-006	13	...........	64,98
	3368	336,9	1,13352E+000	1,28306E-001	0,00000E+000	1,13600E+000	1,07116E-005	13	...........	64,98
	3369	337	1,13549E+000	1,28897E-001	0,00000E+000	1,13800E+000	1,99116E-005	13	...........	64,98
	3370	337,1	1,13752E+000	1,29620E-001	0,00000E+000	1,14000E+000	-1,68843E-006	13	...........	64,99
	3371	337,2	1,13964E+000	1,29953E-001	0,00000E+000	1,14200E+000	1,71157E-006	13	...........	64,99
	3372	337,3	1,14159E+000	1,30509E-001	0,00000E+000	1,14400E+000	2,11157E-006	13	...........	64,99
	3373	337,4	1,14348E+000	1,31045E-001	0,00000E+000	1,14600E+000	1,53116E-005	13	...........	64,98
	3374	337,5	1,14586E+000	1,31628E-001	0,00000E+000	1,14800E+000	1,21116E-005	13	...........	64,99
	3375	337,6	1,14762E+000	1,32004E-001	0,00000E+000	1,15000E+000	9,51157E-006	13	...........	64,99
	3376	337,7	1,14948E+000	1,32681E-001	0,00000E+000	1,15200E+000	1,09116E-005	13	...........	64,99
	3377	337,8	1,15143E+000	1,33122E-001	0,00000E+000	1,15400E+000	7,71157E-006	13	...........	65,00
	3378	337,9	1,15355E+000	1,33706E-001	0,00000E+000	1,15600E+000	1,17116E-005	13	...........	64,98
	3379	338	1,15554E+000	1,34081E-001	0,00000E+000	1,15800E+000	1,11116E-005	13	...........	65,00
	3380	338,1	1,15743E+000	1,35017E-001	0,00000E+000	1,16000E+000	8,51157E-006	13	...........	64,99
	3381	338,2	1,15939E+000	1,35386E-001	0,00000E+000	1,16200E+000	1,11116E-005	13	...........	64,99
	3382	338,3	1,16144E+000	1,36274E-001	0,00000E+000	1,16400E+000	2,91157E-006	13	...........	64,99
	3383	338,4	1,16347E+000	1,36614E-001	0,00000E+000	1,16600E+000	-1,28843E-006	13	...........	64,99
	3384	338,5	1,16552E+000	1,37466E-001	0,00000E+000	1,16800E+000	8,91157E-006	13	...........	64,98
	3385	338,6	1,16755E+000	1,38197E-001	0,00000E+000	1,17000E+000	1,25116E-005	13	...........	64,99
	3386	338,7	1,16970E+000	1,38685E-001	0,00000E+000	1,17200E+000	1,01116E-005	13	...........	64,99
	3387	338,8	1,17158E+000	1,39311E-001	0,00000E+000	1,17400E+000	5,11565E-007	13	...........	64,99
	3388	338,9	1,17349E+000	1,40013E-001	0,00000E+000	1,17600E+000	-2,88426E-007	13	...........	64,99
	3389	339	1,17548E+000	1,40378E-001	0,00000E+000	1,17800E+000	6,11157E-006	13	...........	64,99
	3390	339,1	1,17770E+000	1,41200E-001	0,00000E+000	1,18000E+000	-4,68843E-006	13	...........	64,98
	3391	339,2	1,17955E+000	1,41782E-001	0,00000E+000	1,18200E+000	-1,28843E-006	13	...........	64,98
	3392	339,3	1,18146E+000	1,42563E-001	0,00000E+000	1,18400E+000	-1,48843E-006	13	...........	64,98
	3393	339,4	1,18343E+000	1,43003E-001	0,00000E+000	1,18600E+000	7,11567E-007	13	...........	64,99
	3394	339,5	1,18547E+000	1,43827E-001	0,00000E+000	1,18800E+000	5,11565E-007	13	...........	64,98
	3395	339,6	1,18748E+000	1,44649E-001	0,00000E+000	1,19000E+000	-5,08843E-006	13	...........	65,00
	3396	339,7	1,18939E+000	1,45781E-001	0,00000E+000	1,19200E+000	-4,28843E-006	13	...........	64,99
	3397	339,8	1,19143E+000	1,46434E-001	0,00000E+000	1,19400E+000	2,51157E-006	13	...........	64,98
	3398	339,9	1,19386E+000	1,47078E-001	0,00000E+000	1,19600E+000	-4,08843E-006	13	...........	64,98
	3399	340	1,19558E+000	1,47933E-001	0,00000E+000	1,19800E+000	8,11157E-006	13	...........	64,99
	3400	340,1	1,19753E+000	1,48660E-001	0,00000E+000	1,20000E+000	1,87116E-005	13	...........	64,98
	3401	340,2	1,19945E+000	1,49269E-001	0,00000E+000	1,20200E+000	1,95116E-005	13	...........	64,99
	3402	340,3	1,20155E+000	1,50210E-001	0,00000E+000	1,20400E+000	1,07116E-005	13	...........	64,99
	3403	340,4	1,20354E+000	1,51138E-001	0,00000E+000	1,20600E+000	-6,88433E-007	13	...........	65,00
	3404	340,5	1,20539E+000	1,52190E-001	0,00000E+000	1,20800E+000	3,51157E-006	13	...........	64,99
	3405	340,6	1,20734E+000	1,52951E-001	0,00000E+000	1,21000E+000	8,11157E-006	13	...........	64,99
	3406	340,7	1,20939E+000	1,54100E-001	0,00000E+000	1,21200E+000	1,51116E-005	13	...........	64,99
	3407	340,8	1,21147E+000	1,55019E-001	0,00000E+000	1,21400E+000	8,31157E-006	13	...........	64,98
	3408	340,9	1,21331E+000	1,55674E-001	0,00000E+000	1,21600E+000	-1,88843E-006	13	...........	64,99
	3409	341	1,21533E+000	1,56955E-001	0,00000E+000	1,21800E+000	1,23116E-005	13	...........	64,98
	3410	341,1	1,21753E+000	1,57531E-001	0,00000E+000	1,22000E+000	5,31157E-006	13	...........	65,00
	3411	341,2	1,21956E+000	1,58725E-001	0,00000E+000	1,22200E+000	2,11157E-006	13	...........	64,99
	3412	341,3	1,22151E+000	1,59643E-001	0,00000E+000	1,22400E+000	9,11157E-006	13	...........	64,99
	3413	341,4	1,22345E+000	1,60726E-001	0,00000E+000	1,22600E+000	1,97116E-005	13	...........	64,99
	3414	341,5	1,22558E+000	1,61730E-001	0,00000E+000	1,22800E+000	1,53116E-005	13	...........	65,00
	3415	341,6	1,22754E+000	1,62909E-001	0,00000E+000	1,23000E+000	1,21116E-005	13	...........	65,00
	3416	341,7	1,22945E+000	1,63700E-001	0,00000E+000	1,23200E+000	1,07116E-005	13	...........	64,99
	3417	341,8	1,23140E+000	1,64674E-001	0,00000E+000	1,23400E+000	1,61116E-005	13	...........	64,99
	3418	341,9	1,23344E+000	1,65738E-001	0,00000E+000	1,23600E+000	2,35116E-005	13	...........	64,99
	3419	342	1,23549E+000	1,66982E-001	0,00000E+000	1,23800E+000	2,91157E-006	13	...........	64,99
	3420	342,1	1,23737E+000	1,67963E-001	0,00000E+000	1,24000E+000	1,51157E-006	13	...........	65,00
	3421	342,2	1,23934E+000	1,69265E-001	0,00000E+000	1,24200E+000	-3,08843E-006	13	...........	64,99
	3422	342,3	1,24134E+000	1,70359E-001	0,00000E+000	1,24400E+000	4,71157E-006	13	...........	64,99
	3423	342,4	1,24355E+000	1,71537E-001	0,00000E+000	1,24600E+000	1,51116E-005	13	...........	64,98
	3424	342,5	1,24541E+000	1,72520E-001	0,00000E+000	1,24800E+000	7,11157E-006	13	...........	64,99
	3425	342,6	1,24754E+000	1,73804E-001	0,00000E+000	1,25000E+000	1,75116E-005	13	...........	65,00
	3426	342,7	1,24951E+000	1,74742E-001	0,00000E+000	1,25200E+000	7,91157E-006	13	...........	65,00
	3427	342,8	1,25154E+000	1,76175E-001	0,00000E+000	1,25400E+000	-6,08843E-006	13	...........	65,00
	3428	342,9	1,25341E+000	1,77440E-001	0,00000E+000	1,25600E+000	9,91157E-006	13	...........	65,00
	3429	343	1,25537E+000	1,78601E-001	0,00000E+000	1,25800E+000	3,71157E-006	13	...........	65,00
	3430	343,1	1,25738E+000	1,79475E-001	0,00000E+000	1,26000E+000	1,07116E-005	13	...........	64,99
	3431	343,2	1,25948E+000	1,80767E-001	0,00000E+000	1,26200E+000	-4,68843E-006	13	...........	65,00
	3432	343,3	1,26131E+000	1,82198E-001	0,00000E+000	1,26400E+000	-5,88843E-006	13	...........	65,00
	3433	343,4	1,26329E+000	1,83257E-001	0,00000E+000	1,26600E+000	1,11157E-006	13	...........	65,00
	3434	343,5	1,26530E+000	1,84293E-001	0,00000E+000	1,26800E+000	9,11157E-006	13	...........	65,00
	3435	343,6	1,26735E+000	1,86244E-001	0,00000E+000	1,27000E+000	6,91157E-006	13	...........	65,00
	3436	343,7	1,26937E+000	1,87043E-001	0,00000E+000	1,27200E+000	3,71157E-006	13	...........	65,00
	3437	343,8	1,27137E+000	1,88679E-001	0,00000E+000	1,27400E+000	7,11157E-006	13	...........	65,00
	3438	343,9	1,27364E+000	1,89559E-001	0,00000E+000	1,27600E+000	1,45116E-005	13	...........	65,01
	3439	344	1,27554E+000	1,91115E-001	0,00000E+000	1,27800E+000	-4,88431E-007	13	...........	65,01
	3440	344,1	1,27736E+000	1,92176E-001	0,00000E+000	1,28000E+000	1,15116E-005	13	...........	65,01
	3441	344,2	1,27936E+000	1,94127E-001	0,00000E+000	1,28200E+000	4,91157E-006	13	...........	65,01
	3442	344,3	1,28141E+000	1,95383E-001	0,00000E+000	1,28400E+000	1,15116E-005	13	...........	65,02
	3443	344,4	1,28349E+000	1,96668E-001	0,00000E+000	1,28600E+000	-8,88431E-007	13	...........	65,00
	3444	344,5	1,28531E+000	1,97462E-001	0,00000E+000	1,28800E+000	3,51157E-006	13	...........	65,00
	3445	344,6	1,28728E+000	1,99221E-001	0,00000E+000	1,29000E+000	1,03116E-005	13	...........	65,01
	3446	344,7	1,28928E+000	2,00009E-001	0,00000E+000	1,29200E+000	1,01116E-005	13	...........	65,00
	3447	344,8	1,29132E+000	2,01909E-001	0,00000E+000	1,29400E+000	1,55116E-005	13	...........	65,00
	3448	344,9	1,29335E+000	2,02748E-001	0,00000E+000	1,29600E+000	9,51157E-006	13	...........	65,01
	3449	345	1,29539E+000	2,04345E-001	0,00000E+000	1,29800E+000	-2,88426E-007	13	...........	64,99
	3450	345,1	1,29746E+000	2,05363E-001	0,00000E+000	1,30000E+000	7,31157E-006	13	...........	65,00
	3451	345,2	1,29954E+000	2,06977E-001	0,00000E+000	1,30200E+000	4,51157E-006	13	...........	65,00
	3452	345,3	1,30140E+000	2,08006E-001	0,00000E+000	1,30400E+000	1,09116E-005	13	...........	64,99
	3453	345,4	1,30334E+000	2,09612E-001	0,00000E+000	1,30600E+000	4,51157E-006	13	...........	65,00
	3454	345,5	1,30539E+000	2,10863E-001	0,00000E+000	1,30800E+000	-1,08843E-006	13	...........	65,00
	3455	345,6	1,30750E+000	2,12149E-001	0,00000E+000	1,31000E+000	2,91157E-006	13	...........	65,00
	3456	345,7	1,30927E+000	2,12941E-001	0,00000E+000	1,31200E+000	-6,08843E-006	13	...........	65,00
	3457	345,8	1,31124E+000	2,14482E-001	0,00000E+000	1,31400E+000	-2,88843E-006	13	...........	65,00
	3458	345,9	1,31322E+000	2,15418E-001	0,00000E+000	1,31600E+000	1,11157E-006	13	...........	65,01
	3459	346	1,31525E+000	2,17164E-001	0,00000E+000	1,31800E+000	4,91157E-006	13	...........	65,01
	3460	346,1	1,31719E+000	2,18364E-001	0,00000E+000	1,32000E+000	2,51157E-006	13	...........	65,00
	3461	346,2	1,31928E+000	2,19918E-001	0,00000E+000	1,32200E+000	1,55116E-005	13	...........	65,01
	3462	346,3	1,32144E+000	2,20672E-001	0,00000E+000	1,32400E+000	1,27116E-005	13	...........	65,01
	3463	346,4	1,32353E+000	2,22124E-001	0,00000E+000	1,32600E+000	1,31157E-006	13	...........	65,01
	3464	346,5	1,32535E+000	2,22952E-001	0,00000E+000	1,32800E+000	1,73116E-005	13	...........	65,01
	3465	346,6	1,32732E+000	2,24250E-001	0,00000E+000	1,33000E+000	7,91157E-006	13	...........	65,00
	3466	346,7	1,32932E+000	2,25088E-001	0,00000E+000	1,33200E+000	1,11573E-007	13	...........	65,00
	3467	346,8	1,33147E+000	2,26702E-001	0,00000E+000	1,33400E+000	6,71157E-006	13	...........	65,00
	3468	346,9	1,33330E+000	2,27500E-001	0,00000E+000	1,33600E+000	1,11157E-006	13	...........	64,99
	3469	347	1,33528E+000	2,28759E-001	0,00000E+000	1,33800E+000	9,51157E-006	13	...........	65,00
	3470	347,1	1,33724E+000	2,29375E-001	0,00000E+000	1,34000E+000	4,51157E-006	13	...........	65,01
	3471	347,2	1,33927E+000	2,30729E-001	0,00000E+000	1,34200E+000	3,71157E-006	13	...........	65,01
	3472	347,3	1,34121E+000	2,31549E-001	0,00000E+000	1,34400E+000	1,91157E-006	13	...........	65,01
	3473	347,4	1,34318E+000	2,32746E-001	0,00000E+000	1,34600E+000	2,31157E-006	13	...........	65,01
	3474	347,5	1,34529E+000	2,33194E-001	0,00000E+000	1,34800E+000	1,11573E-007	13	...........	65,01
	3475	347,6	1,34751E+000	2,34798E-001	0,00000E+000	1,35000E+000	9,51157E-006	13	...........	65,01
	3476	347,7	1,34927E+000	2,35127E-001	0,00000E+000	1,35200E+000	1,37116E-005	13	...........	65,02
	3477	347,8	1,35130E+000	2,36504E-001	0,00000E+000	1,35400E+000	1,25116E-005	13	...........	65,01
	3478	347,9	1,35332E+000	2,36850E-001	0,00000E+000	1,35600E+000	7,51157E-006	13	...........	65,00
	3479	348	1,35549E+000	2,37864E-001	0,00000E+000	1,35800E+000	-5,88843E-006	13	...........	65,01
	3480	348,1	1,35724E+000	2,38251E-001	0,00000E+000	1,36000E+000	1,11573E-007	13	...........	65,00
	3481	348,2	1,35921E+000	2,39501E-001	0,00000E+000	1,36200E+000	-6,88843E-006	13	...........	65,03
	3482	348,3	1,36121E+000	2,39732E-001	0,00000E+000	1,36400E+000	1,33116E-005	13	...........	65,02
	3483	348,4	1,36329E+000	2,40887E-001	0,00000E+000	1,36600E+000	2,11157E-006	13	...........	65,01
	3484	348,5	1,36519E+000	2,41156E-001	0,00000E+000	1,36800E+000	-4,28843E-006	13	...........	65,03
	3485	348,6	1,36713E+000	2,42083E-001	0,00000E+000	1,37000E+000	5,11565E-007	13	...........	65,01
	3486	348,7	1,36912E+000	2,42324E-001	0,00000E+000	1,37200E+000	6,31157E-006	13	...........	65,02
	3487	348,8	1,37139E+000	2,43352E-001	0,00000E+000	1,37400E+000	4,11157E-006	13	...........	65,00
	3488	348,9	1,37328E+000	2,43655E-001	0,00000E+000	1,37600E+000	-4,88431E-007	13	...........	65,01
	3489	349	1,37529E+000	2,44365E-001	0,00000E+000	1,37800E+000	1,19116E-005	13	...........	65,01
	3490	349,1	1,37723E+000	2,44528E-001	0,00000E+000	1,38000E+000	1,51157E-006	13	...........	65,02
	3491	349,2	1,37944E+000	2,45410E-001	0,00000E+000	1,38200E+000	-6,08843E-006	13	...........	65,02
	3492	349,3	1,38122E+000	2,45526E-001	0,00000E+000	1,38400E+000	-2,28843E-006	13	...........	65,02
	3493	349,4	1,38318E+000	2,45995E-001	0,00000E+000	1,38600E+000	1,71157E-006	13	...........	65,02
	3494	349,5	1,38515E+000	2,46216E-001	0,00000E+000	1,38800E+000	8,51157E-006	13	...........	65,02
	3495	349,6	1,38722E+000	2,46780E-001	0,00000E+000	1,39000E+000	5,11157E-006	13	...........	65,02
	3496	349,7	1,38917E+000	2,46870E-001	0,00000E+000	1,39200E+000	6,31157E-006	13	...........	65,03
	3497	349,8	1,39111E+000	2,47393E-001	0,00000E+000	1,39400E+000	-3,88844E-006	13	...........	65,03
	3498	349,9	1,39306E+000	2,47221E-001	0,00000E+000	1,39600E+000	6,71157E-006	13	...........	65,02
	3499	350	1,39508E+000	2,47920E-001	0,00000E+000	1,39800E+000	3,11157E-006	13	...........	65,02
	3500	350,1	1,39726E+000	2,48076E-001	0,00000E+000	1,40000E+000	1,63116E-005	13	...........	65,03
	3501	350,2	1,39512E+000	2,41252E-001	0,00000E+000	1,39800E+000	4,31157E-006	13	...........	65,04
	3502	350,3	1,39308E+000	2,36199E-001	0,00000E+000	1,39600E+000	-1,48843E-006	13	...........	65,03
	3503	350,4	1,39112E+000	2,31633E-001	0,00000E+000	1,39400E+000	1,13116E-005	13	...........	65,02
	3504	350,5	1,38918E+000	2,27608E-001	0,00000E+000	1,39200E+000	4,91157E-006	13	...........	65,02
	3505	350,6	1,38727E+000	2,23933E-001	0,00000E+000	1,39000E+000	1,07116E-005	13	...........	65,04
	3506	350,7	1,38517E+000	2,20505E-001	0,00000E+000	1,38800E+000	2,91157E-006	13	...........	65,03
	3507	350,8	1,38318E+000	2,17401E-001	0,00000E+000	1,38600E+000	4,71157E-006	13	...........	65,02
	3508	350,9	1,38122E+000	2,14081E-001	0,00000E+000	1,38400E+000	-1,28843E-006	13	...........	65,03
	3509	351	1,37944E+000	2,11476E-001	0,00000E+000	1,38200E+000	1,71157E-006	13	...........	65,02
	3510	351,1	1,37728E+000	2,08203E-001	0,00000E+000	1,38000E+000	9,51157E-006	13	...........	65,03
	3511	351,2	1,37525E+000	2,05806E-001	0,00000E+000	1,37800E+000	9,11157E-006	13	...........	65,03
	3512	351,3	1,37322E+000	2,03414E-001	0,00000E+000	1,37600E+000	-6,88433E-007	13	...........	65,03
	3513	351,4	1,37135E+000	2,00880E-001	0,00000E+000	1,37400E+000	1,29116E-005	13	...........	65,03
	3514	351,5	1,36910E+000	1,98232E-001	0,00000E+000	1,37200E+000	9,51157E-006	13	...........	65,03
	3515	351,6	1,36712E+000	1,96063E-001	0,00000E+000	1,37000E+000	4,71157E-006	13	...........	65,04
	3516	351,7	1,36519E+000	1,93780E-001	0,00000E+000	1,36800E+000	2,71156E-006	13	...........	65,04
	3517	351,8	1,36324E+000	1,91307E-001	0,00000E+000	1,36600E+000	1,01116E-005	13	...........	65,03
	3518	351,9	1,36119E+000	1,89184E-001	0,00000E+000	1,36400E+000	1,51157E-006	13	...........	65,04
	3519	352	1,35915E+000	1,87143E-001	0,00000E+000	1,36200E+000	9,11572E-007	13	...........	65,03
	3520	352,1	1,35721E+000	1,84751E-001	0,00000E+000	1,36000E+000	4,31157E-006	13	...........	65,03
	3521	352,2	1,35546E+000	1,82560E-001	0,00000E+000	1,35800E+000	-3,48843E-006	13	...........	65,03
	3522	352,3	1,35327E+000	1,80601E-001	0,00000E+000	1,35600E+000	-2,68843E-006	13	...........	65,03
	3523	352,4	1,35132E+000	1,78754E-001	0,00000E+000	1,35400E+000	3,91157E-006	13	...........	65,04
	3524	352,5	1,34935E+000	1,76408E-001	0,00000E+000	1,35200E+000	5,71157E-006	13	...........	65,03
	3525	352,6	1,34753E+000	1,74568E-001	0,00000E+000	1,35000E+000	-2,28843E-006	13	...........	65,03
	3526	352,7	1,34531E+000	1,72583E-001	0,00000E+000	1,34800E+000	6,71157E-006	13	...........	65,04
	3527	352,8	1,34315E+000	1,70504E-001	0,00000E+000	1,34600E+000	2,41116E-005	13	...........	65,05
	3528	352,9	1,34118E+000	1,68569E-001	0,00000E+000	1,34400E+000	-2,88426E-007	13	...........	65,04
	3529	353	1,33928E+000	1,66623E-001	0,00000E+000	1,34200E+000	7,11157E-006	13	...........	65,03
	3530	353,1	1,33721E+000	1,64799E-001	0,00000E+000	1,34000E+000	2,11116E-005	13	...........	65,03
	3531	353,2	1,33526E+000	1,62746E-001	0,00000E+000	1,33800E+000	9,31157E-006	13	...........	65,05
	3532	353,3	1,33328E+000	1,60761E-001	0,00000E+000	1,33600E+000	1,31157E-006	13	...........	65,05
	3533	353,4	1,33148E+000	1,58964E-001	0,00000E+000	1,33400E+000	7,11157E-006	13	...........	65,04
	3534	353,5	1,32930E+000	1,56893E-001	0,00000E+000	1,33200E+000	6,51157E-006	13	...........	65,04
	3535	353,6	1,32729E+000	1,55288E-001	0,00000E+000	1,33000E+000	5,91157E-006	13	...........	65,04
	3536	353,7	1,32532E+000	1,53615E-001	0,00000E+000	1,32800E+000	2,91157E-006	13	...........	65,05
	3537	353,8	1,32348E+000	1,51513E-001	0,00000E+000	1,32600E+000	2,11157E-006	13	...........	65,05
	3538	353,9	1,32150E+000	1,49838E-001	0,00000E+000	1,32400E+000	7,51157E-006	13	...........	65,04
	3539	354	1,31928E+000	1,47850E-001	0,00000E+000	1,32200E+000	8,11157E-006	13	...........	65,05
	3540	354,1	1,31721E+000	1,46193E-001	0,00000E+000	1,32000E+000	7,11567E-007	13	...........	65,04
	3541	354,2	1,31525E+000	1,44183E-001	0,00000E+000	1,31800E+000	1,03116E-005	13	...........	65,05
	3542	354,3	1,31323E+000	1,42192E-001	0,00000E+000	1,31600E+000	4,71157E-006	13	...........	65,05
	3543	354,4	1,31123E+000	1,40553E-001	0,00000E+000	1,31400E+000	-2,48843E-006	13	...........	65,05
	3544	354,5	1,30923E+000	1,38953E-001	0,00000E+000	1,31200E+000	-5,08843E-006	13	...........	65,05
	3545	354,6	1,30734E+000	1,37094E-001	0,00000E+000	1,31000E+000	9,91157E-006	13	...........	65,06
	3546	354,7	1,30531E+000	1,35452E-001	0,00000E+000	1,30800E+000	2,31116E-005	13	...........	65,05
	3547	354,8	1,30328E+000	1,33646E-001	0,00000E+000	1,30600E+000	6,71157E-006	13	...........	65,05
	3548	354,9	1,30134E+000	1,32138E-001	0,00000E+000	1,30400E+000	1,25116E-005	13	...........	65,06
	3549	355	1,29953E+000	1,30452E-001	0,00000E+000	1,30200E+000	9,31157E-006	13	...........	65,06
	3550	355,1	1,29742E+000	1,28174E-001	0,00000E+000	1,30000E+000	1,47116E-005	13	...........	65,06
	3551	355,2	1,29535E+000	1,26208E-001	0,00000E+000	1,29800E+000	5,51157E-006	13	...........	65,06
	3552	355,3	1,29339E+000	1,24718E-001	0,00000E+000	1,29600E+000	2,91157E-006	13	...........	65,05
	3553	355,4	1,29132E+000	1,23344E-001	0,00000E+000	1,29400E+000	1,61116E-005	13	...........	65,05
	3554	355,5	1,28929E+000	1,22173E-001	0,00000E+000	1,29200E+000	1,07116E-005	13	...........	65,06
	3555	355,6	1,28726E+000	1,20442E-001	0,00000E+000	1,29000E+000	8,51157E-006	13	...........	65,05
	3556	355,7	1,28525E+000	1,18775E-001	0,00000E+000	1,28800E+000	7,11567E-007	13	...........	65,06
	3557	355,8	1,28342E+000	1,16954E-001	0,00000E+000	1,28600E+000	-1,08843E-006	13	...........	65,06
	3558	355,9	1,28134E+000	1,15417E-001	0,00000E+000	1,28400E+000	8,91157E-006	13	...........	65,05
	3559	356	1,27931E+000	1,14143E-001	0,00000E+000	1,28200E+000	1,75116E-005	13	...........	65,06
	3560	356,1	1,27729E+000	1,13020E-001	0,00000E+000	1,28000E+000	-3,68843E-006	13	...........	65,06
	3561	356,2	1,27549E+000	1,11259E-001	0,00000E+000	1,27800E+000	5,11565E-007	13	...........	65,05
	3562	356,3	1,27351E+000	1,09423E-001	0,00000E+000	1,27600E+000	1,01116E-005	13	...........	65,05
	3563	356,4	1,27133E+000	1,07643E-001	0,00000E+000	1,27400E+000	-3,08843E-006	13	...........	65,06
	3564	356,5	1,26931E+000	1,06511E-001	0,00000E+000	1,27200E+000	7,51157E-006	13	...........	65,06
	3565	356,6	1,26726E+000	1,05105E-001	0,00000E+000	1,27000E+000	9,31157E-006	13	...........	65,05
	3566	356,7	1,26528E+000	1,04119E-001	0,00000E+000	1,26800E+000	1,39116E-005	13	...........	65,06
	3567	356,8	1,26326E+000	1,01937E-001	0,00000E+000	1,26600E+000	3,11157E-006	13	...........	65,06
	3568	356,9	1,26129E+000	1,00772E-001	0,00000E+000	1,26400E+000	5,11157E-006	13	...........	65,06
	3569	357	1,25940E+000	9,93642E-002	0,00000E+000	1,26200E+000	1,31157E-006	13	...........	65,06
	3570	357,1	1,25736E+000	9,82542E-002	0,00000E+000	1,26000E+000	1,41116E-005	13	...........	65,06
	3571	357,2	1,25536E+000	9,71626E-002	0,00000E+000	1,25800E+000	1,47116E-005	13	...........	65,06
	3572	357,3	1,25334E+000	9,60220E-002	0,00000E+000	1,25600E+000	1,11573E-007	13	...........	65,08
	3573	357,4	1,25150E+000	9,44434E-002	0,00000E+000	1,25400E+000	6,11157E-006	13	...........	65,08
	3574	357,5	1,24957E+000	9,28147E-002	0,00000E+000	1,25200E+000	9,51157E-006	13	...........	65,07
	3575	357,6	1,24744E+000	9,15332E-002	0,00000E+000	1,25000E+000	2,23116E-005	13	...........	65,06
	3576	357,7	1,24539E+000	9,06458E-002	0,00000E+000	1,24800E+000	5,71157E-006	13	...........	65,07
	3577	357,8	1,24353E+000	8,96778E-002	0,00000E+000	1,24600E+000	1,77116E-005	13	...........	65,06
	3578	357,9	1,24135E+000	8,88282E-002	0,00000E+000	1,24400E+000	8,51157E-006	13	...........	65,08
	3579	358	1,23933E+000	8,74967E-002	0,00000E+000	1,24200E+000	-3,08843E-006	13	...........	65,07
	3580	358,1	1,23735E+000	8,63163E-002	0,00000E+000	1,24000E+000	4,31157E-006	13	...........	65,06
	3581	358,2	1,23549E+000	8,50633E-002	0,00000E+000	1,23800E+000	-2,08843E-006	13	...........	65,06
	3582	358,3	1,23345E+000	8,37001E-002	0,00000E+000	1,23600E+000	4,91157E-006	13	...........	65,06
	3583	358,4	1,23140E+000	8,26004E-002	0,00000E+000	1,23400E+000	8,11157E-006	13	...........	65,07
	3584	358,5	1,22944E+000	8,18121E-002	0,00000E+000	1,23200E+000	-1,88843E-006	13	...........	65,07
	3585	358,6	1,22754E+000	8,09952E-002	0,00000E+000	1,23000E+000	4,91157E-006	13	...........	65,07
	3586	358,7	1,22558E+000	7,99291E-002	0,00000E+000	1,22800E+000	1,33116E-005	13	...........	65,07
	3587	358,8	1,22346E+000	7,86119E-002	0,00000E+000	1,22600E+000	1,39116E-005	13	...........	65,08
	3588	358,9	1,22151E+000	7,76694E-002	0,00000E+000	1,22400E+000	-1,88843E-006	13	...........	65,06
	3589	359	1,21955E+000	7,65778E-002	0,00000E+000	1,22200E+000	-7,68843E-006	13	...........	65,07
	3590	359,1	1,21753E+000	7,56741E-002	0,00000E+000	1,22000E+000	1,11116E-005	13	...........	65,06
	3591	359,2	1,21534E+000	7,46183E-002	0,00000E+000	1,21800E+000	1,53116E-005	13	...........	65,07
	3592	359,3	1,21333E+000	7,39004E-002	0,00000E+000	1,21600E+000	-1,14884E-005	13	...........	65,06
	3593	359,4	1,21147E+000	7,32959E-002	0,00000E+000	1,21400E+000	-2,08843E-006	13	...........	65,06
	3594	359,5	1,20939E+000	7,24667E-002	0,00000E+000	1,21200E+000	7,71157E-006	13	...........	65,07
	3595	359,6	1,20736E+000	7,14844E-002	0,00000E+000	1,21000E+000	-6,88433E-007	13	...........	65,06
	3596	359,7	1,20538E+000	7,06502E-002	0,00000E+000	1,20800E+000	-1,28843E-006	13	...........	65,07
	3597	359,8	1,20352E+000	6,94769E-002	0,00000E+000	1,20600E+000	-2,08843E-006	13	...........	65,07
	3598	359,9	1,20155E+000	6,85589E-002	0,00000E+000	1,20400E+000	9,11157E-006	13	...........	65,07
	3599	360	1,19939E+000	6,76593E-002	0,00000E+000	1,20200E+000	1,35116E-005	13	...........	65,07
	3600	360,1	1,19750E+000	6,63227E-002	0,00000E+000	1,20000E+000	2,21116E-005	13	...........	65,06
	3601	360,2	1,19557E+000	6,60725E-002	0,00000E+000	1,19800E+000	1,31157E-006	13	...........	65,07
	3602	360,3	1,19377E+000	6,56518E-002	0,00000E+000	1,19600E+000	1,13116E-005	13	...........	65,07
	3603	360,4	1,19142E+000	6,50023E-002	0,00000E+000	1,19400E+000	1,91157E-006	13	...........	65,06
	3604	360,5	1,18938E+000	6,42927E-002	0,00000E+000	1,19200E+000	9,51157E-006	13	...........	65,06
	3605	360,6	1,18749E+000	6,37862E-002	0,00000E+000	1,19000E+000	3,11157E-006	13	...........	65,07
	3606	360,7	1,18547E+000	6,26691E-002	0,00000E+000	1,18800E+000	1,17116E-005	13	...........	65,08
	3607	360,8	1,18345E+000	6,16673E-002	0,00000E+000	1,18600E+000	1,23116E-005	13	...........	65,07
	3608	360,9	1,18148E+000	6,10700E-002	0,00000E+000	1,18400E+000	-6,68843E-006	13	...........	65,07
	3609	361	1,17956E+000	6,04042E-002	0,00000E+000	1,18200E+000	7,91157E-006	13	...........	65,07
	3610	361,1	1,17769E+000	5,96057E-002	0,00000E+000	1,18000E+000	1,25116E-005	13	...........	65,07
	3611	361,2	1,17548E+000	5,89675E-002	0,00000E+000	1,17800E+000	4,31157E-006	13	...........	65,07
	3612	361,3	1,17348E+000	5,83691E-002	0,00000E+000	1,17600E+000	1,23116E-005	13	...........	65,07
	3613	361,4	1,17160E+000	5,77125E-002	0,00000E+000	1,17400E+000	1,75116E-005	13	...........	65,08
	3614	361,5	1,16974E+000	5,71621E-002	0,00000E+000	1,17200E+000	1,17116E-005	13	...........	65,07
	3615	361,6	1,16757E+000	5,68497E-002	0,00000E+000	1,17000E+000	1,43116E-005	13	...........	65,08
	3616	361,7	1,16548E+000	5,62145E-002	0,00000E+000	1,16800E+000	6,71157E-006	13	...........	65,07
	3617	361,8	1,16350E+000	5,58612E-002	0,00000E+000	1,16600E+000	3,71157E-006	13	...........	65,07
	3618	361,9	1,16144E+000	5,52945E-002	0,00000E+000	1,16400E+000	-4,88431E-007	13	...........	65,08
	3619	362	1,15943E+000	5,42489E-002	0,00000E+000	1,16200E+000	1,27116E-005	13	...........	65,08
	3620	362,1	1,15745E+000	5,35841E-002	0,00000E+000	1,16000E+000	4,71157E-006	13	...........	65,08
	3621	362,2	1,15552E+000	5,29051E-002	0,00000E+000	1,15800E+000	3,31157E-006	13	...........	65,07
	3622	362,3	1,15363E+000	5,24609E-002	0,00000E+000	1,15600E+000	-5,68843E-006	13	...........	65,08
	3623	362,4	1,15148E+000	5,17349E-002	0,00000E+000	1,15400E+000	1,19116E-005	13	...........	65,07
	3624	362,5	1,14954E+000	5,13703E-002	0,00000E+000	1,15200E+000	5,11157E-006	13	...........	65,08
	3625	362,6	1,14762E+000	5,10793E-002	0,00000E+000	1,15000E+000	-1,88843E-006	13	...........	65,07
	3626	362,7	1,14587E+000	5,03900E-002	0,00000E+000	1,14800E+000	-8,84284E-008	13	...........	65,08
	3627	362,8	1,14358E+000	4,96702E-002	0,00000E+000	1,14600E+000	6,51157E-006	13	...........	65,07
	3628	362,9	1,14164E+000	4,94241E-002	0,00000E+000	1,14400E+000	5,11157E-006	13	...........	65,06
	3629	363	1,13966E+000	4,87021E-002	0,00000E+000	1,14200E+000	-2,88426E-007	13	...........	65,07
	3630	363,1	1,13751E+000	4,80486E-002	0,00000E+000	1,14000E+000	-6,88433E-007	13	...........	65,07
	3631	363,2	1,13551E+000	4,77065E-002	0,00000E+000	1,13800E+000	9,11572E-007	13	...........	65,07
	3632	363,3	1,13353E+000	4,71919E-002	0,00000E+000	1,13600E+000	7,11157E-006	13	...........	65,07
	3633	363,4	1,13159E+000	4,65629E-002	0,00000E+000	1,13400E+000	-8,84284E-008	13	...........	65,06
	3634	363,5	1,12971E+000	4,58951E-002	0,00000E+000	1,13200E+000	8,71157E-006	13	...........	65,07
	3635	363,6	1,12764E+000	4,52007E-002	0,00000E+000	1,13000E+000	4,51157E-006	13	...........	65,07
	3636	363,7	1,12562E+000	4,47994E-002	0,00000E+000	1,12800E+000	1,07116E-005	13	...........	65,07
	3637	363,8	1,12362E+000	4,42327E-002	0,00000E+000	1,12600E+000	5,11565E-007	13	...........	65,07
	3638	363,9	1,12173E+000	4,40029E-002	0,00000E+000	1,12400E+000	5,31157E-006	13	...........	65,07
	3639	364	1,11974E+000	4,33535E-002	0,00000E+000	1,12200E+000	1,45116E-005	13	...........	65,07
	3640	364,1	1,11763E+000	4,28582E-002	0,00000E+000	1,12000E+000	-6,48843E-006	13	...........	65,08
	3641	364,2	1,11567E+000	4,21404E-002	0,00000E+000	1,11800E+000	5,91157E-006	13	...........	65,07
	3642	364,3	1,11351E+000	4,16513E-002	0,00000E+000	1,11600E+000	1,61116E-005	13	...........	65,06
	3643	364,4	1,11153E+000	4,13725E-002	0,00000E+000	1,11400E+000	-4,68843E-006	13	...........	65,09
	3644	364,5	1,10951E+000	4,07874E-002	0,00000E+000	1,11200E+000	-2,08843E-006	13	...........	65,07
	3645	364,6	1,10756E+000	4,04780E-002	0,00000E+000	1,11000E+000	8,51157E-006	13	...........	65,07
	3646	364,7	1,10561E+000	3,98694E-002	0,00000E+000	1,10800E+000	6,91157E-006	13	...........	65,08
	3647	364,8	1,10359E+000	3,97642E-002	0,00000E+000	1,10600E+000	3,11157E-006	13	...........	65,08
	3648	364,9	1,10158E+000	3,91444E-002	0,00000E+000	1,10400E+000	9,51157E-006	13	...........	65,08
	3649	365	1,09960E+000	3,87850E-002	0,00000E+000	1,10200E+000	4,91157E-006	13	...........	65,07
	3650	365,1	1,09783E+000	3,83296E-002	0,00000E+000	1,10000E+000	1,19116E-005	13	...........	65,08
	3651	365,2	1,09567E+000	3,80181E-002	0,00000E+000	1,09800E+000	1,07116E-005	13	...........	65,06
	3652	365,3	1,09365E+000	3,74616E-002	0,00000E+000	1,09600E+000	6,51157E-006	13	...........	65,08
	3653	365,4	1,09167E+000	3,67897E-002	0,00000E+000	1,09400E+000	1,91157E-006	13	...........	65,08
	3654	365,5	1,08981E+000	3,63036E-002	0,00000E+000	1,09200E+000	1,11157E-006	13	...........	65,08
	3655	365,6	1,08753E+000	3,59166E-002	0,00000E+000	1,09000E+000	1,41116E-005	13	...........	65,09
	3656	365,7	1,08558E+000	3,56879E-002	0,00000E+000	1,08800E+000	6,51157E-006	13	...........	65,08
	3657	365,8	1,08363E+000	3,53213E-002	0,00000E+000	1,08600E+000	3,91157E-006	13	...........	65,07
	3658	365,9	1,08170E+000	3,49476E-002	0,00000E+000	1,08400E+000	5,11565E-007	13	...........	65,09
	3659	366	1,07962E+000	3,44891E-002	0,00000E+000	1,08200E+000	2,31157E-006	13	...........	65,08
	3660	366,1	1,07767E+000	3,41429E-002	0,00000E+000	1,08000E+000	1,03116E-005	13	...........	65,08
	3661	366,2	1,07569E+000	3,39254E-002	0,00000E+000	1,07800E+000	9,11157E-006	13	...........	65,08
	3662	366,3	1,07387E+000	3,32903E-002	0,00000E+000	1,07600E+000	4,11157E-006	13	...........	65,09
	3663	366,4	1,07173E+000	3,32219E-002	0,00000E+000	1,07400E+000	1,31157E-006	13	...........	65,08
	3664	366,5	1,06973E+000	3,29503E-002	0,00000E+000	1,07200E+000	7,91157E-006	13	...........	65,10
	3665	366,6	1,06773E+000	3,25357E-002	0,00000E+000	1,07000E+000	5,51157E-006	13	...........	65,08
	3666	366,7	1,06594E+000	3,19986E-002	0,00000E+000	1,06800E+000	4,71157E-006	13	...........	65,08
	3667	366,8	1,06372E+000	3,17035E-002	0,00000E+000	1,06600E+000	1,11116E-005	13	...........	65,09
	3668	366,9	1,06162E+000	3,14931E-002	0,00000E+000	1,06400E+000	8,91157E-006	13	...........	65,08
	3669	367	1,05963E+000	3,10346E-002	0,00000E+000	1,06200E+000	-6,28843E-006	13	...........	65,09
	3670	367,1	1,05773E+000	3,05231E-002	0,00000E+000	1,06000E+000	2,11157E-006	13	...........	65,10
	3671	367,2	1,05567E+000	3,01892E-002	0,00000E+000	1,05800E+000	3,71157E-006	13	...........	65,07
	3672	367,3	1,05366E+000	2,95060E-002	0,00000E+000	1,05600E+000	3,91157E-006	13	...........	65,09
	3673	367,4	1,05168E+000	2,92906E-002	0,00000E+000	1,05400E+000	3,11157E-006	13	...........	65,08
	3674	367,5	1,04988E+000	2,91629E-002	0,00000E+000	1,05200E+000	5,91157E-006	13	...........	65,07
	3675	367,6	1,04781E+000	2,86646E-002	0,00000E+000	1,05000E+000	2,51157E-006	13	...........	65,08
	3676	367,7	1,04574E+000	2,82449E-002	0,00000E+000	1,04800E+000	7,51157E-006	13	...........	65,09
	3677	367,8	1,04382E+000	2,80254E-002	0,00000E+000	1,04600E+000	1,03116E-005	13	...........	65,09
	3678	367,9	1,04194E+000	2,75618E-002	0,00000E+000	1,04400E+000	1,51157E-006	13	...........	65,09
	3679	368	1,04010E+000	2,71207E-002	0,00000E+000	1,04200E+000	7,11157E-006	13	...........	65,09
	3680	368,1	1,03776E+000	2,67653E-002	0,00000E+000	1,04000E+000	2,31157E-006	13	...........	65,09
	3681	368,2	1,03568E+000	2,66213E-002	0,00000E+000	1,03800E+000	6,31157E-006	13	...........	65,09
	3682	368,3	1,03380E+000	2,61087E-002	0,00000E+000	1,03600E+000	5,91157E-006	13	...........	65,09
	3683	368,4	1,03173E+000	2,56441E-002	0,00000E+000	1,03400E+000	3,51157E-006	13	...........	65,09
	3684	368,5	1,02972E+000	2,52684E-002	0,00000E+000	1,03200E+000	7,51157E-006	13	...........	65,09
	3685	368,6	1,02773E+000	2,51887E-002	0,00000E+000	1,03000E+000	4,31157E-006	13	...........	65,08
	3686	368,7	1,02590E+000	2,47557E-002	0,00000E+000	1,02800E+000	5,31157E-006	13	...........	65,09
	3687	368,8	1,02386E+000	2,46210E-002	0,00000E+000	1,02600E+000	9,71157E-006	13	...........	65,08
	3688	368,9	1,02178E+000	2,42891E-002	0,00000E+000	1,02400E+000	8,31157E-006	13	...........	65,11
	3689	369	1,01981E+000	2,42258E-002	0,00000E+000	1,02200E+000	9,71157E-006	13	...........	65,09
	3690	369,1	1,01795E+000	2,38623E-002	0,00000E+000	1,02000E+000	1,57116E-005	13	...........	65,09
	3691	369,2	1,01611E+000	2,35549E-002	0,00000E+000	1,01800E+000	1,25116E-005	13	...........	65,09
	3692	369,3	1,01381E+000	2,33129E-002	0,00000E+000	1,01600E+000	6,31157E-006	13	...........	65,09
	3693	369,4	1,01180E+000	2,30096E-002	0,00000E+000	1,01400E+000	3,11567E-007	13	...........	65,09
	3694	369,5	1,00979E+000	2,29300E-002	0,00000E+000	1,01200E+000	1,71157E-006	13	...........	65,09
	3695	369,6	1,00774E+000	2,25420E-002	0,00000E+000	1,01000E+000	3,11157E-006	13	...........	65,10
	3696	369,7	1,00573E+000	2,21846E-002	0,00000E+000	1,00800E+000	2,11157E-006	13	...........	65,10
	3697	369,8	1,00373E+000	2,17322E-002	0,00000E+000	1,00600E+000	-1,68843E-006	13	...........	65,09
	3698	369,9	1,00187E+000	2,13769E-002	0,00000E+000	1,00400E+000	-9,48843E-006	13	...........	65,09
	3699	370	9,99861E-001	2,09459E-002	0,00000E+000	1,00200E+000	4,71157E-006	13	...........	65,09
	3700	370,1	9,97778E-001	2,06018E-002	0,00000E+000	1,00000E+000	1,13116E-005	13	...........	65,09
	3701	370,2	9,95819E-001	2,03966E-002	0,00000E+000	9,98000E-001	5,11565E-007	13	...........	65,08
	3702	370,3	9,93959E-001	2,00749E-002	0,00000E+000	9,96000E-001	-6,68843E-006	13	...........	65,08
	3703	370,4	9,92174E-001	1,97206E-002	0,00000E+000	9,94000E-001	1,31116E-005	13	...........	65,10
	3704	370,5	9,89780E-001	1,93326E-002	0,00000E+000	9,92000E-001	8,71157E-006	13	...........	65,10
	3705	370,6	9,87899E-001	1,93509E-002	0,00000E+000	9,90000E-001	-1,68843E-006	13	...........	65,10
	3706	370,7	9,85966E-001	1,87934E-002	0,00000E+000	9,88000E-001	3,51157E-006	13	...........	65,09
	3707	370,8	9,83806E-001	1,88302E-002	0,00000E+000	9,86000E-001	8,11157E-006	13	...........	65,10
	3708	370,9	9,81781E-001	1,83094E-002	0,00000E+000	9,84000E-001	2,11157E-006	13	...........	65,10
	3709	371	9,79777E-001	1,80122E-002	0,00000E+000	9,82000E-001	3,71157E-006	13	...........	65,10
	3710	371,1	9,77932E-001	1,79152E-002	0,00000E+000	9,80000E-001	-9,48843E-006	13	...........	65,10
	3711	371,2	9,75920E-001	1,76559E-002	0,00000E+000	9,78000E-001	2,31157E-006	13	...........	65,10
	3712	371,3	9,73842E-001	1,74067E-002	0,00000E+000	9,76000E-001	1,23116E-005	13	...........	65,10
	3713	371,4	9,71851E-001	1,71300E-002	0,00000E+000	9,74000E-001	3,51157E-006	13	...........	65,10
	3714	371,5	9,69965E-001	1,70034E-002	0,00000E+000	9,72000E-001	-2,48843E-006	13	...........	65,10
	3715	371,6	9,67976E-001	1,67440E-002	0,00000E+000	9,70000E-001	6,31157E-006	13	...........	65,11
	3716	371,7	9,65926E-001	1,66511E-002	0,00000E+000	9,68000E-001	6,11157E-006	13	...........	65,10
	3717	371,8	9,63879E-001	1,64132E-002	0,00000E+000	9,66000E-001	-8,48843E-006	13	...........	65,10
	3718	371,9	9,62018E-001	1,62140E-002	0,00000E+000	9,64000E-001	-9,88843E-006	13	...........	65,10
	3719	372	9,59822E-001	1,60262E-002	0,00000E+000	9,62000E-001	3,31157E-006	13	...........	65,09
	3720	372,1	9,57805E-001	1,56412E-002	0,00000E+000	9,60000E-001	-8,84284E-008	13	...........	65,10
	3721	372,2	9,55825E-001	1,55442E-002	0,00000E+000	9,58000E-001	5,11565E-007	13	...........	65,11
	3722	372,3	9,53936E-001	1,54053E-002	0,00000E+000	9,56000E-001	-2,68843E-006	13	...........	65,11
	3723	372,4	9,51952E-001	1,48856E-002	0,00000E+000	9,54000E-001	2,51157E-006	13	...........	65,11
	3724	372,5	9,49870E-001	1,51990E-002	0,00000E+000	9,52000E-001	1,71157E-006	13	...........	65,11
	3725	372,6	9,47927E-001	1,47365E-002	0,00000E+000	9,50000E-001	8,71157E-006	13	...........	65,11
	3726	372,7	9,45997E-001	1,47201E-002	0,00000E+000	9,48000E-001	-3,48843E-006	13	...........	65,11
	3727	372,8	9,44181E-001	1,40023E-002	0,00000E+000	9,46000E-001	6,71157E-006	13	...........	65,09
	3728	372,9	9,41964E-001	1,39369E-002	0,00000E+000	9,44000E-001	2,91157E-006	13	...........	65,11
	3729	373	9,40050E-001	1,35847E-002	0,00000E+000	9,42000E-001	9,91157E-006	13	...........	65,10
	3730	373,1	9,38041E-001	1,36214E-002	0,00000E+000	9,40000E-001	-4,68843E-006	13	...........	65,11
	3731	373,2	9,36126E-001	1,32753E-002	0,00000E+000	9,38000E-001	9,11157E-006	13	...........	65,11
	3732	373,3	9,33885E-001	1,29281E-002	0,00000E+000	9,36000E-001	1,11116E-005	13	...........	65,12
	3733	373,4	9,31893E-001	1,28260E-002	0,00000E+000	9,34000E-001	-1,88843E-006	13	...........	65,11
	3734	373,5	9,29962E-001	1,22878E-002	0,00000E+000	9,32000E-001	-9,88843E-006	13	...........	65,11
	3735	373,6	9,28018E-001	1,20519E-002	0,00000E+000	9,30000E-001	8,11157E-006	13	...........	65,11
	3736	373,7	9,25958E-001	1,18681E-002	0,00000E+000	9,28000E-001	-8,88431E-007	13	...........	65,11
	3737	373,8	9,24003E-001	1,17905E-002	0,00000E+000	9,26000E-001	1,51157E-006	13	...........	65,11
	3738	373,9	9,22034E-001	1,16762E-002	0,00000E+000	9,24000E-001	-2,88843E-006	13	...........	65,12
	3739	374	9,20198E-001	1,14791E-002	0,00000E+000	9,22000E-001	-1,88843E-006	13	...........	65,11
	3740	374,1	9,18045E-001	1,12667E-002	0,00000E+000	9,20000E-001	-2,88426E-007	13	...........	65,12
	3741	374,2	9,16045E-001	1,07367E-002	0,00000E+000	9,18000E-001	1,03116E-005	13	...........	65,10
	3742	374,3	9,14050E-001	1,06683E-002	0,00000E+000	9,16000E-001	5,11157E-006	13	...........	65,11
	3743	374,4	9,12321E-001	1,04580E-002	0,00000E+000	9,14000E-001	-1,30884E-005	13	...........	65,11
	3744	374,5	9,10054E-001	1,01322E-002	0,00000E+000	9,12000E-001	1,91157E-006	13	...........	65,11
	3745	374,6	9,07889E-001	9,84632E-003	0,00000E+000	9,10000E-001	3,51157E-006	13	...........	65,11
	3746	374,7	9,05951E-001	9,72480E-003	0,00000E+000	9,08000E-001	-4,48843E-006	13	...........	65,11
	3747	374,8	9,04017E-001	9,56653E-003	0,00000E+000	9,06000E-001	3,31157E-006	13	...........	65,11
	3748	374,9	9,01963E-001	9,56244E-003	0,00000E+000	9,04000E-001	5,11157E-006	13	...........	65,12
	3749	375	8,99930E-001	9,29593E-003	0,00000E+000	9,02000E-001	-6,88843E-006	13	...........	65,12
	3750	375,1	8,97993E-001	9,14480E-003	0,00000E+000	9,00000E-001	-6,48843E-006	13	...........	65,11
	3751	375,2	8,96265E-001	8,87216E-003	0,00000E+000	8,98000E-001	-3,08843E-006	13	...........	65,12
	3752	375,3	8,94054E-001	8,82111E-003	0,00000E+000	8,96000E-001	2,91157E-006	13	...........	65,13
	3753	375,4	8,92053E-001	8,53724E-003	0,00000E+000	8,94000E-001	-5,88843E-006	13	...........	65,12
	3754	375,5	8,90107E-001	8,57399E-003	0,00000E+000	8,92000E-001	4,91157E-006	13	...........	65,13
	3755	375,6	8,88303E-001	8,34016E-003	0,00000E+000	8,90000E-001	5,11157E-006	13	...........	65,12
	3756	375,7	8,86334E-001	8,14002E-003	0,00000E+000	8,88000E-001	1,31157E-006	13	...........	65,12
	3757	375,8	8,84040E-001	7,93681E-003	0,00000E+000	8,86000E-001	7,11567E-007	13	...........	65,13
	3758	375,9	8,81981E-001	7,82449E-003	0,00000E+000	8,84000E-001	-8,68843E-006	13	...........	65,12
	3759	376	8,79978E-001	7,47118E-003	0,00000E+000	8,82000E-001	6,31157E-006	13	...........	65,12
	3760	376,1	8,77987E-001	7,46403E-003	0,00000E+000	8,80000E-001	2,51157E-006	13	...........	65,12
	3761	376,2	8,75990E-001	7,15055E-003	0,00000E+000	8,78000E-001	1,03116E-005	13	...........	65,12
	3762	376,3	8,73997E-001	6,99125E-003	0,00000E+000	8,76000E-001	-4,88431E-007	13	...........	65,12
	3763	376,4	8,72183E-001	6,96266E-003	0,00000E+000	8,74000E-001	7,11157E-006	13	...........	65,12
	3764	376,5	8,70080E-001	6,76252E-003	0,00000E+000	8,72000E-001	8,91157E-006	13	...........	65,12
	3765	376,6	8,68012E-001	6,52664E-003	0,00000E+000	8,70000E-001	-9,08843E-006	13	...........	65,13
	3766	376,7	8,66071E-001	6,30097E-003	0,00000E+000	8,68000E-001	-8,84284E-008	13	...........	65,12
	3767	376,8	8,64306E-001	6,15393E-003	0,00000E+000	8,66000E-001	1,13116E-005	13	...........	65,13
	3768	376,9	8,62082E-001	5,86904E-003	0,00000E+000	8,64000E-001	7,31157E-006	13	...........	65,14
	3769	377	8,60057E-001	5,56168E-003	0,00000E+000	8,62000E-001	1,11573E-007	13	...........	65,13
	3770	377,1	8,58095E-001	5,63214E-003	0,00000E+000	8,60000E-001	-2,28843E-006	13	...........	65,13
	3771	377,2	8,56001E-001	5,08379E-003	0,00000E+000	8,58000E-001	6,71157E-006	13	...........	65,13
	3772	377,3	8,54008E-001	4,90816E-003	0,00000E+000	8,56000E-001	3,31157E-006	13	...........	65,13
	3773	377,4	8,51993E-001	4,66411E-003	0,00000E+000	8,54000E-001	-4,68843E-006	13	...........	65,14
	3774	377,5	8,49997E-001	4,45784E-003	0,00000E+000	8,52000E-001	8,31157E-006	13	...........	65,13
	3775	377,6	8,48117E-001	4,37105E-003	0,00000E+000	8,50000E-001	-3,48843E-006	13	...........	65,13
	3776	377,7	8,46067E-001	4,00242E-003	0,00000E+000	8,48000E-001	6,11157E-006	13	...........	65,13
	3777	377,8	8,44056E-001	3,85947E-003	0,00000E+000	8,46000E-001	-3,68843E-006	13	...........	65,12
	3778	377,9	8,42065E-001	3,78799E-003	0,00000E+000	8,44000E-001	5,31157E-006	13	...........	65,12
	3779	378	8,40290E-001	3,53271E-003	0,00000E+000	8,42000E-001	7,91157E-006	13	...........	65,13
	3780	378,1	8,38313E-001	3,40302E-003	0,00000E+000	8,40000E-001	1,55116E-005	13	...........	65,14
	3781	378,2	8,36120E-001	3,16408E-003	0,00000E+000	8,38000E-001	1,43116E-005	13	...........	65,14
	3782	378,3	8,34215E-001	3,29785E-003	0,00000E+000	8,36000E-001	-6,88433E-007	13	...........	65,14
	3783	378,4	8,32117E-001	2,87714E-003	0,00000E+000	8,34000E-001	-1,08843E-006	13	...........	65,13
	3784	378,5	8,30062E-001	2,64637E-003	0,00000E+000	8,32000E-001	1,11116E-005	13	...........	65,14
	3785	378,6	8,28088E-001	2,50750E-003	0,00000E+000	8,30000E-001	6,51157E-006	13	...........	65,13
	3786	378,7	8,26095E-001	2,44010E-003	0,00000E+000	8,28000E-001	4,31157E-006	13	...........	65,13
	3787	378,8	8,24249E-001	2,12151E-003	0,00000E+000	8,26000E-001	6,51157E-006	13	...........	65,14
	3788	378,9	8,22182E-001	2,32267E-003	0,00000E+000	8,24000E-001	1,45116E-005	13	...........	65,13
	3789	379	8,20159E-001	1,73144E-003	0,00000E+000	8,22000E-001	3,71157E-006	13	...........	65,14
	3790	379,1	8,18190E-001	1,93669E-003	0,00000E+000	8,20000E-001	1,69116E-005	13	...........	65,12
	3791	379,2	8,16344E-001	1,65894E-003	0,00000E+000	8,18000E-001	2,51157E-006	13	...........	65,13
	3792	379,3	8,14311E-001	1,53130E-003	0,00000E+000	8,16000E-001	2,33116E-005	13	...........	65,12
	3793	379,4	8,12231E-001	1,25764E-003	0,00000E+000	8,14000E-001	1,25116E-005	13	...........	65,13
	3794	379,5	8,10239E-001	1,33423E-003	0,00000E+000	8,12000E-001	7,71157E-006	13	...........	65,13
	3795	379,6	8,08374E-001	9,61516E-004	0,00000E+000	8,10000E-001	5,31157E-006	13	...........	65,13
	3796	379,7	8,06157E-001	9,21692E-004	0,00000E+000	8,08000E-001	1,69116E-005	13	...........	65,13
	3797	379,8	8,04145E-001	6,69474E-004	0,00000E+000	8,06000E-001	1,85116E-005	13	...........	65,13
	3798	379,9	8,02177E-001	6,78664E-004	0,00000E+000	8,04000E-001	-4,28843E-006	13	...........	65,13
	3799	380	8,00301E-001	3,58031E-004	0,00000E+000	8,02000E-001	2,51157E-006	13	...........	65,14
	3800	380,1	7,98277E-001	2,71236E-004	0,00000E+000	8,00000E-001	7,11157E-006	13	...........	65,13
	3801	380,2	7,96207E-001	3,02504E-005	0,00000E+000	7,98000E-001	-4,88431E-007	13	...........	65,14
	3802	380,3	7,94247E-001	3,22926E-005	0,00000E+000	7,96000E-001	7,51157E-006	13	...........	65,13
	3803	380,4	7,92364E-001	-2,99959E-005	0,00000E+000	7,94000E-001	1,27116E-005	13	...........	65,13
	3804	380,5	7,90471E-001	-1,94397E-004	0,00000E+000	7,92000E-001	4,31157E-006	13	...........	65,13
	3805	380,6	7,88280E-001	-4,40488E-004	0,00000E+000	7,90000E-001	1,85116E-005	13	...........	65,14
	3806	380,7	7,86376E-001	-5,78340E-004	0,00000E+000	7,88000E-001	5,91157E-006	13	...........	65,13
	3807	380,8	7,84417E-001	-8,47916E-004	0,00000E+000	7,86000E-001	3,51157E-006	13	...........	65,12
	3808	380,9	7,82470E-001	-8,00945E-004	0,00000E+000	7,84000E-001	1,17116E-005	13	...........	65,13
	3809	381	7,80203E-001	-9,50029E-004	0,00000E+000	7,82000E-001	1,45116E-005	13	...........	65,14
	3810	381,1	7,78222E-001	-8,86719E-004	0,00000E+000	7,80000E-001	1,71157E-006	13	...........	65,14
	3811	381,2	7,76332E-001	-1,28189E-003	0,00000E+000	7,78000E-001	-7,68843E-006	13	...........	65,14
	3812	381,3	7,74309E-001	-1,27066E-003	0,00000E+000	7,76000E-001	1,91116E-005	13	...........	65,14
	3813	381,4	7,72240E-001	-1,73936E-003	0,00000E+000	7,74000E-001	1,29116E-005	13	...........	65,14
	3814	381,5	7,70323E-001	-1,69034E-003	0,00000E+000	7,72000E-001	1,71157E-006	13	...........	65,14
	3815	381,6	7,68406E-001	-1,93133E-003	0,00000E+000	7,70000E-001	2,51157E-006	13	...........	65,15
	3816	381,7	7,66517E-001	-1,99872E-003	0,00000E+000	7,68000E-001	1,23116E-005	13	...........	65,14
	3817	381,8	7,64373E-001	-2,08960E-003	0,00000E+000	7,66000E-001	1,01116E-005	13	...........	65,14
	3818	381,9	7,62416E-001	-2,27851E-003	0,00000E+000	7,64000E-001	7,91157E-006	13	...........	65,15
	3819	382	7,60425E-001	-2,52664E-003	0,00000E+000	7,62000E-001	6,31157E-006	13	...........	65,14
	3820	382,1	7,58693E-001	-2,45312E-003	0,00000E+000	7,60000E-001	1,31116E-005	13	...........	65,14
	3821	382,2	7,56369E-001	-2,64407E-003	0,00000E+000	7,58000E-001	4,11157E-006	13	...........	65,14
	3822	382,3	7,54249E-001	-2,78090E-003	0,00000E+000	7,56000E-001	6,71157E-006	13	...........	65,14
	3823	382,4	7,52326E-001	-3,30883E-003	0,00000E+000	7,54000E-001	9,11572E-007	13	...........	65,13
	3824	382,5	7,50340E-001	-3,05865E-003	0,00000E+000	7,52000E-001	1,11157E-006	13	...........	65,14
	3825	382,6	7,48295E-001	-3,63252E-003	0,00000E+000	7,50000E-001	9,91157E-006	13	...........	65,14
	3826	382,7	7,46338E-001	-3,36805E-003	0,00000E+000	7,48000E-001	-2,48843E-006	13	...........	65,13
	3827	382,8	7,44375E-001	-3,67439E-003	0,00000E+000	7,46000E-001	1,11157E-006	13	...........	65,13
	3828	382,9	7,42600E-001	-3,73463E-003	0,00000E+000	7,44000E-001	-2,48843E-006	13	...........	65,13
	3829	383	7,40364E-001	-4,06446E-003	0,00000E+000	7,42000E-001	4,11157E-006	13	...........	65,13
	3830	383,1	7,38423E-001	-4,05935E-003	0,00000E+000	7,40000E-001	6,51157E-006	13	...........	65,13
	3831	383,2	7,36477E-001	-4,41777E-003	0,00000E+000	7,38000E-001	6,51157E-006	13	...........	65,13
	3832	383,3	7,34682E-001	-4,53928E-003	0,00000E+000	7,36000E-001	-2,88843E-006	13	...........	65,13
	3833	383,4	7,32630E-001	-4,64343E-003	0,00000E+000	7,34000E-001	3,91157E-006	13	...........	65,13
	3834	383,5	7,30435E-001	-4,63424E-003	0,00000E+000	7,32000E-001	5,11157E-006	13	...........	65,14
	3835	383,6	7,28363E-001	-4,98857E-003	0,00000E+000	7,30000E-001	-7,48843E-006	13	...........	65,12
	3836	383,7	7,26370E-001	-5,20607E-003	0,00000E+000	7,28000E-001	-1,48843E-006	13	...........	65,14
	3837	383,8	7,24357E-001	-5,26530E-003	0,00000E+000	7,26000E-001	4,11157E-006	13	...........	65,13
	3838	383,9	7,22381E-001	-5,41745E-003	0,00000E+000	7,24000E-001	3,51157E-006	13	...........	65,13
	3839	384	7,20415E-001	-5,70438E-003	0,00000E+000	7,22000E-001	1,01116E-005	13	...........	65,14
	3840	384,1	7,18655E-001	-5,61044E-003	0,00000E+000	7,20000E-001	3,71157E-006	13	...........	65,13
	3841	384,2	7,16406E-001	-5,75033E-003	0,00000E+000	7,18000E-001	9,31157E-006	13	...........	65,14
	3842	384,3	7,14411E-001	-5,65639E-003	0,00000E+000	7,16000E-001	7,31157E-006	13	...........	65,13
	3843	384,4	7,12473E-001	-6,18942E-003	0,00000E+000	7,14000E-001	8,71157E-006	13	...........	65,14
	3844	384,5	7,10709E-001	-6,21801E-003	0,00000E+000	7,12000E-001	1,07116E-005	13	...........	65,13
	3845	384,6	7,08494E-001	-6,54987E-003	0,00000E+000	7,10000E-001	6,91157E-006	13	...........	65,14
	3846	384,7	7,06462E-001	-6,66118E-003	0,00000E+000	7,08000E-001	3,71157E-006	13	...........	65,13
	3847	384,8	7,04451E-001	-6,98181E-003	0,00000E+000	7,06000E-001	7,11157E-006	13	...........	65,12
	3848	384,9	7,02366E-001	-6,87255E-003	0,00000E+000	7,04000E-001	7,31157E-006	13	...........	65,13
	3849	385	7,00365E-001	-7,24015E-003	0,00000E+000	7,02000E-001	-2,48843E-006	13	...........	65,13
	3850	385,1	6,98346E-001	-7,43723E-003	0,00000E+000	7,00000E-001	-1,68843E-006	13	...........	65,12
	3851	385,2	6,96387E-001	-7,49952E-003	0,00000E+000	6,98000E-001	1,31157E-006	13	...........	65,12
	3852	385,3	6,94586E-001	-7,52096E-003	0,00000E+000	6,96000E-001	1,11573E-007	13	...........	65,13
	3853	385,4	6,92466E-001	-7,81607E-003	0,00000E+000	6,94000E-001	6,71157E-006	13	...........	65,13
	3854	385,5	6,90431E-001	-8,05297E-003	0,00000E+000	6,92000E-001	6,91157E-006	13	...........	65,12
	3855	385,6	6,88422E-001	-8,16938E-003	0,00000E+000	6,90000E-001	4,11157E-006	13	...........	65,11
	3856	385,7	6,86659E-001	-8,18265E-003	0,00000E+000	6,88000E-001	1,55116E-005	13	...........	65,13
	3857	385,8	6,84596E-001	-8,43691E-003	0,00000E+000	6,86000E-001	9,51157E-006	13	...........	65,12
	3858	385,9	6,82468E-001	-8,49614E-003	0,00000E+000	6,84000E-001	-2,08843E-006	13	...........	65,13
	3859	386	6,80481E-001	-8,66564E-003	0,00000E+000	6,82000E-001	-1,08843E-006	13	...........	65,13
	3860	386,1	6,78396E-001	-8,94339E-003	0,00000E+000	6,80000E-001	9,91157E-006	13	...........	65,13
	3861	386,2	6,76404E-001	-8,95768E-003	0,00000E+000	6,78000E-001	5,71157E-006	13	...........	65,14
	3862	386,3	6,74407E-001	-8,94645E-003	0,00000E+000	6,76000E-001	-1,28843E-006	13	...........	65,13
	3863	386,4	6,72415E-001	-9,33856E-003	0,00000E+000	6,74000E-001	-5,28843E-006	13	...........	65,12
	3864	386,5	6,70577E-001	-9,56525E-003	0,00000E+000	6,72000E-001	3,11157E-006	13	...........	65,12
	3865	386,6	6,68483E-001	-9,50092E-003	0,00000E+000	6,70000E-001	8,71157E-006	13	...........	65,13
	3866	386,7	6,66479E-001	-9,94511E-003	0,00000E+000	6,68000E-001	1,45116E-005	13	...........	65,14
	3867	386,8	6,64436E-001	-1,01728E-002	0,00000E+000	6,66000E-001	-1,68843E-006	13	...........	65,12
	3868	386,9	6,62687E-001	-1,03995E-002	0,00000E+000	6,64000E-001	2,31157E-006	13	...........	65,13
	3869	387	6,60563E-001	-1,06415E-002	0,00000E+000	6,62000E-001	1,09116E-005	13	...........	65,12
	3870	387,1	6,58521E-001	-1,07651E-002	0,00000E+000	6,60000E-001	1,71116E-005	13	...........	65,13
	3871	387,2	6,56487E-001	-1,11143E-002	0,00000E+000	6,58000E-001	-4,88431E-007	13	...........	65,12
	3872	387,3	6,54615E-001	-1,15922E-002	0,00000E+000	6,56000E-001	8,71157E-006	13	...........	65,14
	3873	387,4	6,52395E-001	-1,16443E-002	0,00000E+000	6,54000E-001	1,15116E-005	13	...........	65,12
	3874	387,5	6,50403E-001	-1,14574E-002	0,00000E+000	6,52000E-001	-2,68843E-006	13	...........	65,13
	3875	387,6	6,48430E-001	-1,18168E-002	0,00000E+000	6,50000E-001	-3,68843E-006	13	...........	65,12
	3876	387,7	6,46543E-001	-1,23070E-002	0,00000E+000	6,48000E-001	3,11157E-006	13	...........	65,13
	3877	387,8	6,44471E-001	-1,24601E-002	0,00000E+000	6,46000E-001	2,11157E-006	13	...........	65,13
	3878	387,9	6,42478E-001	-1,26756E-002	0,00000E+000	6,44000E-001	9,11572E-007	13	...........	65,13
	3879	388	6,40492E-001	-1,29615E-002	0,00000E+000	6,42000E-001	-3,68843E-006	13	...........	65,14
	3880	388,1	6,38691E-001	-1,29727E-002	0,00000E+000	6,40000E-001	-4,48843E-006	13	...........	65,12
	3881	388,2	6,36627E-001	-1,31627E-002	0,00000E+000	6,38000E-001	-2,88843E-006	13	...........	65,13
	3882	388,3	6,34536E-001	-1,34537E-002	0,00000E+000	6,36000E-001	-4,88431E-007	13	...........	65,13
	3883	388,4	6,32604E-001	-1,34282E-002	0,00000E+000	6,34000E-001	-3,68843E-006	13	...........	65,13
	3884	388,5	6,30740E-001	-1,37100E-002	0,00000E+000	6,32000E-001	-6,88843E-006	13	...........	65,14
	3885	388,6	6,28606E-001	-1,39132E-002	0,00000E+000	6,30000E-001	7,31157E-006	13	...........	65,13
	3886	388,7	6,26475E-001	-1,43084E-002	0,00000E+000	6,28000E-001	-6,88433E-007	13	...........	65,13
	3887	388,8	6,24499E-001	-1,43941E-002	0,00000E+000	6,26000E-001	-5,68843E-006	13	...........	65,12
	3888	388,9	6,22636E-001	-1,44840E-002	0,00000E+000	6,24000E-001	-2,08843E-006	13	...........	65,12
	3889	389	6,20549E-001	-1,46300E-002	0,00000E+000	6,22000E-001	7,11567E-007	13	...........	65,14
	3890	389,1	6,18544E-001	-1,50456E-002	0,00000E+000	6,20000E-001	-3,28843E-006	13	...........	65,13
	3891	389,2	6,16559E-001	-1,52356E-002	0,00000E+000	6,18000E-001	-1,68843E-006	13	...........	65,13
	3892	389,3	6,14739E-001	-1,53765E-002	0,00000E+000	6,16000E-001	8,31157E-006	13	...........	65,12
	3893	389,4	6,12707E-001	-1,53560E-002	0,00000E+000	6,14000E-001	1,03116E-005	13	...........	65,12
	3894	389,5	6,10612E-001	-1,56777E-002	0,00000E+000	6,12000E-001	1,45116E-005	13	...........	65,13
	3895	389,6	6,08691E-001	-1,57185E-002	0,00000E+000	6,10000E-001	1,03116E-005	13	...........	65,14
	3896	389,7	6,06767E-001	-1,62291E-002	0,00000E+000	6,08000E-001	1,51157E-006	13	...........	65,14
	3897	389,8	6,05033E-001	-1,62291E-002	0,00000E+000	6,06000E-001	-5,88843E-006	13	...........	65,14
	3898	389,9	6,02580E-001	-1,65916E-002	0,00000E+000	6,04000E-001	6,31157E-006	13	...........	65,14
	3899	390	6,00554E-001	-1,66804E-002	0,00000E+000	6,02000E-001	2,91157E-006	13	...........	65,13
	3900	390,1	5,98655E-001	-1,69531E-002	0,00000E+000	6,00000E-001	1,11157E-006	13	...........	65,13
	3901	390,2	5,96603E-001	-1,69163E-002	0,00000E+000	5,98000E-001	1,11157E-006	13	...........	65,12
	3902	390,3	5,94580E-001	-1,69950E-002	0,00000E+000	5,96000E-001	2,91157E-006	13	...........	65,13
	3903	390,4	5,92598E-001	-1,72104E-002	0,00000E+000	5,94000E-001	2,71156E-006	13	...........	65,13
	3904	390,5	5,90733E-001	-1,76250E-002	0,00000E+000	5,92000E-001	-4,08843E-006	13	...........	65,12
	3905	390,6	5,88762E-001	-1,76658E-002	0,00000E+000	5,90000E-001	7,91157E-006	13	...........	65,13
	3906	390,7	5,86633E-001	-1,79824E-002	0,00000E+000	5,88000E-001	2,71156E-006	13	...........	65,13
	3907	390,8	5,84715E-001	-1,81631E-002	0,00000E+000	5,86000E-001	-2,88426E-007	13	...........	65,13
	3908	390,9	5,82794E-001	-1,85093E-002	0,00000E+000	5,84000E-001	8,31157E-006	13	...........	65,13
	3909	391	5,81058E-001	-1,86012E-002	0,00000E+000	5,82000E-001	4,71157E-006	13	...........	65,13
	3910	391,1	5,78852E-001	-1,90729E-002	0,00000E+000	5,80000E-001	7,91157E-006	13	...........	65,13
	3911	391,2	5,76758E-001	-1,92414E-002	0,00000E+000	5,78000E-001	-3,68843E-006	13	...........	65,12
	3912	391,3	5,74701E-001	-1,95835E-002	0,00000E+000	5,76000E-001	-7,08843E-006	13	...........	65,12
	3913	391,4	5,72635E-001	-1,98000E-002	0,00000E+000	5,74000E-001	9,31157E-006	13	...........	65,12
	3914	391,5	5,70623E-001	-1,99787E-002	0,00000E+000	5,72000E-001	-2,48843E-006	13	...........	65,13
	3915	391,6	5,68678E-001	-2,00308E-002	0,00000E+000	5,70000E-001	-6,88433E-007	13	...........	65,13
	3916	391,7	5,66755E-001	-2,04606E-002	0,00000E+000	5,68000E-001	-1,04884E-005	13	...........	65,12
	3917	391,8	5,64903E-001	-2,05985E-002	0,00000E+000	5,66000E-001	-7,68843E-006	13	...........	65,14
	3918	391,9	5,62706E-001	-2,10897E-002	0,00000E+000	5,64000E-001	9,11157E-006	13	...........	65,13
	3919	392	5,60719E-001	-2,13112E-002	0,00000E+000	5,62000E-001	2,11157E-006	13	...........	65,12
	3920	392,1	5,58801E-001	-2,15686E-002	0,00000E+000	5,60000E-001	8,71157E-006	13	...........	65,13
	3921	392,2	5,57088E-001	-2,13970E-002	0,00000E+000	5,58000E-001	1,31157E-006	13	...........	65,13
	3922	392,3	5,54851E-001	-2,22640E-002	0,00000E+000	5,56000E-001	5,31157E-006	13	...........	65,13
	3923	392,4	5,52786E-001	-2,20107E-002	0,00000E+000	5,54000E-001	-8,68843E-006	13	...........	65,12
	3924	392,5	5,50817E-001	-2,26857E-002	0,00000E+000	5,52000E-001	-2,28843E-006	13	...........	65,12
	3925	392,6	5,48635E-001	-2,25601E-002	0,00000E+000	5,50000E-001	1,33116E-005	13	...........	65,12
	3926	392,7	5,46644E-001	-2,31033E-002	0,00000E+000	5,48000E-001	3,91157E-006	13	...........	65,13
	3927	392,8	5,44627E-001	-2,30798E-002	0,00000E+000	5,46000E-001	2,11157E-006	13	...........	65,13
	3928	392,9	5,42735E-001	-2,34709E-002	0,00000E+000	5,44000E-001	-7,48843E-006	13	...........	65,13
	3929	393	5,40758E-001	-2,36425E-002	0,00000E+000	5,42000E-001	2,11157E-006	13	...........	65,12
	3930	393,1	5,38768E-001	-2,40560E-002	0,00000E+000	5,40000E-001	1,11573E-007	13	...........	65,12
	3931	393,2	5,36693E-001	-2,41061E-002	0,00000E+000	5,38000E-001	1,31157E-006	13	...........	65,12
	3932	393,3	5,34763E-001	-2,47371E-002	0,00000E+000	5,36000E-001	4,91157E-006	13	...........	65,13
	3933	393,4	5,33029E-001	-2,45206E-002	0,00000E+000	5,34000E-001	7,71157E-006	13	...........	65,12
	3934	393,5	5,30940E-001	-2,48821E-002	0,00000E+000	5,32000E-001	1,73116E-005	13	...........	65,14
	3935	393,6	5,28766E-001	-2,49321E-002	0,00000E+000	5,30000E-001	8,91157E-006	13	...........	65,12
	3936	393,7	5,26824E-001	-2,53712E-002	0,00000E+000	5,28000E-001	-1,28843E-006	13	...........	65,13
	3937	393,8	5,24679E-001	-2,54917E-002	0,00000E+000	5,26000E-001	9,31157E-006	13	...........	65,11
	3938	393,9	5,22689E-001	-2,60360E-002	0,00000E+000	5,24000E-001	5,91157E-006	13	...........	65,11
	3939	394	5,20698E-001	-2,63250E-002	0,00000E+000	5,22000E-001	-1,08843E-006	13	...........	65,12
	3940	394,1	5,18746E-001	-2,68927E-002	0,00000E+000	5,20000E-001	1,57116E-005	13	...........	65,11
	3941	394,2	5,16771E-001	-2,67743E-002	0,00000E+000	5,18000E-001	9,11157E-006	13	...........	65,13
	3942	394,3	5,14750E-001	-2,71653E-002	0,00000E+000	5,16000E-001	7,91157E-006	13	...........	65,12
	3943	394,4	5,12788E-001	-2,73389E-002	0,00000E+000	5,14000E-001	7,11567E-007	13	...........	65,12
	3944	394,5	5,10787E-001	-2,79986E-002	0,00000E+000	5,12000E-001	1,25116E-005	13	...........	65,12
	3945	394,6	5,09007E-001	-2,78791E-002	0,00000E+000	5,10000E-001	4,51157E-006	13	...........	65,12
	3946	394,7	5,06757E-001	-2,86582E-002	0,00000E+000	5,08000E-001	1,21116E-005	13	...........	65,12
	3947	394,8	5,04823E-001	-2,86256E-002	0,00000E+000	5,06000E-001	1,33116E-005	13	...........	65,12
	3948	394,9	5,02850E-001	-2,92607E-002	0,00000E+000	5,04000E-001	6,11157E-006	13	...........	65,11
	3949	395	5,00944E-001	-2,94128E-002	0,00000E+000	5,02000E-001	1,27116E-005	13	...........	65,12
	3950	395,1	4,98679E-001	-2,99050E-002	0,00000E+000	5,00000E-001	4,51157E-006	13	...........	65,13
	3951	395,2	4,96720E-001	-2,98693E-002	0,00000E+000	4,98000E-001	2,51157E-006	13	...........	65,12
	3952	395,3	4,94775E-001	-3,01266E-002	0,00000E+000	4,96000E-001	-4,08843E-006	13	...........	65,12
	3953	395,4	4,92794E-001	-3,05187E-002	0,00000E+000	4,94000E-001	3,11157E-006	13	...........	65,11
	3954	395,5	4,90743E-001	-3,08914E-002	0,00000E+000	4,92000E-001	4,71157E-006	13	...........	65,12
	3955	395,6	4,88755E-001	-3,10997E-002	0,00000E+000	4,90000E-001	7,11567E-007	13	...........	65,12
	3956	395,7	4,86823E-001	-3,13938E-002	0,00000E+000	4,88000E-001	-8,88431E-007	13	...........	65,12
	3957	395,8	4,85048E-001	-3,15674E-002	0,00000E+000	4,86000E-001	-3,08843E-006	13	...........	65,12
	3958	395,9	4,82884E-001	-3,20300E-002	0,00000E+000	4,84000E-001	1,31116E-005	13	...........	65,12
	3959	396	4,80915E-001	-3,22761E-002	0,00000E+000	4,82000E-001	1,21116E-005	13	...........	65,12
	3960	396,1	4,78899E-001	-3,27734E-002	0,00000E+000	4,80000E-001	1,19116E-005	13	...........	65,12
	3961	396,2	4,77127E-001	-3,28183E-002	0,00000E+000	4,78000E-001	6,91157E-006	13	...........	65,11
	3962	396,3	4,74812E-001	-3,34524E-002	0,00000E+000	4,76000E-001	2,71156E-006	13	...........	65,12
	3963	396,4	4,72770E-001	-3,35984E-002	0,00000E+000	4,74000E-001	8,31157E-006	13	...........	65,13
	3964	396,5	4,70809E-001	-3,38067E-002	0,00000E+000	4,72000E-001	1,31157E-006	13	...........	65,11
	3965	396,6	4,68859E-001	-3,41835E-002	0,00000E+000	4,70000E-001	5,31157E-006	13	...........	65,12
	3966	396,7	4,66811E-001	-3,44807E-002	0,00000E+000	4,68000E-001	1,73116E-005	13	...........	65,12
	3967	396,8	4,64860E-001	-3,48217E-002	0,00000E+000	4,66000E-001	3,71157E-006	13	...........	65,12
	3968	396,9	4,62873E-001	-3,52404E-002	0,00000E+000	4,64000E-001	1,71157E-006	13	...........	65,12
	3969	397	4,61057E-001	-3,54783E-002	0,00000E+000	4,62000E-001	5,71157E-006	13	...........	65,12
	3970	397,1	4,58959E-001	-3,60573E-002	0,00000E+000	4,60000E-001	1,43116E-005	13	...........	65,12
	3971	397,2	4,56898E-001	-3,64494E-002	0,00000E+000	4,58000E-001	-1,28843E-006	13	...........	65,12
	3972	397,3	4,54986E-001	-3,67670E-002	0,00000E+000	4,56000E-001	1,41116E-005	13	...........	65,12
	3973	397,4	4,53124E-001	-3,70376E-002	0,00000E+000	4,54000E-001	1,11157E-006	13	...........	65,12
	3974	397,5	4,51110E-001	-3,74593E-002	0,00000E+000	4,52000E-001	9,11572E-007	13	...........	65,11
	3975	397,6	4,48874E-001	-3,76778E-002	0,00000E+000	4,50000E-001	1,21116E-005	13	...........	65,12
	3976	397,7	4,46816E-001	-3,83906E-002	0,00000E+000	4,48000E-001	3,71157E-006	13	...........	65,12
	3977	397,8	4,44880E-001	-3,84130E-002	0,00000E+000	4,46000E-001	6,11157E-006	13	...........	65,12
	3978	397,9	4,42856E-001	-3,92381E-002	0,00000E+000	4,44000E-001	-1,88843E-006	13	...........	65,12
	3979	398	4,40845E-001	-3,95220E-002	0,00000E+000	4,42000E-001	1,91157E-006	13	...........	65,12
	3980	398,1	4,38846E-001	-3,98303E-002	0,00000E+000	4,40000E-001	5,11565E-007	13	...........	65,12
	3981	398,2	4,36946E-001	-4,00121E-002	0,00000E+000	4,38000E-001	-6,48843E-006	13	...........	65,11
	3982	398,3	4,34913E-001	-4,04982E-002	0,00000E+000	4,36000E-001	1,35116E-005	13	...........	65,12
	3983	398,4	4,32883E-001	-4,08750E-002	0,00000E+000	4,34000E-001	-2,88426E-007	13	...........	65,13
	3984	398,5	4,30871E-001	-4,12558E-002	0,00000E+000	4,32000E-001	-1,28843E-006	13	...........	65,12
	3985	398,6	4,29115E-001	-4,14754E-002	0,00000E+000	4,30000E-001	7,91157E-006	13	...........	65,13
	3986	398,7	4,27162E-001	-4,17889E-002	0,00000E+000	4,28000E-001	9,91157E-006	13	...........	65,13
	3987	398,8	4,24960E-001	-4,22065E-002	0,00000E+000	4,26000E-001	7,11157E-006	13	...........	65,11
	3988	398,9	4,22958E-001	-4,26078E-002	0,00000E+000	4,24000E-001	3,51157E-006	13	...........	65,12
	3989	399	4,20933E-001	-4,29856E-002	0,00000E+000	4,22000E-001	1,31157E-006	13	...........	65,12
	3990	399,1	4,18905E-001	-4,34002E-002	0,00000E+000	4,20000E-001	7,11157E-006	13	...........	65,12
	3991	399,2	4,16894E-001	-4,42324E-002	0,00000E+000	4,18000E-001	4,31157E-006	13	...........	65,12
	3992	399,3	4,14901E-001	-4,46378E-002	0,00000E+000	4,16000E-001	3,31157E-006	13	...........	65,13
	3993	399,4	4,13084E-001	-4,50769E-002	0,00000E+000	4,14000E-001	-6,68843E-006	13	...........	65,12
	3994	399,5	4,11034E-001	-4,57079E-002	0,00000E+000	4,12000E-001	6,31157E-006	13	...........	65,12
	3995	399,6	4,08903E-001	-4,59867E-002	0,00000E+000	4,10000E-001	2,11157E-006	13	...........	65,12
	3996	399,7	4,06916E-001	-4,64248E-002	0,00000E+000	4,08000E-001	-8,48843E-006	13	...........	65,12
	3997	399,8	4,05126E-001	-4,68393E-002	0,00000E+000	4,06000E-001	-2,88843E-006	13	...........	65,11
	3998	399,9	4,03102E-001	-4,75592E-002	0,00000E+000	4,04000E-001	1,05116E-005	13	...........	65,12
	3999	400	4,00943E-001	-4,79401E-002	0,00000E+000	4,02000E-001	5,31157E-006	13	...........	65,12
	4000	400,1	3,98996E-001	-4,81995E-002	0,00000E+000	4,00000E-001	-4,68843E-006	13	...........	65,12
	4001	400,2	3,96913E-001	-4,87458E-002	0,00000E+000	3,98000E-001	9,11572E-007	13	...........	65,12
	4002	400,3	3,94864E-001	-4,93248E-002	0,00000E+000	3,96000E-001	6,51157E-006	13	...........	65,12
	4003	400,4	3,92894E-001	-4,95974E-002	0,00000E+000	3,94000E-001	7,11157E-006	13	...........	65,12
	4004	400,5	3,90889E-001	-4,99936E-002	0,00000E+000	3,92000E-001	9,11157E-006	13	...........	65,13
	4005	400,6	3,89040E-001	-5,05971E-002	0,00000E+000	3,90000E-001	-2,08843E-006	13	...........	65,12
	4006	400,7	3,86979E-001	-5,08810E-002	0,00000E+000	3,88000E-001	4,71157E-006	13	...........	65,13
	4007	400,8	3,84964E-001	-5,14283E-002	0,00000E+000	3,86000E-001	8,51157E-006	13	...........	65,12
	4008	400,9	3,82999E-001	-5,20736E-002	0,00000E+000	3,84000E-001	5,31157E-006	13	...........	65,12
	4009	401	3,81129E-001	-5,26608E-002	0,00000E+000	3,82000E-001	-1,40884E-005	13	...........	65,12
	4010	401,1	3,79112E-001	-5,32428E-002	0,00000E+000	3,80000E-001	-8,88431E-007	13	...........	65,12
	4011	401,2	3,77084E-001	-5,37033E-002	0,00000E+000	3,78000E-001	1,79116E-005	13	...........	65,13
	4012	401,3	3,75035E-001	-5,41945E-002	0,00000E+000	3,76000E-001	3,31157E-006	13	...........	65,13
	4013	401,4	3,73158E-001	-5,48113E-002	0,00000E+000	3,74000E-001	-1,48843E-006	13	...........	65,12
	4014	401,5	3,70911E-001	-5,53453E-002	0,00000E+000	3,72000E-001	5,31157E-006	13	...........	65,13
	4015	401,6	3,68915E-001	-5,60223E-002	0,00000E+000	3,70000E-001	3,11567E-007	13	...........	65,13
	4016	401,7	3,66927E-001	-5,63174E-002	0,00000E+000	3,68000E-001	3,71157E-006	13	...........	65,13
	4017	401,8	3,65072E-001	-5,68065E-002	0,00000E+000	3,66000E-001	1,11573E-007	13	...........	65,13
	4018	401,9	3,63017E-001	-5,72773E-002	0,00000E+000	3,64000E-001	7,11567E-007	13	...........	65,13
	4019	402	3,60976E-001	-5,80605E-002	0,00000E+000	3,62000E-001	1,03116E-005	13	...........	65,14
	4020	402,1	3,58979E-001	-5,83801E-002	0,00000E+000	3,60000E-001	8,31157E-006	13	...........	65,13
	4021	402,2	3,57115E-001	-5,89979E-002	0,00000E+000	3,58000E-001	1,09116E-005	13	...........	65,12
	4022	402,3	3,55167E-001	-5,93726E-002	0,00000E+000	3,56000E-001	2,31157E-006	13	...........	65,12
	4023	402,4	3,52994E-001	-6,00272E-002	0,00000E+000	3,54000E-001	1,03116E-005	13	...........	65,13
	4024	402,5	3,51028E-001	-6,07317E-002	0,00000E+000	3,52000E-001	9,91157E-006	13	...........	65,13
	4025	402,6	3,49146E-001	-6,13638E-002	0,00000E+000	3,50000E-001	-4,88431E-007	13	...........	65,13
	4026	402,7	3,47099E-001	-6,17171E-002	0,00000E+000	3,48000E-001	9,31157E-006	13	...........	65,12
	4027	402,8	3,44930E-001	-6,24248E-002	0,00000E+000	3,46000E-001	4,11157E-006	13	...........	65,12
	4028	402,9	3,42936E-001	-6,27403E-002	0,00000E+000	3,44000E-001	4,91157E-006	13	...........	65,11
	4029	403	3,41069E-001	-6,36940E-002	0,00000E+000	3,42000E-001	3,71157E-006	13	...........	65,11
	4030	403,1	3,38987E-001	-6,39197E-002	0,00000E+000	3,40000E-001	7,91157E-006	13	...........	65,13
	4031	403,2	3,36968E-001	-6,47989E-002	0,00000E+000	3,38000E-001	1,03116E-005	13	...........	65,12
	4032	403,3	3,34975E-001	-6,49725E-002	0,00000E+000	3,36000E-001	-2,88426E-007	13	...........	65,12
	4033	403,4	3,33155E-001	-6,56750E-002	0,00000E+000	3,34000E-001	1,71157E-006	13	...........	65,12
	4034	403,5	3,31172E-001	-6,59834E-002	0,00000E+000	3,32000E-001	3,91157E-006	13	...........	65,12
	4035	403,6	3,29045E-001	-6,69218E-002	0,00000E+000	3,30000E-001	5,91157E-006	13	...........	65,12
	4036	403,7	3,27130E-001	-6,73415E-002	0,00000E+000	3,28000E-001	9,51157E-006	13	...........	65,11
	4037	403,8	3,25199E-001	-6,80348E-002	0,00000E+000	3,26000E-001	-8,84284E-008	13	...........	65,12
	4038	403,9	3,23430E-001	-6,84586E-002	0,00000E+000	3,24000E-001	1,05116E-005	13	...........	65,12
	4039	404	3,21089E-001	-6,96360E-002	0,00000E+000	3,22000E-001	1,03116E-005	13	...........	65,12
	4040	404,1	3,18990E-001	-6,99178E-002	0,00000E+000	3,20000E-001	9,11572E-007	13	...........	65,12
	4041	404,2	3,17099E-001	-7,08705E-002	0,00000E+000	3,18000E-001	-2,88843E-006	13	...........	65,13
	4042	404,3	3,15046E-001	-7,11472E-002	0,00000E+000	3,16000E-001	7,91157E-006	13	...........	65,12
	4043	404,4	3,13051E-001	-7,21489E-002	0,00000E+000	3,14000E-001	1,03116E-005	13	...........	65,12
	4044	404,5	3,11020E-001	-7,23746E-002	0,00000E+000	3,12000E-001	1,71157E-006	13	...........	65,12
	4045	404,6	3,09137E-001	-7,31558E-002	0,00000E+000	3,10000E-001	-2,28843E-006	13	...........	65,13
	4046	404,7	3,07188E-001	-7,32926E-002	0,00000E+000	3,08000E-001	1,31116E-005	13	...........	65,13
	4047	404,8	3,05046E-001	-7,42739E-002	0,00000E+000	3,06000E-001	-8,88431E-007	13	...........	65,13
	4048	404,9	3,03066E-001	-7,44659E-002	0,00000E+000	3,04000E-001	-4,68843E-006	13	...........	65,12
	4049	405	3,01205E-001	-7,54012E-002	0,00000E+000	3,02000E-001	1,55116E-005	13	...........	65,12
	4050	405,1	2,99418E-001	-7,56453E-002	0,00000E+000	3,00000E-001	8,31157E-006	13	...........	65,12
	4051	405,2	2,97134E-001	-7,68747E-002	0,00000E+000	2,98000E-001	9,71157E-006	13	...........	65,13
	4052	405,3	2,95128E-001	-7,73046E-002	0,00000E+000	2,96000E-001	-5,68843E-006	13	...........	65,13
	4053	405,4	2,93093E-001	-7,81633E-002	0,00000E+000	2,94000E-001	1,11157E-006	13	...........	65,12
	4054	405,5	2,91040E-001	-7,84064E-002	0,00000E+000	2,92000E-001	2,11157E-006	13	...........	65,13
	4055	405,6	2,89004E-001	-7,96961E-002	0,00000E+000	2,90000E-001	8,31157E-006	13	...........	65,12
	4056	405,7	2,87038E-001	-7,99023E-002	0,00000E+000	2,88000E-001	-8,88431E-007	13	...........	65,12
	4057	405,8	2,85148E-001	-8,08479E-002	0,00000E+000	2,86000E-001	-5,48843E-006	13	...........	65,13
	4058	405,9	2,83250E-001	-8,10909E-002	0,00000E+000	2,84000E-001	2,31157E-006	13	...........	65,13
	4059	406	2,81077E-001	-8,22570E-002	0,00000E+000	2,82000E-001	8,51157E-006	13	...........	65,12
	4060	406,1	2,79121E-001	-8,25154E-002	0,00000E+000	2,80000E-001	-2,08843E-006	13	...........	65,13
	4061	406,2	2,77246E-001	-8,35222E-002	0,00000E+000	2,78000E-001	7,11157E-006	13	...........	65,12
	4062	406,3	2,75483E-001	-8,38051E-002	0,00000E+000	2,76000E-001	2,31157E-006	13	...........	65,12
	4063	406,4	2,73292E-001	-8,52071E-002	0,00000E+000	2,74000E-001	3,31157E-006	13	...........	65,13
	4064	406,5	2,71248E-001	-8,52694E-002	0,00000E+000	2,72000E-001	1,31157E-006	13	...........	65,12
	4065	406,6	2,69266E-001	-8,66325E-002	0,00000E+000	2,70000E-001	6,71157E-006	13	...........	65,12
	4066	406,7	2,67127E-001	-8,65938E-002	0,00000E+000	2,68000E-001	2,51157E-006	13	...........	65,13
	4067	406,8	2,65102E-001	-8,78569E-002	0,00000E+000	2,66000E-001	1,11157E-006	13	...........	65,13
	4068	406,9	2,63082E-001	-8,83092E-002	0,00000E+000	2,64000E-001	6,11157E-006	13	...........	65,12
	4069	407	2,61151E-001	-8,92252E-002	0,00000E+000	2,62000E-001	-6,68843E-006	13	...........	65,12
	4070	407,1	2,59216E-001	-8,93140E-002	0,00000E+000	2,60000E-001	-5,48843E-006	13	...........	65,12
	4071	407,2	2,57188E-001	-9,06129E-002	0,00000E+000	2,58000E-001	1,07116E-005	13	...........	65,12
	4072	407,3	2,55120E-001	-9,08059E-002	0,00000E+000	2,56000E-001	1,65116E-005	13	...........	65,12
	4073	407,4	2,53185E-001	-9,21487E-002	0,00000E+000	2,54000E-001	-5,08843E-006	13	...........	65,12
	4074	407,5	2,51314E-001	-9,23590E-002	0,00000E+000	2,52000E-001	1,91116E-005	13	...........	65,13
	4075	407,6	2,49224E-001	-9,36834E-002	0,00000E+000	2,50000E-001	2,55116E-005	13	...........	65,13
	4076	407,7	2,47204E-001	-9,41245E-002	0,00000E+000	2,48000E-001	1,11116E-005	13	...........	65,13
	4077	407,8	2,45274E-001	-9,52815E-002	0,00000E+000	2,46000E-001	3,51157E-006	13	...........	65,12
	4078	407,9	2,43098E-001	-9,54224E-002	0,00000E+000	2,44000E-001	9,71157E-006	13	...........	65,13
	4079	408	2,41078E-001	-9,66406E-002	0,00000E+000	2,42000E-001	5,11157E-006	13	...........	65,13
	4080	408,1	2,39120E-001	-9,70388E-002	0,00000E+000	2,40000E-001	-3,28843E-006	13	...........	65,12
	4081	408,2	2,37177E-001	-9,81110E-002	0,00000E+000	2,38000E-001	1,51157E-006	13	...........	65,12
	4082	408,3	2,35202E-001	-9,83571E-002	0,00000E+000	2,36000E-001	2,91157E-006	13	...........	65,12
	4083	408,4	2,33167E-001	-9,98163E-002	0,00000E+000	2,34000E-001	-5,08843E-006	13	...........	65,12
	4084	408,5	2,31216E-001	-9,99960E-002	0,00000E+000	2,32000E-001	-4,28843E-006	13	...........	65,12
	4085	408,6	2,29215E-001	-1,01326E-001	0,00000E+000	2,30000E-001	7,71157E-006	13	...........	65,12
	4086	408,7	2,27446E-001	-1,01589E-001	0,00000E+000	2,28000E-001	5,71157E-006	13	...........	65,12
	4087	408,8	2,25291E-001	-1,03124E-001	0,00000E+000	2,26000E-001	-3,48843E-006	13	...........	65,12
	4088	408,9	2,23310E-001	-1,03418E-001	0,00000E+000	2,24000E-001	1,43116E-005	13	...........	65,12
	4089	409	2,21301E-001	-1,04518E-001	0,00000E+000	2,22000E-001	6,31157E-006	13	...........	65,12
	4090	409,1	2,19400E-001	-1,04945E-001	0,00000E+000	2,20000E-001	6,51157E-006	13	...........	65,13
	4091	409,2	2,17164E-001	-1,06068E-001	0,00000E+000	2,18000E-001	1,33116E-005	13	...........	65,12
	4092	409,3	2,15171E-001	-1,06347E-001	0,00000E+000	2,16000E-001	4,71157E-006	13	...........	65,13
	4093	409,4	2,13202E-001	-1,07461E-001	0,00000E+000	2,14000E-001	-4,08843E-006	13	...........	65,12
	4094	409,5	2,11229E-001	-1,08143E-001	0,00000E+000	2,12000E-001	-2,88426E-007	13	...........	65,11
	4095	409,6	2,09220E-001	-1,09428E-001	0,00000E+000	2,10000E-001	9,31157E-006	13	...........	65,12
	4096	409,7	2,07237E-001	-1,09878E-001	0,00000E+000	2,08000E-001	3,11567E-007	13	...........	65,13
	4097	409,8	2,05252E-001	-1,11040E-001	0,00000E+000	2,06000E-001	2,31157E-006	13	...........	65,12
	4098	409,9	2,03475E-001	-1,11461E-001	0,00000E+000	2,04000E-001	6,51157E-006	13	...........	65,12
	4099	410	2,01318E-001	-1,12893E-001	0,00000E+000	2,02000E-001	9,71157E-006	13	...........	65,12
	4100	410,1	1,99324E-001	-1,13511E-001	0,00000E+000	2,00000E-001	1,45116E-005	13	...........	65,10
	4101	410,2	1,97348E-001	-1,14203E-001	0,00000E+000	1,98000E-001	4,91157E-006	13	...........	65,11
	4102	410,3	1,95527E-001	-1,14753E-001	0,00000E+000	1,96000E-001	-5,48843E-006	13	...........	65,12
	4103	410,4	1,93376E-001	-1,15976E-001	0,00000E+000	1,94000E-001	-2,88843E-006	13	...........	65,12
	4104	410,5	1,91229E-001	-1,16661E-001	0,00000E+000	1,92000E-001	-2,68843E-006	13	...........	65,12
	4105	410,6	1,89237E-001	-1,17752E-001	0,00000E+000	1,90000E-001	-4,68843E-006	13	...........	65,11
	4106	410,7	1,87359E-001	-1,18578E-001	0,00000E+000	1,88000E-001	-1,22884E-005	13	...........	65,12
	4107	410,8	1,85291E-001	-1,19671E-001	0,00000E+000	1,86000E-001	8,91157E-006	13	...........	65,12
	4108	410,9	1,83287E-001	-1,20300E-001	0,00000E+000	1,84000E-001	-7,48843E-006	13	...........	65,12
	4109	411	1,81283E-001	-1,21500E-001	0,00000E+000	1,82000E-001	-6,88433E-007	13	...........	65,11
	4110	411,1	1,79484E-001	-1,22058E-001	0,00000E+000	1,80000E-001	-1,08843E-006	13	...........	65,11
	4111	411,2	1,77328E-001	-1,23290E-001	0,00000E+000	1,78000E-001	4,11157E-006	13	...........	65,12
	4112	411,3	1,75343E-001	-1,23785E-001	0,00000E+000	1,76000E-001	-2,48843E-006	13	...........	65,12
	4113	411,4	1,73396E-001	-1,25047E-001	0,00000E+000	1,74000E-001	1,77116E-005	13	...........	65,11
	4114	411,5	1,71500E-001	-1,25813E-001	0,00000E+000	1,72000E-001	1,03116E-005	13	...........	65,11
	4115	411,6	1,69452E-001	-1,26804E-001	0,00000E+000	1,70000E-001	4,31157E-006	13	...........	65,12
	4116	411,7	1,67307E-001	-1,27916E-001	0,00000E+000	1,68000E-001	2,71156E-006	13	...........	65,12
	4117	411,8	1,65280E-001	-1,28854E-001	0,00000E+000	1,66000E-001	2,51157E-006	13	...........	65,12
	4118	411,9	1,63348E-001	-1,29585E-001	0,00000E+000	1,64000E-001	-2,48843E-006	13	...........	65,12
	4119	412	1,61342E-001	-1,30598E-001	0,00000E+000	1,62000E-001	5,31157E-006	13	...........	65,13
	4120	412,1	1,59322E-001	-1,31463E-001	0,00000E+000	1,60000E-001	1,65116E-005	13	...........	65,12
	4121	412,2	1,57329E-001	-1,32924E-001	0,00000E+000	1,58000E-001	-4,08843E-006	13	...........	65,11
	4122	412,3	1,55418E-001	-1,34176E-001	0,00000E+000	1,56000E-001	5,11565E-007	13	...........	65,11
	4123	412,4	1,53431E-001	-1,35215E-001	0,00000E+000	1,54000E-001	1,59116E-005	13	...........	65,10
	4124	412,5	1,51355E-001	-1,36144E-001	0,00000E+000	1,52000E-001	1,19116E-005	13	...........	65,11
	4125	412,6	1,49382E-001	-1,37209E-001	0,00000E+000	1,50000E-001	9,51157E-006	13	...........	65,11
	4126	412,7	1,47544E-001	-1,37745E-001	0,00000E+000	1,48000E-001	9,51157E-006	13	...........	65,11
	4127	412,8	1,45486E-001	-1,38655E-001	0,00000E+000	1,46000E-001	1,81116E-005	13	...........	65,11
	4128	412,9	1,43389E-001	-1,39447E-001	0,00000E+000	1,44000E-001	1,53116E-005	13	...........	65,11
	4129	413	1,41378E-001	-1,40209E-001	0,00000E+000	1,42000E-001	4,71157E-006	13	...........	65,11
	4130	413,1	1,39357E-001	-1,41695E-001	0,00000E+000	1,40000E-001	4,31157E-006	13	...........	65,11
	4131	413,2	1,37342E-001	-1,42320E-001	0,00000E+000	1,38000E-001	1,91157E-006	13	...........	65,11
	4132	413,3	1,35330E-001	-1,43886E-001	0,00000E+000	1,36000E-001	2,51157E-006	13	...........	65,11
	4133	413,4	1,33356E-001	-1,44580E-001	0,00000E+000	1,34000E-001	-3,28843E-006	13	...........	65,12
	4134	413,5	1,31514E-001	-1,45703E-001	0,00000E+000	1,32000E-001	-7,88843E-006	13	...........	65,12
	4135	413,6	1,29492E-001	-1,46715E-001	0,00000E+000	1,30000E-001	-6,68843E-006	13	...........	65,12
	4136	413,7	1,27424E-001	-1,47955E-001	0,00000E+000	1,28000E-001	1,09116E-005	13	...........	65,11
	4137	413,8	1,25484E-001	-1,48961E-001	0,00000E+000	1,26000E-001	-8,28843E-006	13	...........	65,12
	4138	413,9	1,23595E-001	-1,49955E-001	0,00000E+000	1,24000E-001	-6,48843E-006	13	...........	65,12
	4139	414	1,21827E-001	-1,50793E-001	0,00000E+000	1,22000E-001	1,65116E-005	13	...........	65,11
	4140	414,1	1,19580E-001	-1,52127E-001	0,00000E+000	1,20000E-001	7,11567E-007	13	...........	65,12
	4141	414,2	1,17594E-001	-1,52886E-001	0,00000E+000	1,18000E-001	-3,08843E-006	13	...........	65,12
	4142	414,3	1,15633E-001	-1,54243E-001	0,00000E+000	1,16000E-001	4,11157E-006	13	...........	65,12
	4143	414,4	1,13426E-001	-1,55148E-001	0,00000E+000	1,14000E-001	3,11567E-007	13	...........	65,11
	4144	414,5	1,11408E-001	-1,56397E-001	0,00000E+000	1,12000E-001	1,05116E-005	13	...........	65,11
	4145	414,6	1,09427E-001	-1,57545E-001	0,00000E+000	1,10000E-001	9,91157E-006	13	...........	65,11
	4146	414,7	1,07537E-001	-1,59206E-001	0,00000E+000	1,08000E-001	2,91157E-006	13	...........	65,11
	4147	414,8	1,05590E-001	-1,60253E-001	0,00000E+000	1,06000E-001	4,11157E-006	13	...........	65,10
	4148	414,9	1,03453E-001	-1,62038E-001	0,00000E+000	1,04000E-001	-2,28843E-006	13	...........	65,11
	4149	415	1,01495E-001	-1,62852E-001	0,00000E+000	1,02000E-001	4,31157E-006	13	...........	65,11
	4150	415,1	9,95867E-002	-1,64346E-001	0,00000E+000	1,00000E-001	2,31157E-006	13	...........	65,11
	4151	415,2	9,76915E-002	-1,65366E-001	0,00000E+000	9,80000E-002	1,21116E-005	13	...........	65,11
	4152	415,3	9,56204E-002	-1,66861E-001	0,00000E+000	9,60001E-002	1,13116E-005	13	...........	65,10
	4153	415,4	9,36200E-002	-1,67619E-001	0,00000E+000	9,40000E-002	1,91157E-006	13	...........	65,11
	4154	415,5	9,16548E-002	-1,69271E-001	0,00000E+000	9,20001E-002	9,11157E-006	13	...........	65,11
	4155	415,6	8,94243E-002	-1,70337E-001	0,00000E+000	9,00000E-002	2,05116E-005	13	...........	65,11
	4156	415,7	8,74262E-002	-1,72038E-001	0,00000E+000	8,80001E-002	9,11157E-006	13	...........	65,11
	4157	415,8	8,54364E-002	-1,72635E-001	0,00000E+000	8,60001E-002	-3,68843E-006	13	...........	65,11
	4158	415,9	8,35491E-002	-1,74569E-001	0,00000E+000	8,40001E-002	2,51157E-006	13	...........	65,10
	4159	416	8,15629E-002	-1,75569E-001	0,00000E+000	8,20001E-002	9,71157E-006	13	...........	65,11
	4160	416,1	7,94832E-002	-1,77948E-001	0,00000E+000	8,00000E-002	8,71157E-006	13	...........	65,10
	4161	416,2	7,75374E-002	-1,79037E-001	0,00000E+000	7,80001E-002	-7,28843E-006	13	...........	65,11
	4162	416,3	7,56030E-002	-1,81128E-001	0,00000E+000	7,60000E-002	-5,88843E-006	13	...........	65,10
	4163	416,4	7,38557E-002	-1,81769E-001	0,00000E+000	7,40001E-002	-1,28843E-006	13	...........	65,10
	4164	416,5	7,16367E-002	-1,83377E-001	0,00000E+000	7,20001E-002	1,91157E-006	13	...........	65,11
	4165	416,6	6,96753E-002	-1,84244E-001	0,00000E+000	7,00001E-002	6,51157E-006	13	...........	65,09
	4166	416,7	6,76556E-002	-1,86478E-001	0,00000E+000	6,80001E-002	-6,08843E-006	13	...........	65,12
	4167	416,8	6,57107E-002	-1,87351E-001	0,00000E+000	6,60000E-002	-5,08843E-006	13	...........	65,11
	4168	416,9	6,34708E-002	-1,89253E-001	0,00000E+000	6,40001E-002	6,11157E-006	13	...........	65,11
	4169	417	6,14891E-002	-1,90434E-001	0,00000E+000	6,20000E-002	7,51157E-006	13	...........	65,10
	4170	417,1	5,95712E-002	-1,92913E-001	0,00000E+000	6,00001E-002	-2,88843E-006	13	...........	65,10
	4171	417,2	5,75646E-002	-1,94099E-001	0,00000E+000	5,80001E-002	2,51157E-006	13	...........	65,11
	4172	417,3	5,55107E-002	-1,96362E-001	0,00000E+000	5,60001E-002	4,51157E-006	13	...........	65,10
	4173	417,4	5,35986E-002	-1,97329E-001	0,00000E+000	5,40001E-002	-4,88431E-007	13	...........	65,11
	4174	417,5	5,16572E-002	-1,99259E-001	0,00000E+000	5,20000E-002	-2,48843E-006	13	...........	65,11
	4175	417,6	4,98458E-002	-2,00257E-001	0,00000E+000	5,00001E-002	-9,48843E-006	13	...........	65,11
	4176	417,7	4,76577E-002	-2,02530E-001	0,00000E+000	4,80000E-002	1,69116E-005	13	...........	65,11
	4177	417,8	4,56772E-002	-2,03463E-001	0,00000E+000	4,60001E-002	1,15116E-005	13	...........	65,10
	4178	417,9	4,36624E-002	-2,05431E-001	0,00000E+000	4,40001E-002	2,71156E-006	13	...........	65,11
	4179	418	4,19255E-002	-2,06509E-001	0,00000E+000	4,20001E-002	3,11567E-007	13	...........	65,10
	4180	418,1	3,94659E-002	-2,09409E-001	0,00000E+000	4,00001E-002	3,11157E-006	13	...........	65,09
	4181	418,2	3,75221E-002	-2,10547E-001	0,00000E+000	3,80000E-002	-8,28843E-006	13	...........	65,11
	4182	418,3	3,55717E-002	-2,13009E-001	0,00000E+000	3,60001E-002	-4,68843E-006	13	...........	65,11
	4183	418,4	3,36072E-002	-2,13962E-001	0,00000E+000	3,40000E-002	-3,28843E-006	13	...........	65,09
	4184	418,5	3,15898E-002	-2,15940E-001	0,00000E+000	3,20001E-002	5,71157E-006	13	...........	65,12
	4185	418,6	2,96283E-002	-2,17179E-001	0,00000E+000	3,00001E-002	-7,08843E-006	13	...........	65,10
	4186	418,7	2,76048E-002	-2,19823E-001	0,00000E+000	2,80001E-002	-1,02884E-005	13	...........	65,11
	4187	418,8	2,58729E-002	-2,20683E-001	0,00000E+000	2,60001E-002	-4,48843E-006	13	...........	65,11
	4188	418,9	2,36121E-002	-2,23468E-001	0,00000E+000	2,40000E-002	4,31157E-006	13	...........	65,11
	4189	419	2,16896E-002	-2,24705E-001	0,00000E+000	2,20001E-002	2,11157E-006	13	...........	65,11
	4190	419,1	1,97354E-002	-2,27458E-001	0,00000E+000	2,00000E-002	1,51157E-006	13	...........	65,12
	4191	419,2	1,79391E-002	-2,28566E-001	0,00000E+000	1,80001E-002	4,91157E-006	13	...........	65,11
	4192	419,3	1,61755E-002	-2,31231E-001	0,00000E+000	1,60001E-002	1,71157E-006	13	...........	65,11
	4193	419,4	1,37728E-002	-2,32112E-001	0,00000E+000	1,40001E-002	8,91157E-006	13	...........	65,11
	4194	419,5	1,15895E-002	-2,34705E-001	0,00000E+000	1,20001E-002	2,51157E-006	13	...........	65,12
	4195	419,6	9,66792E-003	-2,35636E-001	0,00000E+000	1,00001E-002	-6,68843E-006	13	...........	65,11
	4196	419,7	7,62912E-003	-2,38514E-001	0,00000E+000	8,00008E-003	6,71157E-006	13	...........	65,11
	4197	419,8	5,64912E-003	-2,39851E-001	0,00000E+000	6,00004E-003	1,13116E-005	13	...........	65,11
	4198	419,9	3,68622E-003	-2,42757E-001	0,00000E+000	4,00007E-003	8,31157E-006	13	...........	65,10
	4199	420	1,80172E-003	-2,44169E-001	0,00000E+000	2,00009E-003	-6,88433E-007	13	...........	65,11
	4200	420,1	-4,36479E-004	-2,46964E-001	0,00000E+000	5,96046E-008	1,15116E-005	13	...........	65,11
CURVE4	TABLE
	Pt	T	Vf	Im	Vu	Sig	Ach	IERange	Over	Temp
	#	s	V vs. Ref.	A	V	V	V	#	bits	deg C
	4201	420,2	1,84652E-003	-2,30031E-001	0,00000E+000	2,00009E-003	-6,28843E-006	13	...........	65,11
	4202	420,3	3,70362E-003	-2,16721E-001	0,00000E+000	4,00007E-003	-2,88843E-006	13	...........	65,11
	4203	420,4	5,66672E-003	-2,04203E-001	0,00000E+000	6,00004E-003	1,83116E-005	13	...........	65,11
	4204	420,5	7,58052E-003	-1,94589E-001	0,00000E+000	8,00008E-003	1,67116E-005	13	...........	65,11
	4205	420,6	9,61982E-003	-1,83171E-001	0,00000E+000	1,00001E-002	-3,88844E-006	13	...........	65,11
	4206	420,7	1,16089E-002	-1,73947E-001	0,00000E+000	1,20001E-002	7,31157E-006	13	...........	65,10
	4207	420,8	1,37524E-002	-1,64856E-001	0,00000E+000	1,40001E-002	-6,28843E-006	13	...........	65,10
	4208	420,9	1,60663E-002	-1,56224E-001	0,00000E+000	1,60001E-002	1,71157E-006	13	...........	65,11
	4209	421	1,79390E-002	-1,48618E-001	0,00000E+000	1,80001E-002	-3,28843E-006	13	...........	65,11
	4210	421,1	1,96570E-002	-1,41429E-001	0,00000E+000	2,00000E-002	5,91157E-006	13	...........	65,11
	4211	421,2	2,15943E-002	-1,34504E-001	0,00000E+000	2,20001E-002	5,31157E-006	13	...........	65,12
	4212	421,3	2,35298E-002	-1,27746E-001	0,00000E+000	2,40000E-002	8,31157E-006	13	...........	65,12
	4213	421,4	2,57047E-002	-1,20744E-001	0,00000E+000	2,60001E-002	5,51157E-006	13	...........	65,11
	4214	421,5	2,75765E-002	-1,14891E-001	0,00000E+000	2,80001E-002	-7,68843E-006	13	...........	65,12
	4215	421,6	2,95276E-002	-1,08662E-001	0,00000E+000	3,00001E-002	-8,08843E-006	13	...........	65,11
	4216	421,7	3,15306E-002	-1,03800E-001	0,00000E+000	3,20001E-002	6,71157E-006	13	...........	65,13
	4217	421,8	3,35459E-002	-9,79691E-002	0,00000E+000	3,40000E-002	7,91157E-006	13	...........	65,11
	4218	421,9	3,55251E-002	-9,35711E-002	0,00000E+000	3,60001E-002	4,11157E-006	13	...........	65,12
	4219	422	3,74554E-002	-8,84369E-002	0,00000E+000	3,80000E-002	5,91157E-006	13	...........	65,11
	4220	422,1	3,95991E-002	-8,41921E-002	0,00000E+000	4,00001E-002	2,31157E-006	13	...........	65,12
	4221	422,2	4,19209E-002	-7,94459E-002	0,00000E+000	4,20001E-002	-1,02884E-005	13	...........	65,11
	4222	422,3	4,36175E-002	-7,56187E-002	0,00000E+000	4,40001E-002	4,71157E-006	13	...........	65,11
	4223	422,4	4,56064E-002	-7,15240E-002	0,00000E+000	4,60001E-002	1,37116E-005	13	...........	65,12
	4224	422,5	4,75992E-002	-6,79919E-002	0,00000E+000	4,80000E-002	7,11567E-007	13	...........	65,11
	4225	422,6	4,97383E-002	-6,41729E-002	0,00000E+000	5,00001E-002	1,27116E-005	13	...........	65,11
	4226	422,7	5,15858E-002	-6,10738E-002	0,00000E+000	5,20000E-002	6,71157E-006	13	...........	65,12
	4227	422,8	5,35079E-002	-5,72855E-002	0,00000E+000	5,40001E-002	-6,68843E-006	13	...........	65,12
	4228	422,9	5,55490E-002	-5,45672E-002	0,00000E+000	5,60001E-002	-2,28843E-006	13	...........	65,11
	4229	423	5,75453E-002	-5,11066E-002	0,00000E+000	5,80001E-002	-2,68843E-006	13	...........	65,12
	4230	423,1	5,95537E-002	-4,85661E-002	0,00000E+000	6,00001E-002	-3,28843E-006	13	...........	65,11
	4231	423,2	6,14634E-002	-4,57580E-002	0,00000E+000	6,20000E-002	-1,00884E-005	13	...........	65,12
	4232	423,3	6,34186E-002	-4,32542E-002	0,00000E+000	6,40001E-002	8,11157E-006	13	...........	65,11
	4233	423,4	6,56219E-002	-4,04971E-002	0,00000E+000	6,60000E-002	1,71157E-006	13	...........	65,11
	4234	423,5	6,76265E-002	-3,80771E-002	0,00000E+000	6,80001E-002	-6,08843E-006	13	...........	65,12
	4235	423,6	6,96186E-002	-3,53313E-002	0,00000E+000	7,00001E-002	2,11157E-006	13	...........	65,12
	4236	423,7	7,15070E-002	-3,34330E-002	0,00000E+000	7,20001E-002	8,71157E-006	13	...........	65,11
	4237	423,8	7,37820E-002	-3,09752E-002	0,00000E+000	7,40001E-002	7,11567E-007	13	...........	65,10
	4238	423,9	7,55630E-002	-2,93649E-002	0,00000E+000	7,60000E-002	-1,68843E-006	13	...........	65,11
	4239	424	7,74736E-002	-2,69141E-002	0,00000E+000	7,80001E-002	1,91157E-006	13	...........	65,12
	4240	424,1	7,94565E-002	-2,52548E-002	0,00000E+000	8,00000E-002	3,51157E-006	13	...........	65,10
	4241	424,2	8,14988E-002	-2,33239E-002	0,00000E+000	8,20001E-002	6,91157E-006	13	...........	65,10
	4242	424,3	8,35243E-002	-2,19525E-002	0,00000E+000	8,40001E-002	-1,28843E-006	13	...........	65,11
	4243	424,4	8,54369E-002	-1,98153E-002	0,00000E+000	8,60001E-002	-1,68843E-006	13	...........	65,11
	4244	424,5	8,74105E-002	-1,82407E-002	0,00000E+000	8,80001E-002	-5,08843E-006	13	...........	65,10
	4245	424,6	8,94139E-002	-1,66110E-002	0,00000E+000	9,00000E-002	1,77116E-005	13	...........	65,11
	4246	424,7	9,16024E-002	-1,55164E-002	0,00000E+000	9,20001E-002	2,11157E-006	13	...........	65,12
	4247	424,8	9,35033E-002	-1,38907E-002	0,00000E+000	9,40000E-002	-8,88843E-006	13	...........	65,12
	4248	424,9	9,54758E-002	-1,25571E-002	0,00000E+000	9,60001E-002	6,91157E-006	13	...........	65,12
	4249	425	9,76389E-002	-1,09274E-002	0,00000E+000	9,80000E-002	8,51157E-006	13	...........	65,13
	4250	425,1	9,95431E-002	-9,63469E-003	0,00000E+000	1,00000E-001	-2,28843E-006	13	...........	65,12
	4251	425,2	1,01405E-001	-8,24800E-003	0,00000E+000	1,02000E-001	9,11572E-007	13	...........	65,12
	4252	425,3	1,03503E-001	-7,29734E-003	0,00000E+000	1,04000E-001	3,51157E-006	13	...........	65,11
	4253	425,4	1,05573E-001	-6,12202E-003	0,00000E+000	1,06000E-001	5,51157E-006	13	...........	65,12
	4254	425,5	1,07530E-001	-5,01512E-003	0,00000E+000	1,08000E-001	-7,68843E-006	13	...........	65,11
	4255	425,6	1,09422E-001	-4,02463E-003	0,00000E+000	1,10000E-001	-4,88843E-006	13	...........	65,11
	4256	425,7	1,11404E-001	-2,96573E-003	0,00000E+000	1,12000E-001	3,51157E-006	13	...........	65,12
	4257	425,8	1,13416E-001	-1,93541E-003	0,00000E+000	1,14000E-001	1,51116E-005	13	...........	65,11
	4258	425,9	1,15571E-001	-8,74466E-004	0,00000E+000	1,16000E-001	-1,68843E-006	13	...........	65,11
	4259	426	1,17507E-001	-9,12634E-005	0,00000E+000	1,18000E-001	1,11573E-007	13	...........	65,11
	4260	426,1	1,19401E-001	6,04122E-004	0,00000E+000	1,20000E-001	4,91157E-006	13	...........	65,13
	4261	426,2	1,21742E-001	1,48433E-003	0,00000E+000	1,22000E-001	2,03116E-005	13	...........	65,12
	4262	426,3	1,23569E-001	2,56774E-003	0,00000E+000	1,24000E-001	6,11157E-006	13	...........	65,12
	4263	426,4	1,25414E-001	3,01806E-003	0,00000E+000	1,26000E-001	4,51157E-006	13	...........	65,11
	4264	426,5	1,27365E-001	4,07799E-003	0,00000E+000	1,28000E-001	1,81116E-005	13	...........	65,12
	4265	426,6	1,29417E-001	5,17569E-003	0,00000E+000	1,30000E-001	5,31157E-006	13	...........	65,12
	4266	426,7	1,31476E-001	6,13657E-003	0,00000E+000	1,32000E-001	-2,28843E-006	13	...........	65,12
	4267	426,8	1,33323E-001	6,91467E-003	0,00000E+000	1,34000E-001	-2,88843E-006	13	...........	65,12
	4268	426,9	1,35341E-001	7,64579E-003	0,00000E+000	1,36000E-001	1,19116E-005	13	...........	65,11
	4269	427	1,37346E-001	8,32688E-003	0,00000E+000	1,38000E-001	1,11573E-007	13	...........	65,11
	4270	427,1	1,39445E-001	8,82928E-003	0,00000E+000	1,40000E-001	-2,88843E-006	13	...........	65,11
	4271	427,2	1,41402E-001	9,57572E-003	0,00000E+000	1,42000E-001	-5,48843E-006	13	...........	65,11
	4272	427,3	1,43475E-001	1,01087E-002	0,00000E+000	1,44000E-001	4,11157E-006	13	...........	65,11
	4273	427,4	1,45605E-001	1,11401E-002	0,00000E+000	1,46000E-001	5,51157E-006	13	...........	65,12
	4274	427,5	1,47565E-001	1,18181E-002	0,00000E+000	1,48000E-001	4,51157E-006	13	...........	65,11
	4275	427,6	1,49498E-001	1,24165E-002	0,00000E+000	1,50000E-001	9,51157E-006	13	...........	65,11
	4276	427,7	1,51368E-001	1,30179E-002	0,00000E+000	1,52000E-001	8,91157E-006	13	...........	65,12
	4277	427,8	1,53509E-001	1,39808E-002	0,00000E+000	1,54000E-001	9,11157E-006	13	...........	65,11
	4278	427,9	1,55520E-001	1,46129E-002	0,00000E+000	1,56000E-001	-2,28843E-006	13	...........	65,11
	4279	428	1,57364E-001	1,51398E-002	0,00000E+000	1,58000E-001	-1,08843E-006	13	...........	65,12
	4280	428,1	1,59340E-001	1,57219E-002	0,00000E+000	1,60000E-001	1,73116E-005	13	...........	65,12
	4281	428,2	1,61340E-001	1,62110E-002	0,00000E+000	1,62000E-001	3,31157E-006	13	...........	65,13
	4282	428,3	1,63380E-001	1,66838E-002	0,00000E+000	1,64000E-001	-4,28843E-006	13	...........	65,11
	4283	428,4	1,65306E-001	1,73128E-002	0,00000E+000	1,66000E-001	2,51157E-006	13	...........	65,12
	4284	428,5	1,67339E-001	1,75344E-002	0,00000E+000	1,68000E-001	1,71157E-006	13	...........	65,12
	4285	428,6	1,69748E-001	1,85085E-002	0,00000E+000	1,70000E-001	7,31157E-006	13	...........	65,12
	4286	428,7	1,71538E-001	1,89517E-002	0,00000E+000	1,72000E-001	1,09116E-005	13	...........	65,12
	4287	428,8	1,73425E-001	1,95868E-002	0,00000E+000	1,74000E-001	8,91157E-006	13	...........	65,12
	4288	428,9	1,75338E-001	2,01872E-002	0,00000E+000	1,76000E-001	1,01116E-005	13	...........	65,12
	4289	429	1,77376E-001	2,07284E-002	0,00000E+000	1,78000E-001	7,71157E-006	13	...........	65,13
	4290	429,1	1,79480E-001	2,14871E-002	0,00000E+000	1,80000E-001	1,91157E-006	13	...........	65,12
	4291	429,2	1,81281E-001	2,21059E-002	0,00000E+000	1,82000E-001	4,71157E-006	13	...........	65,12
	4292	429,3	1,83277E-001	2,29872E-002	0,00000E+000	1,84000E-001	1,91157E-006	13	...........	65,12
	4293	429,4	1,85299E-001	2,33823E-002	0,00000E+000	1,86000E-001	1,33116E-005	13	...........	65,11
	4294	429,5	1,87351E-001	2,38286E-002	0,00000E+000	1,88000E-001	3,91157E-006	13	...........	65,11
	4295	429,6	1,89226E-001	2,43340E-002	0,00000E+000	1,90000E-001	1,91157E-006	13	...........	65,12
	4296	429,7	1,91232E-001	2,47874E-002	0,00000E+000	1,92000E-001	3,71157E-006	13	...........	65,12
	4297	429,8	1,93373E-001	2,51070E-002	0,00000E+000	1,94000E-001	1,71157E-006	13	...........	65,11
	4298	429,9	1,95536E-001	2,58208E-002	0,00000E+000	1,96000E-001	-9,28843E-006	13	...........	65,12
	4299	430	1,97359E-001	2,62711E-002	0,00000E+000	1,98000E-001	7,11567E-007	13	...........	65,11
	4300	430,1	1,99358E-001	2,66959E-002	0,00000E+000	2,00000E-001	1,59116E-005	13	...........	65,12
	4301	430,2	2,01463E-001	2,74229E-002	0,00000E+000	2,02000E-001	1,03116E-005	13	...........	65,12
	4302	430,3	2,03503E-001	2,75914E-002	0,00000E+000	2,04000E-001	-3,48843E-006	13	...........	65,11
	4303	430,4	2,05318E-001	2,82357E-002	0,00000E+000	2,06000E-001	6,71157E-006	13	...........	65,11
	4304	430,5	2,07288E-001	2,85217E-002	0,00000E+000	2,08000E-001	-7,88843E-006	13	...........	65,12
	4305	430,6	2,09284E-001	2,91149E-002	0,00000E+000	2,10000E-001	1,47116E-005	13	...........	65,13
	4306	430,7	2,11317E-001	2,96459E-002	0,00000E+000	2,12000E-001	-3,28843E-006	13	...........	65,13
	4307	430,8	2,13228E-001	3,02463E-002	0,00000E+000	2,14000E-001	4,51157E-006	13	...........	65,13
	4308	430,9	2,15196E-001	3,06721E-002	0,00000E+000	2,16000E-001	8,91157E-006	13	...........	65,12
	4309	431	2,17165E-001	3,14002E-002	0,00000E+000	2,18000E-001	1,27116E-005	13	...........	65,12
	4310	431,1	2,19437E-001	3,18648E-002	0,00000E+000	2,20000E-001	9,71157E-006	13	...........	65,11
	4311	431,2	2,21282E-001	3,22957E-002	0,00000E+000	2,22000E-001	1,13116E-005	13	...........	65,12
	4312	431,3	2,23318E-001	3,28134E-002	0,00000E+000	2,24000E-001	8,71157E-006	13	...........	65,13
	4313	431,4	2,25179E-001	3,31320E-002	0,00000E+000	2,26000E-001	4,51157E-006	13	...........	65,12
	4314	431,5	2,27464E-001	3,36120E-002	0,00000E+000	2,28000E-001	6,71157E-006	13	...........	65,12
	4315	431,6	2,29216E-001	3,39806E-002	0,00000E+000	2,30000E-001	6,11157E-006	13	...........	65,11
	4316	431,7	2,31204E-001	3,44319E-002	0,00000E+000	2,32000E-001	3,71157E-006	13	...........	65,12
	4317	431,8	2,33144E-001	3,49680E-002	0,00000E+000	2,34000E-001	6,51157E-006	13	...........	65,13
	4318	431,9	2,35221E-001	3,51998E-002	0,00000E+000	2,36000E-001	-2,68843E-006	13	...........	65,12
	4319	432	2,37164E-001	3,58942E-002	0,00000E+000	2,38000E-001	4,91157E-006	13	...........	65,13
	4320	432,1	2,39138E-001	3,62699E-002	0,00000E+000	2,40000E-001	8,71157E-006	13	...........	65,12
	4321	432,2	2,41089E-001	3,66488E-002	0,00000E+000	2,42000E-001	6,31157E-006	13	...........	65,13
	4322	432,3	2,43110E-001	3,73871E-002	0,00000E+000	2,44000E-001	1,07116E-005	13	...........	65,14
	4323	432,4	2,45249E-001	3,76944E-002	0,00000E+000	2,46000E-001	5,31157E-006	13	...........	65,14
	4324	432,5	2,47182E-001	3,85603E-002	0,00000E+000	2,48000E-001	1,11573E-007	13	...........	65,12
	4325	432,6	2,49276E-001	3,89749E-002	0,00000E+000	2,50000E-001	5,11565E-007	13	...........	65,12
	4326	432,7	2,51317E-001	3,92138E-002	0,00000E+000	2,52000E-001	1,51116E-005	13	...........	65,13
	4327	432,8	2,53185E-001	3,98184E-002	0,00000E+000	2,54000E-001	6,51157E-006	13	...........	65,12
	4328	432,9	2,55121E-001	4,03289E-002	0,00000E+000	2,56000E-001	5,51157E-006	13	...........	65,12
	4329	433	2,57206E-001	4,06557E-002	0,00000E+000	2,58000E-001	-6,88433E-007	13	...........	65,12
	4330	433,1	2,59225E-001	4,10570E-002	0,00000E+000	2,60000E-001	-2,68843E-006	13	...........	65,12
	4331	433,2	2,61161E-001	4,14522E-002	0,00000E+000	2,62000E-001	-9,68843E-006	13	...........	65,12
	4332	433,3	2,63090E-001	4,18432E-002	0,00000E+000	2,64000E-001	3,11567E-007	13	...........	65,11
	4333	433,4	2,65117E-001	4,22160E-002	0,00000E+000	2,66000E-001	5,31157E-006	13	...........	65,12
	4334	433,5	2,67110E-001	4,27051E-002	0,00000E+000	2,68000E-001	2,91157E-006	13	...........	65,12
	4335	433,6	2,69268E-001	4,31615E-002	0,00000E+000	2,70000E-001	-2,28843E-006	13	...........	65,12
	4336	433,7	2,71224E-001	4,34607E-002	0,00000E+000	2,72000E-001	-1,88843E-006	13	...........	65,12
	4337	433,8	2,73316E-001	4,41438E-002	0,00000E+000	2,74000E-001	7,11567E-007	13	...........	65,11
	4338	433,9	2,75495E-001	4,45380E-002	0,00000E+000	2,76000E-001	3,31157E-006	13	...........	65,12
	4339	434	2,77238E-001	4,46340E-002	0,00000E+000	2,78000E-001	7,51157E-006	13	...........	65,12
	4340	434,1	2,79170E-001	4,53539E-002	0,00000E+000	2,80000E-001	-6,88433E-007	13	...........	65,12
	4341	434,2	2,81139E-001	4,58277E-002	0,00000E+000	2,82000E-001	1,19116E-005	13	...........	65,12
	4342	434,3	2,83218E-001	4,64730E-002	0,00000E+000	2,84000E-001	-1,48843E-006	13	...........	65,13
	4343	434,4	2,85153E-001	4,68182E-002	0,00000E+000	2,86000E-001	-7,28843E-006	13	...........	65,11
	4344	434,5	2,87062E-001	4,73706E-002	0,00000E+000	2,88000E-001	3,11567E-007	13	...........	65,12
	4345	434,6	2,89030E-001	4,76167E-002	0,00000E+000	2,90000E-001	-7,28843E-006	13	...........	65,12
	4346	434,7	2,91031E-001	4,81630E-002	0,00000E+000	2,92000E-001	2,71156E-006	13	...........	65,11
	4347	434,8	2,93111E-001	4,84223E-002	0,00000E+000	2,94000E-001	-3,88844E-006	13	...........	65,12
	4348	434,9	2,95097E-001	4,88778E-002	0,00000E+000	2,96000E-001	4,91157E-006	13	...........	65,11
	4349	435	2,97144E-001	4,92158E-002	0,00000E+000	2,98000E-001	5,51157E-006	13	...........	65,11
	4350	435,1	2,99459E-001	4,97090E-002	0,00000E+000	3,00000E-001	3,31157E-006	13	...........	65,12
	4351	435,2	3,01200E-001	4,97590E-002	0,00000E+000	3,02000E-001	1,05116E-005	13	...........	65,11
	4352	435,3	3,03128E-001	5,05800E-002	0,00000E+000	3,04000E-001	-2,88426E-007	13	...........	65,11
	4353	435,4	3,05009E-001	5,06954E-002	0,00000E+000	3,06000E-001	1,11157E-006	13	...........	65,11
	4354	435,5	3,07213E-001	5,12029E-002	0,00000E+000	3,08000E-001	2,31157E-006	13	...........	65,11
	4355	435,6	3,09147E-001	5,12018E-002	0,00000E+000	3,10000E-001	-1,68843E-006	13	...........	65,11
	4356	435,7	3,11041E-001	5,20310E-002	0,00000E+000	3,12000E-001	-1,02884E-005	13	...........	65,12
	4357	435,8	3,12991E-001	5,18921E-002	0,00000E+000	3,14000E-001	-4,88431E-007	13	...........	65,11
	4358	435,9	3,15035E-001	5,27754E-002	0,00000E+000	3,16000E-001	3,11157E-006	13	...........	65,11
	4359	436	3,17062E-001	5,29725E-002	0,00000E+000	3,18000E-001	-4,08843E-006	13	...........	65,11
	4360	436,1	3,18960E-001	5,37383E-002	0,00000E+000	3,20000E-001	1,51157E-006	13	...........	65,09
	4361	436,2	3,21045E-001	5,40824E-002	0,00000E+000	3,22000E-001	4,51157E-006	13	...........	65,10
	4362	436,3	3,23397E-001	5,45634E-002	0,00000E+000	3,24000E-001	-3,48843E-006	13	...........	65,09
	4363	436,4	3,25161E-001	5,50106E-002	0,00000E+000	3,26000E-001	1,37116E-005	13	...........	65,10
	4364	436,5	3,27073E-001	5,56601E-002	0,00000E+000	3,28000E-001	6,51157E-006	13	...........	65,10
	4365	436,6	3,29041E-001	5,57795E-002	0,00000E+000	3,30000E-001	4,51157E-006	13	...........	65,11
	4366	436,7	3,31131E-001	5,62870E-002	0,00000E+000	3,32000E-001	1,33116E-005	13	...........	65,11
	4367	436,8	3,33127E-001	5,66536E-002	0,00000E+000	3,34000E-001	2,31157E-006	13	...........	65,10
	4368	436,9	3,34967E-001	5,68946E-002	0,00000E+000	3,36000E-001	7,71157E-006	13	...........	65,11
	4369	437	3,36994E-001	5,69620E-002	0,00000E+000	3,38000E-001	9,11572E-007	13	...........	65,10
	4370	437,1	3,38985E-001	5,74154E-002	0,00000E+000	3,40000E-001	1,27116E-005	13	...........	65,11
	4371	437,2	3,41076E-001	5,76502E-002	0,00000E+000	3,42000E-001	2,71156E-006	13	...........	65,10
	4372	437,3	3,42946E-001	5,82956E-002	0,00000E+000	3,44000E-001	-2,68843E-006	13	...........	65,10
	4373	437,4	3,44944E-001	5,83691E-002	0,00000E+000	3,46000E-001	1,13116E-005	13	...........	65,10
	4374	437,5	3,47123E-001	5,86581E-002	0,00000E+000	3,48000E-001	9,51157E-006	13	...........	65,11
	4375	437,6	3,49156E-001	5,90584E-002	0,00000E+000	3,50000E-001	4,31157E-006	13	...........	65,10
	4376	437,7	3,51045E-001	5,94913E-002	0,00000E+000	3,52000E-001	5,31157E-006	13	...........	65,10
	4377	437,8	3,53059E-001	5,95618E-002	0,00000E+000	3,54000E-001	1,15116E-005	13	...........	65,10
	4378	437,9	3,55252E-001	6,00560E-002	0,00000E+000	3,56000E-001	1,53116E-005	13	...........	65,10
	4379	438	3,57133E-001	6,06095E-002	0,00000E+000	3,58000E-001	3,11157E-006	13	...........	65,10
	4380	438,1	3,59031E-001	6,09250E-002	0,00000E+000	3,60000E-001	1,25116E-005	13	...........	65,11
	4381	438,2	3,60980E-001	6,11251E-002	0,00000E+000	3,62000E-001	1,17116E-005	13	...........	65,10
	4382	438,3	3,63032E-001	6,15846E-002	0,00000E+000	3,64000E-001	1,99116E-005	13	...........	65,10
	4383	438,4	3,65057E-001	6,18573E-002	0,00000E+000	3,66000E-001	4,71157E-006	13	...........	65,11
	4384	438,5	3,66941E-001	6,24597E-002	0,00000E+000	3,68000E-001	4,91157E-006	13	...........	65,10
	4385	438,6	3,68927E-001	6,24291E-002	0,00000E+000	3,70000E-001	1,57116E-005	13	...........	65,10
	4386	438,7	3,70913E-001	6,31286E-002	0,00000E+000	3,72000E-001	9,51157E-006	13	...........	65,09
	4387	438,8	3,73162E-001	6,33103E-002	0,00000E+000	3,74000E-001	4,91157E-006	13	...........	65,10
	4388	438,9	3,75002E-001	6,37515E-002	0,00000E+000	3,76000E-001	5,11157E-006	13	...........	65,10
	4389	439	3,76999E-001	6,40037E-002	0,00000E+000	3,78000E-001	9,11157E-006	13	...........	65,09
	4390	439,1	3,79094E-001	6,44489E-002	0,00000E+000	3,80000E-001	1,83116E-005	13	...........	65,10
	4391	439,2	3,81129E-001	6,45275E-002	0,00000E+000	3,82000E-001	8,71157E-006	13	...........	65,10
	4392	439,3	3,82938E-001	6,50565E-002	0,00000E+000	3,84000E-001	6,11157E-006	13	...........	65,11
	4393	439,4	3,84944E-001	6,51361E-002	0,00000E+000	3,86000E-001	6,31157E-006	13	...........	65,11
	4394	439,5	3,86941E-001	6,54659E-002	0,00000E+000	3,88000E-001	4,51157E-006	13	...........	65,10
	4395	439,6	3,89020E-001	6,57723E-002	0,00000E+000	3,90000E-001	4,11157E-006	13	...........	65,10
	4396	439,7	3,90863E-001	6,60347E-002	0,00000E+000	3,92000E-001	1,03116E-005	13	...........	65,09
	4397	439,8	3,92871E-001	6,60347E-002	0,00000E+000	3,94000E-001	6,11157E-006	13	...........	65,11
	4398	439,9	3,94850E-001	6,65585E-002	0,00000E+000	3,96000E-001	1,11157E-006	13	...........	65,10
	4399	440	3,96892E-001	6,66290E-002	0,00000E+000	3,98000E-001	7,51157E-006	13	...........	65,10
	4400	440,1	3,98950E-001	6,71947E-002	0,00000E+000	4,00000E-001	7,51157E-006	13	...........	65,10
	4401	440,2	4,00912E-001	6,72621E-002	0,00000E+000	4,02000E-001	2,91157E-006	13	...........	65,10
	4402	440,3	4,03043E-001	6,74132E-002	0,00000E+000	4,04000E-001	1,13116E-005	13	...........	65,10
	4403	440,4	4,05103E-001	6,77869E-002	0,00000E+000	4,06000E-001	1,19116E-005	13	...........	65,09
	4404	440,5	4,06895E-001	6,80249E-002	0,00000E+000	4,08000E-001	1,71157E-006	13	...........	65,11
	4405	440,6	4,08874E-001	6,81494E-002	0,00000E+000	4,10000E-001	1,07116E-005	13	...........	65,09
	4406	440,7	4,11002E-001	6,87172E-002	0,00000E+000	4,12000E-001	1,67116E-005	13	...........	65,09
	4407	440,8	4,13033E-001	6,88755E-002	0,00000E+000	4,14000E-001	3,11157E-006	13	...........	65,09
	4408	440,9	4,14884E-001	6,94708E-002	0,00000E+000	4,16000E-001	5,31157E-006	13	...........	65,09
	4409	441	4,16864E-001	6,93043E-002	0,00000E+000	4,18000E-001	1,29116E-005	13	...........	65,10
	4410	441,1	4,18875E-001	6,98680E-002	0,00000E+000	4,20000E-001	6,11157E-006	13	...........	65,10
	4411	441,2	4,20872E-001	6,99027E-002	0,00000E+000	4,22000E-001	7,11567E-007	13	...........	65,09
	4412	441,3	4,22974E-001	7,04929E-002	0,00000E+000	4,24000E-001	-2,88843E-006	13	...........	65,09
	4413	441,4	4,24927E-001	7,05348E-002	0,00000E+000	4,26000E-001	2,31157E-006	13	...........	65,09
	4414	441,5	4,27074E-001	7,11107E-002	0,00000E+000	4,28000E-001	1,87116E-005	13	...........	65,09
	4415	441,6	4,29114E-001	7,14507E-002	0,00000E+000	4,30000E-001	3,71157E-006	13	...........	65,09
	4416	441,7	4,30894E-001	7,15825E-002	0,00000E+000	4,32000E-001	-3,08843E-006	13	...........	65,08
	4417	441,8	4,32871E-001	7,17775E-002	0,00000E+000	4,34000E-001	-2,88843E-006	13	...........	65,09
	4418	441,9	4,34907E-001	7,19684E-002	0,00000E+000	4,36000E-001	1,11116E-005	13	...........	65,10
	4419	442	4,36901E-001	7,21083E-002	0,00000E+000	4,38000E-001	-1,88843E-006	13	...........	65,09
	4420	442,1	4,38820E-001	7,24759E-002	0,00000E+000	4,40000E-001	-9,68843E-006	13	...........	65,09
	4421	442,2	4,40820E-001	7,24433E-002	0,00000E+000	4,42000E-001	2,11157E-006	13	...........	65,09
	4422	442,3	4,42856E-001	7,28578E-002	0,00000E+000	4,44000E-001	-2,48843E-006	13	...........	65,09
	4423	442,4	4,44803E-001	7,28047E-002	0,00000E+000	4,46000E-001	2,51157E-006	13	...........	65,08
	4424	442,5	4,46797E-001	7,31672E-002	0,00000E+000	4,48000E-001	-4,68843E-006	13	...........	65,09
	4425	442,6	4,48855E-001	7,31581E-002	0,00000E+000	4,50000E-001	1,31157E-006	13	...........	65,08
	4426	442,7	4,51180E-001	7,36543E-002	0,00000E+000	4,52000E-001	1,31116E-005	13	...........	65,09
	4427	442,8	4,53122E-001	7,35512E-002	0,00000E+000	4,54000E-001	5,71157E-006	13	...........	65,09
	4428	442,9	4,54939E-001	7,39515E-002	0,00000E+000	4,56000E-001	1,09116E-005	13	...........	65,09
	4429	443	4,56904E-001	7,38841E-002	0,00000E+000	4,58000E-001	3,51157E-006	13	...........	65,08
	4430	443,1	4,58887E-001	7,38647E-002	0,00000E+000	4,60000E-001	-8,88843E-006	13	...........	65,09
	4431	443,2	4,61072E-001	7,42292E-002	0,00000E+000	4,62000E-001	1,27116E-005	13	...........	65,08
	4432	443,3	4,62844E-001	7,43344E-002	0,00000E+000	4,64000E-001	-2,88843E-006	13	...........	65,09
	4433	443,4	4,64838E-001	7,44406E-002	0,00000E+000	4,66000E-001	-8,28843E-006	13	...........	65,08
	4434	443,5	4,66850E-001	7,47541E-002	0,00000E+000	4,68000E-001	7,71157E-006	13	...........	65,09
	4435	443,6	4,68874E-001	7,45427E-002	0,00000E+000	4,70000E-001	-1,14884E-005	13	...........	65,08
	4436	443,7	4,70794E-001	7,49450E-002	0,00000E+000	4,72000E-001	-1,28843E-006	13	...........	65,08
	4437	443,8	4,72777E-001	7,48102E-002	0,00000E+000	4,74000E-001	-2,88843E-006	13	...........	65,08
	4438	443,9	4,74942E-001	7,53045E-002	0,00000E+000	4,76000E-001	4,91157E-006	13	...........	65,08
	4439	444	4,77122E-001	7,53535E-002	0,00000E+000	4,78000E-001	-6,28843E-006	13	...........	65,08
	4440	444,1	4,78906E-001	7,56139E-002	0,00000E+000	4,80000E-001	8,71157E-006	13	...........	65,08
	4441	444,2	4,80895E-001	7,54699E-002	0,00000E+000	4,82000E-001	5,31157E-006	13	...........	65,09
	4442	444,3	4,82931E-001	7,59467E-002	0,00000E+000	4,84000E-001	1,25116E-005	13	...........	65,09
	4443	444,4	4,85055E-001	7,57343E-002	0,00000E+000	4,86000E-001	-6,88433E-007	13	...........	65,08
	4444	444,5	4,86817E-001	7,61683E-002	0,00000E+000	4,88000E-001	5,91157E-006	13	...........	65,09
	4445	444,6	4,88782E-001	7,59427E-002	0,00000E+000	4,90000E-001	5,11157E-006	13	...........	65,08
	4446	444,7	4,90766E-001	7,63511E-002	0,00000E+000	4,92000E-001	7,11567E-007	13	...........	65,07
	4447	444,8	4,92817E-001	7,62807E-002	0,00000E+000	4,94000E-001	-2,68843E-006	13	...........	65,08
	4448	444,9	4,94775E-001	7,66462E-002	0,00000E+000	4,96000E-001	7,91157E-006	13	...........	65,08
	4449	445	4,96729E-001	7,68484E-002	0,00000E+000	4,98000E-001	-4,68843E-006	13	...........	65,09
	4450	445,1	4,98724E-001	7,71210E-002	0,00000E+000	5,00000E-001	4,11157E-006	13	...........	65,08
	4451	445,2	5,00988E-001	7,72660E-002	0,00000E+000	5,02000E-001	-4,68843E-006	13	...........	65,08
	4452	445,3	5,02848E-001	7,73733E-002	0,00000E+000	5,04000E-001	8,91157E-006	13	...........	65,09
	4453	445,4	5,04857E-001	7,73559E-002	0,00000E+000	5,06000E-001	5,71157E-006	13	...........	65,09
	4454	445,5	5,06849E-001	7,75591E-002	0,00000E+000	5,08000E-001	4,31157E-006	13	...........	65,09
	4455	445,6	5,09024E-001	7,77133E-002	0,00000E+000	5,10000E-001	-3,08843E-006	13	...........	65,09
	4456	445,7	5,10800E-001	7,78899E-002	0,00000E+000	5,12000E-001	2,91157E-006	13	...........	65,08
	4457	445,8	5,12812E-001	7,77531E-002	0,00000E+000	5,14000E-001	4,51157E-006	13	...........	65,08
	4458	445,9	5,14782E-001	7,82882E-002	0,00000E+000	5,16000E-001	-2,28843E-006	13	...........	65,08
	4459	446	5,16866E-001	7,81810E-002	0,00000E+000	5,18000E-001	-1,68843E-006	13	...........	65,08
	4460	446,1	5,18757E-001	7,86088E-002	0,00000E+000	5,20000E-001	-9,28843E-006	13	...........	65,08
	4461	446,2	5,20718E-001	7,83219E-002	0,00000E+000	5,22000E-001	-2,28843E-006	13	...........	65,08
	4462	446,3	5,22684E-001	7,88651E-002	0,00000E+000	5,24000E-001	-3,88844E-006	13	...........	65,08
	4463	446,4	5,24708E-001	7,86650E-002	0,00000E+000	5,26000E-001	5,51157E-006	13	...........	65,08
	4464	446,5	5,26868E-001	7,88518E-002	0,00000E+000	5,28000E-001	-3,08843E-006	13	...........	65,08
	4465	446,6	5,28787E-001	7,89182E-002	0,00000E+000	5,30000E-001	-1,48843E-006	13	...........	65,07
	4466	446,7	5,30887E-001	7,91194E-002	0,00000E+000	5,32000E-001	1,37116E-005	13	...........	65,08
	4467	446,8	5,33032E-001	7,90693E-002	0,00000E+000	5,34000E-001	1,15116E-005	13	...........	65,07
	4468	446,9	5,34785E-001	7,92511E-002	0,00000E+000	5,36000E-001	-2,88426E-007	13	...........	65,07
	4469	447	5,36743E-001	7,91245E-002	0,00000E+000	5,38000E-001	-6,88433E-007	13	...........	65,07
	4470	447,1	5,38716E-001	7,92103E-002	0,00000E+000	5,40000E-001	8,51157E-006	13	...........	65,07
	4471	447,2	5,40749E-001	7,95901E-002	0,00000E+000	5,42000E-001	-2,28843E-006	13	...........	65,07
	4472	447,3	5,42750E-001	7,98372E-002	0,00000E+000	5,44000E-001	4,51157E-006	13	...........	65,06
	4473	447,4	5,44643E-001	7,96524E-002	0,00000E+000	5,46000E-001	4,11157E-006	13	...........	65,06
	4474	447,5	5,46629E-001	7,97862E-002	0,00000E+000	5,48000E-001	4,31157E-006	13	...........	65,07
	4475	447,6	5,48656E-001	7,99996E-002	0,00000E+000	5,50000E-001	5,11157E-006	13	...........	65,07
	4476	447,7	5,50780E-001	7,98464E-002	0,00000E+000	5,52000E-001	-4,88431E-007	13	...........	65,06
	4477	447,8	5,52750E-001	8,01670E-002	0,00000E+000	5,54000E-001	-2,48843E-006	13	...........	65,08
	4478	447,9	5,54694E-001	8,02416E-002	0,00000E+000	5,56000E-001	7,31157E-006	13	...........	65,07
	4479	448	5,57036E-001	8,01528E-002	0,00000E+000	5,58000E-001	1,31157E-006	13	...........	65,08
	4480	448,1	5,58805E-001	8,04795E-002	0,00000E+000	5,60000E-001	2,51157E-006	13	...........	65,08
	4481	448,2	5,60673E-001	8,04458E-002	0,00000E+000	5,62000E-001	6,51157E-006	13	...........	65,06
	4482	448,3	5,62647E-001	8,05561E-002	0,00000E+000	5,64000E-001	5,11157E-006	13	...........	65,07
	4483	448,4	5,64774E-001	8,05469E-002	0,00000E+000	5,66000E-001	1,71157E-006	13	...........	65,08
	4484	448,5	5,66744E-001	8,03948E-002	0,00000E+000	5,68000E-001	-4,88843E-006	13	...........	65,07
	4485	448,6	5,68634E-001	8,06776E-002	0,00000E+000	5,70000E-001	-3,68843E-006	13	...........	65,07
	4486	448,7	5,70600E-001	8,06705E-002	0,00000E+000	5,72000E-001	-1,08843E-006	13	...........	65,07
	4487	448,8	5,72621E-001	8,09319E-002	0,00000E+000	5,74000E-001	1,05116E-005	13	...........	65,07
	4488	448,9	5,74690E-001	8,11555E-002	0,00000E+000	5,76000E-001	-1,68843E-006	13	...........	65,07
	4489	449	5,76674E-001	8,08972E-002	0,00000E+000	5,78000E-001	-4,88431E-007	13	...........	65,08
	4490	449,1	5,78671E-001	8,12004E-002	0,00000E+000	5,80000E-001	7,51157E-006	13	...........	65,07
	4491	449,2	5,80910E-001	8,12270E-002	0,00000E+000	5,82000E-001	1,47116E-005	13	...........	65,07
	4492	449,3	5,82790E-001	8,13761E-002	0,00000E+000	5,84000E-001	6,91157E-006	13	...........	65,07
	4493	449,4	5,84674E-001	8,14006E-002	0,00000E+000	5,86000E-001	6,31157E-006	13	...........	65,07
	4494	449,5	5,86593E-001	8,13025E-002	0,00000E+000	5,88000E-001	9,11572E-007	13	...........	65,07
	4495	449,6	5,88727E-001	8,13179E-002	0,00000E+000	5,90000E-001	1,21116E-005	13	...........	65,07
	4496	449,7	5,90728E-001	8,15762E-002	0,00000E+000	5,92000E-001	-3,88844E-006	13	...........	65,07
	4497	449,8	5,92578E-001	8,13699E-002	0,00000E+000	5,94000E-001	1,91157E-006	13	...........	65,08
	4498	449,9	5,94576E-001	8,14639E-002	0,00000E+000	5,96000E-001	5,11157E-006	13	...........	65,08
	4499	450	5,96602E-001	8,13975E-002	0,00000E+000	5,98000E-001	1,11157E-006	13	...........	65,07
	4500	450,1	5,98651E-001	8,18131E-002	0,00000E+000	6,00000E-001	-2,68843E-006	13	...........	65,07
	4501	450,2	6,00536E-001	8,16855E-002	0,00000E+000	6,02000E-001	6,11157E-006	13	...........	65,07
	4502	450,3	6,02579E-001	8,17804E-002	0,00000E+000	6,04000E-001	-7,68843E-006	13	...........	65,06
	4503	450,4	6,05011E-001	8,19407E-002	0,00000E+000	6,06000E-001	5,11157E-006	13	...........	65,07
	4504	450,5	6,06764E-001	8,20132E-002	0,00000E+000	6,08000E-001	8,51157E-006	13	...........	65,07
	4505	450,6	6,08668E-001	8,19162E-002	0,00000E+000	6,10000E-001	4,51157E-006	13	...........	65,07
	4506	450,7	6,10596E-001	8,19622E-002	0,00000E+000	6,12000E-001	2,71156E-006	13	...........	65,07
	4507	450,8	6,12669E-001	8,18539E-002	0,00000E+000	6,14000E-001	6,51157E-006	13	...........	65,07
	4508	450,9	6,14738E-001	8,19356E-002	0,00000E+000	6,16000E-001	-1,08843E-006	13	...........	65,07
	4509	451	6,16552E-001	8,20173E-002	0,00000E+000	6,18000E-001	-3,28843E-006	13	...........	65,07
	4510	451,1	6,18530E-001	8,19918E-002	0,00000E+000	6,20000E-001	-4,88431E-007	13	...........	65,08
	4511	451,2	6,20536E-001	8,20183E-002	0,00000E+000	6,22000E-001	1,23116E-005	13	...........	65,08
	4512	451,3	6,22607E-001	8,21746E-002	0,00000E+000	6,24000E-001	-1,28843E-006	13	...........	65,07
	4513	451,4	6,24495E-001	8,21981E-002	0,00000E+000	6,26000E-001	-2,28843E-006	13	...........	65,06
	4514	451,5	6,26490E-001	8,21439E-002	0,00000E+000	6,28000E-001	5,11565E-007	13	...........	65,07
	4515	451,6	6,28625E-001	8,21613E-002	0,00000E+000	6,30000E-001	-1,28843E-006	13	...........	65,07
	4516	451,7	6,30737E-001	8,20663E-002	0,00000E+000	6,32000E-001	1,91157E-006	13	...........	65,06
	4517	451,8	6,32580E-001	8,23665E-002	0,00000E+000	6,34000E-001	5,31157E-006	13	...........	65,07
	4518	451,9	6,34542E-001	8,22655E-002	0,00000E+000	6,36000E-001	8,51157E-006	13	...........	65,06
	4519	452	6,36614E-001	8,23727E-002	0,00000E+000	6,38000E-001	6,71157E-006	13	...........	65,07
	4520	452,1	6,38714E-001	8,24544E-002	0,00000E+000	6,40000E-001	5,91157E-006	13	...........	65,07
	4521	452,2	6,40501E-001	8,25473E-002	0,00000E+000	6,42000E-001	-6,48843E-006	13	...........	65,07
	4522	452,3	6,42482E-001	8,24227E-002	0,00000E+000	6,44000E-001	-2,88843E-006	13	...........	65,07
	4523	452,4	6,44490E-001	8,25258E-002	0,00000E+000	6,46000E-001	1,37116E-005	13	...........	65,06
	4524	452,5	6,46554E-001	8,25983E-002	0,00000E+000	6,48000E-001	-5,08843E-006	13	...........	65,06
	4525	452,6	6,48440E-001	8,28067E-002	0,00000E+000	6,50000E-001	1,91157E-006	13	...........	65,06
	4526	452,7	6,50418E-001	8,24625E-002	0,00000E+000	6,52000E-001	-3,08843E-006	13	...........	65,06
	4527	452,8	6,52409E-001	8,27709E-002	0,00000E+000	6,54000E-001	2,31157E-006	13	...........	65,07
	4528	452,9	6,54684E-001	8,27832E-002	0,00000E+000	6,56000E-001	4,11157E-006	13	...........	65,05
	4529	453	6,56502E-001	8,28526E-002	0,00000E+000	6,58000E-001	7,11157E-006	13	...........	65,06
	4530	453,1	6,58520E-001	8,27903E-002	0,00000E+000	6,60000E-001	9,71157E-006	13	...........	65,07
	4531	453,2	6,60566E-001	8,30344E-002	0,00000E+000	6,62000E-001	3,71157E-006	13	...........	65,05
	4532	453,3	6,62710E-001	8,28005E-002	0,00000E+000	6,64000E-001	-3,88844E-006	13	...........	65,06
	4533	453,4	6,64474E-001	8,29261E-002	0,00000E+000	6,66000E-001	1,91157E-006	13	...........	65,06
	4534	453,5	6,66493E-001	8,27954E-002	0,00000E+000	6,68000E-001	5,51157E-006	13	...........	65,06
	4535	453,6	6,68474E-001	8,29905E-002	0,00000E+000	6,70000E-001	4,91157E-006	13	...........	65,06
	4536	453,7	6,70569E-001	8,28985E-002	0,00000E+000	6,72000E-001	1,91157E-006	13	...........	65,06
	4537	453,8	6,72430E-001	8,31293E-002	0,00000E+000	6,74000E-001	7,11567E-007	13	...........	65,07
	4538	453,9	6,74402E-001	8,29282E-002	0,00000E+000	6,76000E-001	-1,88843E-006	13	...........	65,06
	4539	454	6,76392E-001	8,31457E-002	0,00000E+000	6,78000E-001	8,71157E-006	13	...........	65,05
	4540	454,1	6,78428E-001	8,28546E-002	0,00000E+000	6,80000E-001	1,31116E-005	13	...........	65,05
	4541	454,2	6,80514E-001	8,30436E-002	0,00000E+000	6,82000E-001	5,51157E-006	13	...........	65,08
	4542	454,3	6,82485E-001	8,28342E-002	0,00000E+000	6,84000E-001	3,51157E-006	13	...........	65,06
	4543	454,4	6,84589E-001	8,30476E-002	0,00000E+000	6,86000E-001	1,87116E-005	13	...........	65,06
	4544	454,5	6,86696E-001	8,29220E-002	0,00000E+000	6,88000E-001	4,11157E-006	13	...........	65,06
	4545	454,6	6,88457E-001	8,31079E-002	0,00000E+000	6,90000E-001	-8,68843E-006	13	...........	65,06
	4546	454,7	6,90438E-001	8,28056E-002	0,00000E+000	6,92000E-001	-1,88843E-006	13	...........	65,05
	4547	454,8	6,92403E-001	8,30956E-002	0,00000E+000	6,94000E-001	8,11157E-006	13	...........	65,05
	4548	454,9	6,94527E-001	8,31559E-002	0,00000E+000	6,96000E-001	-2,48843E-006	13	...........	65,05
	4549	455	6,96391E-001	8,32355E-002	0,00000E+000	6,98000E-001	2,11157E-006	13	...........	65,05
	4550	455,1	6,98344E-001	8,30844E-002	0,00000E+000	7,00000E-001	-6,08843E-006	13	...........	65,05
	4551	455,2	7,00322E-001	8,33662E-002	0,00000E+000	7,02000E-001	5,71157E-006	13	...........	65,06
	4552	455,3	7,02356E-001	8,33182E-002	0,00000E+000	7,04000E-001	1,51157E-006	13	...........	65,06
	4553	455,4	7,04486E-001	8,34489E-002	0,00000E+000	7,06000E-001	5,51157E-006	13	...........	65,06
	4554	455,5	7,06461E-001	8,31906E-002	0,00000E+000	7,08000E-001	-4,28843E-006	13	...........	65,06
	4555	455,6	7,08364E-001	8,31416E-002	0,00000E+000	7,10000E-001	1,51157E-006	13	...........	65,05
	4556	455,7	7,10690E-001	8,34551E-002	0,00000E+000	7,12000E-001	9,31157E-006	13	...........	65,05
	4557	455,8	7,12446E-001	8,36409E-002	0,00000E+000	7,14000E-001	-2,48843E-006	13	...........	65,06
	4558	455,9	7,14390E-001	8,33356E-002	0,00000E+000	7,16000E-001	1,11573E-007	13	...........	65,06
	4559	456	7,16347E-001	8,35276E-002	0,00000E+000	7,18000E-001	9,91157E-006	13	...........	65,05
	4560	456,1	7,18611E-001	8,30068E-002	0,00000E+000	7,20000E-001	2,31157E-006	13	...........	65,06
	4561	456,2	7,20389E-001	8,33979E-002	0,00000E+000	7,22000E-001	-1,08843E-006	13	...........	65,06
	4562	456,3	7,22343E-001	8,30630E-002	0,00000E+000	7,24000E-001	1,71157E-006	13	...........	65,05
	4563	456,4	7,24301E-001	8,34990E-002	0,00000E+000	7,26000E-001	5,31157E-006	13	...........	65,06
	4564	456,5	7,26336E-001	8,32437E-002	0,00000E+000	7,28000E-001	3,51157E-006	13	...........	65,06
	4565	456,6	7,28343E-001	8,34694E-002	0,00000E+000	7,30000E-001	3,11567E-007	13	...........	65,05
	4566	456,7	7,30396E-001	8,34101E-002	0,00000E+000	7,32000E-001	5,31157E-006	13	...........	65,06
	4567	456,8	7,32481E-001	8,36715E-002	0,00000E+000	7,34000E-001	7,51157E-006	13	...........	65,06
	4568	456,9	7,34646E-001	8,35878E-002	0,00000E+000	7,36000E-001	7,11567E-007	13	...........	65,05
	4569	457	7,36454E-001	8,36174E-002	0,00000E+000	7,38000E-001	4,51157E-006	13	...........	65,06
	4570	457,1	7,38398E-001	8,35031E-002	0,00000E+000	7,40000E-001	-8,84284E-008	13	...........	65,05
	4571	457,2	7,40286E-001	8,36654E-002	0,00000E+000	7,42000E-001	2,11157E-006	13	...........	65,05
	4572	457,3	7,42551E-001	8,37553E-002	0,00000E+000	7,44000E-001	-4,88431E-007	13	...........	65,06
	4573	457,4	7,44355E-001	8,36225E-002	0,00000E+000	7,46000E-001	-6,88433E-007	13	...........	65,06
	4574	457,5	7,46270E-001	8,33713E-002	0,00000E+000	7,48000E-001	-1,68843E-006	13	...........	65,05
	4575	457,6	7,48234E-001	8,34183E-002	0,00000E+000	7,50000E-001	4,91157E-006	13	...........	65,04
	4576	457,7	7,50284E-001	8,32590E-002	0,00000E+000	7,52000E-001	-6,68843E-006	13	...........	65,06
	4577	457,8	7,52328E-001	8,36858E-002	0,00000E+000	7,54000E-001	4,11157E-006	13	...........	65,04
	4578	457,9	7,54234E-001	8,35960E-002	0,00000E+000	7,56000E-001	3,91157E-006	13	...........	65,05
	4579	458	7,56237E-001	8,36746E-002	0,00000E+000	7,58000E-001	1,71157E-006	13	...........	65,04
	4580	458,1	7,58697E-001	8,36041E-002	0,00000E+000	7,60000E-001	5,71157E-006	13	...........	65,04
	4581	458,2	7,60410E-001	8,38564E-002	0,00000E+000	7,62000E-001	8,71157E-006	13	...........	65,05
	4582	458,3	7,62385E-001	8,38349E-002	0,00000E+000	7,64000E-001	1,43116E-005	13	...........	65,06
	4583	458,4	7,64294E-001	8,38237E-002	0,00000E+000	7,66000E-001	2,13116E-005	13	...........	65,06
	4584	458,5	7,66483E-001	8,36113E-002	0,00000E+000	7,68000E-001	8,31157E-006	13	...........	65,06
	4585	458,6	7,68373E-001	8,39758E-002	0,00000E+000	7,70000E-001	3,71157E-006	13	...........	65,06
	4586	458,7	7,70277E-001	8,37308E-002	0,00000E+000	7,72000E-001	7,11567E-007	13	...........	65,07
	4587	458,8	7,72206E-001	8,39483E-002	0,00000E+000	7,74000E-001	8,51157E-006	13	...........	65,06
	4588	458,9	7,74269E-001	8,37348E-002	0,00000E+000	7,76000E-001	3,91157E-006	13	...........	65,07
	4589	459	7,76316E-001	8,38472E-002	0,00000E+000	7,78000E-001	-4,08843E-006	13	...........	65,06
	4590	459,1	7,78198E-001	8,39554E-002	0,00000E+000	7,80000E-001	5,11157E-006	13	...........	65,05
	4591	459,2	7,80184E-001	8,39085E-002	0,00000E+000	7,82000E-001	8,51157E-006	13	...........	65,06
	4592	459,3	7,82469E-001	8,37655E-002	0,00000E+000	7,84000E-001	2,31157E-006	13	...........	65,05
	4593	459,4	7,84380E-001	8,38962E-002	0,00000E+000	7,86000E-001	4,71157E-006	13	...........	65,07
	4594	459,5	7,86325E-001	8,37165E-002	0,00000E+000	7,88000E-001	7,11157E-006	13	...........	65,06
	4595	459,6	7,88250E-001	8,39861E-002	0,00000E+000	7,90000E-001	1,37116E-005	13	...........	65,05
	4596	459,7	7,90486E-001	8,38666E-002	0,00000E+000	7,92000E-001	8,91157E-006	13	...........	65,06
	4597	459,8	7,92351E-001	8,40892E-002	0,00000E+000	7,94000E-001	1,31157E-006	13	...........	65,07
	4598	459,9	7,94220E-001	8,40453E-002	0,00000E+000	7,96000E-001	6,71157E-006	13	...........	65,06
	4599	460	7,96171E-001	8,41596E-002	0,00000E+000	7,98000E-001	6,51157E-006	13	...........	65,07
	4600	460,1	7,98220E-001	8,37859E-002	0,00000E+000	8,00000E-001	1,27116E-005	13	...........	65,06
	4601	460,2	8,00294E-001	8,41954E-002	0,00000E+000	8,02000E-001	-3,68843E-006	13	...........	65,07
	4602	460,3	8,02148E-001	8,39136E-002	0,00000E+000	8,04000E-001	3,11567E-007	13	...........	65,07
	4603	460,4	8,04137E-001	8,41106E-002	0,00000E+000	8,06000E-001	2,11157E-006	13	...........	65,06
	4604	460,5	8,06147E-001	8,39452E-002	0,00000E+000	8,08000E-001	1,07116E-005	13	...........	65,06
	4605	460,6	8,08374E-001	8,43057E-002	0,00000E+000	8,10000E-001	-4,48843E-006	13	...........	65,06
	4606	460,7	8,10227E-001	8,41096E-002	0,00000E+000	8,12000E-001	4,31157E-006	13	...........	65,07
	4607	460,8	8,12211E-001	8,43965E-002	0,00000E+000	8,14000E-001	1,39116E-005	13	...........	65,07
	4608	460,9	8,14361E-001	8,41760E-002	0,00000E+000	8,16000E-001	1,03116E-005	13	...........	65,07
	4609	461	8,16338E-001	8,44701E-002	0,00000E+000	8,18000E-001	1,91157E-006	13	...........	65,06
	4610	461,1	8,18181E-001	8,40933E-002	0,00000E+000	8,20000E-001	3,71157E-006	13	...........	65,06
	4611	461,2	8,20141E-001	8,41750E-002	0,00000E+000	8,22000E-001	1,31116E-005	13	...........	65,07
	4612	461,3	8,22144E-001	8,40800E-002	0,00000E+000	8,24000E-001	9,51157E-006	13	...........	65,06
	4613	461,4	8,24254E-001	8,44139E-002	0,00000E+000	8,26000E-001	-5,28843E-006	13	...........	65,06
	4614	461,5	8,26067E-001	8,45558E-002	0,00000E+000	8,28000E-001	-4,08843E-006	13	...........	65,07
	4615	461,6	8,28073E-001	8,44425E-002	0,00000E+000	8,30000E-001	2,51157E-006	13	...........	65,06
	4616	461,7	8,30067E-001	8,44313E-002	0,00000E+000	8,32000E-001	8,31157E-006	13	...........	65,08
	4617	461,8	8,32131E-001	8,43486E-002	0,00000E+000	8,34000E-001	1,13116E-005	13	...........	65,06
	4618	461,9	8,34192E-001	8,45538E-002	0,00000E+000	8,36000E-001	7,71157E-006	13	...........	65,06
	4619	462	8,36113E-001	8,45620E-002	0,00000E+000	8,38000E-001	3,91157E-006	13	...........	65,07
	4620	462,1	8,38327E-001	8,44170E-002	0,00000E+000	8,40000E-001	1,77116E-005	13	...........	65,06
	4621	462,2	8,40309E-001	8,46743E-002	0,00000E+000	8,42000E-001	4,31157E-006	13	...........	65,05
	4622	462,3	8,42054E-001	8,45436E-002	0,00000E+000	8,44000E-001	-4,68843E-006	13	...........	65,06
	4623	462,4	8,44051E-001	8,45957E-002	0,00000E+000	8,46000E-001	8,51157E-006	13	...........	65,06
	4624	462,5	8,46063E-001	8,46477E-002	0,00000E+000	8,48000E-001	8,11157E-006	13	...........	65,06
	4625	462,6	8,48144E-001	8,46488E-002	0,00000E+000	8,50000E-001	-6,28843E-006	13	...........	65,06
	4626	462,7	8,50002E-001	8,47887E-002	0,00000E+000	8,52000E-001	-2,48843E-006	13	...........	65,07
	4627	462,8	8,51996E-001	8,47958E-002	0,00000E+000	8,54000E-001	-4,88431E-007	13	...........	65,07
	4628	462,9	8,54003E-001	8,48918E-002	0,00000E+000	8,56000E-001	5,91157E-006	13	...........	65,07
	4629	463	8,56012E-001	8,49868E-002	0,00000E+000	8,58000E-001	-9,08843E-006	13	...........	65,07
	4630	463,1	8,58112E-001	8,51512E-002	0,00000E+000	8,60000E-001	2,51157E-006	13	...........	65,05
	4631	463,2	8,60045E-001	8,53053E-002	0,00000E+000	8,62000E-001	-3,88844E-006	13	...........	65,06
	4632	463,3	8,62061E-001	8,53145E-002	0,00000E+000	8,64000E-001	7,51157E-006	13	...........	65,06
	4633	463,4	8,64309E-001	8,56587E-002	0,00000E+000	8,66000E-001	3,11567E-007	13	...........	65,06
	4634	463,5	8,66081E-001	8,55055E-002	0,00000E+000	8,68000E-001	1,01116E-005	13	...........	65,06
	4635	463,6	8,68020E-001	8,55586E-002	0,00000E+000	8,70000E-001	9,11572E-007	13	...........	65,06
	4636	463,7	8,70022E-001	8,53493E-002	0,00000E+000	8,72000E-001	6,51157E-006	13	...........	65,07
	4637	463,8	8,72171E-001	8,53503E-002	0,00000E+000	8,74000E-001	-8,88843E-006	13	...........	65,06
	4638	463,9	8,73999E-001	8,54126E-002	0,00000E+000	8,76000E-001	-1,08843E-006	13	...........	65,07
	4639	464	8,75971E-001	8,55433E-002	0,00000E+000	8,78000E-001	-9,88843E-006	13	...........	65,07
	4640	464,1	8,77980E-001	8,55320E-002	0,00000E+000	8,80000E-001	7,91157E-006	13	...........	65,07
	4641	464,2	8,79971E-001	8,56505E-002	0,00000E+000	8,82000E-001	-5,88843E-006	13	...........	65,07
	4642	464,3	8,81965E-001	8,59956E-002	0,00000E+000	8,84000E-001	-5,68843E-006	13	...........	65,07
	4643	464,4	8,84013E-001	8,62295E-002	0,00000E+000	8,86000E-001	-1,68843E-006	13	...........	65,07
	4644	464,5	8,86162E-001	8,64807E-002	0,00000E+000	8,88000E-001	7,11567E-007	13	...........	65,07
	4645	464,6	8,88281E-001	8,61610E-002	0,00000E+000	8,90000E-001	4,51157E-006	13	...........	65,07
	4646	464,7	8,90071E-001	8,61529E-002	0,00000E+000	8,92000E-001	7,31157E-006	13	...........	65,07
	4647	464,8	8,92016E-001	8,61947E-002	0,00000E+000	8,94000E-001	2,51157E-006	13	...........	65,07
	4648	464,9	8,93976E-001	8,65205E-002	0,00000E+000	8,96000E-001	1,11116E-005	13	...........	65,07
	4649	465	8,96173E-001	8,63806E-002	0,00000E+000	8,98000E-001	1,91157E-006	13	...........	65,06
	4650	465,1	8,97962E-001	8,66308E-002	0,00000E+000	9,00000E-001	-1,20884E-005	13	...........	65,06
	4651	465,2	8,99913E-001	8,65307E-002	0,00000E+000	9,02000E-001	-3,48843E-006	13	...........	65,06
	4652	465,3	9,01904E-001	8,67145E-002	0,00000E+000	9,04000E-001	4,11157E-006	13	...........	65,06
	4653	465,4	9,03917E-001	8,66982E-002	0,00000E+000	9,06000E-001	8,91157E-006	13	...........	65,06
	4654	465,5	9,05935E-001	8,69698E-002	0,00000E+000	9,08000E-001	-3,68843E-006	13	...........	65,07
	4655	465,6	9,07875E-001	8,70219E-002	0,00000E+000	9,10000E-001	-3,28843E-006	13	...........	65,07
	4656	465,7	9,09958E-001	8,71771E-002	0,00000E+000	9,12000E-001	7,11157E-006	13	...........	65,07
	4657	465,8	9,12257E-001	8,72342E-002	0,00000E+000	9,14000E-001	-2,48843E-006	13	...........	65,07
	4658	465,9	9,13997E-001	8,74334E-002	0,00000E+000	9,16000E-001	1,15116E-005	13	...........	65,06
	4659	466	9,16002E-001	8,73823E-002	0,00000E+000	9,18000E-001	9,51157E-006	13	...........	65,05
	4660	466,1	9,17955E-001	8,76223E-002	0,00000E+000	9,20000E-001	9,11157E-006	13	...........	65,06
	4661	466,2	9,20125E-001	8,77070E-002	0,00000E+000	9,22000E-001	1,19116E-005	13	...........	65,06
	4662	466,3	9,21983E-001	8,79552E-002	0,00000E+000	9,24000E-001	7,91157E-006	13	...........	65,07
	4663	466,4	9,23927E-001	8,76335E-002	0,00000E+000	9,26000E-001	2,31157E-006	13	...........	65,06
	4664	466,5	9,25929E-001	8,79215E-002	0,00000E+000	9,28000E-001	1,01116E-005	13	...........	65,06
	4665	466,6	9,27902E-001	8,79541E-002	0,00000E+000	9,30000E-001	1,13116E-005	13	...........	65,07
	4666	466,7	9,29927E-001	8,84443E-002	0,00000E+000	9,32000E-001	-2,48843E-006	13	...........	65,07
	4667	466,8	9,31849E-001	8,81778E-002	0,00000E+000	9,34000E-001	-4,48843E-006	13	...........	65,07
	4668	466,9	9,33860E-001	8,84923E-002	0,00000E+000	9,36000E-001	1,53116E-005	13	...........	65,07
	4669	467	9,36087E-001	8,85209E-002	0,00000E+000	9,38000E-001	1,11116E-005	13	...........	65,07
	4670	467,1	9,37959E-001	8,86608E-002	0,00000E+000	9,40000E-001	1,51157E-006	13	...........	65,07
	4671	467,2	9,39900E-001	8,85627E-002	0,00000E+000	9,42000E-001	2,51157E-006	13	...........	65,06
	4672	467,3	9,41962E-001	8,89446E-002	0,00000E+000	9,44000E-001	6,71157E-006	13	...........	65,07
	4673	467,4	9,44053E-001	8,89548E-002	0,00000E+000	9,46000E-001	9,11157E-006	13	...........	65,07
	4674	467,5	9,45939E-001	8,91621E-002	0,00000E+000	9,48000E-001	2,51157E-006	13	...........	65,08
	4675	467,6	9,47846E-001	8,90610E-002	0,00000E+000	9,50000E-001	6,71157E-006	13	...........	65,07
	4676	467,7	9,49876E-001	8,91866E-002	0,00000E+000	9,52000E-001	-6,88433E-007	13	...........	65,06
	4677	467,8	9,51829E-001	8,91917E-002	0,00000E+000	9,54000E-001	3,11157E-006	13	...........	65,07
	4678	467,9	9,53870E-001	8,92877E-002	0,00000E+000	9,56000E-001	4,11157E-006	13	...........	65,06
	4679	468	9,55796E-001	8,93939E-002	0,00000E+000	9,58000E-001	4,71157E-006	13	...........	65,05
	4680	468,1	9,57799E-001	8,96900E-002	0,00000E+000	9,60000E-001	2,71156E-006	13	...........	65,06
	4681	468,2	9,59794E-001	8,98014E-002	0,00000E+000	9,62000E-001	7,51157E-006	13	...........	65,07
	4682	468,3	9,61963E-001	9,00219E-002	0,00000E+000	9,64000E-001	1,13116E-005	13	...........	65,06
	4683	468,4	9,63852E-001	8,99974E-002	0,00000E+000	9,66000E-001	-2,28843E-006	13	...........	65,06
	4684	468,5	9,65913E-001	9,01812E-002	0,00000E+000	9,68000E-001	1,21116E-005	13	...........	65,06
	4685	468,6	9,68093E-001	9,00577E-002	0,00000E+000	9,70000E-001	1,65116E-005	13	...........	65,06
	4686	468,7	9,69941E-001	9,05335E-002	0,00000E+000	9,72000E-001	3,11157E-006	13	...........	65,05
	4687	468,8	9,71793E-001	9,03201E-002	0,00000E+000	9,74000E-001	2,71156E-006	13	...........	65,05
	4688	468,9	9,73879E-001	9,04181E-002	0,00000E+000	9,76000E-001	8,51157E-006	13	...........	65,06
	4689	469	9,75861E-001	9,05029E-002	0,00000E+000	9,78000E-001	1,69116E-005	13	...........	65,06
	4690	469,1	9,77893E-001	9,11013E-002	0,00000E+000	9,80000E-001	4,51157E-006	13	...........	65,05
	4691	469,2	9,79773E-001	9,08756E-002	0,00000E+000	9,82000E-001	1,85116E-005	13	...........	65,06
	4692	469,3	9,81779E-001	9,10594E-002	0,00000E+000	9,84000E-001	2,71156E-006	13	...........	65,05
	4693	469,4	9,83763E-001	9,11023E-002	0,00000E+000	9,86000E-001	1,31116E-005	13	...........	65,06
	4694	469,5	9,85892E-001	9,13606E-002	0,00000E+000	9,88000E-001	1,53116E-005	13	...........	65,06
	4695	469,6	9,87851E-001	9,13555E-002	0,00000E+000	9,90000E-001	7,51157E-006	13	...........	65,05
	4696	469,7	9,89890E-001	9,17405E-002	0,00000E+000	9,92000E-001	5,71157E-006	13	...........	65,05
	4697	469,8	9,92128E-001	9,17680E-002	0,00000E+000	9,94000E-001	1,07116E-005	13	...........	65,05
	4698	469,9	9,93932E-001	9,20111E-002	0,00000E+000	9,96000E-001	-1,48843E-006	13	...........	65,06
	4699	470	9,95782E-001	9,19539E-002	0,00000E+000	9,98000E-001	1,31157E-006	13	...........	65,06
	4700	470,1	9,97785E-001	9,23388E-002	0,00000E+000	1,00000E+000	6,11157E-006	13	...........	65,05
	4701	470,2	9,99813E-001	9,23582E-002	0,00000E+000	1,00200E+000	-1,88843E-006	13	...........	65,05
	4702	470,3	1,00187E+000	9,26074E-002	0,00000E+000	1,00400E+000	4,91157E-006	13	...........	65,06
	4703	470,4	1,00374E+000	9,25798E-002	0,00000E+000	1,00600E+000	1,51157E-006	13	...........	65,06
	4704	470,5	1,00574E+000	9,30026E-002	0,00000E+000	1,00800E+000	1,59116E-005	13	...........	65,06
	4705	470,6	1,00774E+000	9,30312E-002	0,00000E+000	1,01000E+000	1,31116E-005	13	...........	65,06
	4706	470,7	1,00978E+000	9,37235E-002	0,00000E+000	1,01200E+000	7,51157E-006	13	...........	65,05
	4707	470,8	1,01185E+000	9,36489E-002	0,00000E+000	1,01400E+000	2,11157E-006	13	...........	65,05
	4708	470,9	1,01381E+000	9,39849E-002	0,00000E+000	1,01600E+000	9,31157E-006	13	...........	65,07
	4709	471	1,01609E+000	9,39747E-002	0,00000E+000	1,01800E+000	3,91157E-006	13	...........	65,06
	4710	471,1	1,01795E+000	9,40411E-002	0,00000E+000	1,02000E+000	8,51157E-006	13	...........	65,05
	4711	471,2	1,01982E+000	9,42953E-002	0,00000E+000	1,02200E+000	1,91157E-006	13	...........	65,06
	4712	471,3	1,02176E+000	9,46037E-002	0,00000E+000	1,02400E+000	4,71157E-006	13	...........	65,06
	4713	471,4	1,02386E+000	9,46793E-002	0,00000E+000	1,02600E+000	3,31157E-006	13	...........	65,05
	4714	471,5	1,02586E+000	9,52450E-002	0,00000E+000	1,02800E+000	4,51157E-006	13	...........	65,05
	4715	471,6	1,02771E+000	9,54114E-002	0,00000E+000	1,03000E+000	1,11157E-006	13	...........	65,05
	4716	471,7	1,02971E+000	9,57453E-002	0,00000E+000	1,03200E+000	3,11157E-006	13	...........	65,04
	4717	471,8	1,03173E+000	9,58617E-002	0,00000E+000	1,03400E+000	6,51157E-006	13	...........	65,05
	4718	471,9	1,03372E+000	9,59506E-002	0,00000E+000	1,03600E+000	-1,88843E-006	13	...........	65,05
	4719	472	1,03565E+000	9,59945E-002	0,00000E+000	1,03800E+000	3,31157E-006	13	...........	65,05
	4720	472,1	1,03771E+000	9,64448E-002	0,00000E+000	1,04000E+000	1,01116E-005	13	...........	65,05
	4721	472,2	1,03988E+000	9,66174E-002	0,00000E+000	1,04200E+000	6,11157E-006	13	...........	65,05
	4722	472,3	1,04192E+000	9,69982E-002	0,00000E+000	1,04400E+000	-2,68843E-006	13	...........	65,05
	4723	472,4	1,04374E+000	9,69870E-002	0,00000E+000	1,04600E+000	7,51157E-006	13	...........	65,04
	4724	472,5	1,04571E+000	9,72045E-002	0,00000E+000	1,04800E+000	-1,28843E-006	13	...........	65,04
	4725	472,6	1,04775E+000	9,73342E-002	0,00000E+000	1,05000E+000	3,71157E-006	13	...........	65,04
	4726	472,7	1,04986E+000	9,75976E-002	0,00000E+000	1,05200E+000	6,91157E-006	13	...........	65,04
	4727	472,8	1,05165E+000	9,76119E-002	0,00000E+000	1,05400E+000	3,11157E-006	13	...........	65,05
	4728	472,9	1,05364E+000	9,80204E-002	0,00000E+000	1,05600E+000	7,91157E-006	13	...........	65,04
	4729	473	1,05563E+000	9,80214E-002	0,00000E+000	1,05800E+000	1,21116E-005	13	...........	65,05
	4730	473,1	1,05765E+000	9,83124E-002	0,00000E+000	1,06000E+000	-4,88431E-007	13	...........	65,04
	4731	473,2	1,05959E+000	9,82767E-002	0,00000E+000	1,06200E+000	-3,48843E-006	13	...........	65,05
	4732	473,3	1,06158E+000	9,87025E-002	0,00000E+000	1,06400E+000	3,71157E-006	13	...........	65,05
	4733	473,4	1,06366E+000	9,87178E-002	0,00000E+000	1,06600E+000	9,11157E-006	13	...........	65,04
	4734	473,5	1,06591E+000	9,93560E-002	0,00000E+000	1,06800E+000	7,31157E-006	13	...........	65,04
	4735	473,6	1,06767E+000	9,92263E-002	0,00000E+000	1,07000E+000	5,11157E-006	13	...........	65,04
	4736	473,7	1,06969E+000	9,93530E-002	0,00000E+000	1,07200E+000	1,87116E-005	13	...........	65,04
	4737	473,8	1,07168E+000	9,95490E-002	0,00000E+000	1,07400E+000	1,55116E-005	13	...........	65,04
	4738	473,9	1,07379E+000	1,00093E-001	0,00000E+000	1,07600E+000	6,71157E-006	13	...........	65,03
	4739	474	1,07566E+000	1,00030E-001	0,00000E+000	1,07800E+000	1,27116E-005	13	...........	65,03
	4740	474,1	1,07763E+000	1,00586E-001	0,00000E+000	1,08000E+000	7,91157E-006	13	...........	65,03
	4741	474,2	1,07962E+000	1,00729E-001	0,00000E+000	1,08200E+000	1,27116E-005	13	...........	65,04
	4742	474,3	1,08164E+000	1,01055E-001	0,00000E+000	1,08400E+000	1,61116E-005	13	...........	65,04
	4743	474,4	1,08357E+000	1,01279E-001	0,00000E+000	1,08600E+000	1,91157E-006	13	...........	65,04
	4744	474,5	1,08555E+000	1,01736E-001	0,00000E+000	1,08800E+000	2,71156E-006	13	...........	65,04
	4745	474,6	1,08754E+000	1,01855E-001	0,00000E+000	1,09000E+000	1,77116E-005	13	...........	65,04
	4746	474,7	1,08977E+000	1,02537E-001	0,00000E+000	1,09200E+000	9,51157E-006	13	...........	65,04
	4747	474,8	1,09162E+000	1,02402E-001	0,00000E+000	1,09400E+000	1,13116E-005	13	...........	65,04
	4748	474,9	1,09360E+000	1,03258E-001	0,00000E+000	1,09600E+000	6,71157E-006	13	...........	65,04
	4749	475	1,09568E+000	1,03704E-001	0,00000E+000	1,09800E+000	1,03116E-005	13	...........	65,04
	4750	475,1	1,09770E+000	1,04048E-001	0,00000E+000	1,10000E+000	7,91157E-006	13	...........	65,04
	4751	475,2	1,09958E+000	1,04212E-001	0,00000E+000	1,10200E+000	1,39116E-005	13	...........	65,03
	4752	475,3	1,10155E+000	1,04718E-001	0,00000E+000	1,10400E+000	8,51157E-006	13	...........	65,04
	4753	475,4	1,10357E+000	1,04966E-001	0,00000E+000	1,10600E+000	1,83116E-005	13	...........	65,04
	4754	475,5	1,10552E+000	1,05269E-001	0,00000E+000	1,10800E+000	8,91157E-006	13	...........	65,03
	4755	475,6	1,10751E+000	1,05461E-001	0,00000E+000	1,11000E+000	5,31157E-006	13	...........	65,03
	4756	475,7	1,10948E+000	1,05884E-001	0,00000E+000	1,11200E+000	7,51157E-006	13	...........	65,02
	4757	475,8	1,11151E+000	1,06069E-001	0,00000E+000	1,11400E+000	-1,68843E-006	13	...........	65,03
	4758	475,9	1,11344E+000	1,06378E-001	0,00000E+000	1,11600E+000	3,91157E-006	13	...........	65,02
	4759	476	1,11559E+000	1,06773E-001	0,00000E+000	1,11800E+000	-4,88431E-007	13	...........	65,02
	4760	476,1	1,11756E+000	1,07205E-001	0,00000E+000	1,12000E+000	2,11157E-006	13	...........	65,03
	4761	476,2	1,11967E+000	1,07527E-001	0,00000E+000	1,12200E+000	7,11157E-006	13	...........	65,04
	4762	476,3	1,12181E+000	1,07820E-001	0,00000E+000	1,12400E+000	1,15116E-005	13	...........	65,03
	4763	476,4	1,12357E+000	1,08231E-001	0,00000E+000	1,12600E+000	-6,08843E-006	13	...........	65,03
	4764	476,5	1,12551E+000	1,08679E-001	0,00000E+000	1,12800E+000	8,91157E-006	13	...........	65,04
	4765	476,6	1,12761E+000	1,08843E-001	0,00000E+000	1,13000E+000	6,11157E-006	13	...........	65,04
	4766	476,7	1,12956E+000	1,09284E-001	0,00000E+000	1,13200E+000	-8,28843E-006	13	...........	65,03
	4767	476,8	1,13155E+000	1,10039E-001	0,00000E+000	1,13400E+000	1,11157E-006	13	...........	65,04
	4768	476,9	1,13349E+000	1,10530E-001	0,00000E+000	1,13600E+000	-4,28843E-006	13	...........	65,03
	4769	477	1,13548E+000	1,10933E-001	0,00000E+000	1,13800E+000	5,11565E-007	13	...........	65,03
	4770	477,1	1,13748E+000	1,11608E-001	0,00000E+000	1,14000E+000	6,51157E-006	13	...........	65,03
	4771	477,2	1,13962E+000	1,12198E-001	0,00000E+000	1,14200E+000	-2,88426E-007	13	...........	65,02
	4772	477,3	1,14158E+000	1,12736E-001	0,00000E+000	1,14400E+000	2,51157E-006	13	...........	65,02
	4773	477,4	1,14357E+000	1,12877E-001	0,00000E+000	1,14600E+000	1,51157E-006	13	...........	65,03
	4774	477,5	1,14588E+000	1,13471E-001	0,00000E+000	1,14800E+000	8,71157E-006	13	...........	65,03
	4775	477,6	1,14760E+000	1,14083E-001	0,00000E+000	1,15000E+000	7,11157E-006	13	...........	65,03
	4776	477,7	1,14947E+000	1,14335E-001	0,00000E+000	1,15200E+000	-8,84284E-008	13	...........	65,03
	4777	477,8	1,15147E+000	1,14822E-001	0,00000E+000	1,15400E+000	5,11157E-006	13	...........	65,03
	4778	477,9	1,15351E+000	1,15097E-001	0,00000E+000	1,15600E+000	6,31157E-006	13	...........	65,03
	4779	478	1,15553E+000	1,15531E-001	0,00000E+000	1,15800E+000	2,31157E-006	13	...........	65,04
	4780	478,1	1,15742E+000	1,15831E-001	0,00000E+000	1,16000E+000	5,11157E-006	13	...........	65,03
	4781	478,2	1,15941E+000	1,16301E-001	0,00000E+000	1,16200E+000	9,31157E-006	13	...........	65,03
	4782	478,3	1,16142E+000	1,16963E-001	0,00000E+000	1,16400E+000	5,71157E-006	13	...........	65,03
	4783	478,4	1,16347E+000	1,17866E-001	0,00000E+000	1,16600E+000	3,31157E-006	13	...........	65,04
	4784	478,5	1,16552E+000	1,18541E-001	0,00000E+000	1,16800E+000	6,51157E-006	13	...........	65,02
	4785	478,6	1,16751E+000	1,19219E-001	0,00000E+000	1,17000E+000	8,71157E-006	13	...........	65,04
	4786	478,7	1,16974E+000	1,19828E-001	0,00000E+000	1,17200E+000	7,71157E-006	13	...........	65,03
	4787	478,8	1,17158E+000	1,20521E-001	0,00000E+000	1,17400E+000	6,11157E-006	13	...........	65,02
	4788	478,9	1,17347E+000	1,21219E-001	0,00000E+000	1,17600E+000	-2,88426E-007	13	...........	65,01
	4789	479	1,17547E+000	1,21785E-001	0,00000E+000	1,17800E+000	1,27116E-005	13	...........	65,02
	4790	479,1	1,17755E+000	1,22351E-001	0,00000E+000	1,18000E+000	2,59116E-005	13	...........	65,02
	4791	479,2	1,17954E+000	1,22932E-001	0,00000E+000	1,18200E+000	-2,88843E-006	13	...........	65,02
	4792	479,3	1,18142E+000	1,23441E-001	0,00000E+000	1,18400E+000	6,91157E-006	13	...........	65,02
	4793	479,4	1,18343E+000	1,24085E-001	0,00000E+000	1,18600E+000	-3,48843E-006	13	...........	65,02
	4794	479,5	1,18544E+000	1,24544E-001	0,00000E+000	1,18800E+000	1,93116E-005	13	...........	65,03
	4795	479,6	1,18750E+000	1,25395E-001	0,00000E+000	1,19000E+000	4,71157E-006	13	...........	65,02
	4796	479,7	1,18939E+000	1,26081E-001	0,00000E+000	1,19200E+000	7,71157E-006	13	...........	65,02
	4797	479,8	1,19149E+000	1,26575E-001	0,00000E+000	1,19400E+000	6,51157E-006	13	...........	65,02
	4798	479,9	1,19381E+000	1,27480E-001	0,00000E+000	1,19600E+000	-2,08843E-006	13	...........	65,02
	4799	480	1,19559E+000	1,28132E-001	0,00000E+000	1,19800E+000	7,31157E-006	13	...........	65,03
	4800	480,1	1,19753E+000	1,29164E-001	0,00000E+000	1,20000E+000	1,61116E-005	13	...........	65,03
	4801	480,2	1,19943E+000	1,30277E-001	0,00000E+000	1,20200E+000	1,91116E-005	13	...........	65,03
	4802	480,3	1,20156E+000	1,30819E-001	0,00000E+000	1,20400E+000	1,67116E-005	13	...........	65,03
	4803	480,4	1,20355E+000	1,31817E-001	0,00000E+000	1,20600E+000	7,51157E-006	13	...........	65,02
	4804	480,5	1,20538E+000	1,32453E-001	0,00000E+000	1,20800E+000	1,07116E-005	13	...........	65,02
	4805	480,6	1,20735E+000	1,33290E-001	0,00000E+000	1,21000E+000	2,19116E-005	13	...........	65,01
	4806	480,7	1,20939E+000	1,34213E-001	0,00000E+000	1,21200E+000	1,59116E-005	13	...........	65,03
	4807	480,8	1,21143E+000	1,35164E-001	0,00000E+000	1,21400E+000	6,31157E-006	13	...........	65,02
	4808	480,9	1,21331E+000	1,35993E-001	0,00000E+000	1,21600E+000	5,71157E-006	13	...........	65,02
	4809	481	1,21529E+000	1,36909E-001	0,00000E+000	1,21800E+000	1,37116E-005	13	...........	65,02
	4810	481,1	1,21748E+000	1,37778E-001	0,00000E+000	1,22000E+000	1,97116E-005	13	...........	65,03
	4811	481,2	1,21954E+000	1,38821E-001	0,00000E+000	1,22200E+000	-1,02884E-005	13	...........	65,01
	4812	481,3	1,22141E+000	1,39539E-001	0,00000E+000	1,22400E+000	8,31157E-006	13	...........	65,02
	4813	481,4	1,22345E+000	1,40329E-001	0,00000E+000	1,22600E+000	7,31157E-006	13	...........	65,01
	4814	481,5	1,22564E+000	1,41312E-001	0,00000E+000	1,22800E+000	5,71157E-006	13	...........	65,03
	4815	481,6	1,22752E+000	1,42392E-001	0,00000E+000	1,23000E+000	7,31157E-006	13	...........	65,03
	4816	481,7	1,22949E+000	1,43119E-001	0,00000E+000	1,23200E+000	4,71157E-006	13	...........	65,02
	4817	481,8	1,23144E+000	1,44536E-001	0,00000E+000	1,23400E+000	8,91157E-006	13	...........	65,02
	4818	481,9	1,23349E+000	1,45614E-001	0,00000E+000	1,23600E+000	6,51157E-006	13	...........	65,01
	4819	482	1,23551E+000	1,46604E-001	0,00000E+000	1,23800E+000	1,11157E-006	13	...........	65,02
	4820	482,1	1,23736E+000	1,47346E-001	0,00000E+000	1,24000E+000	-2,88426E-007	13	...........	65,02
	4821	482,2	1,23935E+000	1,48232E-001	0,00000E+000	1,24200E+000	6,91157E-006	13	...........	65,01
	4822	482,3	1,24133E+000	1,49252E-001	0,00000E+000	1,24400E+000	8,11157E-006	13	...........	65,01
	4823	482,4	1,24356E+000	1,50643E-001	0,00000E+000	1,24600E+000	-1,68843E-006	13	...........	65,01
	4824	482,5	1,24545E+000	1,51582E-001	0,00000E+000	1,24800E+000	-4,68843E-006	13	...........	65,01
	4825	482,6	1,24743E+000	1,52626E-001	0,00000E+000	1,25000E+000	1,21116E-005	13	...........	65,02
	4826	482,7	1,24943E+000	1,53481E-001	0,00000E+000	1,25200E+000	3,31157E-006	13	...........	65,02
	4827	482,8	1,25152E+000	1,54805E-001	0,00000E+000	1,25400E+000	-3,88844E-006	13	...........	65,01
	4828	482,9	1,25334E+000	1,55758E-001	0,00000E+000	1,25600E+000	3,51157E-006	13	...........	65,01
	4829	483	1,25539E+000	1,56956E-001	0,00000E+000	1,25800E+000	1,63116E-005	13	...........	65,01
	4830	483,1	1,25739E+000	1,57659E-001	0,00000E+000	1,26000E+000	7,11157E-006	13	...........	65,01
	4831	483,2	1,25944E+000	1,59094E-001	0,00000E+000	1,26200E+000	3,91157E-006	13	...........	65,01
	4832	483,3	1,26132E+000	1,60017E-001	0,00000E+000	1,26400E+000	3,71157E-006	13	...........	65,01
	4833	483,4	1,26332E+000	1,61543E-001	0,00000E+000	1,26600E+000	1,47116E-005	13	...........	65,01
	4834	483,5	1,26532E+000	1,62658E-001	0,00000E+000	1,26800E+000	9,71157E-006	13	...........	65,01
	4835	483,6	1,26738E+000	1,63675E-001	0,00000E+000	1,27000E+000	-8,84284E-008	13	...........	65,00
	4836	483,7	1,26939E+000	1,64773E-001	0,00000E+000	1,27200E+000	4,71157E-006	13	...........	65,01
	4837	483,8	1,27135E+000	1,65931E-001	0,00000E+000	1,27400E+000	5,71157E-006	13	...........	65,00
	4838	483,9	1,27357E+000	1,67046E-001	0,00000E+000	1,27600E+000	1,27116E-005	13	...........	65,01
	4839	484	1,27550E+000	1,68460E-001	0,00000E+000	1,27800E+000	1,37116E-005	13	...........	65,00
	4840	484,1	1,27733E+000	1,69496E-001	0,00000E+000	1,28000E+000	1,09116E-005	13	...........	65,01
	4841	484,2	1,27933E+000	1,70891E-001	0,00000E+000	1,28200E+000	7,51157E-006	13	...........	65,02
	4842	484,3	1,28139E+000	1,71798E-001	0,00000E+000	1,28400E+000	3,31157E-006	13	...........	65,01
	4843	484,4	1,28349E+000	1,73233E-001	0,00000E+000	1,28600E+000	-5,48843E-006	13	...........	65,01
	4844	484,5	1,28531E+000	1,73939E-001	0,00000E+000	1,28800E+000	7,11567E-007	13	...........	65,01
	4845	484,6	1,28728E+000	1,75317E-001	0,00000E+000	1,29000E+000	-4,88843E-006	13	...........	65,01
	4846	484,7	1,28929E+000	1,76288E-001	0,00000E+000	1,29200E+000	1,13116E-005	13	...........	65,02
	4847	484,8	1,29134E+000	1,77996E-001	0,00000E+000	1,29400E+000	-3,28843E-006	13	...........	65,00
	4848	484,9	1,29340E+000	1,78833E-001	0,00000E+000	1,29600E+000	-2,48843E-006	13	...........	65,02
	4849	485	1,29538E+000	1,80175E-001	0,00000E+000	1,29800E+000	7,11157E-006	13	...........	65,00
	4850	485,1	1,29757E+000	1,80956E-001	0,00000E+000	1,30000E+000	4,11157E-006	13	...........	65,00
	4851	485,2	1,29954E+000	1,82191E-001	0,00000E+000	1,30200E+000	-1,06884E-005	13	...........	65,00
	4852	485,3	1,30138E+000	1,82975E-001	0,00000E+000	1,30400E+000	6,51157E-006	13	...........	65,02
	4853	485,4	1,30331E+000	1,84246E-001	0,00000E+000	1,30600E+000	3,31157E-006	13	...........	65,00
	4854	485,5	1,30536E+000	1,85320E-001	0,00000E+000	1,30800E+000	1,61116E-005	13	...........	65,01
	4855	485,6	1,30740E+000	1,86859E-001	0,00000E+000	1,31000E+000	-8,88431E-007	13	...........	64,99
	4856	485,7	1,30924E+000	1,87454E-001	0,00000E+000	1,31200E+000	3,31157E-006	13	...........	64,99
	4857	485,8	1,31124E+000	1,88476E-001	0,00000E+000	1,31400E+000	1,31157E-006	13	...........	65,00
	4858	485,9	1,31324E+000	1,89190E-001	0,00000E+000	1,31600E+000	1,73116E-005	13	...........	65,00
	4859	486	1,31527E+000	1,90714E-001	0,00000E+000	1,31800E+000	-1,88843E-006	13	...........	64,99
	4860	486,1	1,31721E+000	1,91262E-001	0,00000E+000	1,32000E+000	6,91157E-006	13	...........	65,00
	4861	486,2	1,31931E+000	1,92584E-001	0,00000E+000	1,32200E+000	-8,88431E-007	13	...........	65,00
	4862	486,3	1,32156E+000	1,93229E-001	0,00000E+000	1,32400E+000	1,21116E-005	13	...........	64,99
	4863	486,4	1,32353E+000	1,94673E-001	0,00000E+000	1,32600E+000	8,11157E-006	13	...........	64,99
	4864	486,5	1,32537E+000	1,95158E-001	0,00000E+000	1,32800E+000	1,49116E-005	13	...........	65,00
	4865	486,6	1,32732E+000	1,96146E-001	0,00000E+000	1,33000E+000	1,25116E-005	13	...........	65,01
	4866	486,7	1,32926E+000	1,96669E-001	0,00000E+000	1,33200E+000	7,31157E-006	13	...........	65,00
	4867	486,8	1,33147E+000	1,97659E-001	0,00000E+000	1,33400E+000	9,91157E-006	13	...........	64,99
	4868	486,9	1,33328E+000	1,98114E-001	0,00000E+000	1,33600E+000	-2,88843E-006	13	...........	64,98
	4869	487	1,33525E+000	1,99307E-001	0,00000E+000	1,33800E+000	6,91157E-006	13	...........	65,00
	4870	487,1	1,33719E+000	1,99527E-001	0,00000E+000	1,34000E+000	1,11116E-005	13	...........	64,99
	4871	487,2	1,33925E+000	2,00689E-001	0,00000E+000	1,34200E+000	1,91157E-006	13	...........	64,99
	4872	487,3	1,34119E+000	2,01051E-001	0,00000E+000	1,34400E+000	5,91157E-006	13	...........	65,00
	4873	487,4	1,34316E+000	2,02309E-001	0,00000E+000	1,34600E+000	3,51157E-006	13	...........	64,98
	4874	487,5	1,34532E+000	2,02728E-001	0,00000E+000	1,34800E+000	8,51157E-006	13	...........	64,99
	4875	487,6	1,34751E+000	2,03751E-001	0,00000E+000	1,35000E+000	4,31157E-006	13	...........	64,98
	4876	487,7	1,34930E+000	2,03881E-001	0,00000E+000	1,35200E+000	-1,08843E-006	13	...........	64,98
	4877	487,8	1,35131E+000	2,04610E-001	0,00000E+000	1,35400E+000	8,71157E-006	13	...........	64,99
	4878	487,9	1,35334E+000	2,04733E-001	0,00000E+000	1,35600E+000	7,11157E-006	13	...........	64,97
	4879	488	1,35548E+000	2,05680E-001	0,00000E+000	1,35800E+000	6,31157E-006	13	...........	64,98
	4880	488,1	1,35724E+000	2,05937E-001	0,00000E+000	1,36000E+000	3,11157E-006	13	...........	64,99
	4881	488,2	1,35921E+000	2,06619E-001	0,00000E+000	1,36200E+000	-4,28843E-006	13	...........	64,99
	4882	488,3	1,36120E+000	2,06621E-001	0,00000E+000	1,36400E+000	-1,32884E-005	13	...........	64,98
	4883	488,4	1,36327E+000	2,07335E-001	0,00000E+000	1,36600E+000	7,31157E-006	13	...........	64,99
	4884	488,5	1,36517E+000	2,07405E-001	0,00000E+000	1,36800E+000	-1,12884E-005	13	...........	64,99
	4885	488,6	1,36712E+000	2,08037E-001	0,00000E+000	1,37000E+000	5,11565E-007	13	...........	64,98
	4886	488,7	1,36911E+000	2,08035E-001	0,00000E+000	1,37200E+000	7,51157E-006	13	...........	64,99
	4887	488,8	1,37140E+000	2,08508E-001	0,00000E+000	1,37400E+000	5,51157E-006	13	...........	64,98
	4888	488,9	1,37329E+000	2,08570E-001	0,00000E+000	1,37600E+000	-1,48843E-006	13	...........	64,98
	4889	489	1,37527E+000	2,09054E-001	0,00000E+000	1,37800E+000	1,11116E-005	13	...........	64,99
	4890	489,1	1,37727E+000	2,09026E-001	0,00000E+000	1,38000E+000	8,51157E-006	13	...........	64,98
	4891	489,2	1,37946E+000	2,09579E-001	0,00000E+000	1,38200E+000	1,71157E-006	13	...........	64,99
	4892	489,3	1,38122E+000	2,09672E-001	0,00000E+000	1,38400E+000	2,31157E-006	13	...........	64,98
	4893	489,4	1,38323E+000	2,09861E-001	0,00000E+000	1,38600E+000	-4,68843E-006	13	...........	64,98
	4894	489,5	1,38519E+000	2,09536E-001	0,00000E+000	1,38800E+000	-1,48843E-006	13	...........	64,98
	4895	489,6	1,38728E+000	2,10412E-001	0,00000E+000	1,39000E+000	-7,48843E-006	13	...........	64,97
	4896	489,7	1,38918E+000	2,10252E-001	0,00000E+000	1,39200E+000	3,11157E-006	13	...........	64,98
	4897	489,8	1,39112E+000	2,10524E-001	0,00000E+000	1,39400E+000	-7,28843E-006	13	...........	64,99
	4898	489,9	1,39306E+000	2,10468E-001	0,00000E+000	1,39600E+000	3,51157E-006	13	...........	64,98
	4899	490	1,39510E+000	2,10986E-001	0,00000E+000	1,39800E+000	-1,88843E-006	13	...........	64,98
	4900	490,1	1,39732E+000	2,10598E-001	0,00000E+000	1,40000E+000	-3,28843E-006	13	...........	64,97
	4901	490,2	1,39507E+000	2,04341E-001	0,00000E+000	1,39800E+000	5,91157E-006	13	...........	64,98
	4902	490,3	1,39304E+000	1,99171E-001	0,00000E+000	1,39600E+000	6,91157E-006	13	...........	64,97
	4903	490,4	1,39110E+000	1,95897E-001	0,00000E+000	1,39400E+000	6,31157E-006	13	...........	64,98
	4904	490,5	1,38917E+000	1,91796E-001	0,00000E+000	1,39200E+000	8,11157E-006	13	...........	64,98
	4905	490,6	1,38725E+000	1,89020E-001	0,00000E+000	1,39000E+000	5,51157E-006	13	...........	64,97
	4906	490,7	1,38514E+000	1,85937E-001	0,00000E+000	1,38800E+000	2,91157E-006	13	...........	64,97
	4907	490,8	1,38321E+000	1,83286E-001	0,00000E+000	1,38600E+000	5,11565E-007	13	...........	64,97
	4908	490,9	1,38123E+000	1,80364E-001	0,00000E+000	1,38400E+000	1,71157E-006	13	...........	64,96
	4909	491	1,37945E+000	1,78428E-001	0,00000E+000	1,38200E+000	4,31157E-006	13	...........	64,98
	4910	491,1	1,37728E+000	1,75580E-001	0,00000E+000	1,38000E+000	8,11157E-006	13	...........	64,97
	4911	491,2	1,37525E+000	1,73448E-001	0,00000E+000	1,37800E+000	5,51157E-006	13	...........	64,97
	4912	491,3	1,37320E+000	1,71321E-001	0,00000E+000	1,37600E+000	6,11157E-006	13	...........	64,97
	4913	491,4	1,37134E+000	1,69538E-001	0,00000E+000	1,37400E+000	3,51157E-006	13	...........	64,98
	4914	491,5	1,36908E+000	1,67118E-001	0,00000E+000	1,37200E+000	1,03116E-005	13	...........	64,97
	4915	491,6	1,36712E+000	1,65330E-001	0,00000E+000	1,37000E+000	9,11572E-007	13	...........	64,97
	4916	491,7	1,36519E+000	1,63443E-001	0,00000E+000	1,36800E+000	-3,08843E-006	13	...........	64,97
	4917	491,8	1,36321E+000	1,61712E-001	0,00000E+000	1,36600E+000	1,45116E-005	13	...........	64,97
	4918	491,9	1,36120E+000	1,59687E-001	0,00000E+000	1,36400E+000	6,71157E-006	13	...........	64,97
	4919	492	1,35921E+000	1,57778E-001	0,00000E+000	1,36200E+000	3,11157E-006	13	...........	64,98
	4920	492,1	1,35721E+000	1,55863E-001	0,00000E+000	1,36000E+000	-1,48843E-006	13	...........	64,97
	4921	492,2	1,35539E+000	1,54370E-001	0,00000E+000	1,35800E+000	3,11157E-006	13	...........	64,97
	4922	492,3	1,35326E+000	1,52381E-001	0,00000E+000	1,35600E+000	-2,88843E-006	13	...........	64,97
	4923	492,4	1,35126E+000	1,50771E-001	0,00000E+000	1,35400E+000	6,11157E-006	13	...........	64,97
	4924	492,5	1,34931E+000	1,49082E-001	0,00000E+000	1,35200E+000	-8,48843E-006	13	...........	64,98
	4925	492,6	1,34753E+000	1,47545E-001	0,00000E+000	1,35000E+000	-3,48843E-006	13	...........	64,97
	4926	492,7	1,34532E+000	1,45899E-001	0,00000E+000	1,34800E+000	1,83116E-005	13	...........	64,96
	4927	492,8	1,34318E+000	1,44253E-001	0,00000E+000	1,34600E+000	3,71157E-006	13	...........	64,97
	4928	492,9	1,34121E+000	1,42491E-001	0,00000E+000	1,34400E+000	-7,08843E-006	13	...........	64,96
	4929	493	1,33934E+000	1,40904E-001	0,00000E+000	1,34200E+000	-2,68843E-006	13	...........	64,98
	4930	493,1	1,33725E+000	1,39392E-001	0,00000E+000	1,34000E+000	9,91157E-006	13	...........	64,96
	4931	493,2	1,33520E+000	1,37677E-001	0,00000E+000	1,33800E+000	-5,48843E-006	13	...........	64,97
	4932	493,3	1,33321E+000	1,36192E-001	0,00000E+000	1,33600E+000	-2,28843E-006	13	...........	64,96
	4933	493,4	1,33141E+000	1,34851E-001	0,00000E+000	1,33400E+000	2,11157E-006	13	...........	64,96
	4934	493,5	1,32918E+000	1,32880E-001	0,00000E+000	1,33200E+000	1,11116E-005	13	...........	64,96
	4935	493,6	1,32730E+000	1,31499E-001	0,00000E+000	1,33000E+000	9,91157E-006	13	...........	64,96
	4936	493,7	1,32535E+000	1,30152E-001	0,00000E+000	1,32800E+000	1,95116E-005	13	...........	64,96
	4937	493,8	1,32351E+000	1,28358E-001	0,00000E+000	1,32600E+000	2,03116E-005	13	...........	64,96
	4938	493,9	1,32145E+000	1,26499E-001	0,00000E+000	1,32400E+000	8,91157E-006	13	...........	64,96
	4939	494	1,31930E+000	1,24871E-001	0,00000E+000	1,32200E+000	8,51157E-006	13	...........	64,96
	4940	494,1	1,31721E+000	1,23685E-001	0,00000E+000	1,32000E+000	1,05116E-005	13	...........	64,96
	4941	494,2	1,31521E+000	1,22215E-001	0,00000E+000	1,31800E+000	1,07116E-005	13	...........	64,96
	4942	494,3	1,31324E+000	1,21223E-001	0,00000E+000	1,31600E+000	1,47116E-005	13	...........	64,96
	4943	494,4	1,31121E+000	1,19318E-001	0,00000E+000	1,31400E+000	5,11157E-006	13	...........	64,96
	4944	494,5	1,30924E+000	1,17390E-001	0,00000E+000	1,31200E+000	-1,30884E-005	13	...........	64,97
	4945	494,6	1,30743E+000	1,15950E-001	0,00000E+000	1,31000E+000	9,11572E-007	13	...........	64,96
	4946	494,7	1,30532E+000	1,14745E-001	0,00000E+000	1,30800E+000	8,31157E-006	13	...........	64,95
	4947	494,8	1,30332E+000	1,13243E-001	0,00000E+000	1,30600E+000	-3,68843E-006	13	...........	64,97
	4948	494,9	1,30136E+000	1,12287E-001	0,00000E+000	1,30400E+000	-1,68843E-006	13	...........	64,96
	4949	495	1,29952E+000	1,10344E-001	0,00000E+000	1,30200E+000	6,71157E-006	13	...........	64,95
	4950	495,1	1,29750E+000	1,08528E-001	0,00000E+000	1,30000E+000	-6,88433E-007	13	...........	64,96
	4951	495,2	1,29531E+000	1,07068E-001	0,00000E+000	1,29800E+000	1,39116E-005	13	...........	64,96
	4952	495,3	1,29329E+000	1,05865E-001	0,00000E+000	1,29600E+000	4,51157E-006	13	...........	64,96
	4953	495,4	1,29124E+000	1,04432E-001	0,00000E+000	1,29400E+000	7,11157E-006	13	...........	64,96
	4954	495,5	1,28926E+000	1,02811E-001	0,00000E+000	1,29200E+000	1,11116E-005	13	...........	64,96
	4955	495,6	1,28726E+000	1,00975E-001	0,00000E+000	1,29000E+000	8,91157E-006	13	...........	64,96
	4956	495,7	1,28527E+000	9,96266E-002	0,00000E+000	1,28800E+000	2,31157E-006	13	...........	64,97
	4957	495,8	1,28346E+000	9,82991E-002	0,00000E+000	1,28600E+000	1,47116E-005	13	...........	64,96
	4958	495,9	1,28137E+000	9,75599E-002	0,00000E+000	1,28400E+000	9,91157E-006	13	...........	64,96
	4959	496	1,27933E+000	9,64785E-002	0,00000E+000	1,28200E+000	9,11572E-007	13	...........	64,95
	4960	496,1	1,27735E+000	9,47232E-002	0,00000E+000	1,28000E+000	5,11565E-007	13	...........	64,96
	4961	496,2	1,27553E+000	9,31486E-002	0,00000E+000	1,27800E+000	7,31157E-006	13	...........	64,96
	4962	496,3	1,27362E+000	9,17139E-002	0,00000E+000	1,27600E+000	1,81116E-005	13	...........	64,96
	4963	496,4	1,27137E+000	9,01986E-002	0,00000E+000	1,27400E+000	1,13116E-005	13	...........	64,96
	4964	496,5	1,26934E+000	8,91805E-002	0,00000E+000	1,27200E+000	2,91157E-006	13	...........	64,95
	4965	496,6	1,26734E+000	8,81328E-002	0,00000E+000	1,27000E+000	5,11157E-006	13	...........	64,95
	4966	496,7	1,26530E+000	8,66144E-002	0,00000E+000	1,26800E+000	3,51157E-006	13	...........	64,93
	4967	496,8	1,26328E+000	8,48469E-002	0,00000E+000	1,26600E+000	-2,88426E-007	13	...........	64,94
	4968	496,9	1,26129E+000	8,38870E-002	0,00000E+000	1,26400E+000	-3,88844E-006	13	...........	64,94
	4969	497	1,25948E+000	8,26729E-002	0,00000E+000	1,26200E+000	-9,68843E-006	13	...........	64,96
	4970	497,1	1,25736E+000	8,16416E-002	0,00000E+000	1,26000E+000	-4,88431E-007	13	...........	64,95
	4971	497,2	1,25537E+000	8,04897E-002	0,00000E+000	1,25800E+000	5,51157E-006	13	...........	64,95
	4972	497,3	1,25339E+000	7,91286E-002	0,00000E+000	1,25600E+000	3,91157E-006	13	...........	64,94
	4973	497,4	1,25153E+000	7,78307E-002	0,00000E+000	1,25400E+000	-1,60884E-005	13	...........	64,94
	4974	497,5	1,24961E+000	7,66268E-002	0,00000E+000	1,25200E+000	1,71157E-006	13	...........	64,95
	4975	497,6	1,24753E+000	7,53514E-002	0,00000E+000	1,25000E+000	1,03116E-005	13	...........	64,94
	4976	497,7	1,24542E+000	7,44385E-002	0,00000E+000	1,24800E+000	2,11157E-006	13	...........	64,95
	4977	497,8	1,24357E+000	7,35420E-002	0,00000E+000	1,24600E+000	9,11157E-006	13	...........	64,94
	4978	497,9	1,24136E+000	7,25066E-002	0,00000E+000	1,24400E+000	9,11157E-006	13	...........	64,94
	4979	498	1,23934E+000	7,11689E-002	0,00000E+000	1,24200E+000	9,91157E-006	13	...........	64,94
	4980	498,1	1,23734E+000	6,98445E-002	0,00000E+000	1,24000E+000	9,31157E-006	13	...........	64,94
	4981	498,2	1,23546E+000	6,86467E-002	0,00000E+000	1,23800E+000	1,03116E-005	13	...........	64,94
	4982	498,3	1,23343E+000	6,76225E-002	0,00000E+000	1,23600E+000	1,61116E-005	13	...........	64,95
	4983	498,4	1,23138E+000	6,64768E-002	0,00000E+000	1,23400E+000	7,51157E-006	13	...........	64,94
	4984	498,5	1,22944E+000	6,56732E-002	0,00000E+000	1,23200E+000	2,71156E-006	13	...........	64,95
	4985	498,6	1,22754E+000	6,49697E-002	0,00000E+000	1,23000E+000	-2,88426E-007	13	...........	64,94
	4986	498,7	1,22556E+000	6,41150E-002	0,00000E+000	1,22800E+000	7,11157E-006	13	...........	64,95
	4987	498,8	1,22343E+000	6,30091E-002	0,00000E+000	1,22600E+000	1,81116E-005	13	...........	64,95
	4988	498,9	1,22149E+000	6,21371E-002	0,00000E+000	1,22400E+000	5,71157E-006	13	...........	64,94
	4989	499	1,21956E+000	6,09015E-002	0,00000E+000	1,22200E+000	5,11565E-007	13	...........	64,94
	4990	499,1	1,21759E+000	6,00305E-002	0,00000E+000	1,22000E+000	1,63116E-005	13	...........	64,92
	4991	499,2	1,21533E+000	5,91932E-002	0,00000E+000	1,21800E+000	1,39116E-005	13	...........	64,94
	4992	499,3	1,21334E+000	5,84018E-002	0,00000E+000	1,21600E+000	1,03116E-005	13	...........	64,94
	4993	499,4	1,21148E+000	5,75849E-002	0,00000E+000	1,21400E+000	4,51157E-006	13	...........	64,94
	4994	499,5	1,20940E+000	5,70396E-002	0,00000E+000	1,21200E+000	1,93116E-005	13	...........	64,93
	4995	499,6	1,20738E+000	5,60869E-002	0,00000E+000	1,21000E+000	5,71157E-006	13	...........	64,94
	4996	499,7	1,20536E+000	5,52465E-002	0,00000E+000	1,20800E+000	4,51157E-006	13	...........	64,94
	4997	499,8	1,20353E+000	5,42662E-002	0,00000E+000	1,20600E+000	3,11567E-007	13	...........	64,93
	4998	499,9	1,20158E+000	5,32982E-002	0,00000E+000	1,20400E+000	5,51157E-006	13	...........	64,93
	4999	500	1,19944E+000	5,25079E-002	0,00000E+000	1,20200E+000	8,31157E-006	13	...........	64,93
	5000	500,1	1,19755E+000	5,16450E-002	0,00000E+000	1,20000E+000	1,59116E-005	13	...........	64,94
	5001	500,2	1,19559E+000	5,08210E-002	0,00000E+000	1,19800E+000	-2,88426E-007	13	...........	64,93
	5002	500,3	1,19389E+000	5,01399E-002	0,00000E+000	1,19600E+000	5,31157E-006	13	...........	64,93
	5003	500,4	1,19140E+000	4,94710E-002	0,00000E+000	1,19400E+000	5,71157E-006	13	...........	64,93
	5004	500,5	1,18939E+000	4,90483E-002	0,00000E+000	1,19200E+000	3,51157E-006	13	...........	64,92
	5005	500,6	1,18751E+000	4,84264E-002	0,00000E+000	1,19000E+000	-8,88431E-007	13	...........	64,92
	5006	500,7	1,18548E+000	4,80139E-002	0,00000E+000	1,18800E+000	9,71157E-006	13	...........	64,92
	5007	500,8	1,18343E+000	4,69744E-002	0,00000E+000	1,18600E+000	5,31157E-006	13	...........	64,93
	5008	500,9	1,18147E+000	4,59134E-002	0,00000E+000	1,18400E+000	3,11567E-007	13	...........	64,92
	5009	501	1,17957E+000	4,54111E-002	0,00000E+000	1,18200E+000	-3,28843E-006	13	...........	64,94
	5010	501,1	1,17773E+000	4,46033E-002	0,00000E+000	1,18000E+000	-3,68843E-006	13	...........	64,93
	5011	501,2	1,17548E+000	4,41081E-002	0,00000E+000	1,17800E+000	6,31157E-006	13	...........	64,93
	5012	501,3	1,17357E+000	4,33668E-002	0,00000E+000	1,17600E+000	1,11573E-007	13	...........	64,92
	5013	501,4	1,17160E+000	4,28358E-002	0,00000E+000	1,17400E+000	9,11157E-006	13	...........	64,93
	5014	501,5	1,16989E+000	4,21833E-002	0,00000E+000	1,17200E+000	9,91157E-006	13	...........	64,93
	5015	501,6	1,16770E+000	4,16625E-002	0,00000E+000	1,17000E+000	3,91157E-006	13	...........	64,92
	5016	501,7	1,16550E+000	4,11325E-002	0,00000E+000	1,16800E+000	8,71157E-006	13	...........	64,91
	5017	501,8	1,16351E+000	4,07527E-002	0,00000E+000	1,16600E+000	-2,48843E-006	13	...........	64,93
	5018	501,9	1,16144E+000	4,02993E-002	0,00000E+000	1,16400E+000	1,39116E-005	13	...........	64,92
	5019	502	1,15945E+000	3,98112E-002	0,00000E+000	1,16200E+000	8,51157E-006	13	...........	64,92
	5020	502,1	1,15743E+000	3,91863E-002	0,00000E+000	1,16000E+000	1,35116E-005	13	...........	64,93
	5021	502,2	1,15553E+000	3,85716E-002	0,00000E+000	1,15800E+000	8,71157E-006	13	...........	64,93
	5022	502,3	1,15359E+000	3,76270E-002	0,00000E+000	1,15600E+000	1,35116E-005	13	...........	64,92
	5023	502,4	1,15148E+000	3,74432E-002	0,00000E+000	1,15400E+000	8,51157E-006	13	...........	64,93
	5024	502,5	1,14956E+000	3,66355E-002	0,00000E+000	1,15200E+000	1,47116E-005	13	...........	64,92
	5025	502,6	1,14763E+000	3,60861E-002	0,00000E+000	1,15000E+000	9,51157E-006	13	...........	64,93
	5026	502,7	1,14585E+000	3,56705E-002	0,00000E+000	1,14800E+000	1,39116E-005	13	...........	64,92
	5027	502,8	1,14360E+000	3,48782E-002	0,00000E+000	1,14600E+000	1,17116E-005	13	...........	64,92
	5028	502,9	1,14163E+000	3,43237E-002	0,00000E+000	1,14400E+000	1,69116E-005	13	...........	64,92
	5029	503	1,13968E+000	3,41695E-002	0,00000E+000	1,14200E+000	6,51157E-006	13	...........	64,92
	5030	503,1	1,13751E+000	3,36058E-002	0,00000E+000	1,14000E+000	-8,84284E-008	13	...........	64,93
	5031	503,2	1,13548E+000	3,33700E-002	0,00000E+000	1,13800E+000	6,91157E-006	13	...........	64,91
	5032	503,3	1,13352E+000	3,29544E-002	0,00000E+000	1,13600E+000	9,91157E-006	13	...........	64,92
	5033	503,4	1,13159E+000	3,24305E-002	0,00000E+000	1,13400E+000	3,91157E-006	13	...........	64,92
	5034	503,5	1,12969E+000	3,17739E-002	0,00000E+000	1,13200E+000	6,31157E-006	13	...........	64,91
	5035	503,6	1,12760E+000	3,13553E-002	0,00000E+000	1,13000E+000	1,39116E-005	13	...........	64,91
	5036	503,7	1,12559E+000	3,10438E-002	0,00000E+000	1,12800E+000	1,63116E-005	13	...........	64,92
	5037	503,8	1,12363E+000	3,05874E-002	0,00000E+000	1,12600E+000	3,91157E-006	13	...........	64,91
	5038	503,9	1,12172E+000	3,01177E-002	0,00000E+000	1,12400E+000	1,05116E-005	13	...........	64,92
	5039	504	1,11975E+000	2,97909E-002	0,00000E+000	1,12200E+000	1,91116E-005	13	...........	64,91
	5040	504,1	1,11766E+000	2,91190E-002	0,00000E+000	1,12000E+000	9,71157E-006	13	...........	64,92
	5041	504,2	1,11573E+000	2,89648E-002	0,00000E+000	1,11800E+000	4,51157E-006	13	...........	64,92
	5042	504,3	1,11352E+000	2,84502E-002	0,00000E+000	1,11600E+000	-2,28843E-006	13	...........	64,91
	5043	504,4	1,11151E+000	2,81704E-002	0,00000E+000	1,11400E+000	1,15116E-005	13	...........	64,92
	5044	504,5	1,10955E+000	2,76363E-002	0,00000E+000	1,11200E+000	7,11567E-007	13	...........	64,91
	5045	504,6	1,10759E+000	2,72064E-002	0,00000E+000	1,11000E+000	3,31157E-006	13	...........	64,92
	5046	504,7	1,10567E+000	2,68521E-002	0,00000E+000	1,10800E+000	8,71157E-006	13	...........	64,92
	5047	504,8	1,10361E+000	2,67510E-002	0,00000E+000	1,10600E+000	6,91157E-006	13	...........	64,92
	5048	504,9	1,10164E+000	2,59546E-002	0,00000E+000	1,10400E+000	5,11565E-007	13	...........	64,92
	5049	505	1,09963E+000	2,55022E-002	0,00000E+000	1,10200E+000	-8,84284E-008	13	...........	64,92
	5050	505,1	1,09790E+000	2,53807E-002	0,00000E+000	1,10000E+000	7,71157E-006	13	...........	64,92
	5051	505,2	1,09570E+000	2,50866E-002	0,00000E+000	1,09800E+000	1,71157E-006	13	...........	64,91
	5052	505,3	1,09368E+000	2,47782E-002	0,00000E+000	1,09600E+000	5,31157E-006	13	...........	64,91
	5053	505,4	1,09166E+000	2,45811E-002	0,00000E+000	1,09400E+000	1,05116E-005	13	...........	64,92
	5054	505,5	1,08985E+000	2,41696E-002	0,00000E+000	1,09200E+000	6,91157E-006	13	...........	64,91
	5055	505,6	1,08757E+000	2,39113E-002	0,00000E+000	1,09000E+000	3,11567E-007	13	...........	64,91
	5056	505,7	1,08555E+000	2,34620E-002	0,00000E+000	1,08800E+000	1,29116E-005	13	...........	64,92
	5057	505,8	1,08359E+000	2,33834E-002	0,00000E+000	1,08600E+000	4,71157E-006	13	...........	64,92
	5058	505,9	1,08170E+000	2,30883E-002	0,00000E+000	1,08400E+000	8,91157E-006	13	...........	64,91
	5059	506	1,07963E+000	2,25695E-002	0,00000E+000	1,08200E+000	1,21116E-005	13	...........	64,91
	5060	506,1	1,07763E+000	2,22305E-002	0,00000E+000	1,08000E+000	-3,48843E-006	13	...........	64,90
	5061	506,2	1,07565E+000	2,18588E-002	0,00000E+000	1,07800E+000	3,31157E-006	13	...........	64,92
	5062	506,3	1,07384E+000	2,13483E-002	0,00000E+000	1,07600E+000	9,11572E-007	13	...........	64,91
	5063	506,4	1,07172E+000	2,12717E-002	0,00000E+000	1,07400E+000	4,51157E-006	13	...........	64,91
	5064	506,5	1,06969E+000	2,05773E-002	0,00000E+000	1,07200E+000	1,35116E-005	13	...........	64,92
	5065	506,6	1,06770E+000	2,05303E-002	0,00000E+000	1,07000E+000	3,91157E-006	13	...........	64,92
	5066	506,7	1,06591E+000	2,00770E-002	0,00000E+000	1,06800E+000	-8,84284E-008	13	...........	64,91
	5067	506,8	1,06373E+000	1,96593E-002	0,00000E+000	1,06600E+000	-6,88433E-007	13	...........	64,92
	5068	506,9	1,06161E+000	1,91457E-002	0,00000E+000	1,06400E+000	-1,08843E-006	13	...........	64,92
	5069	507	1,05961E+000	1,91100E-002	0,00000E+000	1,06200E+000	1,71157E-006	13	...........	64,91
	5070	507,1	1,05775E+000	1,86035E-002	0,00000E+000	1,06000E+000	7,51157E-006	13	...........	64,91
	5071	507,2	1,05564E+000	1,84095E-002	0,00000E+000	1,05800E+000	8,91157E-006	13	...........	64,92
	5072	507,3	1,05366E+000	1,81736E-002	0,00000E+000	1,05600E+000	-9,48843E-006	13	...........	64,92
	5073	507,4	1,05167E+000	1,79561E-002	0,00000E+000	1,05400E+000	1,71157E-006	13	...........	64,92
	5074	507,5	1,04991E+000	1,73506E-002	0,00000E+000	1,05200E+000	-4,88843E-006	13	...........	64,91
	5075	507,6	1,04775E+000	1,73638E-002	0,00000E+000	1,05000E+000	4,71157E-006	13	...........	64,91
	5076	507,7	1,04574E+000	1,68635E-002	0,00000E+000	1,04800E+000	1,91157E-006	13	...........	64,91
	5077	507,8	1,04376E+000	1,68941E-002	0,00000E+000	1,04600E+000	1,91157E-006	13	...........	64,91
	5078	507,9	1,04195E+000	1,65612E-002	0,00000E+000	1,04400E+000	7,71157E-006	13	...........	64,91
	5079	508	1,04013E+000	1,64162E-002	0,00000E+000	1,04200E+000	-5,48843E-006	13	...........	64,92
	5080	508,1	1,03775E+000	1,60578E-002	0,00000E+000	1,04000E+000	7,11567E-007	13	...........	64,91
	5081	508,2	1,03568E+000	1,60068E-002	0,00000E+000	1,03800E+000	-2,28843E-006	13	...........	64,91
	5082	508,3	1,03377E+000	1,55932E-002	0,00000E+000	1,03600E+000	-6,28843E-006	13	...........	64,91
	5083	508,4	1,03171E+000	1,53849E-002	0,00000E+000	1,03400E+000	-8,84284E-008	13	...........	64,91
	5084	508,5	1,02973E+000	1,53481E-002	0,00000E+000	1,03200E+000	1,91157E-006	13	...........	64,92
	5085	508,6	1,02774E+000	1,50204E-002	0,00000E+000	1,03000E+000	1,11573E-007	13	...........	64,91
	5086	508,7	1,02592E+000	1,48069E-002	0,00000E+000	1,02800E+000	-1,88843E-006	13	...........	64,90
	5087	508,8	1,02391E+000	1,44373E-002	0,00000E+000	1,02600E+000	1,07116E-005	13	...........	64,92
	5088	508,9	1,02178E+000	1,40054E-002	0,00000E+000	1,02400E+000	5,11565E-007	13	...........	64,91
	5089	509	1,01988E+000	1,38542E-002	0,00000E+000	1,02200E+000	-4,88431E-007	13	...........	64,91
	5090	509,1	1,01796E+000	1,34713E-002	0,00000E+000	1,02000E+000	2,51157E-006	13	...........	64,91
	5091	509,2	1,01601E+000	1,34131E-002	0,00000E+000	1,01800E+000	2,51157E-006	13	...........	64,92
	5092	509,3	1,01393E+000	1,30098E-002	0,00000E+000	1,01600E+000	8,11157E-006	13	...........	64,91
	5093	509,4	1,01191E+000	1,28791E-002	0,00000E+000	1,01400E+000	8,91157E-006	13	...........	64,91
	5094	509,5	1,00984E+000	1,24267E-002	0,00000E+000	1,01200E+000	-7,28843E-006	13	...........	64,91
	5095	509,6	1,00776E+000	1,23450E-002	0,00000E+000	1,01000E+000	-3,68843E-006	13	...........	64,91
	5096	509,7	1,00575E+000	1,19733E-002	0,00000E+000	1,00800E+000	-5,48843E-006	13	...........	64,92
	5097	509,8	1,00377E+000	1,17538E-002	0,00000E+000	1,00600E+000	7,31157E-006	13	...........	64,91
	5098	509,9	1,00191E+000	1,15853E-002	0,00000E+000	1,00400E+000	1,71157E-006	13	...........	64,90
	5099	510	1,00000E+000	1,14903E-002	0,00000E+000	1,00200E+000	-1,48843E-006	13	...........	64,91
	5100	510,1	9,97859E-001	1,13811E-002	0,00000E+000	1,00000E+000	1,11116E-005	13	...........	64,91
	5101	510,2	9,95863E-001	1,12065E-002	0,00000E+000	9,98000E-001	4,51157E-006	13	...........	64,91
	5102	510,3	9,93983E-001	1,09113E-002	0,00000E+000	9,96000E-001	6,11157E-006	13	...........	64,90
	5103	510,4	9,92274E-001	1,07480E-002	0,00000E+000	9,94000E-001	8,71157E-006	13	...........	64,91
	5104	510,5	9,89914E-001	1,03405E-002	0,00000E+000	9,92000E-001	-4,48843E-006	13	...........	64,90
	5105	510,6	9,87940E-001	1,01782E-002	0,00000E+000	9,90000E-001	8,11157E-006	13	...........	64,91
	5106	510,7	9,86009E-001	9,82896E-003	0,00000E+000	9,88000E-001	3,71157E-006	13	...........	64,91
	5107	510,8	9,83817E-001	9,72991E-003	0,00000E+000	9,86000E-001	-4,08843E-006	13	...........	64,90
	5108	510,9	9,81819E-001	9,38068E-003	0,00000E+000	9,84000E-001	3,51157E-006	13	...........	64,91
	5109	511	9,79797E-001	9,31125E-003	0,00000E+000	9,82000E-001	9,11572E-007	13	...........	64,90
	5110	511,1	9,77935E-001	9,41847E-003	0,00000E+000	9,80000E-001	-9,48843E-006	13	...........	64,90
	5111	511,2	9,75968E-001	8,98653E-003	0,00000E+000	9,78000E-001	-3,68843E-006	13	...........	64,91
	5112	511,3	9,73918E-001	8,91914E-003	0,00000E+000	9,76000E-001	3,11567E-007	13	...........	64,89
	5113	511,4	9,71843E-001	8,51171E-003	0,00000E+000	9,74000E-001	9,51157E-006	13	...........	64,90
	5114	511,5	9,69952E-001	8,50048E-003	0,00000E+000	9,72000E-001	-8,84284E-008	13	...........	64,91
	5115	511,6	9,67975E-001	8,50864E-003	0,00000E+000	9,70000E-001	1,85116E-005	13	...........	64,90
	5116	511,7	9,66015E-001	8,20435E-003	0,00000E+000	9,68000E-001	1,43116E-005	13	...........	64,90
	5117	511,8	9,63884E-001	8,04914E-003	0,00000E+000	9,66000E-001	-4,08843E-006	13	...........	64,90
	5118	511,9	9,61991E-001	7,95928E-003	0,00000E+000	9,64000E-001	-3,48843E-006	13	...........	64,90
	5119	512	9,59814E-001	7,71013E-003	0,00000E+000	9,62000E-001	1,15116E-005	13	...........	64,90
	5120	512,1	9,57829E-001	7,46199E-003	0,00000E+000	9,60000E-001	1,83116E-005	13	...........	64,90
	5121	512,2	9,55821E-001	7,38745E-003	0,00000E+000	9,58000E-001	9,11572E-007	13	...........	64,90
	5122	512,3	9,53926E-001	7,27002E-003	0,00000E+000	9,56000E-001	5,11565E-007	13	...........	64,90
	5123	512,4	9,51956E-001	6,88914E-003	0,00000E+000	9,54000E-001	-1,28843E-006	13	...........	64,89
	5124	512,5	9,49891E-001	6,80132E-003	0,00000E+000	9,52000E-001	1,35116E-005	13	...........	64,90
	5125	512,6	9,47889E-001	6,70738E-003	0,00000E+000	9,50000E-001	2,11157E-006	13	...........	64,90
	5126	512,7	9,45967E-001	6,71861E-003	0,00000E+000	9,48000E-001	-1,48843E-006	13	...........	64,89
	5127	512,8	9,44167E-001	6,56238E-003	0,00000E+000	9,46000E-001	-3,28843E-006	13	...........	64,89
	5128	512,9	9,41921E-001	6,20601E-003	0,00000E+000	9,44000E-001	8,71157E-006	13	...........	64,90
	5129	513	9,39991E-001	6,20499E-003	0,00000E+000	9,42000E-001	9,11157E-006	13	...........	64,89
	5130	513,1	9,37984E-001	5,94562E-003	0,00000E+000	9,40000E-001	5,71157E-006	13	...........	64,90
	5131	513,2	9,36124E-001	5,58517E-003	0,00000E+000	9,38000E-001	1,67116E-005	13	...........	64,89
	5132	513,3	9,33845E-001	5,46774E-003	0,00000E+000	9,36000E-001	2,11157E-006	13	...........	64,91
	5133	513,4	9,31870E-001	5,42689E-003	0,00000E+000	9,34000E-001	1,31157E-006	13	...........	64,89
	5134	513,5	9,29940E-001	5,46365E-003	0,00000E+000	9,32000E-001	2,71156E-006	13	...........	64,89
	5135	513,6	9,27938E-001	5,01844E-003	0,00000E+000	9,30000E-001	3,51157E-006	13	...........	64,89
	5136	513,7	9,25893E-001	4,66105E-003	0,00000E+000	9,28000E-001	9,71157E-006	13	...........	64,89
	5137	513,8	9,23959E-001	4,71108E-003	0,00000E+000	9,26000E-001	3,11567E-007	13	...........	64,89
	5138	513,9	9,21997E-001	4,51809E-003	0,00000E+000	9,24000E-001	-1,28843E-006	13	...........	64,89
	5139	514	9,20139E-001	4,33735E-003	0,00000E+000	9,22000E-001	1,09116E-005	13	...........	64,90
	5140	514,1	9,17928E-001	4,26485E-003	0,00000E+000	9,20000E-001	6,91157E-006	13	...........	64,90
	5141	514,2	9,16001E-001	3,86355E-003	0,00000E+000	9,18000E-001	7,91157E-006	13	...........	64,89
	5142	514,3	9,14020E-001	3,74816E-003	0,00000E+000	9,16000E-001	3,31157E-006	13	...........	64,89
	5143	514,4	9,12268E-001	3,44693E-003	0,00000E+000	9,14000E-001	7,91157E-006	13	...........	64,89
	5144	514,5	9,09930E-001	3,48573E-003	0,00000E+000	9,12000E-001	5,71157E-006	13	...........	64,88
	5145	514,6	9,07872E-001	3,12528E-003	0,00000E+000	9,10000E-001	9,11157E-006	13	...........	64,88
	5146	514,7	9,05949E-001	3,01193E-003	0,00000E+000	9,08000E-001	2,71156E-006	13	...........	64,89
	5147	514,8	9,03960E-001	2,62697E-003	0,00000E+000	9,06000E-001	3,51157E-006	13	...........	64,89
	5148	514,9	9,01888E-001	2,80362E-003	0,00000E+000	9,04000E-001	1,19116E-005	13	...........	64,90
	5149	515	8,99945E-001	2,37679E-003	0,00000E+000	9,02000E-001	4,31157E-006	13	...........	64,89
	5150	515,1	8,98004E-001	2,33595E-003	0,00000E+000	9,00000E-001	1,11157E-006	13	...........	64,90
	5151	515,2	8,96177E-001	2,28796E-003	0,00000E+000	8,98000E-001	1,03116E-005	13	...........	64,88
	5152	515,3	8,93950E-001	2,24915E-003	0,00000E+000	8,96000E-001	8,71157E-006	13	...........	64,90
	5153	515,4	8,92040E-001	1,83866E-003	0,00000E+000	8,94000E-001	8,71157E-006	13	...........	64,89
	5154	515,5	8,90099E-001	1,86827E-003	0,00000E+000	8,92000E-001	1,27116E-005	13	...........	64,90
	5155	515,6	8,88277E-001	1,69468E-003	0,00000E+000	8,90000E-001	1,13116E-005	13	...........	64,88
	5156	515,7	8,86120E-001	1,51088E-003	0,00000E+000	8,88000E-001	4,51157E-006	13	...........	64,89
	5157	515,8	8,84074E-001	1,29542E-003	0,00000E+000	8,86000E-001	7,71157E-006	13	...........	64,89
	5158	515,9	8,81990E-001	1,34239E-003	0,00000E+000	8,84000E-001	-5,28843E-006	13	...........	64,88
	5159	516	8,79994E-001	1,06873E-003	0,00000E+000	8,82000E-001	2,71156E-006	13	...........	64,88
	5160	516,1	8,77966E-001	1,17697E-003	0,00000E+000	8,80000E-001	-1,08843E-006	13	...........	64,89
	5161	516,2	8,76007E-001	7,73629E-004	0,00000E+000	8,78000E-001	2,31157E-006	13	...........	64,87
	5162	516,3	8,74037E-001	9,46199E-004	0,00000E+000	8,76000E-001	1,33116E-005	13	...........	64,88
	5163	516,4	8,72220E-001	5,96974E-004	0,00000E+000	8,74000E-001	8,11157E-006	13	...........	64,89
	5164	516,5	8,70022E-001	6,85812E-004	0,00000E+000	8,72000E-001	1,09116E-005	13	...........	64,88
	5165	516,6	8,68047E-001	4,14193E-004	0,00000E+000	8,70000E-001	1,31116E-005	13	...........	64,88
	5166	516,7	8,66114E-001	5,71446E-004	0,00000E+000	8,68000E-001	6,11157E-006	13	...........	64,88
	5167	516,8	8,64320E-001	2,07926E-004	0,00000E+000	8,66000E-001	1,51116E-005	13	...........	64,88
	5168	516,9	8,62068E-001	2,40602E-004	0,00000E+000	8,64000E-001	1,03116E-005	13	...........	64,88
	5169	517	8,60110E-001	2,82082E-005	0,00000E+000	8,62000E-001	-8,84284E-008	13	...........	64,89
	5170	517,1	8,58111E-001	-3,51015E-005	0,00000E+000	8,60000E-001	6,71157E-006	13	...........	64,88
	5171	517,2	8,56036E-001	-1,79080E-004	0,00000E+000	8,58000E-001	1,71157E-006	13	...........	64,88
	5172	517,3	8,54021E-001	-1,94397E-004	0,00000E+000	8,56000E-001	8,71157E-006	13	...........	64,88
	5173	517,4	8,52010E-001	-4,24150E-004	0,00000E+000	8,54000E-001	4,71157E-006	13	...........	64,89
	5174	517,5	8,50043E-001	-3,81263E-004	0,00000E+000	8,52000E-001	1,31157E-006	13	...........	64,88
	5175	517,6	8,48194E-001	-5,58938E-004	0,00000E+000	8,50000E-001	1,11157E-006	13	...........	64,88
	5176	517,7	8,46095E-001	-6,53903E-004	0,00000E+000	8,48000E-001	1,09116E-005	13	...........	64,89
	5177	517,8	8,44096E-001	-7,36614E-004	0,00000E+000	8,46000E-001	1,49116E-005	13	...........	64,89
	5178	517,9	8,42103E-001	-8,31578E-004	0,00000E+000	8,44000E-001	3,31157E-006	13	...........	64,88
	5179	518	8,40315E-001	-1,13587E-003	0,00000E+000	8,42000E-001	1,31116E-005	13	...........	64,90
	5180	518,1	8,38396E-001	-1,18284E-003	0,00000E+000	8,40000E-001	9,51157E-006	13	...........	64,88
	5181	518,2	8,36171E-001	-1,42281E-003	0,00000E+000	8,38000E-001	7,11157E-006	13	...........	64,89
	5182	518,3	8,34237E-001	-1,35746E-003	0,00000E+000	8,36000E-001	3,91157E-006	13	...........	64,89
	5183	518,4	8,32158E-001	-1,74446E-003	0,00000E+000	8,34000E-001	1,01116E-005	13	...........	64,89
	5184	518,5	8,30067E-001	-1,64235E-003	0,00000E+000	8,32000E-001	1,35116E-005	13	...........	64,88
	5185	518,6	8,28099E-001	-2,01200E-003	0,00000E+000	8,30000E-001	4,31157E-006	13	...........	64,88
	5186	518,7	8,26112E-001	-2,12228E-003	0,00000E+000	8,28000E-001	1,11157E-006	13	...........	64,88
	5187	518,8	8,24259E-001	-2,36531E-003	0,00000E+000	8,26000E-001	-4,08843E-006	13	...........	64,88
	5188	518,9	8,22213E-001	-2,28770E-003	0,00000E+000	8,24000E-001	1,35116E-005	13	...........	64,89
	5189	519	8,20185E-001	-2,46640E-003	0,00000E+000	8,22000E-001	4,91157E-006	13	...........	64,87
	5190	519,1	8,18253E-001	-2,30914E-003	0,00000E+000	8,20000E-001	8,91157E-006	13	...........	64,89
	5191	519,2	8,16342E-001	-2,69309E-003	0,00000E+000	8,18000E-001	6,31157E-006	13	...........	64,89
	5192	519,3	8,14343E-001	-2,69207E-003	0,00000E+000	8,16000E-001	1,07116E-005	13	...........	64,88
	5193	519,4	8,12306E-001	-3,07295E-003	0,00000E+000	8,14000E-001	2,25116E-005	13	...........	64,89
	5194	519,5	8,10311E-001	-2,96879E-003	0,00000E+000	8,12000E-001	-8,88431E-007	13	...........	64,88
	5195	519,6	8,08380E-001	-3,28738E-003	0,00000E+000	8,10000E-001	1,05116E-005	13	...........	64,87
	5196	519,7	8,06161E-001	-3,35375E-003	0,00000E+000	8,08000E-001	9,71157E-006	13	...........	64,88
	5197	519,8	8,04160E-001	-3,64069E-003	0,00000E+000	8,06000E-001	8,11157E-006	13	...........	64,89
	5198	519,9	8,02189E-001	-3,62537E-003	0,00000E+000	8,04000E-001	5,71157E-006	13	...........	64,88
	5199	520	8,00304E-001	-3,88882E-003	0,00000E+000	8,02000E-001	5,51157E-006	13	...........	64,88
	5200	520,1	7,98300E-001	-3,95826E-003	0,00000E+000	8,00000E-001	7,71157E-006	13	...........	64,90
	5201	520,2	7,96233E-001	-4,15227E-003	0,00000E+000	7,98000E-001	3,11157E-006	13	...........	64,88
	5202	520,3	7,94293E-001	-4,09815E-003	0,00000E+000	7,96000E-001	4,71157E-006	13	...........	64,89
	5203	520,4	7,92358E-001	-4,08999E-003	0,00000E+000	7,94000E-001	6,31157E-006	13	...........	64,90
	5204	520,5	7,90582E-001	-4,30034E-003	0,00000E+000	7,92000E-001	7,91157E-006	13	...........	64,89
	5205	520,6	7,88350E-001	-4,75984E-003	0,00000E+000	7,90000E-001	1,43116E-005	13	...........	64,89
	5206	520,7	7,86371E-001	-4,60770E-003	0,00000E+000	7,88000E-001	8,31157E-006	13	...........	64,88
	5207	520,8	7,84397E-001	-4,71696E-003	0,00000E+000	7,86000E-001	-8,88431E-007	13	...........	64,89
	5208	520,9	7,82523E-001	-5,00798E-003	0,00000E+000	7,84000E-001	1,71116E-005	13	...........	64,89
	5209	521	7,80220E-001	-5,34699E-003	0,00000E+000	7,82000E-001	1,51116E-005	13	...........	64,89
	5210	521,1	7,78220E-001	-5,06720E-003	0,00000E+000	7,80000E-001	6,11157E-006	13	...........	64,89
	5211	521,2	7,76327E-001	-5,19382E-003	0,00000E+000	7,78000E-001	-6,88433E-007	13	...........	64,88
	5212	521,3	7,74317E-001	-5,41336E-003	0,00000E+000	7,76000E-001	5,11157E-006	13	...........	64,88
	5213	521,4	7,72286E-001	-5,55530E-003	0,00000E+000	7,74000E-001	1,91157E-006	13	...........	64,88
	5214	521,5	7,70299E-001	-5,81160E-003	0,00000E+000	7,72000E-001	7,11567E-007	13	...........	64,88
	5215	521,6	7,68384E-001	-5,89840E-003	0,00000E+000	7,70000E-001	7,71157E-006	13	...........	64,89
	5216	521,7	7,66539E-001	-5,88410E-003	0,00000E+000	7,68000E-001	1,97116E-005	13	...........	64,89
	5217	521,8	7,64366E-001	-6,26396E-003	0,00000E+000	7,66000E-001	1,35116E-005	13	...........	64,89
	5218	521,9	7,62391E-001	-6,10568E-003	0,00000E+000	7,64000E-001	1,27116E-005	13	...........	64,89
	5219	522	7,60406E-001	-6,52128E-003	0,00000E+000	7,62000E-001	-6,28843E-006	13	...........	64,89
	5220	522,1	7,58698E-001	-6,44572E-003	0,00000E+000	7,60000E-001	1,77116E-005	13	...........	64,89
	5221	522,2	7,56378E-001	-6,81026E-003	0,00000E+000	7,58000E-001	1,31116E-005	13	...........	64,89
	5222	522,3	7,54215E-001	-6,73776E-003	0,00000E+000	7,56000E-001	2,11116E-005	13	...........	64,89
	5223	522,4	7,52329E-001	-6,96956E-003	0,00000E+000	7,54000E-001	-7,28843E-006	13	...........	64,89
	5224	522,5	7,50329E-001	-6,96547E-003	0,00000E+000	7,52000E-001	1,71157E-006	13	...........	64,89
	5225	522,6	7,48299E-001	-7,34737E-003	0,00000E+000	7,50000E-001	1,41116E-005	13	...........	64,89
	5226	522,7	7,46258E-001	-7,30857E-003	0,00000E+000	7,48000E-001	2,31157E-006	13	...........	64,89
	5227	522,8	7,44360E-001	-7,44438E-003	0,00000E+000	7,46000E-001	-1,10884E-005	13	...........	64,88
	5228	522,9	7,42588E-001	-7,40353E-003	0,00000E+000	7,44000E-001	1,31116E-005	13	...........	64,89
	5229	523	7,40342E-001	-7,76501E-003	0,00000E+000	7,42000E-001	8,11157E-006	13	...........	64,89
	5230	523,1	7,38370E-001	-7,65167E-003	0,00000E+000	7,40000E-001	9,51157E-006	13	...........	64,88
	5231	523,2	7,36440E-001	-8,12138E-003	0,00000E+000	7,38000E-001	1,01116E-005	13	...........	64,89
	5232	523,3	7,34641E-001	-7,90490E-003	0,00000E+000	7,36000E-001	1,25116E-005	13	...........	64,89
	5233	523,4	7,32515E-001	-8,23881E-003	0,00000E+000	7,34000E-001	6,91157E-006	13	...........	64,89
	5234	523,5	7,30392E-001	-8,29497E-003	0,00000E+000	7,32000E-001	8,51157E-006	13	...........	64,89
	5235	523,6	7,28352E-001	-8,47367E-003	0,00000E+000	7,30000E-001	1,05116E-005	13	...........	64,88
	5236	523,7	7,26322E-001	-8,53596E-003	0,00000E+000	7,28000E-001	3,11567E-007	13	...........	64,88
	5237	523,8	7,24353E-001	-8,61357E-003	0,00000E+000	7,26000E-001	1,71157E-006	13	...........	64,90
	5238	523,9	7,22329E-001	-8,70342E-003	0,00000E+000	7,24000E-001	9,51157E-006	13	...........	64,90
	5239	524	7,20383E-001	-9,02916E-003	0,00000E+000	7,22000E-001	-1,68843E-006	13	...........	64,89
	5240	524,1	7,18591E-001	-8,88518E-003	0,00000E+000	7,20000E-001	-7,48843E-006	13	...........	64,90
	5241	524,2	7,16384E-001	-9,12617E-003	0,00000E+000	7,18000E-001	7,71157E-006	13	...........	64,90
	5242	524,3	7,14354E-001	-9,20173E-003	0,00000E+000	7,16000E-001	5,71157E-006	13	...........	64,89
	5243	524,4	7,12439E-001	-9,81441E-003	0,00000E+000	7,14000E-001	5,31157E-006	13	...........	64,90
	5244	524,5	7,10697E-001	-9,61427E-003	0,00000E+000	7,12000E-001	9,51157E-006	13	...........	64,88
	5245	524,6	7,08459E-001	-9,83177E-003	0,00000E+000	7,10000E-001	1,37116E-005	13	...........	64,90
	5246	524,7	7,06418E-001	-9,74701E-003	0,00000E+000	7,08000E-001	-2,88426E-007	13	...........	64,89
	5247	524,8	7,04443E-001	-9,94920E-003	0,00000E+000	7,06000E-001	-5,88843E-006	13	...........	64,88
	5248	524,9	7,02321E-001	-9,98596E-003	0,00000E+000	7,04000E-001	7,11567E-007	13	...........	64,88
	5249	525	7,00336E-001	-1,04138E-002	0,00000E+000	7,02000E-001	-4,08843E-006	13	...........	64,89
	5250	525,1	6,98342E-001	-1,03903E-002	0,00000E+000	7,00000E-001	9,11157E-006	13	...........	64,90
	5251	525,2	6,96381E-001	-1,06824E-002	0,00000E+000	6,98000E-001	-4,88431E-007	13	...........	64,89
	5252	525,3	6,94548E-001	-1,08682E-002	0,00000E+000	6,96000E-001	4,51157E-006	13	...........	64,88
	5253	525,4	6,92421E-001	-1,09969E-002	0,00000E+000	6,94000E-001	9,11157E-006	13	...........	64,90
	5254	525,5	6,90398E-001	-1,13829E-002	0,00000E+000	6,92000E-001	6,91157E-006	13	...........	64,90
	5255	525,6	6,88420E-001	-1,16126E-002	0,00000E+000	6,90000E-001	-6,08843E-006	13	...........	64,89
	5256	525,7	6,86682E-001	-1,17801E-002	0,00000E+000	6,88000E-001	-4,28843E-006	13	...........	64,89
	5257	525,8	6,84606E-001	-1,19731E-002	0,00000E+000	6,86000E-001	1,37116E-005	13	...........	64,90
	5258	525,9	6,82468E-001	-1,21773E-002	0,00000E+000	6,84000E-001	-1,28843E-006	13	...........	64,89
	5259	526	6,80529E-001	-1,23897E-002	0,00000E+000	6,82000E-001	8,31157E-006	13	...........	64,89
	5260	526,1	6,78425E-001	-1,25653E-002	0,00000E+000	6,80000E-001	2,91157E-006	13	...........	64,88
	5261	526,2	6,76369E-001	-1,28114E-002	0,00000E+000	6,78000E-001	4,51157E-006	13	...........	64,89
	5262	526,3	6,74409E-001	-1,31964E-002	0,00000E+000	6,76000E-001	7,11567E-007	13	...........	64,89
	5263	526,4	6,72425E-001	-1,30442E-002	0,00000E+000	6,74000E-001	4,91157E-006	13	...........	64,89
	5264	526,5	6,70603E-001	-1,30840E-002	0,00000E+000	6,72000E-001	-1,28843E-006	13	...........	64,89
	5265	526,6	6,68475E-001	-1,35527E-002	0,00000E+000	6,70000E-001	4,71157E-006	13	...........	64,90
	5266	526,7	6,66501E-001	-1,36538E-002	0,00000E+000	6,68000E-001	1,43116E-005	13	...........	64,90
	5267	526,8	6,64498E-001	-1,41715E-002	0,00000E+000	6,66000E-001	-4,88431E-007	13	...........	64,88
	5268	526,9	6,62707E-001	-1,38785E-002	0,00000E+000	6,64000E-001	-4,68843E-006	13	...........	64,89
	5269	527	6,60587E-001	-1,41011E-002	0,00000E+000	6,62000E-001	6,51157E-006	13	...........	64,89
	5270	527,1	6,58545E-001	-1,42961E-002	0,00000E+000	6,60000E-001	1,27116E-005	13	...........	64,89
	5271	527,2	6,56521E-001	-1,46903E-002	0,00000E+000	6,58000E-001	3,11567E-007	13	...........	64,90
	5272	527,3	6,54678E-001	-1,44176E-002	0,00000E+000	6,56000E-001	-4,48843E-006	13	...........	64,89
	5273	527,4	6,52423E-001	-1,47914E-002	0,00000E+000	6,54000E-001	4,31157E-006	13	...........	64,89
	5274	527,5	6,50434E-001	-1,47066E-002	0,00000E+000	6,52000E-001	-2,48843E-006	13	...........	64,88
	5275	527,6	6,48460E-001	-1,49925E-002	0,00000E+000	6,50000E-001	-4,88431E-007	13	...........	64,89
	5276	527,7	6,46576E-001	-1,53254E-002	0,00000E+000	6,48000E-001	-2,28843E-006	13	...........	64,89
	5277	527,8	6,44490E-001	-1,55378E-002	0,00000E+000	6,46000E-001	8,31157E-006	13	...........	64,89
	5278	527,9	6,42504E-001	-1,56951E-002	0,00000E+000	6,44000E-001	-8,68843E-006	13	...........	64,89
	5279	528	6,40508E-001	-1,57870E-002	0,00000E+000	6,42000E-001	-2,48843E-006	13	...........	64,89
	5280	528,1	6,38720E-001	-1,59187E-002	0,00000E+000	6,40000E-001	-8,48843E-006	13	...........	64,89
	5281	528,2	6,36641E-001	-1,61117E-002	0,00000E+000	6,38000E-001	7,11567E-007	13	...........	64,87
	5282	528,3	6,34564E-001	-1,63864E-002	0,00000E+000	6,36000E-001	-4,08843E-006	13	...........	64,89
	5283	528,4	6,32610E-001	-1,65354E-002	0,00000E+000	6,34000E-001	5,91157E-006	13	...........	64,88
	5284	528,5	6,30751E-001	-1,69296E-002	0,00000E+000	6,32000E-001	-5,08843E-006	13	...........	64,89
	5285	528,6	6,28694E-001	-1,68295E-002	0,00000E+000	6,30000E-001	-5,28843E-006	13	...........	64,89
	5286	528,7	6,26504E-001	-1,69276E-002	0,00000E+000	6,28000E-001	5,11157E-006	13	...........	64,89
	5287	528,8	6,24514E-001	-1,71992E-002	0,00000E+000	6,26000E-001	3,91157E-006	13	...........	64,88
	5288	528,9	6,22649E-001	-1,72533E-002	0,00000E+000	6,24000E-001	-3,08843E-006	13	...........	64,88
	5289	529	6,20575E-001	-1,73850E-002	0,00000E+000	6,22000E-001	1,17116E-005	13	...........	64,88
	5290	529,1	6,18556E-001	-1,79354E-002	0,00000E+000	6,20000E-001	-1,28843E-006	13	...........	64,88
	5291	529,2	6,16586E-001	-1,77108E-002	0,00000E+000	6,18000E-001	-6,88433E-007	13	...........	64,88
	5292	529,3	6,14744E-001	-1,80416E-002	0,00000E+000	6,16000E-001	-8,68843E-006	13	...........	64,87
	5293	529,4	6,12774E-001	-1,83255E-002	0,00000E+000	6,14000E-001	2,51157E-006	13	...........	64,89
	5294	529,5	6,10662E-001	-1,87390E-002	0,00000E+000	6,12000E-001	1,33116E-005	13	...........	64,88
	5295	529,6	6,08724E-001	-1,88268E-002	0,00000E+000	6,10000E-001	1,05116E-005	13	...........	64,89
	5296	529,7	6,06773E-001	-1,94477E-002	0,00000E+000	6,08000E-001	-2,48843E-006	13	...........	64,88
	5297	529,8	6,05036E-001	-1,93936E-002	0,00000E+000	6,06000E-001	7,71157E-006	13	...........	64,89
	5298	529,9	6,02644E-001	-1,96417E-002	0,00000E+000	6,04000E-001	1,13116E-005	13	...........	64,88
	5299	530	6,00555E-001	-1,96826E-002	0,00000E+000	6,02000E-001	-3,08843E-006	13	...........	64,88
	5300	530,1	5,98659E-001	-2,00675E-002	0,00000E+000	6,00000E-001	-1,08843E-006	13	...........	64,89
	5301	530,2	5,96604E-001	-2,01727E-002	0,00000E+000	5,98000E-001	4,51157E-006	13	...........	64,88
	5302	530,3	5,94591E-001	-2,07660E-002	0,00000E+000	5,96000E-001	6,71157E-006	13	...........	64,87
	5303	530,4	5,92625E-001	-2,05403E-002	0,00000E+000	5,94000E-001	1,07116E-005	13	...........	64,88
	5304	530,5	5,90732E-001	-2,08824E-002	0,00000E+000	5,92000E-001	-7,68843E-006	13	...........	64,88
	5305	530,6	5,88865E-001	-2,11571E-002	0,00000E+000	5,90000E-001	1,71157E-006	13	...........	64,88
	5306	530,7	5,86670E-001	-2,14807E-002	0,00000E+000	5,88000E-001	1,13116E-005	13	...........	64,88
	5307	530,8	5,84721E-001	-2,17850E-002	0,00000E+000	5,86000E-001	-1,08843E-006	13	...........	64,87
	5308	530,9	5,82787E-001	-2,21700E-002	0,00000E+000	5,84000E-001	5,71157E-006	13	...........	64,88
	5309	531	5,81084E-001	-2,20720E-002	0,00000E+000	5,82000E-001	1,31157E-006	13	...........	64,88
	5310	531,1	5,78882E-001	-2,23977E-002	0,00000E+000	5,80000E-001	7,51157E-006	13	...........	64,89
	5311	531,2	5,76710E-001	-2,24161E-002	0,00000E+000	5,78000E-001	2,51157E-006	13	...........	64,87
	5312	531,3	5,74709E-001	-2,28491E-002	0,00000E+000	5,76000E-001	-6,88843E-006	13	...........	64,87
	5313	531,4	5,72621E-001	-2,30032E-002	0,00000E+000	5,74000E-001	-2,88426E-007	13	...........	64,89
	5314	531,5	5,70640E-001	-2,33239E-002	0,00000E+000	5,72000E-001	4,91157E-006	13	...........	64,88
	5315	531,6	5,68618E-001	-2,33351E-002	0,00000E+000	5,70000E-001	-2,28843E-006	13	...........	64,88
	5316	531,7	5,66739E-001	-2,39978E-002	0,00000E+000	5,68000E-001	-6,88433E-007	13	...........	64,88
	5317	531,8	5,64867E-001	-2,38926E-002	0,00000E+000	5,66000E-001	3,11157E-006	13	...........	64,88
	5318	531,9	5,62688E-001	-2,43399E-002	0,00000E+000	5,64000E-001	1,13116E-005	13	...........	64,88
	5319	532	5,60661E-001	-2,43879E-002	0,00000E+000	5,62000E-001	8,51157E-006	13	...........	64,88
	5320	532,1	5,58784E-001	-2,47004E-002	0,00000E+000	5,60000E-001	6,51157E-006	13	...........	64,88
	5321	532,2	5,57083E-001	-2,46850E-002	0,00000E+000	5,58000E-001	-2,88426E-007	13	...........	64,88
	5322	532,3	5,54794E-001	-2,51629E-002	0,00000E+000	5,56000E-001	9,11157E-006	13	...........	64,88
	5323	532,4	5,52711E-001	-2,51425E-002	0,00000E+000	5,54000E-001	-2,88426E-007	13	...........	64,87
	5324	532,5	5,50768E-001	-2,57000E-002	0,00000E+000	5,52000E-001	6,51157E-006	13	...........	64,87
	5325	532,6	5,48632E-001	-2,58318E-002	0,00000E+000	5,50000E-001	6,11157E-006	13	...........	64,87
	5326	532,7	5,46626E-001	-2,63311E-002	0,00000E+000	5,48000E-001	5,11565E-007	13	...........	64,88
	5327	532,8	5,44616E-001	-2,62964E-002	0,00000E+000	5,46000E-001	-8,88431E-007	13	...........	64,87
	5328	532,9	5,42717E-001	-2,68335E-002	0,00000E+000	5,44000E-001	-4,08843E-006	13	...........	64,87
	5329	533	5,40752E-001	-2,70837E-002	0,00000E+000	5,42000E-001	1,13116E-005	13	...........	64,87
	5330	533,1	5,38667E-001	-2,74758E-002	0,00000E+000	5,40000E-001	1,19116E-005	13	...........	64,88
	5331	533,2	5,36703E-001	-2,75146E-002	0,00000E+000	5,38000E-001	1,19116E-005	13	...........	64,88
	5332	533,3	5,34779E-001	-2,80721E-002	0,00000E+000	5,36000E-001	-3,88844E-006	13	...........	64,89
	5333	533,4	5,32995E-001	-2,81885E-002	0,00000E+000	5,34000E-001	4,91157E-006	13	...........	64,89
	5334	533,5	5,30778E-001	-2,90340E-002	0,00000E+000	5,32000E-001	1,37116E-005	13	...........	64,88
	5335	533,6	5,28811E-001	-2,90330E-002	0,00000E+000	5,30000E-001	1,03116E-005	13	...........	64,88
	5336	533,7	5,26869E-001	-2,94710E-002	0,00000E+000	5,28000E-001	2,31157E-006	13	...........	64,87
	5337	533,8	5,24698E-001	-2,96559E-002	0,00000E+000	5,26000E-001	8,11157E-006	13	...........	64,87
	5338	533,9	5,22685E-001	-3,00551E-002	0,00000E+000	5,24000E-001	8,31157E-006	13	...........	64,88
	5339	534	5,20725E-001	-3,01562E-002	0,00000E+000	5,22000E-001	6,11157E-006	13	...........	64,87
	5340	534,1	5,18777E-001	-3,06954E-002	0,00000E+000	5,20000E-001	7,91157E-006	13	...........	64,88
	5341	534,2	5,16829E-001	-3,07699E-002	0,00000E+000	5,18000E-001	6,51157E-006	13	...........	64,88
	5342	534,3	5,14746E-001	-3,13469E-002	0,00000E+000	5,16000E-001	6,71157E-006	13	...........	64,88
	5343	534,4	5,12814E-001	-3,14776E-002	0,00000E+000	5,14000E-001	9,31157E-006	13	...........	64,88
	5344	534,5	5,10813E-001	-3,18595E-002	0,00000E+000	5,12000E-001	6,11157E-006	13	...........	64,87
	5345	534,6	5,09042E-001	-3,17318E-002	0,00000E+000	5,10000E-001	-2,88426E-007	13	...........	64,87
	5346	534,7	5,06792E-001	-3,24078E-002	0,00000E+000	5,08000E-001	1,59116E-005	13	...........	64,87
	5347	534,8	5,04861E-001	-3,24721E-002	0,00000E+000	5,06000E-001	1,51116E-005	13	...........	64,87
	5348	534,9	5,02866E-001	-3,30276E-002	0,00000E+000	5,04000E-001	1,07116E-005	13	...........	64,88
	5349	535	5,01026E-001	-3,30164E-002	0,00000E+000	5,02000E-001	1,23116E-005	13	...........	64,86
	5350	535,1	4,98701E-001	-3,35739E-002	0,00000E+000	5,00000E-001	1,01116E-005	13	...........	64,87
	5351	535,2	4,96700E-001	-3,37189E-002	0,00000E+000	4,98000E-001	-4,48843E-006	13	...........	64,87
	5352	535,3	4,94783E-001	-3,43449E-002	0,00000E+000	4,96000E-001	3,31157E-006	13	...........	64,88
	5353	535,4	4,92812E-001	-3,45460E-002	0,00000E+000	4,94000E-001	8,91157E-006	13	...........	64,86
	5354	535,5	4,90780E-001	-3,52639E-002	0,00000E+000	4,92000E-001	8,31157E-006	13	...........	64,87
	5355	535,6	4,88802E-001	-3,53231E-002	0,00000E+000	4,90000E-001	3,11157E-006	13	...........	64,87
	5356	535,7	4,86843E-001	-3,58684E-002	0,00000E+000	4,88000E-001	6,71157E-006	13	...........	64,87
	5357	535,8	4,85033E-001	-3,60593E-002	0,00000E+000	4,86000E-001	9,11572E-007	13	...........	64,87
	5358	535,9	4,82935E-001	-3,66322E-002	0,00000E+000	4,84000E-001	1,25116E-005	13	...........	64,88
	5359	536	4,80902E-001	-3,69038E-002	0,00000E+000	4,82000E-001	1,81116E-005	13	...........	64,89
	5360	536,1	4,78899E-001	-3,75778E-002	0,00000E+000	4,80000E-001	1,49116E-005	13	...........	64,87
	5361	536,2	4,77125E-001	-3,77850E-002	0,00000E+000	4,78000E-001	1,71157E-006	13	...........	64,87
	5362	536,3	4,74966E-001	-3,82507E-002	0,00000E+000	4,76000E-001	4,51157E-006	13	...........	64,87
	5363	536,4	4,72766E-001	-3,84814E-002	0,00000E+000	4,74000E-001	-2,08843E-006	13	...........	64,86
	5364	536,5	4,70799E-001	-3,90206E-002	0,00000E+000	4,72000E-001	7,91157E-006	13	...........	64,88
	5365	536,6	4,68883E-001	-3,91932E-002	0,00000E+000	4,70000E-001	4,31157E-006	13	...........	64,87
	5366	536,7	4,66838E-001	-3,97180E-002	0,00000E+000	4,68000E-001	-7,48843E-006	13	...........	64,87
	5367	536,8	4,64813E-001	-4,00989E-002	0,00000E+000	4,66000E-001	3,31157E-006	13	...........	64,87
	5368	536,9	4,62816E-001	-4,05043E-002	0,00000E+000	4,64000E-001	-3,48843E-006	13	...........	64,87
	5369	537	4,61032E-001	-4,08576E-002	0,00000E+000	4,62000E-001	2,11157E-006	13	...........	64,87
	5370	537,1	4,58870E-001	-4,13590E-002	0,00000E+000	4,60000E-001	2,51157E-006	13	...........	64,87
	5371	537,2	4,56864E-001	-4,15622E-002	0,00000E+000	4,58000E-001	1,71157E-006	13	...........	64,87
	5372	537,3	4,54903E-001	-4,20605E-002	0,00000E+000	4,56000E-001	1,01116E-005	13	...........	64,86
	5373	537,4	4,53084E-001	-4,24066E-002	0,00000E+000	4,54000E-001	5,11157E-006	13	...........	64,88
	5374	537,5	4,51072E-001	-4,28631E-002	0,00000E+000	4,52000E-001	9,71157E-006	13	...........	64,86
	5375	537,6	4,48858E-001	-4,33604E-002	0,00000E+000	4,50000E-001	-8,28843E-006	13	...........	64,87
	5376	537,7	4,46792E-001	-4,43927E-002	0,00000E+000	4,48000E-001	-6,48843E-006	13	...........	64,87
	5377	537,8	4,44860E-001	-4,44999E-002	0,00000E+000	4,46000E-001	-5,88843E-006	13	...........	64,88
	5378	537,9	4,42849E-001	-4,51085E-002	0,00000E+000	4,44000E-001	4,91157E-006	13	...........	64,87
	5379	538	4,40835E-001	-4,55313E-002	0,00000E+000	4,42000E-001	4,11157E-006	13	...........	64,87
	5380	538,1	4,38853E-001	-4,59704E-002	0,00000E+000	4,40000E-001	-2,68843E-006	13	...........	64,87
	5381	538,2	4,37043E-001	-4,66923E-002	0,00000E+000	4,38000E-001	-1,30884E-005	13	...........	64,87
	5382	538,3	4,34954E-001	-4,70201E-002	0,00000E+000	4,36000E-001	7,91157E-006	13	...........	64,88
	5383	538,4	4,32904E-001	-4,74878E-002	0,00000E+000	4,34000E-001	-6,08843E-006	13	...........	64,88
	5384	538,5	4,30932E-001	-4,81015E-002	0,00000E+000	4,32000E-001	1,91157E-006	13	...........	64,87
	5385	538,6	4,29138E-001	-4,84701E-002	0,00000E+000	4,30000E-001	-8,48843E-006	13	...........	64,88
	5386	538,7	4,27106E-001	-4,88387E-002	0,00000E+000	4,28000E-001	1,31116E-005	13	...........	64,87
	5387	538,8	4,24998E-001	-4,92890E-002	0,00000E+000	4,26000E-001	-4,68843E-006	13	...........	64,87
	5388	538,9	4,23014E-001	-4,98374E-002	0,00000E+000	4,24000E-001	9,51157E-006	13	...........	64,87
	5389	539	4,20958E-001	-5,02468E-002	0,00000E+000	4,22000E-001	1,71157E-006	13	...........	64,87
	5390	539,1	4,18910E-001	-5,09841E-002	0,00000E+000	4,20000E-001	2,91157E-006	13	...........	64,87
	5391	539,2	4,16909E-001	-5,17173E-002	0,00000E+000	4,18000E-001	-8,84284E-008	13	...........	64,87
	5392	539,3	4,14939E-001	-5,20604E-002	0,00000E+000	4,16000E-001	-2,88843E-006	13	...........	64,88
	5393	539,4	4,13093E-001	-5,27966E-002	0,00000E+000	4,14000E-001	-6,88843E-006	13	...........	64,86
	5394	539,5	4,11136E-001	-5,33837E-002	0,00000E+000	4,12000E-001	7,11157E-006	13	...........	64,86
	5395	539,6	4,08920E-001	-5,40812E-002	0,00000E+000	4,10000E-001	1,05116E-005	13	...........	64,88
	5396	539,7	4,06924E-001	-5,44937E-002	0,00000E+000	4,08000E-001	1,11573E-007	13	...........	64,86
	5397	539,8	4,05131E-001	-5,50512E-002	0,00000E+000	4,06000E-001	-3,88844E-006	13	...........	64,87
	5398	539,9	4,03289E-001	-5,54668E-002	0,00000E+000	4,04000E-001	1,45116E-005	13	...........	64,87
	5399	540	4,00952E-001	-5,63266E-002	0,00000E+000	4,02000E-001	-2,88426E-007	13	...........	64,87
	5400	540,1	3,98961E-001	-5,66575E-002	0,00000E+000	4,00000E-001	-8,84284E-008	13	...........	64,86
	5401	540,2	3,96934E-001	-5,73671E-002	0,00000E+000	3,98000E-001	3,31157E-006	13	...........	64,87
	5402	540,3	3,94872E-001	-5,76122E-002	0,00000E+000	3,96000E-001	-1,28843E-006	13	...........	64,87
	5403	540,4	3,92866E-001	-5,82422E-002	0,00000E+000	3,94000E-001	6,91157E-006	13	...........	64,87
	5404	540,5	3,90846E-001	-5,90081E-002	0,00000E+000	3,92000E-001	-6,28843E-006	13	...........	64,88
	5405	540,6	3,89003E-001	-5,98056E-002	0,00000E+000	3,90000E-001	-3,48843E-006	13	...........	64,86
	5406	540,7	3,86947E-001	-6,02845E-002	0,00000E+000	3,88000E-001	6,91157E-006	13	...........	64,88
	5407	540,8	3,84904E-001	-6,12055E-002	0,00000E+000	3,86000E-001	1,57116E-005	13	...........	64,88
	5408	540,9	3,82925E-001	-6,19448E-002	0,00000E+000	3,84000E-001	7,91157E-006	13	...........	64,87
	5409	541	3,81123E-001	-6,27240E-002	0,00000E+000	3,82000E-001	8,51157E-006	13	...........	64,87
	5410	541,1	3,79084E-001	-6,30814E-002	0,00000E+000	3,80000E-001	1,01116E-005	13	...........	64,87
	5411	541,2	3,76986E-001	-6,41066E-002	0,00000E+000	3,78000E-001	1,43116E-005	13	...........	64,87
	5412	541,3	3,74989E-001	-6,44885E-002	0,00000E+000	3,76000E-001	1,71157E-006	13	...........	64,88
	5413	541,4	3,73153E-001	-6,51103E-002	0,00000E+000	3,74000E-001	5,31157E-006	13	...........	64,87
	5414	541,5	3,70909E-001	-6,55954E-002	0,00000E+000	3,72000E-001	1,05116E-005	13	...........	64,86
	5415	541,6	3,68930E-001	-6,63306E-002	0,00000E+000	3,70000E-001	1,91157E-006	13	...........	64,88
	5416	541,7	3,66930E-001	-6,69739E-002	0,00000E+000	3,68000E-001	6,51157E-006	13	...........	64,87
	5417	541,8	3,65062E-001	-6,77193E-002	0,00000E+000	3,66000E-001	2,31157E-006	13	...........	64,87
	5418	541,9	3,63043E-001	-6,85648E-002	0,00000E+000	3,64000E-001	5,31157E-006	13	...........	64,86
	5419	542	3,60982E-001	-6,95032E-002	0,00000E+000	3,62000E-001	1,71157E-006	13	...........	64,87
	5420	542,1	3,59010E-001	-7,00301E-002	0,00000E+000	3,60000E-001	8,71157E-006	13	...........	64,87
	5421	542,2	3,57129E-001	-7,07633E-002	0,00000E+000	3,58000E-001	5,71157E-006	13	...........	64,87
	5422	542,3	3,55225E-001	-7,13300E-002	0,00000E+000	3,56000E-001	4,31157E-006	13	...........	64,87
	5423	542,4	3,53041E-001	-7,22419E-002	0,00000E+000	3,54000E-001	1,49116E-005	13	...........	64,87
	5424	542,5	3,50996E-001	-7,27963E-002	0,00000E+000	3,52000E-001	7,71157E-006	13	...........	64,88
	5425	542,6	3,49135E-001	-7,35989E-002	0,00000E+000	3,50000E-001	-1,14884E-005	13	...........	64,86
	5426	542,7	3,47092E-001	-7,38522E-002	0,00000E+000	3,48000E-001	1,59116E-005	13	...........	64,88
	5427	542,8	3,44927E-001	-7,50642E-002	0,00000E+000	3,46000E-001	8,71157E-006	13	...........	64,88
	5428	542,9	3,42914E-001	-7,53256E-002	0,00000E+000	3,44000E-001	-2,08843E-006	13	...........	64,88
	5429	543	3,41037E-001	-7,65449E-002	0,00000E+000	3,42000E-001	-6,48843E-006	13	...........	64,87
	5430	543,1	3,38995E-001	-7,70810E-002	0,00000E+000	3,40000E-001	2,31157E-006	13	...........	64,88
	5431	543,2	3,36956E-001	-7,78968E-002	0,00000E+000	3,38000E-001	1,63116E-005	13	...........	64,88
	5432	543,3	3,34983E-001	-7,84227E-002	0,00000E+000	3,36000E-001	1,71157E-006	13	...........	64,88
	5433	543,4	3,33145E-001	-7,94132E-002	0,00000E+000	3,34000E-001	-3,88844E-006	13	...........	64,88
	5434	543,5	3,31242E-001	-7,99646E-002	0,00000E+000	3,32000E-001	-5,68843E-006	13	...........	64,86
	5435	543,6	3,29038E-001	-8,10552E-002	0,00000E+000	3,30000E-001	5,91157E-006	13	...........	64,88
	5436	543,7	3,27100E-001	-8,12410E-002	0,00000E+000	3,28000E-001	-8,84284E-008	13	...........	64,88
	5437	543,8	3,25200E-001	-8,22642E-002	0,00000E+000	3,26000E-001	9,11572E-007	13	...........	64,87
	5438	543,9	3,23457E-001	-8,26992E-002	0,00000E+000	3,24000E-001	-3,08843E-006	13	...........	64,87
	5439	544	3,21099E-001	-8,39031E-002	0,00000E+000	3,22000E-001	6,71157E-006	13	...........	64,87
	5440	544,1	3,19016E-001	-8,43891E-002	0,00000E+000	3,20000E-001	1,15116E-005	13	...........	64,88
	5441	544,2	3,17095E-001	-8,57268E-002	0,00000E+000	3,18000E-001	-3,88844E-006	13	...........	64,87
	5442	544,3	3,15085E-001	-8,59137E-002	0,00000E+000	3,16000E-001	6,71157E-006	13	...........	64,87
	5443	544,4	3,13042E-001	-8,71850E-002	0,00000E+000	3,14000E-001	2,11157E-006	13	...........	64,88
	5444	544,5	3,11048E-001	-8,74944E-002	0,00000E+000	3,12000E-001	-1,48843E-006	13	...........	64,87
	5445	544,6	3,09151E-001	-8,86738E-002	0,00000E+000	3,10000E-001	-8,28843E-006	13	...........	64,88
	5446	544,7	3,07237E-001	-8,89985E-002	0,00000E+000	3,08000E-001	1,91157E-006	13	...........	64,88
	5447	544,8	3,05068E-001	-8,99216E-002	0,00000E+000	3,06000E-001	9,11572E-007	13	...........	64,87
	5448	544,9	3,03067E-001	-9,04209E-002	0,00000E+000	3,04000E-001	4,71157E-006	13	...........	64,88
	5449	545	3,01183E-001	-9,16953E-002	0,00000E+000	3,02000E-001	1,21116E-005	13	...........	64,87
	5450	545,1	2,99414E-001	-9,20363E-002	0,00000E+000	3,00000E-001	2,51157E-006	13	...........	64,87
	5451	545,2	2,97045E-001	-9,33873E-002	0,00000E+000	2,98000E-001	1,25116E-005	13	...........	64,87
	5452	545,3	2,95137E-001	-9,37018E-002	0,00000E+000	2,96000E-001	1,05116E-005	13	...........	64,87
	5453	545,4	2,93090E-001	-9,49527E-002	0,00000E+000	2,94000E-001	3,51157E-006	13	...........	64,86
	5454	545,5	2,91026E-001	-9,52080E-002	0,00000E+000	2,92000E-001	8,51157E-006	13	...........	64,88
	5455	545,6	2,88990E-001	-9,63506E-002	0,00000E+000	2,90000E-001	3,71157E-006	13	...........	64,87
	5456	545,7	2,87041E-001	-9,65446E-002	0,00000E+000	2,88000E-001	1,51157E-006	13	...........	64,87
	5457	545,8	2,85148E-001	-9,78169E-002	0,00000E+000	2,86000E-001	-6,08843E-006	13	...........	64,87
	5458	545,9	2,83176E-001	-9,79527E-002	0,00000E+000	2,84000E-001	1,71157E-006	13	...........	64,86
	5459	546	2,81072E-001	-9,89402E-002	0,00000E+000	2,82000E-001	5,91157E-006	13	...........	64,87
	5460	546,1	2,79154E-001	-9,95151E-002	0,00000E+000	2,80000E-001	-1,08843E-006	13	...........	64,87
	5461	546,2	2,77235E-001	-1,00512E-001	0,00000E+000	2,78000E-001	9,11157E-006	13	...........	64,87
	5462	546,3	2,75467E-001	-1,00905E-001	0,00000E+000	2,76000E-001	9,11157E-006	13	...........	64,87
	5463	546,4	2,73268E-001	-1,02203E-001	0,00000E+000	2,74000E-001	1,75116E-005	13	...........	64,86
	5464	546,5	2,71211E-001	-1,02491E-001	0,00000E+000	2,72000E-001	-5,68843E-006	13	...........	64,87
	5465	546,6	2,69258E-001	-1,03672E-001	0,00000E+000	2,70000E-001	-1,48843E-006	13	...........	64,87
	5466	546,7	2,67090E-001	-1,03902E-001	0,00000E+000	2,68000E-001	5,71157E-006	13	...........	64,86
	5467	546,8	2,65102E-001	-1,05121E-001	0,00000E+000	2,66000E-001	9,51157E-006	13	...........	64,86
	5468	546,9	2,63073E-001	-1,05606E-001	0,00000E+000	2,64000E-001	6,91157E-006	13	...........	64,88
	5469	547	2,61143E-001	-1,06778E-001	0,00000E+000	2,62000E-001	8,11157E-006	13	...........	64,87
	5470	547,1	2,59224E-001	-1,06870E-001	0,00000E+000	2,60000E-001	8,71157E-006	13	...........	64,89
	5471	547,2	2,57173E-001	-1,07987E-001	0,00000E+000	2,58000E-001	9,11157E-006	13	...........	64,87
	5472	547,3	2,55136E-001	-1,08251E-001	0,00000E+000	2,56000E-001	9,11572E-007	13	...........	64,88
	5473	547,4	2,53171E-001	-1,09588E-001	0,00000E+000	2,54000E-001	3,11157E-006	13	...........	64,87
	5474	547,5	2,51310E-001	-1,09999E-001	0,00000E+000	2,52000E-001	6,31157E-006	13	...........	64,87
	5475	547,6	2,49249E-001	-1,11334E-001	0,00000E+000	2,50000E-001	1,21116E-005	13	...........	64,87
	5476	547,7	2,47214E-001	-1,11474E-001	0,00000E+000	2,48000E-001	4,51157E-006	13	...........	64,89
	5477	547,8	2,45261E-001	-1,12562E-001	0,00000E+000	2,46000E-001	-5,08843E-006	13	...........	64,87
	5478	547,9	2,43085E-001	-1,13095E-001	0,00000E+000	2,44000E-001	5,51157E-006	13	...........	64,88
	5479	548	2,41091E-001	-1,14003E-001	0,00000E+000	2,42000E-001	6,51157E-006	13	...........	64,87
	5480	548,1	2,39118E-001	-1,14349E-001	0,00000E+000	2,40000E-001	-3,88844E-006	13	...........	64,88
	5481	548,2	2,37166E-001	-1,15016E-001	0,00000E+000	2,38000E-001	-3,08843E-006	13	...........	64,87
	5482	548,3	2,35226E-001	-1,15465E-001	0,00000E+000	2,36000E-001	4,91157E-006	13	...........	64,87
	5483	548,4	2,33188E-001	-1,16568E-001	0,00000E+000	2,34000E-001	1,91157E-006	13	...........	64,86
	5484	548,5	2,31201E-001	-1,17041E-001	0,00000E+000	2,32000E-001	-2,88426E-007	13	...........	64,88
	5485	548,6	2,29206E-001	-1,18184E-001	0,00000E+000	2,30000E-001	-7,48843E-006	13	...........	64,87
	5486	548,7	2,27429E-001	-1,18828E-001	0,00000E+000	2,28000E-001	2,71156E-006	13	...........	64,87
	5487	548,8	2,25279E-001	-1,19895E-001	0,00000E+000	2,26000E-001	4,51157E-006	13	...........	64,88
	5488	548,9	2,23322E-001	-1,20191E-001	0,00000E+000	2,24000E-001	4,91157E-006	13	...........	64,88
	5489	549	2,21255E-001	-1,21227E-001	0,00000E+000	2,22000E-001	1,11116E-005	13	...........	64,88
	5490	549,1	2,19440E-001	-1,21452E-001	0,00000E+000	2,20000E-001	2,91157E-006	13	...........	64,88
	5491	549,2	2,17176E-001	-1,22188E-001	0,00000E+000	2,18000E-001	5,71157E-006	13	...........	64,87
	5492	549,3	2,15136E-001	-1,22854E-001	0,00000E+000	2,16000E-001	7,11567E-007	13	...........	64,87
	5493	549,4	2,13185E-001	-1,23831E-001	0,00000E+000	2,14000E-001	4,51157E-006	13	...........	64,87
	5494	549,5	2,11197E-001	-1,24262E-001	0,00000E+000	2,12000E-001	1,13116E-005	13	...........	64,86
	5495	549,6	2,09221E-001	-1,25328E-001	0,00000E+000	2,10000E-001	8,91157E-006	13	...........	64,88
	5496	549,7	2,07196E-001	-1,25909E-001	0,00000E+000	2,08000E-001	6,11157E-006	13	...........	64,87
	5497	549,8	2,05244E-001	-1,26984E-001	0,00000E+000	2,06000E-001	5,11157E-006	13	...........	64,87
	5498	549,9	2,03438E-001	-1,27324E-001	0,00000E+000	2,04000E-001	5,51157E-006	13	...........	64,87
	5499	550	2,01318E-001	-1,28212E-001	0,00000E+000	2,02000E-001	4,51157E-006	13	...........	64,87
	5500	550,1	1,99307E-001	-1,28873E-001	0,00000E+000	2,00000E-001	1,15116E-005	13	...........	64,88
	5501	550,2	1,97323E-001	-1,29672E-001	0,00000E+000	1,98000E-001	1,13116E-005	13	...........	64,86
	5502	550,3	1,95517E-001	-1,30136E-001	0,00000E+000	1,96000E-001	1,85116E-005	13	...........	64,87
	5503	550,4	1,93303E-001	-1,31114E-001	0,00000E+000	1,94000E-001	6,51157E-006	13	...........	64,87
	5504	550,5	1,91199E-001	-1,31649E-001	0,00000E+000	1,92000E-001	1,11573E-007	13	...........	64,87
	5505	550,6	1,89236E-001	-1,32529E-001	0,00000E+000	1,90000E-001	-3,28843E-006	13	...........	64,87
	5506	550,7	1,87285E-001	-1,33465E-001	0,00000E+000	1,88000E-001	5,11565E-007	13	...........	64,88
	5507	550,8	1,85275E-001	-1,34649E-001	0,00000E+000	1,86000E-001	1,63116E-005	13	...........	64,88
	5508	550,9	1,83275E-001	-1,35056E-001	0,00000E+000	1,84000E-001	6,51157E-006	13	...........	64,88
	5509	551	1,81285E-001	-1,35898E-001	0,00000E+000	1,82000E-001	-6,88433E-007	13	...........	64,88
	5510	551,1	1,79457E-001	-1,36247E-001	0,00000E+000	1,80000E-001	1,71116E-005	13	...........	64,87
	5511	551,2	1,77366E-001	-1,37276E-001	0,00000E+000	1,78000E-001	1,39116E-005	13	...........	64,87
	5512	551,3	1,75344E-001	-1,37726E-001	0,00000E+000	1,76000E-001	1,35116E-005	13	...........	64,86
	5513	551,4	1,73367E-001	-1,38407E-001	0,00000E+000	1,74000E-001	1,07116E-005	13	...........	64,87
	5514	551,5	1,71484E-001	-1,39152E-001	0,00000E+000	1,72000E-001	6,91157E-006	13	...........	64,86
	5515	551,6	1,69431E-001	-1,39535E-001	0,00000E+000	1,70000E-001	9,31157E-006	13	...........	64,87
	5516	551,7	1,67328E-001	-1,40310E-001	0,00000E+000	1,68000E-001	-5,08843E-006	13	...........	64,87
	5517	551,8	1,65273E-001	-1,41023E-001	0,00000E+000	1,66000E-001	3,91157E-006	13	...........	64,87
	5518	551,9	1,63353E-001	-1,42054E-001	0,00000E+000	1,64000E-001	1,71157E-006	13	...........	64,87
	5519	552	1,61329E-001	-1,42733E-001	0,00000E+000	1,62000E-001	7,71157E-006	13	...........	64,88
	5520	552,1	1,59322E-001	-1,43706E-001	0,00000E+000	1,60000E-001	1,25116E-005	13	...........	64,87
	5521	552,2	1,57330E-001	-1,44398E-001	0,00000E+000	1,58000E-001	1,31157E-006	13	...........	64,87
	5522	552,3	1,55505E-001	-1,45280E-001	0,00000E+000	1,56000E-001	1,11157E-006	13	...........	64,88
	5523	552,4	1,53472E-001	-1,45790E-001	0,00000E+000	1,54000E-001	3,31157E-006	13	...........	64,87
	5524	552,5	1,51375E-001	-1,46734E-001	0,00000E+000	1,52000E-001	1,11157E-006	13	...........	64,88
	5525	552,6	1,49461E-001	-1,47162E-001	0,00000E+000	1,50000E-001	5,31157E-006	13	...........	64,87
	5526	552,7	1,47563E-001	-1,47998E-001	0,00000E+000	1,48000E-001	1,55116E-005	13	...........	64,88
	5527	552,8	1,45809E-001	-1,48584E-001	0,00000E+000	1,46000E-001	-8,84284E-008	13	...........	64,87
	5528	552,9	1,43580E-001	-1,49679E-001	0,00000E+000	1,44000E-001	1,01116E-005	13	...........	64,88
	5529	553	1,41562E-001	-1,50195E-001	0,00000E+000	1,42000E-001	-2,08843E-006	13	...........	64,88
	5530	553,1	1,39451E-001	-1,51119E-001	0,00000E+000	1,40000E-001	9,11572E-007	13	...........	64,88
	5531	553,2	1,37377E-001	-1,51904E-001	0,00000E+000	1,38000E-001	-4,88431E-007	13	...........	64,88
	5532	553,3	1,35375E-001	-1,52746E-001	0,00000E+000	1,36000E-001	2,91157E-006	13	...........	64,87
	5533	553,4	1,33399E-001	-1,53266E-001	0,00000E+000	1,34000E-001	-7,88843E-006	13	...........	64,89
	5534	553,5	1,31524E-001	-1,54317E-001	0,00000E+000	1,32000E-001	-1,16884E-005	13	...........	64,88
	5535	553,6	1,29531E-001	-1,54951E-001	0,00000E+000	1,30000E-001	-6,88843E-006	13	...........	64,88
	5536	553,7	1,27444E-001	-1,55911E-001	0,00000E+000	1,28000E-001	5,31157E-006	13	...........	64,87
	5537	553,8	1,25425E-001	-1,56376E-001	0,00000E+000	1,26000E-001	-3,28843E-006	13	...........	64,87
	5538	553,9	1,23579E-001	-1,57424E-001	0,00000E+000	1,24000E-001	1,71157E-006	13	...........	64,88
	5539	554	1,21828E-001	-1,58278E-001	0,00000E+000	1,22000E-001	1,91157E-006	13	...........	64,87
	5540	554,1	1,19515E-001	-1,59570E-001	0,00000E+000	1,20000E-001	2,19116E-005	13	...........	64,88
	5541	554,2	1,17569E-001	-1,60249E-001	0,00000E+000	1,18000E-001	-4,68843E-006	13	...........	64,88
	5542	554,3	1,15624E-001	-1,61739E-001	0,00000E+000	1,16000E-001	6,71157E-006	13	...........	64,88
	5543	554,4	1,13414E-001	-1,62459E-001	0,00000E+000	1,14000E-001	3,71157E-006	13	...........	64,89
	5544	554,5	1,11420E-001	-1,63747E-001	0,00000E+000	1,12000E-001	6,31157E-006	13	...........	64,87
	5545	554,6	1,09452E-001	-1,64066E-001	0,00000E+000	1,10000E-001	-4,28843E-006	13	...........	64,87
	5546	554,7	1,07556E-001	-1,65467E-001	0,00000E+000	1,08000E-001	5,31157E-006	13	...........	64,88
	5547	554,8	1,05648E-001	-1,65875E-001	0,00000E+000	1,06000E-001	8,51157E-006	13	...........	64,88
	5548	554,9	1,03543E-001	-1,67468E-001	0,00000E+000	1,04000E-001	1,37116E-005	13	...........	64,87
	5549	555	1,01544E-001	-1,67718E-001	0,00000E+000	1,02000E-001	6,31157E-006	13	...........	64,88
	5550	555,1	9,95788E-002	-1,69192E-001	0,00000E+000	1,00000E-001	-2,08843E-006	13	...........	64,87
	5551	555,2	9,76832E-002	-1,69964E-001	0,00000E+000	9,80000E-002	8,11157E-006	13	...........	64,88
	5552	555,3	9,55889E-002	-1,71781E-001	0,00000E+000	9,60001E-002	1,45116E-005	13	...........	64,89
	5553	555,4	9,35274E-002	-1,71881E-001	0,00000E+000	9,40000E-002	-1,00884E-005	13	...........	64,88
	5554	555,5	9,16303E-002	-1,73146E-001	0,00000E+000	9,20001E-002	-5,88843E-006	13	...........	64,88
	5555	555,6	8,94283E-002	-1,73918E-001	0,00000E+000	9,00000E-002	-2,48843E-006	13	...........	64,88
	5556	555,7	8,73987E-002	-1,75705E-001	0,00000E+000	8,80001E-002	1,11573E-007	13	...........	64,88
	5557	555,8	8,54582E-002	-1,76101E-001	0,00000E+000	8,60001E-002	-3,48843E-006	13	...........	64,89
	5558	555,9	8,35422E-002	-1,78070E-001	0,00000E+000	8,40001E-002	-7,08843E-006	13	...........	64,88
	5559	556	8,15458E-002	-1,78588E-001	0,00000E+000	8,20001E-002	4,51157E-006	13	...........	64,88
	5560	556,1	7,94815E-002	-1,80421E-001	0,00000E+000	8,00000E-002	2,91157E-006	13	...........	64,89
	5561	556,2	7,75519E-002	-1,81209E-001	0,00000E+000	7,80001E-002	-2,48843E-006	13	...........	64,88
	5562	556,3	7,56162E-002	-1,82671E-001	0,00000E+000	7,60000E-002	-2,88843E-006	13	...........	64,89
	5563	556,4	7,38838E-002	-1,83202E-001	0,00000E+000	7,40001E-002	-1,50884E-005	13	...........	64,88
	5564	556,5	7,16400E-002	-1,85048E-001	0,00000E+000	7,20001E-002	1,31157E-006	13	...........	64,90
	5565	556,6	6,96731E-002	-1,85558E-001	0,00000E+000	7,00001E-002	1,15116E-005	13	...........	64,88
	5566	556,7	6,76503E-002	-1,87244E-001	0,00000E+000	6,80001E-002	-8,68843E-006	13	...........	64,89
	5567	556,8	6,57561E-002	-1,87871E-001	0,00000E+000	6,60000E-002	-1,08843E-006	13	...........	64,88
	5568	556,9	6,34602E-002	-1,89584E-001	0,00000E+000	6,40001E-002	9,71157E-006	13	...........	64,87
	5569	557	6,14838E-002	-1,90438E-001	0,00000E+000	6,20000E-002	-8,84284E-008	13	...........	64,88
	5570	557,1	5,95674E-002	-1,92630E-001	0,00000E+000	6,00001E-002	-4,08843E-006	13	...........	64,88
	5571	557,2	5,75643E-002	-1,93609E-001	0,00000E+000	5,80001E-002	9,31157E-006	13	...........	64,88
	5572	557,3	5,54832E-002	-1,95487E-001	0,00000E+000	5,60001E-002	7,71157E-006	13	...........	64,90
	5573	557,4	5,36054E-002	-1,96098E-001	0,00000E+000	5,40001E-002	-2,68843E-006	13	...........	64,89
	5574	557,5	5,16469E-002	-1,98415E-001	0,00000E+000	5,20000E-002	-3,48843E-006	13	...........	64,88
	5575	557,6	4,98292E-002	-1,99094E-001	0,00000E+000	5,00001E-002	-4,68843E-006	13	...........	64,89
	5576	557,7	4,76542E-002	-2,01002E-001	0,00000E+000	4,80000E-002	-8,84284E-008	13	...........	64,89
	5577	557,8	4,56745E-002	-2,01766E-001	0,00000E+000	4,60001E-002	5,51157E-006	13	...........	64,89
	5578	557,9	4,36694E-002	-2,03656E-001	0,00000E+000	4,40001E-002	5,51157E-006	13	...........	64,87
	5579	558	4,19185E-002	-2,04474E-001	0,00000E+000	4,20001E-002	-5,08843E-006	13	...........	64,87
	5580	558,1	3,95956E-002	-2,06503E-001	0,00000E+000	4,00001E-002	9,31157E-006	13	...........	64,89
	5581	558,2	3,75192E-002	-2,07515E-001	0,00000E+000	3,80000E-002	-4,88431E-007	13	...........	64,88
	5582	558,3	3,55794E-002	-2,10013E-001	0,00000E+000	3,60001E-002	-1,10884E-005	13	...........	64,89
	5583	558,4	3,35829E-002	-2,10741E-001	0,00000E+000	3,40000E-002	-4,08843E-006	13	...........	64,89
	5584	558,5	3,15401E-002	-2,13228E-001	0,00000E+000	3,20001E-002	1,01116E-005	13	...........	64,89
	5585	558,6	2,96095E-002	-2,13983E-001	0,00000E+000	3,00001E-002	-6,48843E-006	13	...........	64,88
	5586	558,7	2,76541E-002	-2,15987E-001	0,00000E+000	2,80001E-002	-8,88843E-006	13	...........	64,89
	5587	558,8	2,58971E-002	-2,16697E-001	0,00000E+000	2,60001E-002	-5,28843E-006	13	...........	64,89
	5588	558,9	2,37146E-002	-2,19083E-001	0,00000E+000	2,40000E-002	-4,48843E-006	13	...........	64,89
	5589	559	2,16999E-002	-2,19952E-001	0,00000E+000	2,20001E-002	5,91157E-006	13	...........	64,88
	5590	559,1	1,97306E-002	-2,22061E-001	0,00000E+000	2,00000E-002	-6,08843E-006	13	...........	64,88
	5591	559,2	1,79319E-002	-2,23439E-001	0,00000E+000	1,80001E-002	9,11572E-007	13	...........	64,89
	5592	559,3	1,59334E-002	-2,25730E-001	0,00000E+000	1,60001E-002	3,31157E-006	13	...........	64,89
	5593	559,4	1,37391E-002	-2,26865E-001	0,00000E+000	1,40001E-002	9,11157E-006	13	...........	64,88
	5594	559,5	1,15853E-002	-2,29487E-001	0,00000E+000	1,20001E-002	1,31157E-006	13	...........	64,89
	5595	559,6	9,64082E-003	-2,30429E-001	0,00000E+000	1,00001E-002	-8,28843E-006	13	...........	64,89
	5596	559,7	7,61232E-003	-2,32553E-001	0,00000E+000	8,00008E-003	5,91157E-006	13	...........	64,88
	5597	559,8	5,64332E-003	-2,33615E-001	0,00000E+000	6,00004E-003	1,91157E-006	13	...........	64,88
	5598	559,9	3,69942E-003	-2,36207E-001	0,00000E+000	4,00007E-003	2,31157E-006	13	...........	64,88
	5599	560	1,88132E-003	-2,37133E-001	0,00000E+000	2,00009E-003	2,91157E-006	13	...........	64,88
	5600	560,1	-4,31279E-004	-2,39943E-001	0,00000E+000	5,96046E-008	5,91157E-006	13	...........	64,87
CURVE5	TABLE
	Pt	T	Vf	Im	Vu	Sig	Ach	IERange	Over	Temp
	#	s	V vs. Ref.	A	V	V	V	#	bits	deg C
	5601	560,2	1,86912E-003	-2,23020E-001	0,00000E+000	2,00009E-003	-3,48843E-006	13	...........	64,88
	5602	560,3	3,70012E-003	-2,10700E-001	0,00000E+000	4,00007E-003	1,11573E-007	13	...........	64,88
	5603	560,4	5,63532E-003	-1,98576E-001	0,00000E+000	6,00004E-003	2,11157E-006	13	...........	64,88
	5604	560,5	7,62232E-003	-1,87856E-001	0,00000E+000	8,00008E-003	3,51157E-006	13	...........	64,88
	5605	560,6	9,61692E-003	-1,77916E-001	0,00000E+000	1,00001E-002	-3,88844E-006	13	...........	64,88
	5606	560,7	1,16067E-002	-1,68747E-001	0,00000E+000	1,20001E-002	7,71157E-006	13	...........	64,88
	5607	560,8	1,37061E-002	-1,59997E-001	0,00000E+000	1,40001E-002	1,95116E-005	13	...........	64,88
	5608	560,9	1,62240E-002	-1,52229E-001	0,00000E+000	1,60001E-002	1,05116E-005	13	...........	64,88
	5609	561	1,79080E-002	-1,44364E-001	0,00000E+000	1,80001E-002	1,25116E-005	13	...........	64,89
	5610	561,1	1,96595E-002	-1,37796E-001	0,00000E+000	2,00000E-002	7,11157E-006	13	...........	64,89
	5611	561,2	2,15829E-002	-1,29954E-001	0,00000E+000	2,20001E-002	3,11567E-007	13	...........	64,88
	5612	561,3	2,35780E-002	-1,23536E-001	0,00000E+000	2,40000E-002	5,11157E-006	13	...........	64,89
	5613	561,4	2,56797E-002	-1,17121E-001	0,00000E+000	2,60001E-002	-1,00884E-005	13	...........	64,89
	5614	561,5	2,75678E-002	-1,11702E-001	0,00000E+000	2,80001E-002	-5,68843E-006	13	...........	64,88
	5615	561,6	2,94968E-002	-1,05880E-001	0,00000E+000	3,00001E-002	4,91157E-006	13	...........	64,88
	5616	561,7	3,15361E-002	-1,00796E-001	0,00000E+000	3,20001E-002	1,49116E-005	13	...........	64,89
	5617	561,8	3,35508E-002	-9,57175E-002	0,00000E+000	3,40000E-002	1,11157E-006	13	...........	64,89
	5618	561,9	3,55260E-002	-9,10867E-002	0,00000E+000	3,60001E-002	1,11573E-007	13	...........	64,88
	5619	562	3,74800E-002	-8,63058E-002	0,00000E+000	3,80000E-002	-2,88426E-007	13	...........	64,89
	5620	562,1	3,95106E-002	-8,19231E-002	0,00000E+000	4,00001E-002	4,31157E-006	13	...........	64,89
	5621	562,2	4,19061E-002	-7,74700E-002	0,00000E+000	4,20001E-002	2,31157E-006	13	...........	64,89
	5622	562,3	4,35801E-002	-7,37725E-002	0,00000E+000	4,40001E-002	5,71157E-006	13	...........	64,90
	5623	562,4	4,56005E-002	-6,98095E-002	0,00000E+000	4,60001E-002	1,21116E-005	13	...........	64,89
	5624	562,5	4,75295E-002	-6,61519E-002	0,00000E+000	4,80000E-002	9,11572E-007	13	...........	64,90
	5625	562,6	4,97373E-002	-6,26913E-002	0,00000E+000	5,00001E-002	1,67116E-005	13	...........	64,88
	5626	562,7	5,15736E-002	-5,94941E-002	0,00000E+000	5,20000E-002	3,11157E-006	13	...........	64,90
	5627	562,8	5,35213E-002	-5,63879E-002	0,00000E+000	5,40001E-002	8,71157E-006	13	...........	64,89
	5628	562,9	5,55323E-002	-5,34940E-002	0,00000E+000	5,60001E-002	-5,08843E-006	13	...........	64,89
	5629	563	5,75344E-002	-5,03204E-002	0,00000E+000	5,80001E-002	-8,84284E-008	13	...........	64,90
	5630	563,1	5,95434E-002	-4,77522E-002	0,00000E+000	6,00001E-002	-1,28843E-006	13	...........	64,89
	5631	563,2	6,14683E-002	-4,46776E-002	0,00000E+000	6,20000E-002	-9,08843E-006	13	...........	64,89
	5632	563,3	6,34206E-002	-4,22045E-002	0,00000E+000	6,40001E-002	2,11157E-006	13	...........	64,90
	5633	563,4	6,56890E-002	-3,97313E-002	0,00000E+000	6,60000E-002	1,41116E-005	13	...........	64,89
	5634	563,5	6,76277E-002	-3,75706E-002	0,00000E+000	6,80001E-002	5,91157E-006	13	...........	64,90
	5635	563,6	6,95960E-002	-3,45787E-002	0,00000E+000	7,00001E-002	1,57116E-005	13	...........	64,89
	5636	563,7	7,14887E-002	-3,27550E-002	0,00000E+000	7,20001E-002	1,93116E-005	13	...........	64,89
	5637	563,8	7,37686E-002	-3,05187E-002	0,00000E+000	7,40001E-002	-8,84284E-008	13	...........	64,89
	5638	563,9	7,55651E-002	-2,89595E-002	0,00000E+000	7,60000E-002	5,11157E-006	13	...........	64,88
	5639	564	7,74635E-002	-2,64271E-002	0,00000E+000	7,80001E-002	1,29116E-005	13	...........	64,89
	5640	564,1	7,94731E-002	-2,46432E-002	0,00000E+000	8,00000E-002	3,51157E-006	13	...........	64,89
	5641	564,2	8,14864E-002	-2,30114E-002	0,00000E+000	8,20001E-002	-6,48843E-006	13	...........	64,89
	5642	564,3	8,35158E-002	-2,11836E-002	0,00000E+000	8,40001E-002	-5,68843E-006	13	...........	64,89
	5643	564,4	8,54349E-002	-1,94824E-002	0,00000E+000	8,60001E-002	-4,08843E-006	13	...........	64,89
	5644	564,5	8,73937E-002	-1,77843E-002	0,00000E+000	8,80001E-002	4,31157E-006	13	...........	64,89
	5645	564,6	8,94103E-002	-1,60668E-002	0,00000E+000	9,00000E-002	8,51157E-006	13	...........	64,90
	5646	564,7	9,15983E-002	-1,51978E-002	0,00000E+000	9,20001E-002	2,51157E-006	13	...........	64,89
	5647	564,8	9,34876E-002	-1,33352E-002	0,00000E+000	9,40000E-002	-2,88426E-007	13	...........	64,89
	5648	564,9	9,54615E-002	-1,19802E-002	0,00000E+000	9,60001E-002	1,57116E-005	13	...........	64,89
	5649	565	9,76012E-002	-1,00023E-002	0,00000E+000	9,80000E-002	9,11157E-006	13	...........	64,90
	5650	565,1	9,95346E-002	-9,06490E-003	0,00000E+000	1,00000E-001	7,11157E-006	13	...........	64,89
	5651	565,2	1,01387E-001	-7,88550E-003	0,00000E+000	1,02000E-001	1,59116E-005	13	...........	64,88
	5652	565,3	1,03509E-001	-6,84906E-003	0,00000E+000	1,04000E-001	1,25116E-005	13	...........	64,89
	5653	565,4	1,05576E-001	-5,59206E-003	0,00000E+000	1,06000E-001	8,91157E-006	13	...........	64,89
	5654	565,5	1,07528E-001	-4,87319E-003	0,00000E+000	1,08000E-001	1,71157E-006	13	...........	64,89
	5655	565,6	1,09421E-001	-3,65907E-003	0,00000E+000	1,10000E-001	9,11572E-007	13	...........	64,89
	5656	565,7	1,11407E-001	-2,51439E-003	0,00000E+000	1,12000E-001	6,91157E-006	13	...........	64,90
	5657	565,8	1,13425E-001	-1,39013E-003	0,00000E+000	1,14000E-001	1,53116E-005	13	...........	64,90
	5658	565,9	1,15555E-001	-5,99783E-004	0,00000E+000	1,16000E-001	2,71156E-006	13	...........	64,89
	5659	566	1,17469E-001	4,45848E-004	0,00000E+000	1,18000E-001	1,03116E-005	13	...........	64,89
	5660	566,1	1,19402E-001	1,18208E-003	0,00000E+000	1,20000E-001	9,71157E-006	13	...........	64,89
	5661	566,2	1,21725E-001	2,05003E-003	0,00000E+000	1,22000E-001	1,05116E-005	13	...........	64,89
	5662	566,3	1,23562E-001	3,10894E-003	0,00000E+000	1,24000E-001	1,31157E-006	13	...........	64,89
	5663	566,4	1,25419E-001	4,11066E-003	0,00000E+000	1,26000E-001	-1,28843E-006	13	...........	64,89
	5664	566,5	1,27356E-001	4,63552E-003	0,00000E+000	1,28000E-001	4,11157E-006	13	...........	64,90
	5665	566,6	1,29419E-001	6,07020E-003	0,00000E+000	1,30000E-001	6,71157E-006	13	...........	64,90
	5666	566,7	1,31468E-001	6,78805E-003	0,00000E+000	1,32000E-001	1,11573E-007	13	...........	64,90
	5667	566,8	1,33333E-001	7,57227E-003	0,00000E+000	1,34000E-001	1,31157E-006	13	...........	64,90
	5668	566,9	1,35355E-001	8,17269E-003	0,00000E+000	1,36000E-001	4,51157E-006	13	...........	64,89
	5669	567	1,37359E-001	8,87114E-003	0,00000E+000	1,38000E-001	1,91157E-006	13	...........	64,90
	5670	567,1	1,39447E-001	9,68804E-003	0,00000E+000	1,40000E-001	-9,08843E-006	13	...........	64,89
	5671	567,2	1,41435E-001	1,02762E-002	0,00000E+000	1,42000E-001	-1,88843E-006	13	...........	64,89
	5672	567,3	1,43486E-001	1,10400E-002	0,00000E+000	1,44000E-001	5,11565E-007	13	...........	64,90
	5673	567,4	1,45569E-001	1,18447E-002	0,00000E+000	1,46000E-001	7,51157E-006	13	...........	64,90
	5674	567,5	1,47563E-001	1,25145E-002	0,00000E+000	1,48000E-001	2,11157E-006	13	...........	64,89
	5675	567,6	1,49468E-001	1,32998E-002	0,00000E+000	1,50000E-001	-6,08843E-006	13	...........	64,90
	5676	567,7	1,51387E-001	1,39737E-002	0,00000E+000	1,52000E-001	1,51157E-006	13	...........	64,89
	5677	567,8	1,53486E-001	1,47743E-002	0,00000E+000	1,54000E-001	3,51157E-006	13	...........	64,90
	5678	567,9	1,55524E-001	1,55483E-002	0,00000E+000	1,56000E-001	-5,68843E-006	13	...........	64,89
	5679	568	1,57352E-001	1,59475E-002	0,00000E+000	1,58000E-001	2,91157E-006	13	...........	64,90
	5680	568,1	1,59339E-001	1,65388E-002	0,00000E+000	1,60000E-001	9,71157E-006	13	...........	64,90
	5681	568,2	1,61349E-001	1,70738E-002	0,00000E+000	1,62000E-001	6,51157E-006	13	...........	64,90
	5682	568,3	1,63410E-001	1,77457E-002	0,00000E+000	1,64000E-001	-8,08843E-006	13	...........	64,90
	5683	568,4	1,65293E-001	1,83084E-002	0,00000E+000	1,66000E-001	3,11157E-006	13	...........	64,90
	5684	568,5	1,67332E-001	1,88097E-002	0,00000E+000	1,68000E-001	1,43116E-005	13	...........	64,90
	5685	568,6	1,69735E-001	1,97573E-002	0,00000E+000	1,70000E-001	9,11572E-007	13	...........	64,90
	5686	568,7	1,71529E-001	2,03588E-002	0,00000E+000	1,72000E-001	6,11157E-006	13	...........	64,89
	5687	568,8	1,73426E-001	2,11165E-002	0,00000E+000	1,74000E-001	3,11157E-006	13	...........	64,89
	5688	568,9	1,75332E-001	2,13942E-002	0,00000E+000	1,76000E-001	9,71157E-006	13	...........	64,90
	5689	569	1,77375E-001	2,23581E-002	0,00000E+000	1,78000E-001	9,91157E-006	13	...........	64,90
	5690	569,1	1,79469E-001	2,28708E-002	0,00000E+000	1,80000E-001	8,51157E-006	13	...........	64,89
	5691	569,2	1,81271E-001	2,35539E-002	0,00000E+000	1,82000E-001	1,71157E-006	13	...........	64,90
	5692	569,3	1,83298E-001	2,41155E-002	0,00000E+000	1,84000E-001	2,91157E-006	13	...........	64,90
	5693	569,4	1,85292E-001	2,46138E-002	0,00000E+000	1,86000E-001	1,45116E-005	13	...........	64,90
	5694	569,5	1,87381E-001	2,50743E-002	0,00000E+000	1,88000E-001	1,63116E-005	13	...........	64,90
	5695	569,6	1,89238E-001	2,56237E-002	0,00000E+000	1,90000E-001	-1,48843E-006	13	...........	64,90
	5696	569,7	1,91232E-001	2,62793E-002	0,00000E+000	1,92000E-001	1,65116E-005	13	...........	64,90
	5697	569,8	1,93458E-001	2,66693E-002	0,00000E+000	1,94000E-001	4,91157E-006	13	...........	64,90
	5698	569,9	1,95538E-001	2,73760E-002	0,00000E+000	1,96000E-001	4,31157E-006	13	...........	64,90
	5699	570	1,97371E-001	2,78651E-002	0,00000E+000	1,98000E-001	1,11573E-007	13	...........	64,90
	5700	570,1	1,99352E-001	2,84992E-002	0,00000E+000	2,00000E-001	7,31157E-006	13	...........	64,91
	5701	570,2	2,01454E-001	2,91772E-002	0,00000E+000	2,02000E-001	1,31116E-005	13	...........	64,90
	5702	570,3	2,03473E-001	2,98655E-002	0,00000E+000	2,04000E-001	-1,68843E-006	13	...........	64,89
	5703	570,4	2,05320E-001	3,06742E-002	0,00000E+000	2,06000E-001	7,11157E-006	13	...........	64,90
	5704	570,5	2,07289E-001	3,08886E-002	0,00000E+000	2,08000E-001	7,31157E-006	13	...........	64,89
	5705	570,6	2,09278E-001	3,15891E-002	0,00000E+000	2,10000E-001	7,51157E-006	13	...........	64,90
	5706	570,7	2,11284E-001	3,19884E-002	0,00000E+000	2,12000E-001	8,31157E-006	13	...........	64,90
	5707	570,8	2,13218E-001	3,25224E-002	0,00000E+000	2,14000E-001	5,11565E-007	13	...........	64,89
	5708	570,9	2,15191E-001	3,31106E-002	0,00000E+000	2,16000E-001	2,11157E-006	13	...........	64,91
	5709	571	2,17160E-001	3,32852E-002	0,00000E+000	2,18000E-001	1,89116E-005	13	...........	64,90
	5710	571,1	2,19452E-001	3,41736E-002	0,00000E+000	2,20000E-001	8,51157E-006	13	...........	64,91
	5711	571,2	2,21303E-001	3,46698E-002	0,00000E+000	2,22000E-001	5,11565E-007	13	...........	64,90
	5712	571,3	2,23301E-001	3,52029E-002	0,00000E+000	2,24000E-001	1,67116E-005	13	...........	64,90
	5713	571,4	2,25211E-001	3,57522E-002	0,00000E+000	2,26000E-001	1,35116E-005	13	...........	64,90
	5714	571,5	2,27450E-001	3,63149E-002	0,00000E+000	2,28000E-001	-1,68843E-006	13	...........	64,90
	5715	571,6	2,29202E-001	3,68714E-002	0,00000E+000	2,30000E-001	6,51157E-006	13	...........	64,90
	5716	571,7	2,31200E-001	3,72084E-002	0,00000E+000	2,32000E-001	-3,68843E-006	13	...........	64,90
	5717	571,8	2,33151E-001	3,78016E-002	0,00000E+000	2,34000E-001	4,51157E-006	13	...........	64,90
	5718	571,9	2,35192E-001	3,84409E-002	0,00000E+000	2,36000E-001	5,91157E-006	13	...........	64,90
	5719	572	2,37155E-001	3,88258E-002	0,00000E+000	2,38000E-001	5,71157E-006	13	...........	64,89
	5720	572,1	2,39120E-001	3,95763E-002	0,00000E+000	2,40000E-001	-3,68843E-006	13	...........	64,90
	5721	572,2	2,41128E-001	4,02574E-002	0,00000E+000	2,42000E-001	-3,88844E-006	13	...........	64,90
	5722	572,3	2,43087E-001	4,05679E-002	0,00000E+000	2,44000E-001	1,07116E-005	13	...........	64,89
	5723	572,4	2,45210E-001	4,09998E-002	0,00000E+000	2,46000E-001	-2,28843E-006	13	...........	64,89
	5724	572,5	2,47202E-001	4,12632E-002	0,00000E+000	2,48000E-001	4,91157E-006	13	...........	64,89
	5725	572,6	2,49378E-001	4,17871E-002	0,00000E+000	2,50000E-001	1,11116E-005	13	...........	64,90
	5726	572,7	2,51320E-001	4,21424E-002	0,00000E+000	2,52000E-001	1,41116E-005	13	...........	64,91
	5727	572,8	2,53205E-001	4,26489E-002	0,00000E+000	2,54000E-001	-6,88843E-006	13	...........	64,91
	5728	572,9	2,55176E-001	4,31288E-002	0,00000E+000	2,56000E-001	8,31157E-006	13	...........	64,92
	5729	573	2,57219E-001	4,36598E-002	0,00000E+000	2,58000E-001	7,11567E-007	13	...........	64,91
	5730	573,1	2,59294E-001	4,41785E-002	0,00000E+000	2,60000E-001	-1,48843E-006	13	...........	64,91
	5731	573,2	2,61164E-001	4,44226E-002	0,00000E+000	2,62000E-001	-2,68843E-006	13	...........	64,91
	5732	573,3	2,63123E-001	4,52007E-002	0,00000E+000	2,64000E-001	-5,08843E-006	13	...........	64,91
	5733	573,4	2,65106E-001	4,56847E-002	0,00000E+000	2,66000E-001	3,11567E-007	13	...........	64,91
	5734	573,5	2,67101E-001	4,63760E-002	0,00000E+000	2,68000E-001	-4,88431E-007	13	...........	64,91
	5735	573,6	2,69260E-001	4,70469E-002	0,00000E+000	2,70000E-001	-2,28843E-006	13	...........	64,91
	5736	573,7	2,71232E-001	4,77127E-002	0,00000E+000	2,72000E-001	2,11157E-006	13	...........	64,91
	5737	573,8	2,73202E-001	4,79189E-002	0,00000E+000	2,74000E-001	4,31157E-006	13	...........	64,92
	5738	573,9	2,75481E-001	4,84009E-002	0,00000E+000	2,76000E-001	-4,88431E-007	13	...........	64,91
	5739	574	2,77227E-001	4,88624E-002	0,00000E+000	2,78000E-001	-3,28843E-006	13	...........	64,91
	5740	574,1	2,79111E-001	4,92913E-002	0,00000E+000	2,80000E-001	-2,08843E-006	13	...........	64,92
	5741	574,2	2,81079E-001	4,95109E-002	0,00000E+000	2,82000E-001	9,31157E-006	13	...........	64,91
	5742	574,3	2,83193E-001	5,00051E-002	0,00000E+000	2,84000E-001	5,11565E-007	13	...........	64,91
	5743	574,4	2,85134E-001	5,02359E-002	0,00000E+000	2,86000E-001	-2,48843E-006	13	...........	64,91
	5744	574,5	2,87021E-001	5,07117E-002	0,00000E+000	2,88000E-001	7,11567E-007	13	...........	64,91
	5745	574,6	2,88991E-001	5,11304E-002	0,00000E+000	2,90000E-001	6,31157E-006	13	...........	64,92
	5746	574,7	2,91031E-001	5,21454E-002	0,00000E+000	2,92000E-001	-6,28843E-006	13	...........	64,91
	5747	574,8	2,93082E-001	5,21566E-002	0,00000E+000	2,94000E-001	2,51157E-006	13	...........	64,92
	5748	574,9	2,95129E-001	5,29306E-002	0,00000E+000	2,96000E-001	6,31157E-006	13	...........	64,93
	5749	575	2,97130E-001	5,33738E-002	0,00000E+000	2,98000E-001	7,91157E-006	13	...........	64,92
	5750	575,1	2,99419E-001	5,40957E-002	0,00000E+000	3,00000E-001	1,61116E-005	13	...........	64,91
	5751	575,2	3,01188E-001	5,44286E-002	0,00000E+000	3,02000E-001	1,21116E-005	13	...........	64,92
	5752	575,3	3,03106E-001	5,50944E-002	0,00000E+000	3,04000E-001	3,51157E-006	13	...........	64,91
	5753	575,4	3,05030E-001	5,54089E-002	0,00000E+000	3,06000E-001	5,71157E-006	13	...........	64,92
	5754	575,5	3,07150E-001	5,59245E-002	0,00000E+000	3,08000E-001	5,51157E-006	13	...........	64,92
	5755	575,6	3,09139E-001	5,62574E-002	0,00000E+000	3,10000E-001	-3,08843E-006	13	...........	64,92
	5756	575,7	3,11027E-001	5,68752E-002	0,00000E+000	3,12000E-001	9,51157E-006	13	...........	64,92
	5757	575,8	3,13051E-001	5,70028E-002	0,00000E+000	3,14000E-001	6,51157E-006	13	...........	64,92
	5758	575,9	3,15048E-001	5,74940E-002	0,00000E+000	3,16000E-001	1,79116E-005	13	...........	64,93
	5759	576	3,17102E-001	5,77452E-002	0,00000E+000	3,18000E-001	-2,88843E-006	13	...........	64,92
	5760	576,1	3,18983E-001	5,82987E-002	0,00000E+000	3,20000E-001	1,03116E-005	13	...........	64,92
	5761	576,2	3,21127E-001	5,84865E-002	0,00000E+000	3,22000E-001	1,53116E-005	13	...........	64,92
	5762	576,3	3,23379E-001	5,89716E-002	0,00000E+000	3,24000E-001	1,63116E-005	13	...........	64,92
	5763	576,4	3,25180E-001	5,93719E-002	0,00000E+000	3,26000E-001	7,31157E-006	13	...........	64,92
	5764	576,5	3,27110E-001	5,98385E-002	0,00000E+000	3,28000E-001	1,07116E-005	13	...........	64,92
	5765	576,6	3,29067E-001	6,02786E-002	0,00000E+000	3,30000E-001	-4,48843E-006	13	...........	64,91
	5766	576,7	3,31147E-001	6,06687E-002	0,00000E+000	3,32000E-001	2,33116E-005	13	...........	64,92
	5767	576,8	3,33136E-001	6,12252E-002	0,00000E+000	3,34000E-001	3,11157E-006	13	...........	64,93
	5768	576,9	3,35018E-001	6,16398E-002	0,00000E+000	3,36000E-001	5,71157E-006	13	...........	64,93
	5769	577	3,36979E-001	6,18205E-002	0,00000E+000	3,38000E-001	-2,08843E-006	13	...........	64,93
	5770	577,1	3,39011E-001	6,26017E-002	0,00000E+000	3,40000E-001	1,51116E-005	13	...........	64,92
	5771	577,2	3,41064E-001	6,29540E-002	0,00000E+000	3,42000E-001	1,05116E-005	13	...........	64,92
	5772	577,3	3,42951E-001	6,33062E-002	0,00000E+000	3,44000E-001	9,11157E-006	13	...........	64,92
	5773	577,4	3,44935E-001	6,34890E-002	0,00000E+000	3,46000E-001	1,21116E-005	13	...........	64,93
	5774	577,5	3,47167E-001	6,41436E-002	0,00000E+000	3,48000E-001	1,57116E-005	13	...........	64,92
	5775	577,6	3,49160E-001	6,43815E-002	0,00000E+000	3,50000E-001	1,51116E-005	13	...........	64,93
	5776	577,7	3,51023E-001	6,49278E-002	0,00000E+000	3,52000E-001	1,47116E-005	13	...........	64,93
	5777	577,8	3,52998E-001	6,49564E-002	0,00000E+000	3,54000E-001	2,31116E-005	13	...........	64,94
	5778	577,9	3,55146E-001	6,55119E-002	0,00000E+000	3,56000E-001	4,91157E-006	13	...........	64,92
	5779	578	3,57129E-001	6,56048E-002	0,00000E+000	3,58000E-001	5,71157E-006	13	...........	64,94
	5780	578,1	3,58978E-001	6,57672E-002	0,00000E+000	3,60000E-001	1,09116E-005	13	...........	64,93
	5781	578,2	3,60959E-001	6,61103E-002	0,00000E+000	3,62000E-001	8,31157E-006	13	...........	64,94
	5782	578,3	3,62993E-001	6,65606E-002	0,00000E+000	3,64000E-001	6,11157E-006	13	...........	64,93
	5783	578,4	3,65057E-001	6,67260E-002	0,00000E+000	3,66000E-001	6,91157E-006	13	...........	64,93
	5784	578,5	3,66911E-001	6,71641E-002	0,00000E+000	3,68000E-001	2,31157E-006	13	...........	64,94
	5785	578,6	3,68895E-001	6,72549E-002	0,00000E+000	3,70000E-001	2,51157E-006	13	...........	64,93
	5786	578,7	3,70884E-001	6,79667E-002	0,00000E+000	3,72000E-001	9,91157E-006	13	...........	64,94
	5787	578,8	3,73131E-001	6,81515E-002	0,00000E+000	3,74000E-001	7,11157E-006	13	...........	64,93
	5788	578,9	3,74973E-001	6,86406E-002	0,00000E+000	3,76000E-001	3,71157E-006	13	...........	64,94
	5789	579	3,76939E-001	6,88959E-002	0,00000E+000	3,78000E-001	1,39116E-005	13	...........	64,92
	5790	579,1	3,79063E-001	6,91563E-002	0,00000E+000	3,80000E-001	3,11157E-006	13	...........	64,94
	5791	579,2	3,81079E-001	6,93809E-002	0,00000E+000	3,82000E-001	8,91157E-006	13	...........	64,93
	5792	579,3	3,82910E-001	6,99303E-002	0,00000E+000	3,84000E-001	1,71157E-006	13	...........	64,94
	5793	579,4	3,84907E-001	7,03683E-002	0,00000E+000	3,86000E-001	1,01116E-005	13	...........	64,93
	5794	579,5	3,86930E-001	7,06073E-002	0,00000E+000	3,88000E-001	1,73116E-005	13	...........	64,93
	5795	579,6	3,88973E-001	7,11863E-002	0,00000E+000	3,90000E-001	3,51157E-006	13	...........	64,94
	5796	579,7	3,90845E-001	7,16233E-002	0,00000E+000	3,92000E-001	8,71157E-006	13	...........	64,94
	5797	579,8	3,92842E-001	7,19010E-002	0,00000E+000	3,94000E-001	9,71157E-006	13	...........	64,94
	5798	579,9	3,94859E-001	7,23677E-002	0,00000E+000	3,96000E-001	4,11157E-006	13	...........	64,93
	5799	580	3,96873E-001	7,25035E-002	0,00000E+000	3,98000E-001	6,31157E-006	13	...........	64,94
	5800	580,1	3,98938E-001	7,27261E-002	0,00000E+000	4,00000E-001	3,91157E-006	13	...........	64,94
	5801	580,2	4,00932E-001	7,29303E-002	0,00000E+000	4,02000E-001	2,11157E-006	13	...........	64,95
	5802	580,3	4,03278E-001	7,31907E-002	0,00000E+000	4,04000E-001	1,87116E-005	13	...........	64,96
	5803	580,4	4,05131E-001	7,33745E-002	0,00000E+000	4,06000E-001	-2,88426E-007	13	...........	64,94
	5804	580,5	4,06895E-001	7,37238E-002	0,00000E+000	4,08000E-001	2,11157E-006	13	...........	64,94
	5805	580,6	4,08920E-001	7,38116E-002	0,00000E+000	4,10000E-001	9,11572E-007	13	...........	64,92
	5806	580,7	4,11038E-001	7,40750E-002	0,00000E+000	4,12000E-001	3,51157E-006	13	...........	64,94
	5807	580,8	4,13085E-001	7,42670E-002	0,00000E+000	4,14000E-001	9,91157E-006	13	...........	64,94
	5808	580,9	4,14909E-001	7,46132E-002	0,00000E+000	4,16000E-001	-6,68843E-006	13	...........	64,95
	5809	581	4,16903E-001	7,44263E-002	0,00000E+000	4,18000E-001	-1,88843E-006	13	...........	64,94
	5810	581,1	4,18909E-001	7,49501E-002	0,00000E+000	4,20000E-001	-2,88843E-006	13	...........	64,95
	5811	581,2	4,20980E-001	7,50328E-002	0,00000E+000	4,22000E-001	-3,68843E-006	13	...........	64,94
	5812	581,3	4,22978E-001	7,52503E-002	0,00000E+000	4,24000E-001	-2,28843E-006	13	...........	64,94
	5813	581,4	4,25007E-001	7,53065E-002	0,00000E+000	4,26000E-001	4,71157E-006	13	...........	64,95
	5814	581,5	4,27105E-001	7,55996E-002	0,00000E+000	4,28000E-001	8,31157E-006	13	...........	64,95
	5815	581,6	4,29129E-001	7,59682E-002	0,00000E+000	4,30000E-001	1,91157E-006	13	...........	64,94
	5816	581,7	4,30920E-001	7,62561E-002	0,00000E+000	4,32000E-001	-8,88843E-006	13	...........	64,95
	5817	581,8	4,32894E-001	7,62112E-002	0,00000E+000	4,34000E-001	2,31157E-006	13	...........	64,95
	5818	581,9	4,34968E-001	7,64849E-002	0,00000E+000	4,36000E-001	1,39116E-005	13	...........	64,95
	5819	582	4,36949E-001	7,64634E-002	0,00000E+000	4,38000E-001	-8,88431E-007	13	...........	64,94
	5820	582,1	4,38854E-001	7,67922E-002	0,00000E+000	4,40000E-001	-2,08843E-006	13	...........	64,95
	5821	582,2	4,40843E-001	7,67851E-002	0,00000E+000	4,42000E-001	-1,68843E-006	13	...........	64,95
	5822	582,3	4,42849E-001	7,70955E-002	0,00000E+000	4,44000E-001	-7,68843E-006	13	...........	64,94
	5823	582,4	4,44866E-001	7,70669E-002	0,00000E+000	4,46000E-001	3,51157E-006	13	...........	64,95
	5824	582,5	4,46805E-001	7,73896E-002	0,00000E+000	4,48000E-001	-9,28843E-006	13	...........	64,94
	5825	582,6	4,48870E-001	7,74212E-002	0,00000E+000	4,50000E-001	9,71157E-006	13	...........	64,95
	5826	582,7	4,51196E-001	7,79553E-002	0,00000E+000	4,52000E-001	9,71157E-006	13	...........	64,96
	5827	582,8	4,53115E-001	7,81197E-002	0,00000E+000	4,54000E-001	5,11157E-006	13	...........	64,95
	5828	582,9	4,54978E-001	7,84220E-002	0,00000E+000	4,56000E-001	7,71157E-006	13	...........	64,95
	5829	583	4,56907E-001	7,81820E-002	0,00000E+000	4,58000E-001	5,71157E-006	13	...........	64,95
	5830	583,1	4,58899E-001	7,85884E-002	0,00000E+000	4,60000E-001	1,43116E-005	13	...........	64,95
	5831	583,2	4,61020E-001	7,85741E-002	0,00000E+000	4,62000E-001	-2,88426E-007	13	...........	64,94
	5832	583,3	4,62851E-001	7,90193E-002	0,00000E+000	4,64000E-001	-1,88843E-006	13	...........	64,95
	5833	583,4	4,64813E-001	7,89825E-002	0,00000E+000	4,66000E-001	-6,48843E-006	13	...........	64,95
	5834	583,5	4,66816E-001	7,90162E-002	0,00000E+000	4,68000E-001	7,31157E-006	13	...........	64,94
	5835	583,6	4,68858E-001	7,88529E-002	0,00000E+000	4,70000E-001	3,11157E-006	13	...........	64,95
	5836	583,7	4,70783E-001	7,95830E-002	0,00000E+000	4,72000E-001	-4,08843E-006	13	...........	64,95
	5837	583,8	4,72762E-001	7,94053E-002	0,00000E+000	4,74000E-001	1,51157E-006	13	...........	64,95
	5838	583,9	4,74932E-001	7,93971E-002	0,00000E+000	4,76000E-001	1,17116E-005	13	...........	64,95
	5839	584	4,77103E-001	7,95881E-002	0,00000E+000	4,78000E-001	-2,88426E-007	13	...........	64,96
	5840	584,1	4,78910E-001	7,98873E-002	0,00000E+000	4,80000E-001	-3,48843E-006	13	...........	64,95
	5841	584,2	4,80880E-001	7,98127E-002	0,00000E+000	4,82000E-001	8,31157E-006	13	...........	64,95
	5842	584,3	4,82890E-001	8,00159E-002	0,00000E+000	4,84000E-001	2,11157E-006	13	...........	64,97
	5843	584,4	4,85029E-001	7,99812E-002	0,00000E+000	4,86000E-001	8,51157E-006	13	...........	64,96
	5844	584,5	4,86819E-001	8,01109E-002	0,00000E+000	4,88000E-001	-9,68843E-006	13	...........	64,95
	5845	584,6	4,88774E-001	8,03069E-002	0,00000E+000	4,90000E-001	-1,44884E-005	13	...........	64,96
	5846	584,7	4,90748E-001	8,01670E-002	0,00000E+000	4,92000E-001	1,11573E-007	13	...........	64,96
	5847	584,8	4,92766E-001	8,00486E-002	0,00000E+000	4,94000E-001	1,09116E-005	13	...........	64,95
	5848	584,9	4,94777E-001	8,04611E-002	0,00000E+000	4,96000E-001	-1,08884E-005	13	...........	64,94
	5849	585	4,96717E-001	8,01813E-002	0,00000E+000	4,98000E-001	1,11573E-007	13	...........	64,95
	5850	585,1	4,98682E-001	8,04846E-002	0,00000E+000	5,00000E-001	5,51157E-006	13	...........	64,96
	5851	585,2	5,00992E-001	8,03090E-002	0,00000E+000	5,02000E-001	8,11157E-006	13	...........	64,95
	5852	585,3	5,02828E-001	8,06215E-002	0,00000E+000	5,04000E-001	2,11157E-006	13	...........	64,96
	5853	585,4	5,04845E-001	8,05745E-002	0,00000E+000	5,06000E-001	6,11157E-006	13	...........	64,97
	5854	585,5	5,06797E-001	8,06756E-002	0,00000E+000	5,08000E-001	6,51157E-006	13	...........	64,95
	5855	585,6	5,09013E-001	8,05847E-002	0,00000E+000	5,10000E-001	3,11157E-006	13	...........	64,95
	5856	585,7	5,10807E-001	8,07521E-002	0,00000E+000	5,12000E-001	3,51157E-006	13	...........	64,95
	5857	585,8	5,12793E-001	8,05377E-002	0,00000E+000	5,14000E-001	7,51157E-006	13	...........	64,97
	5858	585,9	5,14754E-001	8,07358E-002	0,00000E+000	5,16000E-001	4,71157E-006	13	...........	64,96
	5859	586	5,16815E-001	8,07624E-002	0,00000E+000	5,18000E-001	2,51157E-006	13	...........	64,95
	5860	586,1	5,18758E-001	8,08982E-002	0,00000E+000	5,20000E-001	1,31157E-006	13	...........	64,95
	5861	586,2	5,20698E-001	8,07818E-002	0,00000E+000	5,22000E-001	-2,88426E-007	13	...........	64,95
	5862	586,3	5,22664E-001	8,07787E-002	0,00000E+000	5,24000E-001	5,11157E-006	13	...........	64,97
	5863	586,4	5,24687E-001	8,08645E-002	0,00000E+000	5,26000E-001	9,91157E-006	13	...........	64,96
	5864	586,5	5,26847E-001	8,09993E-002	0,00000E+000	5,28000E-001	1,11573E-007	13	...........	64,96
	5865	586,6	5,28769E-001	8,06868E-002	0,00000E+000	5,30000E-001	-8,08843E-006	13	...........	64,95
	5866	586,7	5,30855E-001	8,08349E-002	0,00000E+000	5,32000E-001	1,21116E-005	13	...........	64,95
	5867	586,8	5,32990E-001	8,08318E-002	0,00000E+000	5,34000E-001	4,71157E-006	13	...........	64,96
	5868	586,9	5,34781E-001	8,08778E-002	0,00000E+000	5,36000E-001	-9,08843E-006	13	...........	64,96
	5869	587	5,36693E-001	8,09554E-002	0,00000E+000	5,38000E-001	-4,68843E-006	13	...........	64,96
	5870	587,1	5,38670E-001	8,09574E-002	0,00000E+000	5,40000E-001	3,11157E-006	13	...........	64,96
	5871	587,2	5,40739E-001	8,09870E-002	0,00000E+000	5,42000E-001	-1,00884E-005	13	...........	64,96
	5872	587,3	5,42752E-001	8,10483E-002	0,00000E+000	5,44000E-001	-3,08843E-006	13	...........	64,96
	5873	587,4	5,44635E-001	8,09564E-002	0,00000E+000	5,46000E-001	7,71157E-006	13	...........	64,97
	5874	587,5	5,46620E-001	8,11320E-002	0,00000E+000	5,48000E-001	2,91157E-006	13	...........	64,97
	5875	587,6	5,48653E-001	8,10973E-002	0,00000E+000	5,50000E-001	1,33116E-005	13	...........	64,96
	5876	587,7	5,50790E-001	8,10667E-002	0,00000E+000	5,52000E-001	-2,48843E-006	13	...........	64,96
	5877	587,8	5,52719E-001	8,11790E-002	0,00000E+000	5,54000E-001	1,71157E-006	13	...........	64,96
	5878	587,9	5,54645E-001	8,12014E-002	0,00000E+000	5,56000E-001	4,31157E-006	13	...........	64,96
	5879	588	5,57033E-001	8,11504E-002	0,00000E+000	5,58000E-001	1,05116E-005	13	...........	64,95
	5880	588,1	5,58796E-001	8,12014E-002	0,00000E+000	5,60000E-001	5,71157E-006	13	...........	64,96
	5881	588,2	5,60659E-001	8,11371E-002	0,00000E+000	5,62000E-001	8,71157E-006	13	...........	64,96
	5882	588,3	5,62639E-001	8,11616E-002	0,00000E+000	5,64000E-001	-3,28843E-006	13	...........	64,98
	5883	588,4	5,64786E-001	8,13036E-002	0,00000E+000	5,66000E-001	7,71157E-006	13	...........	64,97
	5884	588,5	5,66750E-001	8,11902E-002	0,00000E+000	5,68000E-001	-5,28843E-006	13	...........	64,96
	5885	588,6	5,68631E-001	8,11412E-002	0,00000E+000	5,70000E-001	3,31157E-006	13	...........	64,96
	5886	588,7	5,70602E-001	8,11677E-002	0,00000E+000	5,72000E-001	6,51157E-006	13	...........	64,97
	5887	588,8	5,72621E-001	8,09993E-002	0,00000E+000	5,74000E-001	-2,88843E-006	13	...........	64,96
	5888	588,9	5,74679E-001	8,09880E-002	0,00000E+000	5,76000E-001	-5,08843E-006	13	...........	64,97
	5889	589	5,76679E-001	8,11116E-002	0,00000E+000	5,78000E-001	6,11157E-006	13	...........	64,96
	5890	589,1	5,78703E-001	8,11259E-002	0,00000E+000	5,80000E-001	6,51157E-006	13	...........	64,97
	5891	589,2	5,80901E-001	8,12770E-002	0,00000E+000	5,82000E-001	4,71157E-006	13	...........	64,96
	5892	589,3	5,82784E-001	8,12852E-002	0,00000E+000	5,84000E-001	1,17116E-005	13	...........	64,96
	5893	589,4	5,84671E-001	8,12995E-002	0,00000E+000	5,86000E-001	6,91157E-006	13	...........	64,97
	5894	589,5	5,86594E-001	8,12137E-002	0,00000E+000	5,88000E-001	1,11157E-006	13	...........	64,97
	5895	589,6	5,88729E-001	8,12290E-002	0,00000E+000	5,90000E-001	1,29116E-005	13	...........	64,98
	5896	589,7	5,90732E-001	8,14087E-002	0,00000E+000	5,92000E-001	3,31157E-006	13	...........	64,96
	5897	589,8	5,92567E-001	8,13373E-002	0,00000E+000	5,94000E-001	-2,08843E-006	13	...........	64,96
	5898	589,9	5,94563E-001	8,12117E-002	0,00000E+000	5,96000E-001	6,51157E-006	13	...........	64,97
	5899	590	5,96586E-001	8,14353E-002	0,00000E+000	5,98000E-001	8,11157E-006	13	...........	64,97
	5900	590,1	5,98648E-001	8,14383E-002	0,00000E+000	6,00000E-001	-6,48843E-006	13	...........	64,97
	5901	590,2	6,00519E-001	8,15160E-002	0,00000E+000	6,02000E-001	4,11157E-006	13	...........	64,97
	5902	590,3	6,02578E-001	8,14383E-002	0,00000E+000	6,04000E-001	3,51157E-006	13	...........	64,97
	5903	590,4	6,05004E-001	8,14220E-002	0,00000E+000	6,06000E-001	3,71157E-006	13	...........	64,98
	5904	590,5	6,06767E-001	8,15558E-002	0,00000E+000	6,08000E-001	6,11157E-006	13	...........	64,98
	5905	590,6	6,08666E-001	8,16038E-002	0,00000E+000	6,10000E-001	4,11157E-006	13	...........	64,98
	5906	590,7	6,10600E-001	8,14496E-002	0,00000E+000	6,12000E-001	1,45116E-005	13	...........	64,98
	5907	590,8	6,12674E-001	8,15057E-002	0,00000E+000	6,14000E-001	8,71157E-006	13	...........	64,97
	5908	590,9	6,14736E-001	8,14863E-002	0,00000E+000	6,16000E-001	5,51157E-006	13	...........	64,97
	5909	591	6,16552E-001	8,12658E-002	0,00000E+000	6,18000E-001	7,91157E-006	13	...........	64,98
	5910	591,1	6,18539E-001	8,12933E-002	0,00000E+000	6,20000E-001	4,71157E-006	13	...........	64,98
	5911	591,2	6,20555E-001	8,13842E-002	0,00000E+000	6,22000E-001	5,11157E-006	13	...........	64,97
	5912	591,3	6,22631E-001	8,14945E-002	0,00000E+000	6,24000E-001	-5,08843E-006	13	...........	64,98
	5913	591,4	6,24481E-001	8,13066E-002	0,00000E+000	6,26000E-001	5,11565E-007	13	...........	64,99
	5914	591,5	6,26484E-001	8,12545E-002	0,00000E+000	6,28000E-001	9,51157E-006	13	...........	64,98
	5915	591,6	6,28678E-001	8,12964E-002	0,00000E+000	6,30000E-001	1,05116E-005	13	...........	64,97
	5916	591,7	6,30738E-001	8,15609E-002	0,00000E+000	6,32000E-001	-4,28843E-006	13	...........	64,98
	5917	591,8	6,32573E-001	8,16354E-002	0,00000E+000	6,34000E-001	1,05116E-005	13	...........	64,98
	5918	591,9	6,34549E-001	8,13618E-002	0,00000E+000	6,36000E-001	2,11157E-006	13	...........	64,98
	5919	592	6,36629E-001	8,16221E-002	0,00000E+000	6,38000E-001	4,91157E-006	13	...........	64,98
	5920	592,1	6,38715E-001	8,13761E-002	0,00000E+000	6,40000E-001	5,51157E-006	13	...........	64,98
	5921	592,2	6,40492E-001	8,16844E-002	0,00000E+000	6,42000E-001	2,11157E-006	13	...........	64,97
	5922	592,3	6,42486E-001	8,15374E-002	0,00000E+000	6,44000E-001	3,91157E-006	13	...........	64,96
	5923	592,4	6,44459E-001	8,16058E-002	0,00000E+000	6,46000E-001	1,11573E-007	13	...........	64,98
	5924	592,5	6,46542E-001	8,16242E-002	0,00000E+000	6,48000E-001	3,51157E-006	13	...........	64,97
	5925	592,6	6,48449E-001	8,17641E-002	0,00000E+000	6,50000E-001	-2,48843E-006	13	...........	64,98
	5926	592,7	6,50427E-001	8,15303E-002	0,00000E+000	6,52000E-001	-1,48843E-006	13	...........	64,99
	5927	592,8	6,52425E-001	8,16518E-002	0,00000E+000	6,54000E-001	8,51157E-006	13	...........	64,97
	5928	592,9	6,54693E-001	8,14731E-002	0,00000E+000	6,56000E-001	3,91157E-006	13	...........	64,98
	5929	593	6,56491E-001	8,18029E-002	0,00000E+000	6,58000E-001	1,91157E-006	13	...........	64,98
	5930	593,1	6,58544E-001	8,14598E-002	0,00000E+000	6,60000E-001	8,71157E-006	13	...........	64,97
	5931	593,2	6,60570E-001	8,16507E-002	0,00000E+000	6,62000E-001	1,51116E-005	13	...........	64,98
	5932	593,3	6,62709E-001	8,15742E-002	0,00000E+000	6,64000E-001	1,91157E-006	13	...........	64,98
	5933	593,4	6,64474E-001	8,19724E-002	0,00000E+000	6,66000E-001	1,11573E-007	13	...........	64,98
	5934	593,5	6,66507E-001	8,15629E-002	0,00000E+000	6,68000E-001	3,91157E-006	13	...........	64,98
	5935	593,6	6,68512E-001	8,18703E-002	0,00000E+000	6,70000E-001	1,33116E-005	13	...........	64,98
	5936	593,7	6,70609E-001	8,16354E-002	0,00000E+000	6,72000E-001	-4,48843E-006	13	...........	64,96
	5937	593,8	6,72436E-001	8,16375E-002	0,00000E+000	6,74000E-001	-3,88844E-006	13	...........	64,97
	5938	593,9	6,74423E-001	8,15108E-002	0,00000E+000	6,76000E-001	3,11567E-007	13	...........	64,97
	5939	594	6,76365E-001	8,15752E-002	0,00000E+000	6,78000E-001	3,11157E-006	13	...........	64,98
	5940	594,1	6,78378E-001	8,13587E-002	0,00000E+000	6,80000E-001	4,71157E-006	13	...........	64,97
	5941	594,2	6,80517E-001	8,16079E-002	0,00000E+000	6,82000E-001	5,11565E-007	13	...........	64,97
	5942	594,3	6,82480E-001	8,15639E-002	0,00000E+000	6,84000E-001	-1,08843E-006	13	...........	64,98
	5943	594,4	6,84591E-001	8,15987E-002	0,00000E+000	6,86000E-001	1,87116E-005	13	...........	64,98
	5944	594,5	6,86705E-001	8,15170E-002	0,00000E+000	6,88000E-001	6,71157E-006	13	...........	64,98
	5945	594,6	6,88455E-001	8,15772E-002	0,00000E+000	6,90000E-001	-3,88844E-006	13	...........	64,98
	5946	594,7	6,90441E-001	8,14843E-002	0,00000E+000	6,92000E-001	2,17116E-005	13	...........	64,98
	5947	594,8	6,92436E-001	8,15670E-002	0,00000E+000	6,94000E-001	6,91157E-006	13	...........	64,97
	5948	594,9	6,94527E-001	8,13556E-002	0,00000E+000	6,96000E-001	4,31157E-006	13	...........	64,98
	5949	595	6,96397E-001	8,16426E-002	0,00000E+000	6,98000E-001	2,11157E-006	13	...........	64,97
	5950	595,1	6,98358E-001	8,13036E-002	0,00000E+000	7,00000E-001	1,03116E-005	13	...........	64,96
	5951	595,2	7,00321E-001	8,14414E-002	0,00000E+000	7,02000E-001	-6,88433E-007	13	...........	64,98
	5952	595,3	7,02353E-001	8,14710E-002	0,00000E+000	7,04000E-001	1,35116E-005	13	...........	64,97
	5953	595,4	7,04475E-001	8,15047E-002	0,00000E+000	7,06000E-001	-6,88433E-007	13	...........	64,98
	5954	595,5	7,06464E-001	8,14516E-002	0,00000E+000	7,08000E-001	2,31157E-006	13	...........	64,98
	5955	595,6	7,08392E-001	8,13995E-002	0,00000E+000	7,10000E-001	1,11573E-007	13	...........	64,96
	5956	595,7	7,10704E-001	8,12923E-002	0,00000E+000	7,12000E-001	9,11157E-006	13	...........	64,96
	5957	595,8	7,12456E-001	8,15507E-002	0,00000E+000	7,14000E-001	-1,68843E-006	13	...........	64,97
	5958	595,9	7,14386E-001	8,14353E-002	0,00000E+000	7,16000E-001	1,91157E-006	13	...........	64,97
	5959	596	7,16347E-001	8,14067E-002	0,00000E+000	7,18000E-001	1,37116E-005	13	...........	64,97
	5960	596,1	7,18592E-001	8,13750E-002	0,00000E+000	7,20000E-001	-4,88431E-007	13	...........	64,97
	5961	596,2	7,20397E-001	8,12913E-002	0,00000E+000	7,22000E-001	-5,88843E-006	13	...........	64,97
	5962	596,3	7,22341E-001	8,12270E-002	0,00000E+000	7,24000E-001	4,11157E-006	13	...........	64,99
	5963	596,4	7,24311E-001	8,14189E-002	0,00000E+000	7,26000E-001	9,51157E-006	13	...........	64,97
	5964	596,5	7,26348E-001	8,12617E-002	0,00000E+000	7,28000E-001	5,71157E-006	13	...........	64,97
	5965	596,6	7,28364E-001	8,13413E-002	0,00000E+000	7,30000E-001	-2,48843E-006	13	...........	64,97
	5966	596,7	7,30393E-001	8,09809E-002	0,00000E+000	7,32000E-001	1,47116E-005	13	...........	64,98
	5967	596,8	7,32517E-001	8,13526E-002	0,00000E+000	7,34000E-001	1,63116E-005	13	...........	64,99
	5968	596,9	7,34655E-001	8,13975E-002	0,00000E+000	7,36000E-001	3,71157E-006	13	...........	64,98
	5969	597	7,36452E-001	8,14098E-002	0,00000E+000	7,38000E-001	1,45116E-005	13	...........	64,99
	5970	597,1	7,38393E-001	8,12566E-002	0,00000E+000	7,40000E-001	-3,88844E-006	13	...........	64,98
	5971	597,2	7,40277E-001	8,13781E-002	0,00000E+000	7,42000E-001	-5,28843E-006	13	...........	64,99
	5972	597,3	7,42504E-001	8,11637E-002	0,00000E+000	7,44000E-001	6,51157E-006	13	...........	64,97
	5973	597,4	7,44366E-001	8,13955E-002	0,00000E+000	7,46000E-001	1,11573E-007	13	...........	64,98
	5974	597,5	7,46285E-001	8,11994E-002	0,00000E+000	7,48000E-001	2,91157E-006	13	...........	64,98
	5975	597,6	7,48247E-001	8,12076E-002	0,00000E+000	7,50000E-001	4,71157E-006	13	...........	64,98
	5976	597,7	7,50293E-001	8,10759E-002	0,00000E+000	7,52000E-001	-8,68843E-006	13	...........	64,99
	5977	597,8	7,52328E-001	8,11923E-002	0,00000E+000	7,54000E-001	-2,68843E-006	13	...........	64,99
	5978	597,9	7,54227E-001	8,09288E-002	0,00000E+000	7,56000E-001	-4,28843E-006	13	...........	64,98
	5979	598	7,56289E-001	8,11759E-002	0,00000E+000	7,58000E-001	2,91157E-006	13	...........	64,99
	5980	598,1	7,58690E-001	8,11136E-002	0,00000E+000	7,60000E-001	5,71157E-006	13	...........	65,00
	5981	598,2	7,60420E-001	8,13556E-002	0,00000E+000	7,62000E-001	8,51157E-006	13	...........	64,98
	5982	598,3	7,62421E-001	8,10177E-002	0,00000E+000	7,64000E-001	1,59116E-005	13	...........	64,99
	5983	598,4	7,64315E-001	8,12147E-002	0,00000E+000	7,66000E-001	7,51157E-006	13	...........	65,00
	5984	598,5	7,66476E-001	8,11361E-002	0,00000E+000	7,68000E-001	8,31157E-006	13	...........	64,99
	5985	598,6	7,68395E-001	8,09686E-002	0,00000E+000	7,70000E-001	8,31157E-006	13	...........	64,99
	5986	598,7	7,70291E-001	8,11565E-002	0,00000E+000	7,72000E-001	1,19116E-005	13	...........	64,98
	5987	598,8	7,72236E-001	8,09880E-002	0,00000E+000	7,74000E-001	1,71157E-006	13	...........	64,98
	5988	598,9	7,74289E-001	8,08206E-002	0,00000E+000	7,76000E-001	1,11573E-007	13	...........	64,99
	5989	599	7,76327E-001	8,12433E-002	0,00000E+000	7,78000E-001	1,91157E-006	13	...........	64,98
	5990	599,1	7,78214E-001	8,07613E-002	0,00000E+000	7,80000E-001	1,11573E-007	13	...........	64,99
	5991	599,2	7,80190E-001	8,09584E-002	0,00000E+000	7,82000E-001	5,51157E-006	13	...........	64,98
	5992	599,3	7,82452E-001	8,08236E-002	0,00000E+000	7,84000E-001	1,15116E-005	13	...........	64,99
	5993	599,4	7,84380E-001	8,10473E-002	0,00000E+000	7,86000E-001	-4,88431E-007	13	...........	64,99
	5994	599,5	7,86333E-001	8,08900E-002	0,00000E+000	7,88000E-001	8,71157E-006	13	...........	64,99
	5995	599,6	7,88268E-001	8,09227E-002	0,00000E+000	7,90000E-001	1,33116E-005	13	...........	64,99
	5996	599,7	7,90473E-001	8,08696E-002	0,00000E+000	7,92000E-001	6,91157E-006	13	...........	64,98
	5997	599,8	7,92369E-001	8,12004E-002	0,00000E+000	7,94000E-001	3,51157E-006	13	...........	64,99
	5998	599,9	7,94251E-001	8,08277E-002	0,00000E+000	7,96000E-001	7,71157E-006	13	...........	64,99
	5999	600	7,96204E-001	8,11147E-002	0,00000E+000	7,98000E-001	3,51157E-006	13	...........	64,98
	6000	600,1	7,98258E-001	8,08686E-002	0,00000E+000	8,00000E-001	3,51157E-006	13	...........	64,99
	6001	600,2	8,00294E-001	8,10738E-002	0,00000E+000	8,02000E-001	-8,84284E-008	13	...........	64,99
	6002	600,3	8,02167E-001	8,07899E-002	0,00000E+000	8,04000E-001	4,11157E-006	13	...........	64,99
	6003	600,4	8,04150E-001	8,08859E-002	0,00000E+000	8,06000E-001	2,31157E-006	13	...........	64,99
	6004	600,5	8,06155E-001	8,09441E-002	0,00000E+000	8,08000E-001	6,31157E-006	13	...........	64,99
	6005	600,6	8,08386E-001	8,10697E-002	0,00000E+000	8,10000E-001	-6,28843E-006	13	...........	65,00
	6006	600,7	8,10237E-001	8,09472E-002	0,00000E+000	8,12000E-001	-3,08843E-006	13	...........	64,99
	6007	600,8	8,12249E-001	8,10820E-002	0,00000E+000	8,14000E-001	1,83116E-005	13	...........	65,00
	6008	600,9	8,14382E-001	8,08328E-002	0,00000E+000	8,16000E-001	1,21116E-005	13	...........	65,00
	6009	601	8,16348E-001	8,10932E-002	0,00000E+000	8,18000E-001	-5,08843E-006	13	...........	65,00
	6010	601,1	8,18203E-001	8,10044E-002	0,00000E+000	8,20000E-001	5,51157E-006	13	...........	65,00
	6011	601,2	8,20164E-001	8,08553E-002	0,00000E+000	8,22000E-001	8,71157E-006	13	...........	65,00
	6012	601,3	8,22196E-001	8,07113E-002	0,00000E+000	8,24000E-001	5,51157E-006	13	...........	65,00
	6013	601,4	8,24274E-001	8,09635E-002	0,00000E+000	8,26000E-001	2,51157E-006	13	...........	65,00
	6014	601,5	8,26102E-001	8,09074E-002	0,00000E+000	8,28000E-001	3,11567E-007	13	...........	65,00
	6015	601,6	8,28082E-001	8,10677E-002	0,00000E+000	8,30000E-001	-1,68843E-006	13	...........	64,99
	6016	601,7	8,30067E-001	8,10667E-002	0,00000E+000	8,32000E-001	1,31116E-005	13	...........	64,99
	6017	601,8	8,32129E-001	8,11157E-002	0,00000E+000	8,34000E-001	2,51157E-006	13	...........	65,00
	6018	601,9	8,34191E-001	8,10799E-002	0,00000E+000	8,36000E-001	1,71157E-006	13	...........	65,00
	6019	602	8,36149E-001	8,10871E-002	0,00000E+000	8,38000E-001	2,31157E-006	13	...........	65,00
	6020	602,1	8,38348E-001	8,11596E-002	0,00000E+000	8,40000E-001	1,21116E-005	13	...........	65,00
	6021	602,2	8,40328E-001	8,12331E-002	0,00000E+000	8,42000E-001	-7,48843E-006	13	...........	65,00
	6022	602,3	8,42075E-001	8,11208E-002	0,00000E+000	8,44000E-001	-6,48843E-006	13	...........	64,99
	6023	602,4	8,44064E-001	8,12392E-002	0,00000E+000	8,46000E-001	1,31157E-006	13	...........	65,00
	6024	602,5	8,46067E-001	8,12760E-002	0,00000E+000	8,48000E-001	-4,88843E-006	13	...........	64,99
	6025	602,6	8,48128E-001	8,11402E-002	0,00000E+000	8,50000E-001	-4,88843E-006	13	...........	65,00
	6026	602,7	8,50018E-001	8,12842E-002	0,00000E+000	8,52000E-001	-2,08843E-006	13	...........	65,01
	6027	602,8	8,52005E-001	8,11432E-002	0,00000E+000	8,54000E-001	1,11157E-006	13	...........	65,00
	6028	602,9	8,53987E-001	8,12382E-002	0,00000E+000	8,56000E-001	5,91157E-006	13	...........	65,01
	6029	603	8,56013E-001	8,12494E-002	0,00000E+000	8,58000E-001	4,51157E-006	13	...........	65,00
	6030	603,1	8,58099E-001	8,11759E-002	0,00000E+000	8,60000E-001	7,51157E-006	13	...........	65,01
	6031	603,2	8,60078E-001	8,13087E-002	0,00000E+000	8,62000E-001	-8,28843E-006	13	...........	65,01
	6032	603,3	8,62077E-001	8,11994E-002	0,00000E+000	8,64000E-001	-1,48843E-006	13	...........	65,01
	6033	603,4	8,64322E-001	8,13904E-002	0,00000E+000	8,66000E-001	-6,88843E-006	13	...........	65,00
	6034	603,5	8,66092E-001	8,15292E-002	0,00000E+000	8,68000E-001	-1,28843E-006	13	...........	65,01
	6035	603,6	8,68042E-001	8,14353E-002	0,00000E+000	8,70000E-001	3,31157E-006	13	...........	65,01
	6036	603,7	8,70041E-001	8,13924E-002	0,00000E+000	8,72000E-001	1,29116E-005	13	...........	65,01
	6037	603,8	8,72203E-001	8,16732E-002	0,00000E+000	8,74000E-001	-4,28843E-006	13	...........	65,01
	6038	603,9	8,74014E-001	8,16211E-002	0,00000E+000	8,76000E-001	-3,88844E-006	13	...........	65,00
	6039	604	8,75997E-001	8,16283E-002	0,00000E+000	8,78000E-001	6,31157E-006	13	...........	65,00
	6040	604,1	8,77988E-001	8,16752E-002	0,00000E+000	8,80000E-001	1,03116E-005	13	...........	65,00
	6041	604,2	8,79982E-001	8,14720E-002	0,00000E+000	8,82000E-001	7,11567E-007	13	...........	65,01
	6042	604,3	8,81978E-001	8,17202E-002	0,00000E+000	8,84000E-001	4,31157E-006	13	...........	65,01
	6043	604,4	8,84035E-001	8,17202E-002	0,00000E+000	8,86000E-001	-1,28843E-006	13	...........	65,01
	6044	604,5	8,86173E-001	8,16946E-002	0,00000E+000	8,88000E-001	9,51157E-006	13	...........	65,01
	6045	604,6	8,88291E-001	8,18294E-002	0,00000E+000	8,90000E-001	3,71157E-006	13	...........	65,01
	6046	604,7	8,90102E-001	8,19050E-002	0,00000E+000	8,92000E-001	1,03116E-005	13	...........	65,01
	6047	604,8	8,92051E-001	8,17243E-002	0,00000E+000	8,94000E-001	-8,84284E-008	13	...........	65,01
	6048	604,9	8,93954E-001	8,20531E-002	0,00000E+000	8,96000E-001	-3,28843E-006	13	...........	65,02
	6049	605	8,96176E-001	8,18672E-002	0,00000E+000	8,98000E-001	1,31157E-006	13	...........	65,01
	6050	605,1	8,97985E-001	8,20377E-002	0,00000E+000	9,00000E-001	-8,88431E-007	13	...........	65,01
	6051	605,2	8,99913E-001	8,20765E-002	0,00000E+000	9,02000E-001	-3,28843E-006	13	...........	65,01
	6052	605,3	9,01887E-001	8,19846E-002	0,00000E+000	9,04000E-001	1,39116E-005	13	...........	65,01
	6053	605,4	9,03950E-001	8,20183E-002	0,00000E+000	9,06000E-001	-1,28843E-006	13	...........	65,00
	6054	605,5	9,05952E-001	8,22236E-002	0,00000E+000	9,08000E-001	-1,28843E-006	13	...........	65,01
	6055	605,6	9,07859E-001	8,22420E-002	0,00000E+000	9,10000E-001	1,17116E-005	13	...........	65,02
	6056	605,7	9,09901E-001	8,22941E-002	0,00000E+000	9,12000E-001	7,31157E-006	13	...........	65,02
	6057	605,8	9,12313E-001	8,23441E-002	0,00000E+000	9,14000E-001	9,11572E-007	13	...........	65,02
	6058	605,9	9,14049E-001	8,25177E-002	0,00000E+000	9,16000E-001	1,59116E-005	13	...........	65,01
	6059	606	9,16040E-001	8,23819E-002	0,00000E+000	9,18000E-001	6,91157E-006	13	...........	65,02
	6060	606,1	9,17978E-001	8,25565E-002	0,00000E+000	9,20000E-001	1,27116E-005	13	...........	65,01
	6061	606,2	9,20143E-001	8,25299E-002	0,00000E+000	9,22000E-001	2,91157E-006	13	...........	65,02
	6062	606,3	9,22022E-001	8,26361E-002	0,00000E+000	9,24000E-001	5,51157E-006	13	...........	65,02
	6063	606,4	9,23941E-001	8,26514E-002	0,00000E+000	9,26000E-001	1,71157E-006	13	...........	65,02
	6064	606,5	9,25874E-001	8,28904E-002	0,00000E+000	9,28000E-001	-3,68843E-006	13	...........	65,02
	6065	606,6	9,27939E-001	8,27495E-002	0,00000E+000	9,30000E-001	1,51157E-006	13	...........	65,02
	6066	606,7	9,29952E-001	8,30752E-002	0,00000E+000	9,32000E-001	-3,88844E-006	13	...........	65,03
	6067	606,8	9,31868E-001	8,28403E-002	0,00000E+000	9,34000E-001	2,91157E-006	13	...........	65,02
	6068	606,9	9,33828E-001	8,30384E-002	0,00000E+000	9,36000E-001	1,09116E-005	13	...........	65,03
	6069	607	9,36137E-001	8,30364E-002	0,00000E+000	9,38000E-001	5,11157E-006	13	...........	65,01
	6070	607,1	9,38008E-001	8,33070E-002	0,00000E+000	9,40000E-001	-1,08843E-006	13	...........	65,02
	6071	607,2	9,39983E-001	8,32468E-002	0,00000E+000	9,42000E-001	9,91157E-006	13	...........	65,02
	6072	607,3	9,41860E-001	8,33438E-002	0,00000E+000	9,44000E-001	1,67116E-005	13	...........	65,03
	6073	607,4	9,44174E-001	8,35061E-002	0,00000E+000	9,46000E-001	-5,28843E-006	13	...........	65,01
	6074	607,5	9,45975E-001	8,38747E-002	0,00000E+000	9,48000E-001	2,91157E-006	13	...........	65,01
	6075	607,6	9,47890E-001	8,35970E-002	0,00000E+000	9,50000E-001	1,11573E-007	13	...........	65,02
	6076	607,7	9,49815E-001	8,38502E-002	0,00000E+000	9,52000E-001	9,91157E-006	13	...........	65,04
	6077	607,8	9,51896E-001	8,34796E-002	0,00000E+000	9,54000E-001	4,11157E-006	13	...........	65,02
	6078	607,9	9,53921E-001	8,38962E-002	0,00000E+000	9,56000E-001	-4,88431E-007	13	...........	65,04
	6079	608	9,55815E-001	8,39085E-002	0,00000E+000	9,58000E-001	4,31157E-006	13	...........	65,03
	6080	608,1	9,57779E-001	8,41290E-002	0,00000E+000	9,60000E-001	6,91157E-006	13	...........	65,02
	6081	608,2	9,59790E-001	8,40667E-002	0,00000E+000	9,62000E-001	1,29116E-005	13	...........	65,03
	6082	608,3	9,62002E-001	8,46631E-002	0,00000E+000	9,64000E-001	-7,88843E-006	13	...........	65,03
	6083	608,4	9,63881E-001	8,41852E-002	0,00000E+000	9,66000E-001	5,11157E-006	13	...........	65,02
	6084	608,5	9,65878E-001	8,45691E-002	0,00000E+000	9,68000E-001	2,05116E-005	13	...........	65,02
	6085	608,6	9,68060E-001	8,45385E-002	0,00000E+000	9,70000E-001	1,29116E-005	13	...........	65,02
	6086	608,7	9,69951E-001	8,45017E-002	0,00000E+000	9,72000E-001	-2,88426E-007	13	...........	65,01
	6087	608,8	9,71837E-001	8,47182E-002	0,00000E+000	9,74000E-001	7,11157E-006	13	...........	65,02
	6088	608,9	9,73820E-001	8,47029E-002	0,00000E+000	9,76000E-001	5,71157E-006	13	...........	65,03
	6089	609	9,75896E-001	8,50153E-002	0,00000E+000	9,78000E-001	-4,48843E-006	13	...........	65,03
	6090	609,1	9,77914E-001	8,50950E-002	0,00000E+000	9,80000E-001	-8,88431E-007	13	...........	65,03
	6091	609,2	9,79784E-001	8,51185E-002	0,00000E+000	9,82000E-001	7,31157E-006	13	...........	65,04
	6092	609,3	9,81770E-001	8,55902E-002	0,00000E+000	9,84000E-001	4,31157E-006	13	...........	65,02
	6093	609,4	9,83799E-001	8,55535E-002	0,00000E+000	9,86000E-001	9,11572E-007	13	...........	65,02
	6094	609,5	9,85934E-001	8,57128E-002	0,00000E+000	9,88000E-001	-3,28843E-006	13	...........	65,02
	6095	609,6	9,87894E-001	8,56627E-002	0,00000E+000	9,90000E-001	7,71157E-006	13	...........	65,03
	6096	609,7	9,89793E-001	8,58547E-002	0,00000E+000	9,92000E-001	4,51157E-006	13	...........	65,03
	6097	609,8	9,92152E-001	8,57250E-002	0,00000E+000	9,94000E-001	1,13116E-005	13	...........	65,03
	6098	609,9	9,93943E-001	8,58067E-002	0,00000E+000	9,96000E-001	-2,28843E-006	13	...........	65,04
	6099	610	9,95804E-001	8,59875E-002	0,00000E+000	9,98000E-001	-8,84284E-008	13	...........	65,04
	6100	610,1	9,97783E-001	8,64347E-002	0,00000E+000	1,00000E+000	4,91157E-006	13	...........	65,02
	6101	610,2	9,99833E-001	8,64643E-002	0,00000E+000	1,00200E+000	1,71157E-006	13	...........	65,04
	6102	610,3	1,00187E+000	8,68779E-002	0,00000E+000	1,00400E+000	3,31157E-006	13	...........	65,03
	6103	610,4	1,00372E+000	8,66206E-002	0,00000E+000	1,00600E+000	6,11157E-006	13	...........	65,03
	6104	610,5	1,00572E+000	8,72006E-002	0,00000E+000	1,00800E+000	7,51157E-006	13	...........	65,04
	6105	610,6	1,00774E+000	8,73088E-002	0,00000E+000	1,01000E+000	3,11157E-006	13	...........	65,04
	6106	610,7	1,00978E+000	8,76243E-002	0,00000E+000	1,01200E+000	5,11565E-007	13	...........	65,05
	6107	610,8	1,01181E+000	8,75324E-002	0,00000E+000	1,01400E+000	1,51157E-006	13	...........	65,04
	6108	610,9	1,01380E+000	8,73956E-002	0,00000E+000	1,01600E+000	5,31157E-006	13	...........	65,05
	6109	611	1,01594E+000	8,77264E-002	0,00000E+000	1,01800E+000	1,31116E-005	13	...........	65,04
	6110	611,1	1,01793E+000	8,81400E-002	0,00000E+000	1,02000E+000	1,41116E-005	13	...........	65,04
	6111	611,2	1,01977E+000	8,78316E-002	0,00000E+000	1,02200E+000	-7,08843E-006	13	...........	65,05
	6112	611,3	1,02173E+000	8,86975E-002	0,00000E+000	1,02400E+000	5,11157E-006	13	...........	65,05
	6113	611,4	1,02380E+000	8,85352E-002	0,00000E+000	1,02600E+000	1,33116E-005	13	...........	65,04
	6114	611,5	1,02581E+000	8,86812E-002	0,00000E+000	1,02800E+000	-3,88844E-006	13	...........	65,04
	6115	611,6	1,02769E+000	8,88619E-002	0,00000E+000	1,03000E+000	-2,88426E-007	13	...........	65,04
	6116	611,7	1,02968E+000	8,90171E-002	0,00000E+000	1,03200E+000	4,51157E-006	13	...........	65,04
	6117	611,8	1,03170E+000	8,89508E-002	0,00000E+000	1,03400E+000	1,33116E-005	13	...........	65,03
	6118	611,9	1,03371E+000	8,92540E-002	0,00000E+000	1,03600E+000	9,11572E-007	13	...........	65,04
	6119	612	1,03563E+000	8,91417E-002	0,00000E+000	1,03800E+000	8,71157E-006	13	...........	65,05
	6120	612,1	1,03771E+000	8,94429E-002	0,00000E+000	1,04000E+000	1,51157E-006	13	...........	65,05
	6121	612,2	1,03980E+000	8,94613E-002	0,00000E+000	1,04200E+000	1,55116E-005	13	...........	65,06
	6122	612,3	1,04188E+000	8,97942E-002	0,00000E+000	1,04400E+000	6,31157E-006	13	...........	65,05
	6123	612,4	1,04371E+000	8,98361E-002	0,00000E+000	1,04600E+000	7,91157E-006	13	...........	65,05
	6124	612,5	1,04569E+000	9,02088E-002	0,00000E+000	1,04800E+000	5,51157E-006	13	...........	65,04
	6125	612,6	1,04769E+000	9,01434E-002	0,00000E+000	1,05000E+000	1,55116E-005	13	...........	65,05
	6126	612,7	1,04980E+000	9,05386E-002	0,00000E+000	1,05200E+000	1,01116E-005	13	...........	65,05
	6127	612,8	1,05163E+000	9,03987E-002	0,00000E+000	1,05400E+000	1,91157E-006	13	...........	65,05
	6128	612,9	1,05364E+000	9,06509E-002	0,00000E+000	1,05600E+000	9,71157E-006	13	...........	65,03
	6129	613	1,05565E+000	9,08623E-002	0,00000E+000	1,05800E+000	9,11572E-007	13	...........	65,05
	6130	613,1	1,05765E+000	9,11084E-002	0,00000E+000	1,06000E+000	2,11157E-006	13	...........	65,04
	6131	613,2	1,05959E+000	9,11166E-002	0,00000E+000	1,06200E+000	3,51157E-006	13	...........	65,05
	6132	613,3	1,06157E+000	9,12993E-002	0,00000E+000	1,06400E+000	1,67116E-005	13	...........	65,05
	6133	613,4	1,06373E+000	9,13596E-002	0,00000E+000	1,06600E+000	1,71116E-005	13	...........	65,04
	6134	613,5	1,06591E+000	9,18171E-002	0,00000E+000	1,06800E+000	6,31157E-006	13	...........	65,06
	6135	613,6	1,06767E+000	9,20458E-002	0,00000E+000	1,07000E+000	7,71157E-006	13	...........	65,05
	6136	613,7	1,06972E+000	9,22755E-002	0,00000E+000	1,07200E+000	7,71157E-006	13	...........	65,06
	6137	613,8	1,07175E+000	9,27708E-002	0,00000E+000	1,07400E+000	1,53116E-005	13	...........	65,06
	6138	613,9	1,07381E+000	9,30332E-002	0,00000E+000	1,07600E+000	2,11157E-006	13	...........	65,06
	6139	614	1,07567E+000	9,30393E-002	0,00000E+000	1,07800E+000	-8,88431E-007	13	...........	65,06
	6140	614,1	1,07762E+000	9,32926E-002	0,00000E+000	1,08000E+000	9,31157E-006	13	...........	65,05
	6141	614,2	1,07965E+000	9,34876E-002	0,00000E+000	1,08200E+000	1,37116E-005	13	...........	65,04
	6142	614,3	1,08166E+000	9,36112E-002	0,00000E+000	1,08400E+000	1,47116E-005	13	...........	65,06
	6143	614,4	1,08360E+000	9,45772E-002	0,00000E+000	1,08600E+000	5,51157E-006	13	...........	65,05
	6144	614,5	1,08557E+000	9,49172E-002	0,00000E+000	1,08800E+000	3,71157E-006	13	...........	65,06
	6145	614,6	1,08756E+000	9,49529E-002	0,00000E+000	1,09000E+000	9,71157E-006	13	...........	65,06
	6146	614,7	1,08983E+000	9,52613E-002	0,00000E+000	1,09200E+000	-1,68843E-006	13	...........	65,05
	6147	614,8	1,09167E+000	9,55462E-002	0,00000E+000	1,09400E+000	7,71157E-006	13	...........	65,05
	6148	614,9	1,09365E+000	9,62375E-002	0,00000E+000	1,09600E+000	2,81116E-005	13	...........	65,06
	6149	615	1,09565E+000	9,63897E-002	0,00000E+000	1,09800E+000	1,55116E-005	13	...........	65,06
	6150	615,1	1,09777E+000	9,67828E-002	0,00000E+000	1,10000E+000	8,71157E-006	13	...........	65,05
	6151	615,2	1,09961E+000	9,69553E-002	0,00000E+000	1,10200E+000	1,17116E-005	13	...........	65,06
	6152	615,3	1,10160E+000	9,71228E-002	0,00000E+000	1,10400E+000	8,71157E-006	13	...........	65,05
	6153	615,4	1,10355E+000	9,73934E-002	0,00000E+000	1,10600E+000	2,91157E-006	13	...........	65,05
	6154	615,5	1,10556E+000	9,78927E-002	0,00000E+000	1,10800E+000	1,69116E-005	13	...........	65,06
	6155	615,6	1,10757E+000	9,77753E-002	0,00000E+000	1,11000E+000	7,11567E-007	13	...........	65,05
	6156	615,7	1,10949E+000	9,80347E-002	0,00000E+000	1,11200E+000	8,71157E-006	13	...........	65,06
	6157	615,8	1,11148E+000	9,84033E-002	0,00000E+000	1,11400E+000	1,39116E-005	13	...........	65,05
	6158	615,9	1,11350E+000	9,85667E-002	0,00000E+000	1,11600E+000	1,63116E-005	13	...........	65,06
	6159	616	1,11564E+000	9,88557E-002	0,00000E+000	1,11800E+000	1,19116E-005	13	...........	65,06
	6160	616,1	1,11757E+000	9,91834E-002	0,00000E+000	1,12000E+000	-1,68843E-006	13	...........	65,07
	6161	616,2	1,11958E+000	9,92039E-002	0,00000E+000	1,12200E+000	2,25116E-005	13	...........	65,06
	6162	616,3	1,12181E+000	9,99493E-002	0,00000E+000	1,12400E+000	-4,88431E-007	13	...........	65,06
	6163	616,4	1,12358E+000	1,00128E-001	0,00000E+000	1,12600E+000	-2,68843E-006	13	...........	65,06
	6164	616,5	1,12552E+000	1,00792E-001	0,00000E+000	1,12800E+000	1,03116E-005	13	...........	65,06
	6165	616,6	1,12752E+000	1,00983E-001	0,00000E+000	1,13000E+000	1,69116E-005	13	...........	65,06
	6166	616,7	1,12961E+000	1,01277E-001	0,00000E+000	1,13200E+000	1,03116E-005	13	...........	65,07
	6167	616,8	1,13154E+000	1,01693E-001	0,00000E+000	1,13400E+000	1,05116E-005	13	...........	65,07
	6168	616,9	1,13350E+000	1,01419E-001	0,00000E+000	1,13600E+000	1,07116E-005	13	...........	65,08
	6169	617	1,13546E+000	1,01955E-001	0,00000E+000	1,13800E+000	1,23116E-005	13	...........	65,07
	6170	617,1	1,13746E+000	1,02545E-001	0,00000E+000	1,14000E+000	4,71157E-006	13	...........	65,07
	6171	617,2	1,13956E+000	1,02995E-001	0,00000E+000	1,14200E+000	1,11116E-005	13	...........	65,07
	6172	617,3	1,14155E+000	1,03950E-001	0,00000E+000	1,14400E+000	9,91157E-006	13	...........	65,06
	6173	617,4	1,14357E+000	1,04325E-001	0,00000E+000	1,14600E+000	9,91157E-006	13	...........	65,08
	6174	617,5	1,14586E+000	1,05331E-001	0,00000E+000	1,14800E+000	5,11157E-006	13	...........	65,07
	6175	617,6	1,14755E+000	1,05664E-001	0,00000E+000	1,15000E+000	-8,84284E-008	13	...........	65,07
	6176	617,7	1,14947E+000	1,06065E-001	0,00000E+000	1,15200E+000	-2,48843E-006	13	...........	65,07
	6177	617,8	1,15150E+000	1,06323E-001	0,00000E+000	1,15400E+000	1,25116E-005	13	...........	65,06
	6178	617,9	1,15344E+000	1,06749E-001	0,00000E+000	1,15600E+000	1,11573E-007	13	...........	65,07
	6179	618	1,15546E+000	1,07182E-001	0,00000E+000	1,15800E+000	-6,48843E-006	13	...........	65,07
	6180	618,1	1,15741E+000	1,07605E-001	0,00000E+000	1,16000E+000	3,11567E-007	13	...........	65,07
	6181	618,2	1,15944E+000	1,08255E-001	0,00000E+000	1,16200E+000	1,35116E-005	13	...........	65,07
	6182	618,3	1,16141E+000	1,08623E-001	0,00000E+000	1,16400E+000	8,31157E-006	13	...........	65,07
	6183	618,4	1,16344E+000	1,09622E-001	0,00000E+000	1,16600E+000	2,31157E-006	13	...........	65,08
	6184	618,5	1,16551E+000	1,09881E-001	0,00000E+000	1,16800E+000	-1,04884E-005	13	...........	65,07
	6185	618,6	1,16752E+000	1,10666E-001	0,00000E+000	1,17000E+000	1,27116E-005	13	...........	65,07
	6186	618,7	1,16968E+000	1,11337E-001	0,00000E+000	1,17200E+000	5,51157E-006	13	...........	65,07
	6187	618,8	1,17158E+000	1,12035E-001	0,00000E+000	1,17400E+000	4,91157E-006	13	...........	65,08
	6188	618,9	1,17346E+000	1,13005E-001	0,00000E+000	1,17600E+000	4,51157E-006	13	...........	65,07
	6189	619	1,17542E+000	1,13556E-001	0,00000E+000	1,17800E+000	6,11157E-006	13	...........	65,07
	6190	619,1	1,17754E+000	1,13885E-001	0,00000E+000	1,18000E+000	1,33116E-005	13	...........	65,07
	6191	619,2	1,17954E+000	1,14612E-001	0,00000E+000	1,18200E+000	2,71156E-006	13	...........	65,08
	6192	619,3	1,18140E+000	1,14602E-001	0,00000E+000	1,18400E+000	9,51157E-006	13	...........	65,08
	6193	619,4	1,18338E+000	1,15199E-001	0,00000E+000	1,18600E+000	9,71157E-006	13	...........	65,08
	6194	619,5	1,18541E+000	1,15709E-001	0,00000E+000	1,18800E+000	1,37116E-005	13	...........	65,07
	6195	619,6	1,18748E+000	1,16501E-001	0,00000E+000	1,19000E+000	1,11157E-006	13	...........	65,06
	6196	619,7	1,18936E+000	1,17059E-001	0,00000E+000	1,19200E+000	1,11157E-006	13	...........	65,07
	6197	619,8	1,19143E+000	1,18159E-001	0,00000E+000	1,19400E+000	-2,28843E-006	13	...........	65,09
	6198	619,9	1,19378E+000	1,18663E-001	0,00000E+000	1,19600E+000	3,71157E-006	13	...........	65,08
	6199	620	1,19555E+000	1,19904E-001	0,00000E+000	1,19800E+000	7,51157E-006	13	...........	65,08
	6200	620,1	1,19751E+000	1,20713E-001	0,00000E+000	1,20000E+000	3,11157E-006	13	...........	65,09
	6201	620,2	1,19945E+000	1,21295E-001	0,00000E+000	1,20200E+000	5,71157E-006	13	...........	65,08
	6202	620,3	1,20152E+000	1,22010E-001	0,00000E+000	1,20400E+000	1,17116E-005	13	...........	65,09
	6203	620,4	1,20354E+000	1,22747E-001	0,00000E+000	1,20600E+000	8,11157E-006	13	...........	65,08
	6204	620,5	1,20536E+000	1,23009E-001	0,00000E+000	1,20800E+000	7,71157E-006	13	...........	65,08
	6205	620,6	1,20736E+000	1,23782E-001	0,00000E+000	1,21000E+000	7,51157E-006	13	...........	65,09
	6206	620,7	1,20939E+000	1,24622E-001	0,00000E+000	1,21200E+000	2,51157E-006	13	...........	65,08
	6207	620,8	1,21147E+000	1,25536E-001	0,00000E+000	1,21400E+000	4,91157E-006	13	...........	65,08
	6208	620,9	1,21333E+000	1,26129E-001	0,00000E+000	1,21600E+000	2,91157E-006	13	...........	65,09
	6209	621	1,21532E+000	1,26941E-001	0,00000E+000	1,21800E+000	1,95116E-005	13	...........	65,08
	6210	621,1	1,21754E+000	1,27870E-001	0,00000E+000	1,22000E+000	9,91157E-006	13	...........	65,09
	6211	621,2	1,21957E+000	1,29160E-001	0,00000E+000	1,22200E+000	3,11157E-006	13	...........	65,09
	6212	621,3	1,22142E+000	1,30125E-001	0,00000E+000	1,22400E+000	1,41116E-005	13	...........	65,09
	6213	621,4	1,22339E+000	1,31077E-001	0,00000E+000	1,22600E+000	-8,84284E-008	13	...........	65,08
	6214	621,5	1,22549E+000	1,31874E-001	0,00000E+000	1,22800E+000	1,83116E-005	13	...........	65,08
	6215	621,6	1,22751E+000	1,32731E-001	0,00000E+000	1,23000E+000	-4,08843E-006	13	...........	65,08
	6216	621,7	1,22943E+000	1,33607E-001	0,00000E+000	1,23200E+000	1,75116E-005	13	...........	65,08
	6217	621,8	1,23135E+000	1,34427E-001	0,00000E+000	1,23400E+000	1,27116E-005	13	...........	65,09
	6218	621,9	1,23346E+000	1,35443E-001	0,00000E+000	1,23600E+000	1,35116E-005	13	...........	65,10
	6219	622	1,23546E+000	1,36674E-001	0,00000E+000	1,23800E+000	-4,08843E-006	13	...........	65,09
	6220	622,1	1,23735E+000	1,37442E-001	0,00000E+000	1,24000E+000	6,71157E-006	13	...........	65,09
	6221	622,2	1,23935E+000	1,38663E-001	0,00000E+000	1,24200E+000	1,43116E-005	13	...........	65,08
	6222	622,3	1,24134E+000	1,39424E-001	0,00000E+000	1,24400E+000	1,05116E-005	13	...........	65,08
	6223	622,4	1,24355E+000	1,40122E-001	0,00000E+000	1,24600E+000	8,71157E-006	13	...........	65,09
	6224	622,5	1,24542E+000	1,40990E-001	0,00000E+000	1,24800E+000	6,71157E-006	13	...........	65,09
	6225	622,6	1,24752E+000	1,42225E-001	0,00000E+000	1,25000E+000	1,21116E-005	13	...........	65,09
	6226	622,7	1,24951E+000	1,43037E-001	0,00000E+000	1,25200E+000	1,11573E-007	13	...........	65,09
	6227	622,8	1,25153E+000	1,44353E-001	0,00000E+000	1,25400E+000	-5,08843E-006	13	...........	65,08
	6228	622,9	1,25339E+000	1,45474E-001	0,00000E+000	1,25600E+000	2,71156E-006	13	...........	65,08
	6229	623	1,25536E+000	1,46580E-001	0,00000E+000	1,25800E+000	2,31157E-006	13	...........	65,08
	6230	623,1	1,25737E+000	1,47277E-001	0,00000E+000	1,26000E+000	9,91157E-006	13	...........	65,08
	6231	623,2	1,25945E+000	1,48495E-001	0,00000E+000	1,26200E+000	-3,68843E-006	13	...........	65,08
	6232	623,3	1,26129E+000	1,49180E-001	0,00000E+000	1,26400E+000	-8,88431E-007	13	...........	65,09
	6233	623,4	1,26328E+000	1,50425E-001	0,00000E+000	1,26600E+000	1,23116E-005	13	...........	65,09
	6234	623,5	1,26527E+000	1,51142E-001	0,00000E+000	1,26800E+000	-6,88843E-006	13	...........	65,09
	6235	623,6	1,26733E+000	1,52604E-001	0,00000E+000	1,27000E+000	-2,28843E-006	13	...........	65,08
	6236	623,7	1,26939E+000	1,53373E-001	0,00000E+000	1,27200E+000	-1,28843E-006	13	...........	65,08
	6237	623,8	1,27138E+000	1,54538E-001	0,00000E+000	1,27400E+000	7,31157E-006	13	...........	65,09
	6238	623,9	1,27367E+000	1,55437E-001	0,00000E+000	1,27600E+000	2,35116E-005	13	...........	65,08
	6239	624	1,27550E+000	1,56530E-001	0,00000E+000	1,27800E+000	1,21116E-005	13	...........	65,08
	6240	624,1	1,27735E+000	1,57199E-001	0,00000E+000	1,28000E+000	6,31157E-006	13	...........	65,10
	6241	624,2	1,27934E+000	1,58708E-001	0,00000E+000	1,28200E+000	1,13116E-005	13	...........	65,09
	6242	624,3	1,28143E+000	1,59374E-001	0,00000E+000	1,28400E+000	7,31157E-006	13	...........	65,08
	6243	624,4	1,28345E+000	1,60679E-001	0,00000E+000	1,28600E+000	-1,10884E-005	13	...........	65,08
	6244	624,5	1,28533E+000	1,61682E-001	0,00000E+000	1,28800E+000	1,13116E-005	13	...........	65,08
	6245	624,6	1,28731E+000	1,62785E-001	0,00000E+000	1,29000E+000	1,23116E-005	13	...........	65,09
	6246	624,7	1,28930E+000	1,63501E-001	0,00000E+000	1,29200E+000	-6,88433E-007	13	...........	65,09
	6247	624,8	1,29134E+000	1,64621E-001	0,00000E+000	1,29400E+000	-4,08843E-006	13	...........	65,09
	6248	624,9	1,29338E+000	1,65197E-001	0,00000E+000	1,29600E+000	6,51157E-006	13	...........	65,09
	6249	625	1,29534E+000	1,66390E-001	0,00000E+000	1,29800E+000	6,11157E-006	13	...........	65,08
	6250	625,1	1,29758E+000	1,66854E-001	0,00000E+000	1,30000E+000	9,11157E-006	13	...........	65,09
	6251	625,2	1,29952E+000	1,68202E-001	0,00000E+000	1,30200E+000	-2,68843E-006	13	...........	65,09
	6252	625,3	1,30136E+000	1,68737E-001	0,00000E+000	1,30400E+000	8,11157E-006	13	...........	65,09
	6253	625,4	1,30330E+000	1,69916E-001	0,00000E+000	1,30600E+000	8,91157E-006	13	...........	65,09
	6254	625,5	1,30533E+000	1,70430E-001	0,00000E+000	1,30800E+000	2,51157E-006	13	...........	65,09
	6255	625,6	1,30744E+000	1,71636E-001	0,00000E+000	1,31000E+000	-7,68843E-006	13	...........	65,10
	6256	625,7	1,30923E+000	1,72048E-001	0,00000E+000	1,31200E+000	-6,28843E-006	13	...........	65,09
	6257	625,8	1,31125E+000	1,73130E-001	0,00000E+000	1,31400E+000	1,05116E-005	13	...........	65,09
	6258	625,9	1,31323E+000	1,73587E-001	0,00000E+000	1,31600E+000	-6,48843E-006	13	...........	65,09
	6259	626	1,31526E+000	1,74559E-001	0,00000E+000	1,31800E+000	8,31157E-006	13	...........	65,08
	6260	626,1	1,31721E+000	1,75135E-001	0,00000E+000	1,32000E+000	-1,48843E-006	13	...........	65,09
	6261	626,2	1,31930E+000	1,75908E-001	0,00000E+000	1,32200E+000	-3,28843E-006	13	...........	65,10
	6262	626,3	1,32170E+000	1,76522E-001	0,00000E+000	1,32400E+000	1,11157E-006	13	...........	65,08
	6263	626,4	1,32353E+000	1,77750E-001	0,00000E+000	1,32600E+000	3,31157E-006	13	...........	65,09
	6264	626,5	1,32538E+000	1,78090E-001	0,00000E+000	1,32800E+000	8,11157E-006	13	...........	65,10
	6265	626,6	1,32733E+000	1,78731E-001	0,00000E+000	1,33000E+000	6,91157E-006	13	...........	65,09
	6266	626,7	1,32932E+000	1,79046E-001	0,00000E+000	1,33200E+000	6,71157E-006	13	...........	65,09
	6267	626,8	1,33148E+000	1,79973E-001	0,00000E+000	1,33400E+000	-2,88426E-007	13	...........	65,09
	6268	626,9	1,33330E+000	1,79988E-001	0,00000E+000	1,33600E+000	5,11565E-007	13	...........	65,09
	6269	627	1,33525E+000	1,80732E-001	0,00000E+000	1,33800E+000	1,91157E-006	13	...........	65,10
	6270	627,1	1,33721E+000	1,80981E-001	0,00000E+000	1,34000E+000	1,81116E-005	13	...........	65,11
	6271	627,2	1,33927E+000	1,81765E-001	0,00000E+000	1,34200E+000	-2,08843E-006	13	...........	65,09
	6272	627,3	1,34120E+000	1,81913E-001	0,00000E+000	1,34400E+000	-1,68843E-006	13	...........	65,09
	6273	627,4	1,34317E+000	1,82549E-001	0,00000E+000	1,34600E+000	-4,08843E-006	13	...........	65,09
	6274	627,5	1,34523E+000	1,82577E-001	0,00000E+000	1,34800E+000	-1,68843E-006	13	...........	65,09
	6275	627,6	1,34753E+000	1,83396E-001	0,00000E+000	1,35000E+000	2,51157E-006	13	...........	65,09
	6276	627,7	1,34933E+000	1,83320E-001	0,00000E+000	1,35200E+000	3,71157E-006	13	...........	65,09
	6277	627,8	1,35127E+000	1,83910E-001	0,00000E+000	1,35400E+000	9,71157E-006	13	...........	65,09
	6278	627,9	1,35328E+000	1,84120E-001	0,00000E+000	1,35600E+000	6,31157E-006	13	...........	65,10
	6279	628	1,35545E+000	1,84565E-001	0,00000E+000	1,35800E+000	-7,88843E-006	13	...........	65,10
	6280	628,1	1,35723E+000	1,84651E-001	0,00000E+000	1,36000E+000	1,91157E-006	13	...........	65,10
	6281	628,2	1,35918E+000	1,85237E-001	0,00000E+000	1,36200E+000	-4,48843E-006	13	...........	65,09
	6282	628,3	1,36115E+000	1,85138E-001	0,00000E+000	1,36400E+000	9,71157E-006	13	...........	65,10
	6283	628,4	1,36320E+000	1,85738E-001	0,00000E+000	1,36600E+000	2,91157E-006	13	...........	65,09
	6284	628,5	1,36515E+000	1,85587E-001	0,00000E+000	1,36800E+000	-8,28843E-006	13	...........	65,09
	6285	628,6	1,36710E+000	1,86302E-001	0,00000E+000	1,37000E+000	-3,48843E-006	13	...........	65,10
	6286	628,7	1,36910E+000	1,85987E-001	0,00000E+000	1,37200E+000	1,11116E-005	13	...........	65,09
	6287	628,8	1,37134E+000	1,86537E-001	0,00000E+000	1,37400E+000	6,31157E-006	13	...........	65,09
	6288	628,9	1,37323E+000	1,86298E-001	0,00000E+000	1,37600E+000	5,11157E-006	13	...........	65,10
	6289	629	1,37523E+000	1,86626E-001	0,00000E+000	1,37800E+000	5,91157E-006	13	...........	65,10
	6290	629,1	1,37722E+000	1,86379E-001	0,00000E+000	1,38000E+000	1,37116E-005	13	...........	65,10
	6291	629,2	1,37944E+000	1,86871E-001	0,00000E+000	1,38200E+000	4,51157E-006	13	...........	65,09
	6292	629,3	1,38120E+000	1,86508E-001	0,00000E+000	1,38400E+000	9,11157E-006	13	...........	65,09
	6293	629,4	1,38317E+000	1,86893E-001	0,00000E+000	1,38600E+000	-2,88426E-007	13	...........	65,11
	6294	629,5	1,38516E+000	1,86832E-001	0,00000E+000	1,38800E+000	1,03116E-005	13	...........	65,09
	6295	629,6	1,38722E+000	1,86878E-001	0,00000E+000	1,39000E+000	3,11157E-006	13	...........	65,09
	6296	629,7	1,38915E+000	1,86784E-001	0,00000E+000	1,39200E+000	-4,08843E-006	13	...........	65,09
	6297	629,8	1,39107E+000	1,87085E-001	0,00000E+000	1,39400E+000	1,01116E-005	13	...........	65,10
	6298	629,9	1,39306E+000	1,86821E-001	0,00000E+000	1,39600E+000	-2,28843E-006	13	...........	65,10
	6299	630	1,39506E+000	1,87248E-001	0,00000E+000	1,39800E+000	1,75116E-005	13	...........	65,10
	6300	630,1	1,39722E+000	1,87201E-001	0,00000E+000	1,40000E+000	6,31157E-006	13	...........	65,09
	6301	630,2	1,39508E+000	1,81111E-001	0,00000E+000	1,39800E+000	2,51157E-006	13	...........	65,10
	6302	630,3	1,39308E+000	1,76793E-001	0,00000E+000	1,39600E+000	6,91157E-006	13	...........	65,10
	6303	630,4	1,39110E+000	1,73109E-001	0,00000E+000	1,39400E+000	2,51157E-006	13	...........	65,10
	6304	630,5	1,38915E+000	1,70156E-001	0,00000E+000	1,39200E+000	1,23116E-005	13	...........	65,10
	6305	630,6	1,38721E+000	1,67141E-001	0,00000E+000	1,39000E+000	2,71156E-006	13	...........	65,10
	6306	630,7	1,38512E+000	1,64230E-001	0,00000E+000	1,38800E+000	1,19116E-005	13	...........	65,10
	6307	630,8	1,38321E+000	1,62341E-001	0,00000E+000	1,38600E+000	4,71157E-006	13	...........	65,10
	6308	630,9	1,38121E+000	1,59473E-001	0,00000E+000	1,38400E+000	-2,88843E-006	13	...........	65,10
	6309	631	1,37948E+000	1,57598E-001	0,00000E+000	1,38200E+000	7,51157E-006	13	...........	65,10
	6310	631,1	1,37724E+000	1,55380E-001	0,00000E+000	1,38000E+000	9,91157E-006	13	...........	65,10
	6311	631,2	1,37522E+000	1,53656E-001	0,00000E+000	1,37800E+000	1,39116E-005	13	...........	65,10
	6312	631,3	1,37323E+000	1,51671E-001	0,00000E+000	1,37600E+000	-6,88433E-007	13	...........	65,09
	6313	631,4	1,37133E+000	1,49614E-001	0,00000E+000	1,37400E+000	2,71156E-006	13	...........	65,10
	6314	631,5	1,36908E+000	1,47861E-001	0,00000E+000	1,37200E+000	1,11116E-005	13	...........	65,09
	6315	631,6	1,36711E+000	1,46661E-001	0,00000E+000	1,37000E+000	-7,88843E-006	13	...........	65,10
	6316	631,7	1,36518E+000	1,45163E-001	0,00000E+000	1,36800E+000	-7,88843E-006	13	...........	65,10
	6317	631,8	1,36322E+000	1,43151E-001	0,00000E+000	1,36600E+000	1,01116E-005	13	...........	65,11
	6318	631,9	1,36119E+000	1,41533E-001	0,00000E+000	1,36400E+000	7,11567E-007	13	...........	65,10
	6319	632	1,35914E+000	1,39902E-001	0,00000E+000	1,36200E+000	9,71157E-006	13	...........	65,10
	6320	632,1	1,35720E+000	1,38822E-001	0,00000E+000	1,36000E+000	3,11567E-007	13	...........	65,09
	6321	632,2	1,35541E+000	1,37448E-001	0,00000E+000	1,35800E+000	1,07116E-005	13	...........	65,11
	6322	632,3	1,35322E+000	1,35576E-001	0,00000E+000	1,35600E+000	1,25116E-005	13	...........	65,10
	6323	632,4	1,35126E+000	1,33959E-001	0,00000E+000	1,35400E+000	1,59116E-005	13	...........	65,09
	6324	632,5	1,34930E+000	1,32758E-001	0,00000E+000	1,35200E+000	1,15116E-005	13	...........	65,10
	6325	632,6	1,34752E+000	1,31184E-001	0,00000E+000	1,35000E+000	1,49116E-005	13	...........	65,09
	6326	632,7	1,34525E+000	1,30000E-001	0,00000E+000	1,34800E+000	8,31157E-006	13	...........	65,10
	6327	632,8	1,34318E+000	1,28390E-001	0,00000E+000	1,34600E+000	9,51157E-006	13	...........	65,09
	6328	632,9	1,34120E+000	1,26901E-001	0,00000E+000	1,34400E+000	5,11157E-006	13	...........	65,10
	6329	633	1,33929E+000	1,25644E-001	0,00000E+000	1,34200E+000	1,35116E-005	13	...........	65,10
	6330	633,1	1,33723E+000	1,24336E-001	0,00000E+000	1,34000E+000	1,29116E-005	13	...........	65,10
	6331	633,2	1,33521E+000	1,23181E-001	0,00000E+000	1,33800E+000	4,51157E-006	13	...........	65,10
	6332	633,3	1,33323E+000	1,22163E-001	0,00000E+000	1,33600E+000	7,51157E-006	13	...........	65,09
	6333	633,4	1,33140E+000	1,20897E-001	0,00000E+000	1,33400E+000	4,31157E-006	13	...........	65,10
	6334	633,5	1,32925E+000	1,19523E-001	0,00000E+000	1,33200E+000	2,51157E-006	13	...........	65,09
	6335	633,6	1,32727E+000	1,17853E-001	0,00000E+000	1,33000E+000	-4,28843E-006	13	...........	65,09
	6336	633,7	1,32532E+000	1,16418E-001	0,00000E+000	1,32800E+000	1,35116E-005	13	...........	65,10
	6337	633,8	1,32351E+000	1,15180E-001	0,00000E+000	1,32600E+000	1,51116E-005	13	...........	65,09
	6338	633,9	1,32144E+000	1,14087E-001	0,00000E+000	1,32400E+000	1,51157E-006	13	...........	65,10
	6339	634	1,31926E+000	1,12969E-001	0,00000E+000	1,32200E+000	6,51157E-006	13	...........	65,10
	6340	634,1	1,31719E+000	1,11470E-001	0,00000E+000	1,32000E+000	1,31157E-006	13	...........	65,08
	6341	634,2	1,31518E+000	1,09853E-001	0,00000E+000	1,31800E+000	3,71157E-006	13	...........	65,11
	6342	634,3	1,31322E+000	1,08690E-001	0,00000E+000	1,31600E+000	1,29116E-005	13	...........	65,10
	6343	634,4	1,31118E+000	1,07460E-001	0,00000E+000	1,31400E+000	-5,28843E-006	13	...........	65,09
	6344	634,5	1,30920E+000	1,06304E-001	0,00000E+000	1,31200E+000	-4,08843E-006	13	...........	65,09
	6345	634,6	1,30723E+000	1,04894E-001	0,00000E+000	1,31000E+000	1,09116E-005	13	...........	65,09
	6346	634,7	1,30526E+000	1,03498E-001	0,00000E+000	1,30800E+000	9,51157E-006	13	...........	65,09
	6347	634,8	1,30324E+000	1,01816E-001	0,00000E+000	1,30600E+000	1,55116E-005	13	...........	65,09
	6348	634,9	1,30128E+000	1,00691E-001	0,00000E+000	1,30400E+000	1,85116E-005	13	...........	65,10
	6349	635	1,29950E+000	9,94326E-002	0,00000E+000	1,30200E+000	2,23116E-005	13	...........	65,10
	6350	635,1	1,29745E+000	9,82379E-002	0,00000E+000	1,30000E+000	1,43116E-005	13	...........	65,09
	6351	635,2	1,29532E+000	9,72668E-002	0,00000E+000	1,29800E+000	5,31157E-006	13	...........	65,09
	6352	635,3	1,29338E+000	9,59577E-002	0,00000E+000	1,29600E+000	2,31157E-006	13	...........	65,09
	6353	635,4	1,29129E+000	9,44516E-002	0,00000E+000	1,29400E+000	-1,48843E-006	13	...........	65,10
	6354	635,5	1,28928E+000	9,28147E-002	0,00000E+000	1,29200E+000	1,81116E-005	13	...........	65,10
	6355	635,6	1,28728E+000	9,15168E-002	0,00000E+000	1,29000E+000	1,35116E-005	13	...........	65,09
	6356	635,7	1,28527E+000	9,04988E-002	0,00000E+000	1,28800E+000	5,71157E-006	13	...........	65,09
	6357	635,8	1,28340E+000	8,92448E-002	0,00000E+000	1,28600E+000	5,71157E-006	13	...........	65,10
	6358	635,9	1,28136E+000	8,78898E-002	0,00000E+000	1,28400E+000	1,31157E-006	13	...........	65,09
	6359	636	1,27930E+000	8,65685E-002	0,00000E+000	1,28200E+000	3,51157E-006	13	...........	65,09
	6360	636,1	1,27733E+000	8,52727E-002	0,00000E+000	1,28000E+000	1,91157E-006	13	...........	65,08
	6361	636,2	1,27554E+000	8,38819E-002	0,00000E+000	1,27800E+000	7,71157E-006	13	...........	65,10
	6362	636,3	1,27360E+000	8,26392E-002	0,00000E+000	1,27600E+000	3,91157E-006	13	...........	65,10
	6363	636,4	1,27135E+000	8,15619E-002	0,00000E+000	1,27400E+000	-5,08843E-006	13	...........	65,09
	6364	636,5	1,26942E+000	8,05561E-002	0,00000E+000	1,27200E+000	2,71156E-006	13	...........	65,10
	6365	636,6	1,26740E+000	7,91541E-002	0,00000E+000	1,27000E+000	6,51157E-006	13	...........	65,09
	6366	636,7	1,26529E+000	7,77715E-002	0,00000E+000	1,26800E+000	5,31157E-006	13	...........	65,10
	6367	636,8	1,26331E+000	7,65482E-002	0,00000E+000	1,26600E+000	-6,88433E-007	13	...........	65,10
	6368	636,9	1,26130E+000	7,53361E-002	0,00000E+000	1,26400E+000	1,51157E-006	13	...........	65,09
	6369	637	1,25948E+000	7,40893E-002	0,00000E+000	1,26200E+000	-9,68843E-006	13	...........	65,08
	6370	637,1	1,25738E+000	7,32009E-002	0,00000E+000	1,26000E+000	4,51157E-006	13	...........	65,09
	6371	637,2	1,25538E+000	7,20512E-002	0,00000E+000	1,25800E+000	1,05116E-005	13	...........	65,10
	6372	637,3	1,25334E+000	7,07196E-002	0,00000E+000	1,25600E+000	1,07116E-005	13	...........	65,09
	6373	637,4	1,25149E+000	6,92369E-002	0,00000E+000	1,25400E+000	6,11157E-006	13	...........	65,09
	6374	637,5	1,24950E+000	6,79922E-002	0,00000E+000	1,25200E+000	1,61116E-005	13	...........	65,09
	6375	637,6	1,24740E+000	6,69251E-002	0,00000E+000	1,25000E+000	2,59116E-005	13	...........	65,10
	6376	637,7	1,24541E+000	6,61000E-002	0,00000E+000	1,24800E+000	1,09116E-005	13	...........	65,10
	6377	637,8	1,24358E+000	6,51249E-002	0,00000E+000	1,24600E+000	3,11157E-006	13	...........	65,10
	6378	637,9	1,24136E+000	6,40670E-002	0,00000E+000	1,24400E+000	1,89116E-005	13	...........	65,10
	6379	638	1,23937E+000	6,29866E-002	0,00000E+000	1,24200E+000	1,67116E-005	13	...........	65,10
	6380	638,1	1,23740E+000	6,19196E-002	0,00000E+000	1,24000E+000	8,51157E-006	13	...........	65,09
	6381	638,2	1,23550E+000	6,05441E-002	0,00000E+000	1,23800E+000	6,71157E-006	13	...........	65,10
	6382	638,3	1,23349E+000	5,97987E-002	0,00000E+000	1,23600E+000	9,51157E-006	13	...........	65,10
	6383	638,4	1,23145E+000	5,88388E-002	0,00000E+000	1,23400E+000	1,51157E-006	13	...........	65,10
	6384	638,5	1,22943E+000	5,77973E-002	0,00000E+000	1,23200E+000	7,71157E-006	13	...........	65,09
	6385	638,6	1,22752E+000	5,71478E-002	0,00000E+000	1,23000E+000	2,11157E-006	13	...........	65,10
	6386	638,7	1,22552E+000	5,62789E-002	0,00000E+000	1,22800E+000	2,33116E-005	13	...........	65,10
	6387	638,8	1,22341E+000	5,51863E-002	0,00000E+000	1,22600E+000	1,31116E-005	13	...........	65,09
	6388	638,9	1,22144E+000	5,41948E-002	0,00000E+000	1,22400E+000	1,13116E-005	13	...........	65,09
	6389	639	1,21955E+000	5,32512E-002	0,00000E+000	1,22200E+000	-2,08843E-006	13	...........	65,10
	6390	639,1	1,21752E+000	5,18982E-002	0,00000E+000	1,22000E+000	1,13116E-005	13	...........	65,09
	6391	639,2	1,21532E+000	5,10517E-002	0,00000E+000	1,21800E+000	9,11572E-007	13	...........	65,09
	6392	639,3	1,21333E+000	5,01542E-002	0,00000E+000	1,21600E+000	5,51157E-006	13	...........	65,10
	6393	639,4	1,21147E+000	4,96457E-002	0,00000E+000	1,21400E+000	-1,10884E-005	13	...........	65,10
	6394	639,5	1,20940E+000	4,87746E-002	0,00000E+000	1,21200E+000	1,17116E-005	13	...........	65,09
	6395	639,6	1,20739E+000	4,78485E-002	0,00000E+000	1,21000E+000	1,27116E-005	13	...........	65,10
	6396	639,7	1,20543E+000	4,71990E-002	0,00000E+000	1,20800E+000	2,11157E-006	13	...........	65,10
	6397	639,8	1,20356E+000	4,65077E-002	0,00000E+000	1,20600E+000	-8,28843E-006	13	...........	65,08
	6398	639,9	1,20171E+000	4,54315E-002	0,00000E+000	1,20400E+000	3,71157E-006	13	...........	65,09
	6399	640	1,19951E+000	4,46187E-002	0,00000E+000	1,20200E+000	3,31157E-006	13	...........	65,09
	6400	640,1	1,19757E+000	4,39406E-002	0,00000E+000	1,20000E+000	5,11565E-007	13	...........	65,09
	6401	640,2	1,19559E+000	4,33188E-002	0,00000E+000	1,19800E+000	1,11157E-006	13	...........	65,08
	6402	640,3	1,19389E+000	4,25356E-002	0,00000E+000	1,19600E+000	6,71157E-006	13	...........	65,09
	6403	640,4	1,19153E+000	4,16288E-002	0,00000E+000	1,19400E+000	1,71157E-006	13	...........	65,08
	6404	640,5	1,18938E+000	4,09620E-002	0,00000E+000	1,19200E+000	4,91157E-006	13	...........	65,10
	6405	640,6	1,18748E+000	4,04351E-002	0,00000E+000	1,19000E+000	-1,68843E-006	13	...........	65,09
	6406	640,7	1,18544E+000	4,00593E-002	0,00000E+000	1,18800E+000	6,51157E-006	13	...........	65,09
	6407	640,8	1,18343E+000	3,90944E-002	0,00000E+000	1,18600E+000	7,71157E-006	13	...........	65,10
	6408	640,9	1,18144E+000	3,85072E-002	0,00000E+000	1,18400E+000	2,31157E-006	13	...........	65,10
	6409	641	1,17953E+000	3,78598E-002	0,00000E+000	1,18200E+000	-6,08843E-006	13	...........	65,09
	6410	641,1	1,17761E+000	3,70072E-002	0,00000E+000	1,18000E+000	1,53116E-005	13	...........	65,10
	6411	641,2	1,17544E+000	3,65191E-002	0,00000E+000	1,17800E+000	1,11116E-005	13	...........	65,11
	6412	641,3	1,17356E+000	3,58972E-002	0,00000E+000	1,17600E+000	8,31157E-006	13	...........	65,10
	6413	641,4	1,17160E+000	3,51406E-002	0,00000E+000	1,17400E+000	1,15116E-005	13	...........	65,09
	6414	641,5	1,16984E+000	3,46127E-002	0,00000E+000	1,17200E+000	-2,88426E-007	13	...........	65,10
	6415	641,6	1,16750E+000	3,41930E-002	0,00000E+000	1,17000E+000	3,31157E-006	13	...........	65,10
	6416	641,7	1,16554E+000	3,34894E-002	0,00000E+000	1,16800E+000	1,81116E-005	13	...........	65,09
	6417	641,8	1,16352E+000	3,31555E-002	0,00000E+000	1,16600E+000	1,49116E-005	13	...........	65,09
	6418	641,9	1,16147E+000	3,25061E-002	0,00000E+000	1,16400E+000	1,11116E-005	13	...........	65,10
	6419	642	1,15943E+000	3,21763E-002	0,00000E+000	1,16200E+000	5,51157E-006	13	...........	65,10
	6420	642,1	1,15747E+000	3,16994E-002	0,00000E+000	1,16000E+000	2,31157E-006	13	...........	65,10
	6421	642,2	1,15557E+000	3,11674E-002	0,00000E+000	1,15800E+000	1,07116E-005	13	...........	65,09
	6422	642,3	1,15363E+000	3,04036E-002	0,00000E+000	1,15600E+000	5,11565E-007	13	...........	65,09
	6423	642,4	1,15152E+000	2,97756E-002	0,00000E+000	1,15400E+000	2,23116E-005	13	...........	65,09
	6424	642,5	1,14959E+000	2,93100E-002	0,00000E+000	1,15200E+000	1,91157E-006	13	...........	65,10
	6425	642,6	1,14764E+000	2,87718E-002	0,00000E+000	1,15000E+000	1,17116E-005	13	...........	65,10
	6426	642,7	1,14589E+000	2,83481E-002	0,00000E+000	1,14800E+000	1,27116E-005	13	...........	65,09
	6427	642,8	1,14375E+000	2,76261E-002	0,00000E+000	1,14600E+000	1,43116E-005	13	...........	65,09
	6428	642,9	1,14166E+000	2,70594E-002	0,00000E+000	1,14400E+000	1,45116E-005	13	...........	65,09
	6429	643	1,13971E+000	2,69307E-002	0,00000E+000	1,14200E+000	2,11157E-006	13	...........	65,09
	6430	643,1	1,13752E+000	2,65203E-002	0,00000E+000	1,14000E+000	8,51157E-006	13	...........	65,09
	6431	643,2	1,13553E+000	2,61394E-002	0,00000E+000	1,13800E+000	1,15116E-005	13	...........	65,09
	6432	643,3	1,13352E+000	2,54052E-002	0,00000E+000	1,13600E+000	-8,88431E-007	13	...........	65,09
	6433	643,4	1,13159E+000	2,51765E-002	0,00000E+000	1,13400E+000	6,11157E-006	13	...........	65,10
	6434	643,5	1,12973E+000	2,45587E-002	0,00000E+000	1,13200E+000	5,91157E-006	13	...........	65,09
	6435	643,6	1,12763E+000	2,44351E-002	0,00000E+000	1,13000E+000	7,91157E-006	13	...........	65,10
	6436	643,7	1,12554E+000	2,39695E-002	0,00000E+000	1,12800E+000	3,51157E-006	13	...........	65,09
	6437	643,8	1,12360E+000	2,37295E-002	0,00000E+000	1,12600E+000	6,91157E-006	13	...........	65,09
	6438	643,9	1,12172E+000	2,31179E-002	0,00000E+000	1,12400E+000	9,11157E-006	13	...........	65,09
	6439	644	1,11966E+000	2,26369E-002	0,00000E+000	1,12200E+000	1,17116E-005	13	...........	65,10
	6440	644,1	1,11760E+000	2,22744E-002	0,00000E+000	1,12000E+000	-4,88431E-007	13	...........	65,10
	6441	644,2	1,11565E+000	2,18333E-002	0,00000E+000	1,11800E+000	9,11572E-007	13	...........	65,08
	6442	644,3	1,11351E+000	2,13105E-002	0,00000E+000	1,11600E+000	3,51157E-006	13	...........	65,10
	6443	644,4	1,11148E+000	2,08305E-002	0,00000E+000	1,11400E+000	8,31157E-006	13	...........	65,10
	6444	644,5	1,10953E+000	2,05977E-002	0,00000E+000	1,11200E+000	1,11573E-007	13	...........	65,10
	6445	644,6	1,10757E+000	2,00616E-002	0,00000E+000	1,11000E+000	4,91157E-006	13	...........	65,09
	6446	644,7	1,10567E+000	1,97226E-002	0,00000E+000	1,10800E+000	3,71157E-006	13	...........	65,09
	6447	644,8	1,10356E+000	1,94714E-002	0,00000E+000	1,10600E+000	9,71157E-006	13	...........	65,09
	6448	644,9	1,10160E+000	1,90569E-002	0,00000E+000	1,10400E+000	-3,08843E-006	13	...........	65,09
	6449	645	1,09964E+000	1,91314E-002	0,00000E+000	1,10200E+000	-2,68843E-006	13	...........	65,10
	6450	645,1	1,09788E+000	1,85412E-002	0,00000E+000	1,10000E+000	1,31157E-006	13	...........	65,10
	6451	645,2	1,09566E+000	1,83645E-002	0,00000E+000	1,09800E+000	-6,88433E-007	13	...........	65,10
	6452	645,3	1,09370E+000	1,78039E-002	0,00000E+000	1,09600E+000	1,29116E-005	13	...........	65,10
	6453	645,4	1,09169E+000	1,74190E-002	0,00000E+000	1,09400E+000	9,91157E-006	13	...........	65,10
	6454	645,5	1,08983E+000	1,71422E-002	0,00000E+000	1,09200E+000	1,35116E-005	13	...........	65,10
	6455	645,6	1,08755E+000	1,70493E-002	0,00000E+000	1,09000E+000	8,91157E-006	13	...........	65,10
	6456	645,7	1,08558E+000	1,67144E-002	0,00000E+000	1,08800E+000	7,11567E-007	13	...........	65,11
	6457	645,8	1,08363E+000	1,64489E-002	0,00000E+000	1,08600E+000	-4,28843E-006	13	...........	65,10
	6458	645,9	1,08169E+000	1,61109E-002	0,00000E+000	1,08400E+000	8,91157E-006	13	...........	65,10
	6459	646	1,07962E+000	1,61589E-002	0,00000E+000	1,08200E+000	9,11157E-006	13	...........	65,10
	6460	646,1	1,07767E+000	1,56831E-002	0,00000E+000	1,08000E+000	4,51157E-006	13	...........	65,10
	6461	646,2	1,07570E+000	1,54523E-002	0,00000E+000	1,07800E+000	-2,08843E-006	13	...........	65,10
	6462	646,3	1,07389E+000	1,50132E-002	0,00000E+000	1,07600E+000	-6,48843E-006	13	...........	65,10
	6463	646,4	1,07179E+000	1,49489E-002	0,00000E+000	1,07400E+000	4,31157E-006	13	...........	65,09
	6464	646,5	1,06974E+000	1,46068E-002	0,00000E+000	1,07200E+000	1,25116E-005	13	...........	65,10
	6465	646,6	1,06778E+000	1,42371E-002	0,00000E+000	1,07000E+000	-2,88843E-006	13	...........	65,09
	6466	646,7	1,06593E+000	1,39860E-002	0,00000E+000	1,06800E+000	7,11567E-007	13	...........	65,09
	6467	646,8	1,06379E+000	1,37123E-002	0,00000E+000	1,06600E+000	5,31157E-006	13	...........	65,10
	6468	646,9	1,06160E+000	1,35346E-002	0,00000E+000	1,06400E+000	6,31157E-006	13	...........	65,11
	6469	647	1,05963E+000	1,32324E-002	0,00000E+000	1,06200E+000	-1,04884E-005	13	...........	65,11
	6470	647,1	1,05776E+000	1,30945E-002	0,00000E+000	1,06000E+000	-4,48843E-006	13	...........	65,11
	6471	647,2	1,05566E+000	1,26677E-002	0,00000E+000	1,05800E+000	3,91157E-006	13	...........	65,10
	6472	647,3	1,05367E+000	1,23859E-002	0,00000E+000	1,05600E+000	-8,68843E-006	13	...........	65,10
	6473	647,4	1,05168E+000	1,22817E-002	0,00000E+000	1,05400E+000	-2,68843E-006	13	...........	65,09
	6474	647,5	1,04989E+000	1,21347E-002	0,00000E+000	1,05200E+000	-8,88431E-007	13	...........	65,10
	6475	647,6	1,04779E+000	1,16598E-002	0,00000E+000	1,05000E+000	-4,88843E-006	13	...........	65,09
	6476	647,7	1,04576E+000	1,14730E-002	0,00000E+000	1,04800E+000	2,11157E-006	13	...........	65,10
	6477	647,8	1,04381E+000	1,10809E-002	0,00000E+000	1,04600E+000	-3,28843E-006	13	...........	65,10
	6478	647,9	1,04195E+000	1,11452E-002	0,00000E+000	1,04400E+000	5,11565E-007	13	...........	65,10
	6479	648	1,04025E+000	1,07694E-002	0,00000E+000	1,04200E+000	3,11567E-007	13	...........	65,10
	6480	648,1	1,03777E+000	1,05264E-002	0,00000E+000	1,04000E+000	-8,84284E-008	13	...........	65,10
	6481	648,2	1,03567E+000	1,04375E-002	0,00000E+000	1,03800E+000	-8,48843E-006	13	...........	65,10
	6482	648,3	1,03381E+000	1,00669E-002	0,00000E+000	1,03600E+000	-4,88843E-006	13	...........	65,10
	6483	648,4	1,03173E+000	1,00475E-002	0,00000E+000	1,03400E+000	1,11157E-006	13	...........	65,10
	6484	648,5	1,02973E+000	9,78403E-003	0,00000E+000	1,03200E+000	4,51157E-006	13	...........	65,10
	6485	648,6	1,02772E+000	9,40621E-003	0,00000E+000	1,03000E+000	-4,68843E-006	13	...........	65,10
	6486	648,7	1,02591E+000	9,24794E-003	0,00000E+000	1,02800E+000	6,11157E-006	13	...........	65,10
	6487	648,8	1,02394E+000	9,15399E-003	0,00000E+000	1,02600E+000	4,91157E-006	13	...........	65,10
	6488	648,9	1,02178E+000	8,81498E-003	0,00000E+000	1,02400E+000	2,31157E-006	13	...........	65,11
	6489	649	1,01982E+000	8,73738E-003	0,00000E+000	1,02200E+000	6,71157E-006	13	...........	65,09
	6490	649,1	1,01796E+000	8,53315E-003	0,00000E+000	1,02000E+000	-6,08843E-006	13	...........	65,10
	6491	649,2	1,01598E+000	8,40755E-003	0,00000E+000	1,01800E+000	-4,68843E-006	13	...........	65,10
	6492	649,3	1,01388E+000	8,04301E-003	0,00000E+000	1,01600E+000	7,31157E-006	13	...........	65,11
	6493	649,4	1,01180E+000	8,00217E-003	0,00000E+000	1,01400E+000	5,11565E-007	13	...........	65,11
	6494	649,5	1,00985E+000	7,93886E-003	0,00000E+000	1,01200E+000	-9,68843E-006	13	...........	65,10
	6495	649,6	1,00775E+000	7,70604E-003	0,00000E+000	1,01000E+000	2,91157E-006	13	...........	65,10
	6496	649,7	1,00575E+000	7,42115E-003	0,00000E+000	1,00800E+000	9,11572E-007	13	...........	65,10
	6497	649,8	1,00375E+000	7,27002E-003	0,00000E+000	1,00600E+000	-6,08843E-006	13	...........	65,10
	6498	649,9	1,00190E+000	6,88812E-003	0,00000E+000	1,00400E+000	-1,24884E-005	13	...........	65,10
	6499	650	9,99892E-001	7,24551E-003	0,00000E+000	1,00200E+000	-5,08843E-006	13	...........	65,10
	6500	650,1	9,97815E-001	6,84013E-003	0,00000E+000	1,00000E+000	9,11157E-006	13	...........	65,10
	6501	650,2	9,95809E-001	6,45108E-003	0,00000E+000	9,98000E-001	-1,48843E-006	13	...........	65,10
	6502	650,3	9,93960E-001	6,13759E-003	0,00000E+000	9,96000E-001	5,31157E-006	13	...........	65,09
	6503	650,4	9,92230E-001	6,17333E-003	0,00000E+000	9,94000E-001	7,51157E-006	13	...........	65,09
	6504	650,5	9,89843E-001	6,04161E-003	0,00000E+000	9,92000E-001	9,11572E-007	13	...........	65,10
	6505	650,6	9,87897E-001	5,86904E-003	0,00000E+000	9,90000E-001	5,51157E-006	13	...........	65,10
	6506	650,7	9,85940E-001	5,69749E-003	0,00000E+000	9,88000E-001	3,11157E-006	13	...........	65,10
	6507	650,8	9,83805E-001	5,55964E-003	0,00000E+000	9,86000E-001	1,91116E-005	13	...........	65,11
	6508	650,9	9,81772E-001	5,27270E-003	0,00000E+000	9,84000E-001	6,91157E-006	13	...........	65,11
	6509	651	9,79803E-001	5,06643E-003	0,00000E+000	9,82000E-001	1,07116E-005	13	...........	65,10
	6510	651,1	9,77914E-001	5,16344E-003	0,00000E+000	9,80000E-001	-6,88433E-007	13	...........	65,10
	6511	651,2	9,75924E-001	4,86527E-003	0,00000E+000	9,78000E-001	5,51157E-006	13	...........	65,11
	6512	651,3	9,73833E-001	4,72538E-003	0,00000E+000	9,76000E-001	4,91157E-006	13	...........	65,10
	6513	651,4	9,71857E-001	4,52626E-003	0,00000E+000	9,74000E-001	-4,08843E-006	13	...........	65,10
	6514	651,5	9,69947E-001	4,16070E-003	0,00000E+000	9,72000E-001	3,31157E-006	13	...........	65,10
	6515	651,6	9,67967E-001	3,87580E-003	0,00000E+000	9,70000E-001	9,71157E-006	13	...........	65,09
	6516	651,7	9,65848E-001	4,06165E-003	0,00000E+000	9,68000E-001	1,03116E-005	13	...........	65,11
	6517	651,8	9,63919E-001	3,77675E-003	0,00000E+000	9,66000E-001	3,31157E-006	13	...........	65,10
	6518	651,9	9,62004E-001	3,82168E-003	0,00000E+000	9,64000E-001	-1,28843E-006	13	...........	65,09
	6519	652	9,59804E-001	3,56845E-003	0,00000E+000	9,62000E-001	3,91157E-006	13	...........	65,09
	6520	652,1	9,57773E-001	3,29478E-003	0,00000E+000	9,60000E-001	9,11157E-006	13	...........	65,10
	6521	652,2	9,55800E-001	3,03848E-003	0,00000E+000	9,58000E-001	2,51157E-006	13	...........	65,10
	6522	652,3	9,53912E-001	2,86081E-003	0,00000E+000	9,56000E-001	-3,88844E-006	13	...........	65,09
	6523	652,4	9,51908E-001	2,67598E-003	0,00000E+000	9,54000E-001	4,11157E-006	13	...........	65,11
	6524	652,5	9,49808E-001	2,46869E-003	0,00000E+000	9,52000E-001	8,71157E-006	13	...........	65,11
	6525	652,6	9,47915E-001	2,47278E-003	0,00000E+000	9,50000E-001	4,71157E-006	13	...........	65,10
	6526	652,7	9,45975E-001	2,19605E-003	0,00000E+000	9,48000E-001	9,11157E-006	13	...........	65,10
	6527	652,8	9,44158E-001	2,40845E-003	0,00000E+000	9,46000E-001	-4,08843E-006	13	...........	65,11
	6528	652,9	9,41871E-001	1,98672E-003	0,00000E+000	9,44000E-001	1,41116E-005	13	...........	65,10
	6529	653	9,40015E-001	1,95098E-003	0,00000E+000	9,42000E-001	7,31157E-006	13	...........	65,11
	6530	653,1	9,38034E-001	1,87032E-003	0,00000E+000	9,40000E-001	2,31157E-006	13	...........	65,09
	6531	653,2	9,36112E-001	1,74063E-003	0,00000E+000	9,38000E-001	1,43116E-005	13	...........	65,09
	6532	653,3	9,33845E-001	1,54049E-003	0,00000E+000	9,36000E-001	8,11157E-006	13	...........	65,10
	6533	653,4	9,31872E-001	1,44042E-003	0,00000E+000	9,34000E-001	4,11157E-006	13	...........	65,10
	6534	653,5	9,29958E-001	1,62525E-003	0,00000E+000	9,32000E-001	-2,48843E-006	13	...........	65,09
	6535	653,6	9,27968E-001	1,36282E-003	0,00000E+000	9,30000E-001	1,31116E-005	13	...........	65,11
	6536	653,7	9,25868E-001	1,13919E-003	0,00000E+000	9,28000E-001	8,31157E-006	13	...........	65,11
	6537	653,8	9,23971E-001	1,03810E-003	0,00000E+000	9,26000E-001	5,11157E-006	13	...........	65,10
	6538	653,9	9,22035E-001	9,62537E-004	0,00000E+000	9,24000E-001	-6,88433E-007	13	...........	65,10
	6539	654	9,20133E-001	5,70425E-004	0,00000E+000	9,22000E-001	1,77116E-005	13	...........	65,11
	6540	654,1	9,17996E-001	6,80707E-004	0,00000E+000	9,20000E-001	1,57116E-005	13	...........	65,10
	6541	654,2	9,16050E-001	4,97925E-004	0,00000E+000	9,18000E-001	6,91157E-006	13	...........	65,11
	6542	654,3	9,14059E-001	5,04052E-004	0,00000E+000	9,16000E-001	4,71157E-006	13	...........	65,09
	6543	654,4	9,12313E-001	2,97785E-004	0,00000E+000	9,14000E-001	3,31157E-006	13	...........	65,10
	6544	654,5	9,09914E-001	1,32363E-004	0,00000E+000	9,12000E-001	2,91157E-006	13	...........	65,10
	6545	654,6	9,07884E-001	1,66060E-004	0,00000E+000	9,10000E-001	5,31157E-006	13	...........	65,10
	6546	654,7	9,05965E-001	8,02855E-005	0,00000E+000	9,08000E-001	-4,68843E-006	13	...........	65,10
	6547	654,8	9,03982E-001	-2,08058E-005	0,00000E+000	9,06000E-001	1,33116E-005	13	...........	65,10
	6548	654,9	9,01919E-001	-1,73974E-004	0,00000E+000	9,04000E-001	1,07116E-005	13	...........	65,11
	6549	655	8,99976E-001	-4,88481E-004	0,00000E+000	9,02000E-001	5,51157E-006	13	...........	65,10
	6550	655,1	8,98012E-001	-4,78269E-004	0,00000E+000	9,00000E-001	-6,88843E-006	13	...........	65,11
	6551	655,2	8,96185E-001	-5,22178E-004	0,00000E+000	8,98000E-001	7,91157E-006	13	...........	65,10
	6552	655,3	8,93958E-001	-7,26403E-004	0,00000E+000	8,96000E-001	4,51157E-006	13	...........	65,09
	6553	655,4	8,92091E-001	-9,51050E-004	0,00000E+000	8,94000E-001	7,11157E-006	13	...........	65,09
	6554	655,5	8,90137E-001	-9,90874E-004	0,00000E+000	8,92000E-001	7,51157E-006	13	...........	65,10
	6555	655,6	8,88300E-001	-9,49008E-004	0,00000E+000	8,90000E-001	6,11157E-006	13	...........	65,10
	6556	655,7	8,86178E-001	-1,09911E-003	0,00000E+000	8,88000E-001	8,91157E-006	13	...........	65,09
	6557	655,8	8,84081E-001	-1,41158E-003	0,00000E+000	8,86000E-001	5,11157E-006	13	...........	65,10
	6558	655,9	8,81984E-001	-1,37890E-003	0,00000E+000	8,84000E-001	1,31157E-006	13	...........	65,10
	6559	656	8,80013E-001	-1,66584E-003	0,00000E+000	8,82000E-001	8,11157E-006	13	...........	65,10
	6560	656,1	8,78000E-001	-1,53105E-003	0,00000E+000	8,80000E-001	4,91157E-006	13	...........	65,10
	6561	656,2	8,76027E-001	-1,77612E-003	0,00000E+000	8,78000E-001	1,11157E-006	13	...........	65,12
	6562	656,3	8,74054E-001	-1,66686E-003	0,00000E+000	8,76000E-001	-6,48843E-006	13	...........	65,10
	6563	656,4	8,72190E-001	-1,85066E-003	0,00000E+000	8,74000E-001	-4,88843E-006	13	...........	65,09
	6564	656,5	8,70058E-001	-1,97626E-003	0,00000E+000	8,72000E-001	1,17116E-005	13	...........	65,10
	6565	656,6	8,68070E-001	-2,49295E-003	0,00000E+000	8,70000E-001	-1,88843E-006	13	...........	65,11
	6566	656,7	8,66141E-001	-2,02527E-003	0,00000E+000	8,68000E-001	6,51157E-006	13	...........	65,10
	6567	656,8	8,64325E-001	-2,40105E-003	0,00000E+000	8,66000E-001	4,11157E-006	13	...........	65,10
	6568	656,9	8,62154E-001	-2,73291E-003	0,00000E+000	8,64000E-001	-5,08843E-006	13	...........	65,10
	6569	657	8,60112E-001	-2,69717E-003	0,00000E+000	8,62000E-001	7,11567E-007	13	...........	65,10
	6570	657,1	8,58161E-001	-2,76355E-003	0,00000E+000	8,60000E-001	9,11572E-007	13	...........	65,11
	6571	657,2	8,56032E-001	-3,15770E-003	0,00000E+000	8,58000E-001	2,51157E-006	13	...........	65,10
	6572	657,3	8,54004E-001	-2,80031E-003	0,00000E+000	8,56000E-001	5,11565E-007	13	...........	65,09
	6573	657,4	8,52014E-001	-3,05354E-003	0,00000E+000	8,54000E-001	1,31157E-006	13	...........	65,08
	6574	657,5	8,50032E-001	-3,10971E-003	0,00000E+000	8,52000E-001	-5,28843E-006	13	...........	65,10
	6575	657,6	8,48183E-001	-3,50182E-003	0,00000E+000	8,50000E-001	8,51157E-006	13	...........	65,09
	6576	657,7	8,46109E-001	-3,42932E-003	0,00000E+000	8,48000E-001	9,11157E-006	13	...........	65,10
	6577	657,8	8,44072E-001	-3,65192E-003	0,00000E+000	8,46000E-001	3,51157E-006	13	...........	65,10
	6578	657,9	8,42104E-001	-3,51101E-003	0,00000E+000	8,44000E-001	3,71157E-006	13	...........	65,10
	6579	658	8,40307E-001	-3,67030E-003	0,00000E+000	8,42000E-001	-1,48843E-006	13	...........	65,09
	6580	658,1	8,38483E-001	-3,70911E-003	0,00000E+000	8,40000E-001	1,59116E-005	13	...........	65,10
	6581	658,2	8,36182E-001	-3,94907E-003	0,00000E+000	8,38000E-001	7,11157E-006	13	...........	65,10
	6582	658,3	8,34295E-001	-4,05731E-003	0,00000E+000	8,36000E-001	5,31157E-006	13	...........	65,10
	6583	658,4	8,32191E-001	-4,33608E-003	0,00000E+000	8,34000E-001	1,03116E-005	13	...........	65,09
	6584	658,5	8,30085E-001	-4,33301E-003	0,00000E+000	8,32000E-001	2,91157E-006	13	...........	65,10
	6585	658,6	8,28090E-001	-4,56481E-003	0,00000E+000	8,30000E-001	1,51116E-005	13	...........	65,10
	6586	658,7	8,26102E-001	-4,45963E-003	0,00000E+000	8,28000E-001	1,11573E-007	13	...........	65,10
	6587	658,8	8,24284E-001	-4,61178E-003	0,00000E+000	8,26000E-001	9,11572E-007	13	...........	65,09
	6588	658,9	8,22231E-001	-4,69653E-003	0,00000E+000	8,24000E-001	6,91157E-006	13	...........	65,09
	6589	659	8,20199E-001	-4,96100E-003	0,00000E+000	8,22000E-001	1,75116E-005	13	...........	65,09
	6590	659,1	8,18226E-001	-4,96713E-003	0,00000E+000	8,20000E-001	4,11157E-006	13	...........	65,10
	6591	659,2	8,16345E-001	-5,06822E-003	0,00000E+000	8,18000E-001	-4,28843E-006	13	...........	65,10
	6592	659,3	8,14343E-001	-5,02534E-003	0,00000E+000	8,16000E-001	1,59116E-005	13	...........	65,11
	6593	659,4	8,12320E-001	-5,37762E-003	0,00000E+000	8,14000E-001	1,19116E-005	13	...........	65,11
	6594	659,5	8,10300E-001	-5,14787E-003	0,00000E+000	8,12000E-001	-3,08843E-006	13	...........	65,10
	6595	659,6	8,08374E-001	-5,63086E-003	0,00000E+000	8,10000E-001	-8,84284E-008	13	...........	65,09
	6596	659,7	8,06161E-001	-5,66660E-003	0,00000E+000	8,08000E-001	1,49116E-005	13	...........	65,10
	6597	659,8	8,04158E-001	-5,91678E-003	0,00000E+000	8,06000E-001	5,91157E-006	13	...........	65,10
	6598	659,9	8,02179E-001	-5,77586E-003	0,00000E+000	8,04000E-001	-9,28843E-006	13	...........	65,11
	6599	660	8,00299E-001	-6,01583E-003	0,00000E+000	8,02000E-001	3,51157E-006	13	...........	65,11
	6600	660,1	7,98278E-001	-6,05463E-003	0,00000E+000	8,00000E-001	1,19116E-005	13	...........	65,10
	6601	660,2	7,96239E-001	-6,13530E-003	0,00000E+000	7,98000E-001	4,91157E-006	13	...........	65,11
	6602	660,3	7,94240E-001	-6,37730E-003	0,00000E+000	7,96000E-001	9,11157E-006	13	...........	65,11
	6603	660,4	7,92347E-001	-6,73572E-003	0,00000E+000	7,94000E-001	1,55116E-005	13	...........	65,10
	6604	660,5	7,90584E-001	-6,44061E-003	0,00000E+000	7,92000E-001	2,11157E-006	13	...........	65,10
	6605	660,6	7,88360E-001	-6,87663E-003	0,00000E+000	7,90000E-001	1,23116E-005	13	...........	65,11
	6606	660,7	7,86323E-001	-6,85519E-003	0,00000E+000	7,88000E-001	8,91157E-006	13	...........	65,10
	6607	660,8	7,84378E-001	-7,01346E-003	0,00000E+000	7,86000E-001	7,31157E-006	13	...........	65,10
	6608	660,9	7,82428E-001	-7,13804E-003	0,00000E+000	7,84000E-001	1,77116E-005	13	...........	65,10
	6609	661	7,80212E-001	-7,19012E-003	0,00000E+000	7,82000E-001	1,85116E-005	13	...........	65,10
	6610	661,1	7,78203E-001	-7,18399E-003	0,00000E+000	7,80000E-001	3,31157E-006	13	...........	65,10
	6611	661,2	7,76325E-001	-7,29529E-003	0,00000E+000	7,78000E-001	-4,88431E-007	13	...........	65,11
	6612	661,3	7,74279E-001	-7,37188E-003	0,00000E+000	7,76000E-001	9,91157E-006	13	...........	65,10
	6613	661,4	7,72285E-001	-7,57100E-003	0,00000E+000	7,74000E-001	5,71157E-006	13	...........	65,10
	6614	661,5	7,70252E-001	-7,67719E-003	0,00000E+000	7,72000E-001	4,51157E-006	13	...........	65,11
	6615	661,6	7,68363E-001	-8,02846E-003	0,00000E+000	7,70000E-001	6,51157E-006	13	...........	65,10
	6616	661,7	7,66458E-001	-7,92941E-003	0,00000E+000	7,68000E-001	1,49116E-005	13	...........	65,10
	6617	661,8	7,64373E-001	-8,12955E-003	0,00000E+000	7,66000E-001	3,31157E-006	13	...........	65,10
	6618	661,9	7,62385E-001	-8,04174E-003	0,00000E+000	7,64000E-001	1,55116E-005	13	...........	65,11
	6619	662	7,60399E-001	-8,36339E-003	0,00000E+000	7,62000E-001	2,51157E-006	13	...........	65,10
	6620	662,1	7,58667E-001	-8,20920E-003	0,00000E+000	7,60000E-001	8,91157E-006	13	...........	65,10
	6621	662,2	7,56354E-001	-8,52064E-003	0,00000E+000	7,58000E-001	-2,08843E-006	13	...........	65,10
	6622	662,3	7,54227E-001	-8,60642E-003	0,00000E+000	7,56000E-001	2,11157E-006	13	...........	65,10
	6623	662,4	7,52328E-001	-8,43283E-003	0,00000E+000	7,54000E-001	-1,28843E-006	13	...........	65,11
	6624	662,5	7,50293E-001	-8,66054E-003	0,00000E+000	7,52000E-001	9,71157E-006	13	...........	65,10
	6625	662,6	7,48275E-001	-9,02304E-003	0,00000E+000	7,50000E-001	1,51157E-006	13	...........	65,09
	6626	662,7	7,46257E-001	-9,20378E-003	0,00000E+000	7,48000E-001	9,11572E-007	13	...........	65,10
	6627	662,8	7,44347E-001	-9,20275E-003	0,00000E+000	7,46000E-001	2,11157E-006	13	...........	65,12
	6628	662,9	7,42555E-001	-9,24973E-003	0,00000E+000	7,44000E-001	1,51157E-006	13	...........	65,10
	6629	663	7,40347E-001	-9,46722E-003	0,00000E+000	7,42000E-001	1,53116E-005	13	...........	65,10
	6630	663,1	7,38365E-001	-9,56219E-003	0,00000E+000	7,40000E-001	-6,08843E-006	13	...........	65,10
	6631	663,2	7,36445E-001	-9,96043E-003	0,00000E+000	7,38000E-001	9,11157E-006	13	...........	65,11
	6632	663,3	7,34638E-001	-9,96553E-003	0,00000E+000	7,36000E-001	5,11157E-006	13	...........	65,11
	6633	663,4	7,32503E-001	-1,00493E-002	0,00000E+000	7,34000E-001	1,63116E-005	13	...........	65,11
	6634	663,5	7,30378E-001	-1,02964E-002	0,00000E+000	7,32000E-001	3,51157E-006	13	...........	65,10
	6635	663,6	7,28338E-001	-1,03495E-002	0,00000E+000	7,30000E-001	-4,48843E-006	13	...........	65,10
	6636	663,7	7,26343E-001	-1,05139E-002	0,00000E+000	7,28000E-001	3,91157E-006	13	...........	65,11
	6637	663,8	7,24313E-001	-1,09581E-002	0,00000E+000	7,26000E-001	4,71157E-006	13	...........	65,09
	6638	663,9	7,22336E-001	-1,08825E-002	0,00000E+000	7,24000E-001	4,31157E-006	13	...........	65,10
	6639	664	7,20381E-001	-1,10571E-002	0,00000E+000	7,22000E-001	-8,48843E-006	13	...........	65,10
	6640	664,1	7,18593E-001	-1,11010E-002	0,00000E+000	7,20000E-001	-3,68843E-006	13	...........	65,10
	6641	664,2	7,16363E-001	-1,14360E-002	0,00000E+000	7,18000E-001	1,89116E-005	13	...........	65,11
	6642	664,3	7,14378E-001	-1,15074E-002	0,00000E+000	7,16000E-001	7,51157E-006	13	...........	65,10
	6643	664,4	7,12448E-001	-1,17025E-002	0,00000E+000	7,14000E-001	5,31157E-006	13	...........	65,11
	6644	664,5	7,10683E-001	-1,19965E-002	0,00000E+000	7,12000E-001	1,33116E-005	13	...........	65,12
	6645	664,6	7,08443E-001	-1,22437E-002	0,00000E+000	7,10000E-001	1,69116E-005	13	...........	65,10
	6646	664,7	7,06445E-001	-1,26133E-002	0,00000E+000	7,08000E-001	5,71157E-006	13	...........	65,11
	6647	664,8	7,04496E-001	-1,27767E-002	0,00000E+000	7,06000E-001	5,31157E-006	13	...........	65,11
	6648	664,9	7,02358E-001	-1,27951E-002	0,00000E+000	7,04000E-001	1,11157E-006	13	...........	65,11
	6649	665	7,00303E-001	-1,29033E-002	0,00000E+000	7,02000E-001	-2,88426E-007	13	...........	65,11
	6650	665,1	6,98361E-001	-1,31913E-002	0,00000E+000	7,00000E-001	1,43116E-005	13	...........	65,11
	6651	665,2	6,96395E-001	-1,31514E-002	0,00000E+000	6,98000E-001	-5,88843E-006	13	...........	65,11
	6652	665,3	6,94563E-001	-1,33312E-002	0,00000E+000	6,96000E-001	-4,88431E-007	13	...........	65,11
	6653	665,4	6,92389E-001	-1,35446E-002	0,00000E+000	6,94000E-001	9,11157E-006	13	...........	65,11
	6654	665,5	6,90448E-001	-1,36947E-002	0,00000E+000	6,92000E-001	1,31157E-006	13	...........	65,10
	6655	665,6	6,88468E-001	-1,35681E-002	0,00000E+000	6,90000E-001	-3,68843E-006	13	...........	65,10
	6656	665,7	6,86695E-001	-1,37284E-002	0,00000E+000	6,88000E-001	-8,88843E-006	13	...........	65,10
	6657	665,8	6,84583E-001	-1,41409E-002	0,00000E+000	6,86000E-001	7,51157E-006	13	...........	65,10
	6658	665,9	6,82505E-001	-1,42788E-002	0,00000E+000	6,84000E-001	4,51157E-006	13	...........	65,10
	6659	666	6,80552E-001	-1,43319E-002	0,00000E+000	6,82000E-001	-1,08843E-006	13	...........	65,11
	6660	666,1	6,78420E-001	-1,44595E-002	0,00000E+000	6,80000E-001	3,31157E-006	13	...........	65,10
	6661	666,2	6,76389E-001	-1,47066E-002	0,00000E+000	6,78000E-001	4,91157E-006	13	...........	65,10
	6662	666,3	6,74427E-001	-1,47903E-002	0,00000E+000	6,76000E-001	-1,28843E-006	13	...........	65,11
	6663	666,4	6,72436E-001	-1,49139E-002	0,00000E+000	6,74000E-001	3,11157E-006	13	...........	65,10
	6664	666,5	6,70612E-001	-1,50865E-002	0,00000E+000	6,72000E-001	4,11157E-006	13	...........	65,11
	6665	666,6	6,68486E-001	-1,51120E-002	0,00000E+000	6,70000E-001	7,91157E-006	13	...........	65,10
	6666	666,7	6,66508E-001	-1,53571E-002	0,00000E+000	6,68000E-001	3,91157E-006	13	...........	65,11
	6667	666,8	6,64507E-001	-1,54439E-002	0,00000E+000	6,66000E-001	4,51157E-006	13	...........	65,12
	6668	666,9	6,62715E-001	-1,58707E-002	0,00000E+000	6,64000E-001	1,11157E-006	13	...........	65,11
	6669	667	6,60577E-001	-1,60821E-002	0,00000E+000	6,62000E-001	1,17116E-005	13	...........	65,10
	6670	667,1	6,58557E-001	-1,62158E-002	0,00000E+000	6,60000E-001	7,31157E-006	13	...........	65,11
	6671	667,2	6,56535E-001	-1,62046E-002	0,00000E+000	6,58000E-001	-4,88431E-007	13	...........	65,10
	6672	667,3	6,54681E-001	-1,66325E-002	0,00000E+000	6,56000E-001	-1,08843E-006	13	...........	65,11
	6673	667,4	6,52423E-001	-1,64905E-002	0,00000E+000	6,54000E-001	9,11157E-006	13	...........	65,11
	6674	667,5	6,50439E-001	-1,67948E-002	0,00000E+000	6,52000E-001	1,91157E-006	13	...........	65,10
	6675	667,6	6,48460E-001	-1,69664E-002	0,00000E+000	6,50000E-001	3,71157E-006	13	...........	65,10
	6676	667,7	6,46560E-001	-1,72982E-002	0,00000E+000	6,48000E-001	3,51157E-006	13	...........	65,11
	6677	667,8	6,44505E-001	-1,70777E-002	0,00000E+000	6,46000E-001	1,31157E-006	13	...........	65,10
	6678	667,9	6,42522E-001	-1,75923E-002	0,00000E+000	6,44000E-001	2,71156E-006	13	...........	65,12
	6679	668	6,40532E-001	-1,77873E-002	0,00000E+000	6,42000E-001	-8,84284E-008	13	...........	65,11
	6680	668,1	6,38716E-001	-1,76617E-002	0,00000E+000	6,40000E-001	-3,88844E-006	13	...........	65,10
	6681	668,2	6,36678E-001	-1,77996E-002	0,00000E+000	6,38000E-001	5,71157E-006	13	...........	65,11
	6682	668,3	6,34578E-001	-1,82183E-002	0,00000E+000	6,36000E-001	9,11572E-007	13	...........	65,12
	6683	668,4	6,32666E-001	-1,83990E-002	0,00000E+000	6,34000E-001	-2,68843E-006	13	...........	65,11
	6684	668,5	6,30752E-001	-1,87737E-002	0,00000E+000	6,32000E-001	-3,08843E-006	13	...........	65,11
	6685	668,6	6,28723E-001	-1,89177E-002	0,00000E+000	6,30000E-001	-2,08843E-006	13	...........	65,10
	6686	668,7	6,26499E-001	-1,92567E-002	0,00000E+000	6,28000E-001	7,91157E-006	13	...........	65,12
	6687	668,8	6,24519E-001	-1,94007E-002	0,00000E+000	6,26000E-001	2,31157E-006	13	...........	65,11
	6688	668,9	6,22641E-001	-1,93823E-002	0,00000E+000	6,24000E-001	3,11567E-007	13	...........	65,10
	6689	669	6,20571E-001	-1,95774E-002	0,00000E+000	6,22000E-001	3,11157E-006	13	...........	65,12
	6690	669,1	6,18571E-001	-1,98694E-002	0,00000E+000	6,20000E-001	3,11157E-006	13	...........	65,12
	6691	669,2	6,16613E-001	-2,00665E-002	0,00000E+000	6,18000E-001	-6,28843E-006	13	...........	65,12
	6692	669,3	6,14748E-001	-2,04035E-002	0,00000E+000	6,16000E-001	-2,88843E-006	13	...........	65,12
	6693	669,4	6,12837E-001	-2,04004E-002	0,00000E+000	6,14000E-001	4,51157E-006	13	...........	65,12
	6694	669,5	6,10693E-001	-2,09314E-002	0,00000E+000	6,12000E-001	-8,88431E-007	13	...........	65,12
	6695	669,6	6,08743E-001	-2,08262E-002	0,00000E+000	6,10000E-001	8,71157E-006	13	...........	65,12
	6696	669,7	6,06770E-001	-2,11693E-002	0,00000E+000	6,08000E-001	-5,28843E-006	13	...........	65,10
	6697	669,8	6,05085E-001	-2,13470E-002	0,00000E+000	6,06000E-001	-4,08843E-006	13	...........	65,11
	6698	669,9	6,02658E-001	-2,17830E-002	0,00000E+000	6,04000E-001	9,11572E-007	13	...........	65,10
	6699	670	6,00525E-001	-2,18565E-002	0,00000E+000	6,02000E-001	1,71157E-006	13	...........	65,11
	6700	670,1	5,98669E-001	-2,22047E-002	0,00000E+000	6,00000E-001	-9,08843E-006	13	...........	65,11
	6701	670,2	5,96603E-001	-2,22190E-002	0,00000E+000	5,98000E-001	7,71157E-006	13	...........	65,11
	6702	670,3	5,94600E-001	-2,28838E-002	0,00000E+000	5,96000E-001	7,11567E-007	13	...........	65,11
	6703	670,4	5,92589E-001	-2,29175E-002	0,00000E+000	5,94000E-001	-8,84284E-008	13	...........	65,10
	6704	670,5	5,90727E-001	-2,32504E-002	0,00000E+000	5,92000E-001	5,11565E-007	13	...........	65,11
	6705	670,6	5,88878E-001	-2,31911E-002	0,00000E+000	5,90000E-001	3,11567E-007	13	...........	65,11
	6706	670,7	5,86669E-001	-2,35148E-002	0,00000E+000	5,88000E-001	-1,08843E-006	13	...........	65,12
	6707	670,8	5,84680E-001	-2,36711E-002	0,00000E+000	5,86000E-001	5,11565E-007	13	...........	65,11
	6708	670,9	5,82797E-001	-2,38120E-002	0,00000E+000	5,84000E-001	8,11157E-006	13	...........	65,11
	6709	671	5,81092E-001	-2,37967E-002	0,00000E+000	5,82000E-001	-8,88431E-007	13	...........	65,11
	6710	671,1	5,78771E-001	-2,47861E-002	0,00000E+000	5,80000E-001	8,31157E-006	13	...........	65,12
	6711	671,2	5,76653E-001	-2,46646E-002	0,00000E+000	5,78000E-001	-4,88431E-007	13	...........	65,11
	6712	671,3	5,74694E-001	-2,48025E-002	0,00000E+000	5,76000E-001	-5,28843E-006	13	...........	65,11
	6713	671,4	5,72613E-001	-2,49168E-002	0,00000E+000	5,74000E-001	1,11157E-006	13	...........	65,11
	6714	671,5	5,70621E-001	-2,53212E-002	0,00000E+000	5,72000E-001	2,11157E-006	13	...........	65,11
	6715	671,6	5,68623E-001	-2,54927E-002	0,00000E+000	5,70000E-001	3,11567E-007	13	...........	65,10
	6716	671,7	5,66730E-001	-2,57991E-002	0,00000E+000	5,68000E-001	-3,48843E-006	13	...........	65,12
	6717	671,8	5,64789E-001	-2,57960E-002	0,00000E+000	5,66000E-001	1,13116E-005	13	...........	65,12
	6718	671,9	5,62646E-001	-2,63750E-002	0,00000E+000	5,64000E-001	1,03116E-005	13	...........	65,11
	6719	672	5,60678E-001	-2,63454E-002	0,00000E+000	5,62000E-001	-4,88431E-007	13	...........	65,12
	6720	672,1	5,58784E-001	-2,68223E-002	0,00000E+000	5,60000E-001	8,91157E-006	13	...........	65,12
	6721	672,2	5,57050E-001	-2,68008E-002	0,00000E+000	5,58000E-001	1,09116E-005	13	...........	65,11
	6722	672,3	5,54726E-001	-2,76514E-002	0,00000E+000	5,56000E-001	8,31157E-006	13	...........	65,12
	6723	672,4	5,52755E-001	-2,76647E-002	0,00000E+000	5,54000E-001	7,31157E-006	13	...........	65,12
	6724	672,5	5,50783E-001	-2,83458E-002	0,00000E+000	5,52000E-001	4,91157E-006	13	...........	65,10
	6725	672,6	5,48643E-001	-2,86174E-002	0,00000E+000	5,50000E-001	3,11157E-006	13	...........	65,12
	6726	672,7	5,46611E-001	-2,91188E-002	0,00000E+000	5,48000E-001	5,51157E-006	13	...........	65,11
	6727	672,8	5,44656E-001	-2,91422E-002	0,00000E+000	5,46000E-001	1,11573E-007	13	...........	65,11
	6728	672,9	5,42744E-001	-2,97202E-002	0,00000E+000	5,44000E-001	-6,48843E-006	13	...........	65,12
	6729	673	5,40813E-001	-2,96508E-002	0,00000E+000	5,42000E-001	7,51157E-006	13	...........	65,12
	6730	673,1	5,38657E-001	-3,03686E-002	0,00000E+000	5,40000E-001	3,91157E-006	13	...........	65,13
	6731	673,2	5,36731E-001	-3,05218E-002	0,00000E+000	5,38000E-001	9,51157E-006	13	...........	65,12
	6732	673,3	5,34804E-001	-3,08445E-002	0,00000E+000	5,36000E-001	2,11157E-006	13	...........	65,13
	6733	673,4	5,32999E-001	-3,09159E-002	0,00000E+000	5,34000E-001	-2,48843E-006	13	...........	65,12
	6734	673,5	5,30852E-001	-3,16675E-002	0,00000E+000	5,32000E-001	6,51157E-006	13	...........	65,12
	6735	673,6	5,28817E-001	-3,15490E-002	0,00000E+000	5,30000E-001	1,17116E-005	13	...........	65,11
	6736	673,7	5,26888E-001	-3,22230E-002	0,00000E+000	5,28000E-001	-2,08843E-006	13	...........	65,12
	6737	673,8	5,24696E-001	-3,22699E-002	0,00000E+000	5,26000E-001	7,31157E-006	13	...........	65,11
	6738	673,9	5,22676E-001	-3,29204E-002	0,00000E+000	5,24000E-001	4,91157E-006	13	...........	65,13
	6739	674	5,20717E-001	-3,29623E-002	0,00000E+000	5,22000E-001	-7,08843E-006	13	...........	65,12
	6740	674,1	5,18787E-001	-3,33728E-002	0,00000E+000	5,20000E-001	7,11567E-007	13	...........	65,12
	6741	674,2	5,16844E-001	-3,34545E-002	0,00000E+000	5,18000E-001	4,11157E-006	13	...........	65,13
	6742	674,3	5,14789E-001	-3,41907E-002	0,00000E+000	5,16000E-001	1,09116E-005	13	...........	65,12
	6743	674,4	5,12829E-001	-3,42652E-002	0,00000E+000	5,14000E-001	3,11567E-007	13	...........	65,12
	6744	674,5	5,10819E-001	-3,50637E-002	0,00000E+000	5,12000E-001	3,31157E-006	13	...........	65,12
	6745	674,6	5,09035E-001	-3,52588E-002	0,00000E+000	5,10000E-001	-1,88843E-006	13	...........	65,13
	6746	674,7	5,06862E-001	-3,57407E-002	0,00000E+000	5,08000E-001	1,23116E-005	13	...........	65,12
	6747	674,8	5,04877E-001	-3,61553E-002	0,00000E+000	5,06000E-001	1,33116E-005	13	...........	65,12
	6748	674,9	5,02888E-001	-3,62819E-002	0,00000E+000	5,04000E-001	4,31157E-006	13	...........	65,11
	6749	675	5,00963E-001	-3,68354E-002	0,00000E+000	5,02000E-001	2,01116E-005	13	...........	65,13
	6750	675,1	4,98714E-001	-3,72377E-002	0,00000E+000	5,00000E-001	1,31116E-005	13	...........	65,12
	6751	675,2	4,96730E-001	-3,74583E-002	0,00000E+000	4,98000E-001	6,91157E-006	13	...........	65,14
	6752	675,3	4,94783E-001	-3,80342E-002	0,00000E+000	4,96000E-001	1,11157E-006	13	...........	65,13
	6753	675,4	4,92839E-001	-3,84876E-002	0,00000E+000	4,94000E-001	6,91157E-006	13	...........	65,14
	6754	675,5	4,90801E-001	-3,89358E-002	0,00000E+000	4,92000E-001	1,67116E-005	13	...........	65,13
	6755	675,6	4,88772E-001	-3,93555E-002	0,00000E+000	4,90000E-001	1,09116E-005	13	...........	65,13
	6756	675,7	4,86819E-001	-3,97956E-002	0,00000E+000	4,88000E-001	-1,68843E-006	13	...........	65,12
	6757	675,8	4,85038E-001	-3,99815E-002	0,00000E+000	4,86000E-001	-1,28843E-006	13	...........	65,13
	6758	675,9	4,82902E-001	-4,05533E-002	0,00000E+000	4,84000E-001	6,71157E-006	13	...........	65,14
	6759	676	4,80880E-001	-4,09669E-002	0,00000E+000	4,82000E-001	6,31157E-006	13	...........	65,12
	6760	676,1	4,78837E-001	-4,13100E-002	0,00000E+000	4,80000E-001	1,71157E-006	13	...........	65,13
	6761	676,2	4,77077E-001	-4,17164E-002	0,00000E+000	4,78000E-001	2,51157E-006	13	...........	65,13
	6762	676,3	4,74866E-001	-4,22290E-002	0,00000E+000	4,76000E-001	3,11567E-007	13	...........	65,12
	6763	676,4	4,72755E-001	-4,25128E-002	0,00000E+000	4,74000E-001	-4,88431E-007	13	...........	65,14
	6764	676,5	4,70783E-001	-4,33777E-002	0,00000E+000	4,72000E-001	-4,48843E-006	13	...........	65,14
	6765	676,6	4,68878E-001	-4,39935E-002	0,00000E+000	4,70000E-001	4,31157E-006	13	...........	65,13
	6766	676,7	4,66825E-001	-4,45010E-002	0,00000E+000	4,68000E-001	7,71157E-006	13	...........	65,13
	6767	676,8	4,64819E-001	-4,49533E-002	0,00000E+000	4,66000E-001	-9,88843E-006	13	...........	65,13
	6768	676,9	4,62858E-001	-4,59612E-002	0,00000E+000	4,64000E-001	-1,02884E-005	13	...........	65,13
	6769	677	4,61088E-001	-4,63288E-002	0,00000E+000	4,62000E-001	-1,08843E-006	13	...........	65,12
	6770	677,1	4,58838E-001	-4,66688E-002	0,00000E+000	4,60000E-001	6,31157E-006	13	...........	65,14
	6771	677,2	4,56914E-001	-4,72212E-002	0,00000E+000	4,58000E-001	1,71157E-006	13	...........	65,13
	6772	677,3	4,54950E-001	-4,77849E-002	0,00000E+000	4,56000E-001	5,11565E-007	13	...........	65,13
	6773	677,4	4,53119E-001	-4,82567E-002	0,00000E+000	4,54000E-001	4,91157E-006	13	...........	65,12
	6774	677,5	4,51196E-001	-4,86233E-002	0,00000E+000	4,52000E-001	2,71156E-006	13	...........	65,14
	6775	677,6	4,48860E-001	-4,93156E-002	0,00000E+000	4,50000E-001	-6,28843E-006	13	...........	65,13
	6776	677,7	4,46820E-001	-4,95606E-002	0,00000E+000	4,48000E-001	1,91157E-006	13	...........	65,12
	6777	677,8	4,44870E-001	-5,02325E-002	0,00000E+000	4,46000E-001	-5,88843E-006	13	...........	65,13
	6778	677,9	4,42840E-001	-5,10157E-002	0,00000E+000	4,44000E-001	-8,88431E-007	13	...........	65,13
	6779	678	4,40859E-001	-5,16468E-002	0,00000E+000	4,42000E-001	-8,84284E-008	13	...........	65,13
	6780	678,1	4,38857E-001	-5,22768E-002	0,00000E+000	4,40000E-001	-1,16884E-005	13	...........	65,13
	6781	678,2	4,37004E-001	-5,30233E-002	0,00000E+000	4,38000E-001	-5,68843E-006	13	...........	65,12
	6782	678,3	4,35020E-001	-5,35389E-002	0,00000E+000	4,36000E-001	5,71157E-006	13	...........	65,12
	6783	678,4	4,32911E-001	-5,43017E-002	0,00000E+000	4,34000E-001	1,31157E-006	13	...........	65,13
	6784	678,5	4,30938E-001	-5,47704E-002	0,00000E+000	4,32000E-001	-6,68843E-006	13	...........	65,13
	6785	678,6	4,29134E-001	-5,54913E-002	0,00000E+000	4,30000E-001	-4,28843E-006	13	...........	65,12
	6786	678,7	4,27120E-001	-5,60652E-002	0,00000E+000	4,28000E-001	8,71157E-006	13	...........	65,13
	6787	678,8	4,25026E-001	-5,66799E-002	0,00000E+000	4,26000E-001	8,51157E-006	13	...........	65,14
	6788	678,9	4,22940E-001	-5,73059E-002	0,00000E+000	4,24000E-001	-3,28843E-006	13	...........	65,13
	6789	679	4,20967E-001	-5,78848E-002	0,00000E+000	4,22000E-001	5,31157E-006	13	...........	65,13
	6790	679,1	4,18917E-001	-5,83260E-002	0,00000E+000	4,20000E-001	1,41116E-005	13	...........	65,14
	6791	679,2	4,16883E-001	-5,92378E-002	0,00000E+000	4,18000E-001	1,15116E-005	13	...........	65,13
	6792	679,3	4,14892E-001	-5,99730E-002	0,00000E+000	4,16000E-001	3,31157E-006	13	...........	65,13
	6793	679,4	4,13053E-001	-6,03509E-002	0,00000E+000	4,14000E-001	5,31157E-006	13	...........	65,13
	6794	679,5	4,11018E-001	-6,09993E-002	0,00000E+000	4,12000E-001	1,15116E-005	13	...........	65,14
	6795	679,6	4,08893E-001	-6,21971E-002	0,00000E+000	4,10000E-001	6,91157E-006	13	...........	65,14
	6796	679,7	4,06922E-001	-6,27740E-002	0,00000E+000	4,08000E-001	1,49116E-005	13	...........	65,15
	6797	679,8	4,05121E-001	-6,37869E-002	0,00000E+000	4,06000E-001	5,51157E-006	13	...........	65,13
	6798	679,9	4,03067E-001	-6,42618E-002	0,00000E+000	4,04000E-001	1,55116E-005	13	...........	65,13
	6799	680	4,00933E-001	-6,51634E-002	0,00000E+000	4,02000E-001	6,71157E-006	13	...........	65,14
	6800	680,1	3,98984E-001	-6,55075E-002	0,00000E+000	4,00000E-001	1,91157E-006	13	...........	65,13
	6801	680,2	3,96913E-001	-6,62867E-002	0,00000E+000	3,98000E-001	1,11116E-005	13	...........	65,13
	6802	680,3	3,94844E-001	-6,71270E-002	0,00000E+000	3,96000E-001	7,71157E-006	13	...........	65,14
	6803	680,4	3,92894E-001	-6,80859E-002	0,00000E+000	3,94000E-001	5,51157E-006	13	...........	65,14
	6804	680,5	3,90886E-001	-6,87363E-002	0,00000E+000	3,92000E-001	3,11567E-007	13	...........	65,13
	6805	680,6	3,89056E-001	-6,97309E-002	0,00000E+000	3,90000E-001	1,03116E-005	13	...........	65,15
	6806	680,7	3,87005E-001	-7,00995E-002	0,00000E+000	3,88000E-001	3,51157E-006	13	...........	65,14
	6807	680,8	3,84963E-001	-7,13616E-002	0,00000E+000	3,86000E-001	1,11116E-005	13	...........	65,14
	6808	680,9	3,82939E-001	-7,17629E-002	0,00000E+000	3,84000E-001	6,71157E-006	13	...........	65,14
	6809	681	3,81108E-001	-7,28811E-002	0,00000E+000	3,82000E-001	5,31157E-006	13	...........	65,15
	6810	681,1	3,79102E-001	-7,32711E-002	0,00000E+000	3,80000E-001	8,51157E-006	13	...........	65,14
	6811	681,2	3,76997E-001	-7,44424E-002	0,00000E+000	3,78000E-001	9,11157E-006	13	...........	65,15
	6812	681,3	3,74990E-001	-7,49284E-002	0,00000E+000	3,76000E-001	-2,88843E-006	13	...........	65,14
	6813	681,4	3,73132E-001	-7,61140E-002	0,00000E+000	3,74000E-001	-4,08843E-006	13	...........	65,13
	6814	681,5	3,70920E-001	-7,67685E-002	0,00000E+000	3,72000E-001	1,09116E-005	13	...........	65,14
	6815	681,6	3,68913E-001	-7,81603E-002	0,00000E+000	3,70000E-001	-1,28843E-006	13	...........	65,15
	6816	681,7	3,66924E-001	-7,84983E-002	0,00000E+000	3,68000E-001	-8,84284E-008	13	...........	65,13
	6817	681,8	3,65085E-001	-7,97971E-002	0,00000E+000	3,66000E-001	-1,08884E-005	13	...........	65,15
	6818	681,9	3,63011E-001	-8,04987E-002	0,00000E+000	3,64000E-001	2,71156E-006	13	...........	65,15
	6819	682	3,60976E-001	-8,17118E-002	0,00000E+000	3,62000E-001	1,45116E-005	13	...........	65,15
	6820	682,1	3,59014E-001	-8,18016E-002	0,00000E+000	3,60000E-001	-8,84284E-008	13	...........	65,14
	6821	682,2	3,57141E-001	-8,31893E-002	0,00000E+000	3,58000E-001	1,71157E-006	13	...........	65,13
	6822	682,3	3,55237E-001	-8,34895E-002	0,00000E+000	3,56000E-001	4,11157E-006	13	...........	65,14
	6823	682,4	3,53058E-001	-8,50978E-002	0,00000E+000	3,54000E-001	-3,48843E-006	13	...........	65,14
	6824	682,5	3,51118E-001	-8,57809E-002	0,00000E+000	3,52000E-001	4,51157E-006	13	...........	65,14
	6825	682,6	3,49158E-001	-8,70083E-002	0,00000E+000	3,50000E-001	-3,68843E-006	13	...........	65,13
	6826	682,7	3,47103E-001	-8,77803E-002	0,00000E+000	3,48000E-001	1,71157E-006	13	...........	65,13
	6827	682,8	3,44933E-001	-8,88249E-002	0,00000E+000	3,46000E-001	2,71156E-006	13	...........	65,14
	6828	682,9	3,42930E-001	-8,92640E-002	0,00000E+000	3,44000E-001	6,51157E-006	13	...........	65,14
	6829	683	3,41063E-001	-9,03515E-002	0,00000E+000	3,42000E-001	-7,08843E-006	13	...........	65,14
	6830	683,1	3,38984E-001	-9,09795E-002	0,00000E+000	3,40000E-001	1,11573E-007	13	...........	65,14
	6831	683,2	3,36965E-001	-9,25398E-002	0,00000E+000	3,38000E-001	1,91157E-006	13	...........	65,15
	6832	683,3	3,34994E-001	-9,31596E-002	0,00000E+000	3,36000E-001	1,13116E-005	13	...........	65,15
	6833	683,4	3,33144E-001	-9,45851E-002	0,00000E+000	3,34000E-001	3,11567E-007	13	...........	65,15
	6834	683,5	3,31220E-001	-9,50732E-002	0,00000E+000	3,32000E-001	1,91157E-006	13	...........	65,15
	6835	683,6	3,29004E-001	-9,60565E-002	0,00000E+000	3,30000E-001	8,31157E-006	13	...........	65,14
	6836	683,7	3,27093E-001	-9,69684E-002	0,00000E+000	3,28000E-001	1,09116E-005	13	...........	65,14
	6837	683,8	3,25195E-001	-9,80814E-002	0,00000E+000	3,26000E-001	2,91157E-006	13	...........	65,15
	6838	683,9	3,23453E-001	-9,83377E-002	0,00000E+000	3,24000E-001	4,71157E-006	13	...........	65,15
	6839	684	3,21084E-001	-9,98316E-002	0,00000E+000	3,22000E-001	1,01116E-005	13	...........	65,15
	6840	684,1	3,19016E-001	-1,00295E-001	0,00000E+000	3,20000E-001	9,51157E-006	13	...........	65,14
	6841	684,2	3,17100E-001	-1,01782E-001	0,00000E+000	3,18000E-001	-4,28843E-006	13	...........	65,14
	6842	684,3	3,15096E-001	-1,02240E-001	0,00000E+000	3,16000E-001	8,91157E-006	13	...........	65,14
	6843	684,4	3,13046E-001	-1,03718E-001	0,00000E+000	3,14000E-001	8,51157E-006	13	...........	65,14
	6844	684,5	3,11044E-001	-1,04152E-001	0,00000E+000	3,12000E-001	2,51157E-006	13	...........	65,14
	6845	684,6	3,09150E-001	-1,05467E-001	0,00000E+000	3,10000E-001	9,11572E-007	13	...........	65,14
	6846	684,7	3,07198E-001	-1,05998E-001	0,00000E+000	3,08000E-001	1,07116E-005	13	...........	65,14
	6847	684,8	3,05059E-001	-1,07172E-001	0,00000E+000	3,06000E-001	-1,08843E-006	13	...........	65,14
	6848	684,9	3,03081E-001	-1,07801E-001	0,00000E+000	3,04000E-001	1,07116E-005	13	...........	65,14
	6849	685	3,01177E-001	-1,09139E-001	0,00000E+000	3,02000E-001	1,15116E-005	13	...........	65,14
	6850	685,1	2,99315E-001	-1,09589E-001	0,00000E+000	3,00000E-001	-3,28843E-006	13	...........	65,15
	6851	685,2	2,97039E-001	-1,10817E-001	0,00000E+000	2,98000E-001	4,51157E-006	13	...........	65,14
	6852	685,3	2,95102E-001	-1,11561E-001	0,00000E+000	2,96000E-001	3,11157E-006	13	...........	65,14
	6853	685,4	2,93100E-001	-1,12769E-001	0,00000E+000	2,94000E-001	-9,08843E-006	13	...........	65,14
	6854	685,5	2,91032E-001	-1,13172E-001	0,00000E+000	2,92000E-001	5,11157E-006	13	...........	65,14
	6855	685,6	2,89006E-001	-1,14175E-001	0,00000E+000	2,90000E-001	7,51157E-006	13	...........	65,14
	6856	685,7	2,87038E-001	-1,14459E-001	0,00000E+000	2,88000E-001	-5,88843E-006	13	...........	65,14
	6857	685,8	2,85147E-001	-1,15571E-001	0,00000E+000	2,86000E-001	-9,28843E-006	13	...........	65,15
	6858	685,9	2,83154E-001	-1,15970E-001	0,00000E+000	2,84000E-001	2,31157E-006	13	...........	65,15
	6859	686	2,81124E-001	-1,17327E-001	0,00000E+000	2,82000E-001	5,51157E-006	13	...........	65,16
	6860	686,1	2,79149E-001	-1,17623E-001	0,00000E+000	2,80000E-001	-6,48843E-006	13	...........	65,14
	6861	686,2	2,77211E-001	-1,18878E-001	0,00000E+000	2,78000E-001	-8,84284E-008	13	...........	65,14
	6862	686,3	2,75489E-001	-1,19233E-001	0,00000E+000	2,76000E-001	9,11157E-006	13	...........	65,14
	6863	686,4	2,73205E-001	-1,20401E-001	0,00000E+000	2,74000E-001	2,71156E-006	13	...........	65,14
	6864	686,5	2,71157E-001	-1,20863E-001	0,00000E+000	2,72000E-001	-2,48843E-006	13	...........	65,15
	6865	686,6	2,69194E-001	-1,21836E-001	0,00000E+000	2,70000E-001	4,71157E-006	13	...........	65,15
	6866	686,7	2,67080E-001	-1,22198E-001	0,00000E+000	2,68000E-001	8,91157E-006	13	...........	65,15
	6867	686,8	2,65096E-001	-1,23198E-001	0,00000E+000	2,66000E-001	1,71157E-006	13	...........	65,13
	6868	686,9	2,63073E-001	-1,23419E-001	0,00000E+000	2,64000E-001	-3,28843E-006	13	...........	65,14
	6869	687	2,61134E-001	-1,24456E-001	0,00000E+000	2,62000E-001	8,91157E-006	13	...........	65,15
	6870	687,1	2,59167E-001	-1,24708E-001	0,00000E+000	2,60000E-001	3,51157E-006	13	...........	65,15
	6871	687,2	2,57114E-001	-1,25905E-001	0,00000E+000	2,58000E-001	3,11567E-007	13	...........	65,15
	6872	687,3	2,55138E-001	-1,26257E-001	0,00000E+000	2,56000E-001	9,11157E-006	13	...........	65,15
	6873	687,4	2,53181E-001	-1,27238E-001	0,00000E+000	2,54000E-001	4,11157E-006	13	...........	65,15
	6874	687,5	2,51346E-001	-1,27498E-001	0,00000E+000	2,52000E-001	1,13116E-005	13	...........	65,14
	6875	687,6	2,49151E-001	-1,28400E-001	0,00000E+000	2,50000E-001	1,53116E-005	13	...........	65,15
	6876	687,7	2,47175E-001	-1,28564E-001	0,00000E+000	2,48000E-001	2,11157E-006	13	...........	65,15
	6877	687,8	2,45244E-001	-1,29393E-001	0,00000E+000	2,46000E-001	1,11573E-007	13	...........	65,15
	6878	687,9	2,43082E-001	-1,29722E-001	0,00000E+000	2,44000E-001	1,37116E-005	13	...........	65,15
	6879	688	2,41081E-001	-1,30504E-001	0,00000E+000	2,42000E-001	4,31157E-006	13	...........	65,15
	6880	688,1	2,39098E-001	-1,30991E-001	0,00000E+000	2,40000E-001	4,51157E-006	13	...........	65,15
	6881	688,2	2,37153E-001	-1,31882E-001	0,00000E+000	2,38000E-001	9,71157E-006	13	...........	65,14
	6882	688,3	2,35165E-001	-1,32016E-001	0,00000E+000	2,36000E-001	9,91157E-006	13	...........	65,14
	6883	688,4	2,33167E-001	-1,33235E-001	0,00000E+000	2,34000E-001	5,51157E-006	13	...........	65,15
	6884	688,5	2,31211E-001	-1,33604E-001	0,00000E+000	2,32000E-001	6,71157E-006	13	...........	65,16
	6885	688,6	2,29208E-001	-1,34256E-001	0,00000E+000	2,30000E-001	1,51157E-006	13	...........	65,15
	6886	688,7	2,27371E-001	-1,34655E-001	0,00000E+000	2,28000E-001	3,11567E-007	13	...........	65,15
	6887	688,8	2,25306E-001	-1,35548E-001	0,00000E+000	2,26000E-001	1,21116E-005	13	...........	65,14
	6888	688,9	2,23288E-001	-1,35925E-001	0,00000E+000	2,24000E-001	1,73116E-005	13	...........	65,14
	6889	689	2,21266E-001	-1,36559E-001	0,00000E+000	2,22000E-001	-1,28843E-006	13	...........	65,16
	6890	689,1	2,19324E-001	-1,36784E-001	0,00000E+000	2,20000E-001	8,91157E-006	13	...........	65,15
	6891	689,2	2,17184E-001	-1,37365E-001	0,00000E+000	2,18000E-001	1,49116E-005	13	...........	65,14
	6892	689,3	2,15170E-001	-1,37752E-001	0,00000E+000	2,16000E-001	2,71156E-006	13	...........	65,15
	6893	689,4	2,13193E-001	-1,38241E-001	0,00000E+000	2,14000E-001	-1,48843E-006	13	...........	65,15
	6894	689,5	2,11219E-001	-1,38597E-001	0,00000E+000	2,12000E-001	1,31116E-005	13	...........	65,15
	6895	689,6	2,09250E-001	-1,38941E-001	0,00000E+000	2,10000E-001	5,71157E-006	13	...........	65,16
	6896	689,7	2,07216E-001	-1,39559E-001	0,00000E+000	2,08000E-001	1,07116E-005	13	...........	65,15
	6897	689,8	2,05251E-001	-1,39757E-001	0,00000E+000	2,06000E-001	3,91157E-006	13	...........	65,14
	6898	689,9	2,03364E-001	-1,40204E-001	0,00000E+000	2,04000E-001	6,71157E-006	13	...........	65,16
	6899	690	2,01332E-001	-1,40462E-001	0,00000E+000	2,02000E-001	1,45116E-005	13	...........	65,15
	6900	690,1	1,99303E-001	-1,40932E-001	0,00000E+000	2,00000E-001	1,51116E-005	13	...........	65,16
	6901	690,2	1,97316E-001	-1,41517E-001	0,00000E+000	1,98000E-001	7,91157E-006	13	...........	65,14
	6902	690,3	1,95465E-001	-1,41937E-001	0,00000E+000	1,96000E-001	2,31157E-006	13	...........	65,15
	6903	690,4	1,93342E-001	-1,42351E-001	0,00000E+000	1,94000E-001	1,11157E-006	13	...........	65,15
	6904	690,5	1,91230E-001	-1,42872E-001	0,00000E+000	1,92000E-001	5,11565E-007	13	...........	65,16
	6905	690,6	1,89245E-001	-1,43529E-001	0,00000E+000	1,90000E-001	-1,48843E-006	13	...........	65,15
	6906	690,7	1,87357E-001	-1,44050E-001	0,00000E+000	1,88000E-001	2,11157E-006	13	...........	65,15
	6907	690,8	1,85299E-001	-1,44351E-001	0,00000E+000	1,86000E-001	7,31157E-006	13	...........	65,15
	6908	690,9	1,83285E-001	-1,44746E-001	0,00000E+000	1,84000E-001	-2,88843E-006	13	...........	65,15
	6909	691	1,81309E-001	-1,45110E-001	0,00000E+000	1,82000E-001	-5,28843E-006	13	...........	65,15
	6910	691,1	1,79517E-001	-1,45629E-001	0,00000E+000	1,80000E-001	-1,60884E-005	13	...........	65,16
	6911	691,2	1,77462E-001	-1,46103E-001	0,00000E+000	1,78000E-001	3,71157E-006	13	...........	65,15
	6912	691,3	1,75391E-001	-1,46556E-001	0,00000E+000	1,76000E-001	1,33116E-005	13	...........	65,14
	6913	691,4	1,73468E-001	-1,46899E-001	0,00000E+000	1,74000E-001	-2,48843E-006	13	...........	65,15
	6914	691,5	1,71565E-001	-1,47511E-001	0,00000E+000	1,72000E-001	-4,68843E-006	13	...........	65,16
	6915	691,6	1,69781E-001	-1,47868E-001	0,00000E+000	1,70000E-001	9,71157E-006	13	...........	65,15
	6916	691,7	1,67391E-001	-1,48563E-001	0,00000E+000	1,68000E-001	-4,08843E-006	13	...........	65,16
	6917	691,8	1,65325E-001	-1,48679E-001	0,00000E+000	1,66000E-001	-2,88843E-006	13	...........	65,13
	6918	691,9	1,63424E-001	-1,49328E-001	0,00000E+000	1,64000E-001	-2,28843E-006	13	...........	65,13
	6919	692	1,61333E-001	-1,49787E-001	0,00000E+000	1,62000E-001	3,71157E-006	13	...........	65,15
	6920	692,1	1,59376E-001	-1,50386E-001	0,00000E+000	1,60000E-001	-2,48843E-006	13	...........	65,14
	6921	692,2	1,57429E-001	-1,50569E-001	0,00000E+000	1,58000E-001	2,31157E-006	13	...........	65,15
	6922	692,3	1,55546E-001	-1,50993E-001	0,00000E+000	1,56000E-001	-4,68843E-006	13	...........	65,14
	6923	692,4	1,53635E-001	-1,51150E-001	0,00000E+000	1,54000E-001	3,91157E-006	13	...........	65,14
	6924	692,5	1,51405E-001	-1,52127E-001	0,00000E+000	1,52000E-001	-7,28843E-006	13	...........	65,14
	6925	692,6	1,49501E-001	-1,52327E-001	0,00000E+000	1,50000E-001	-4,08843E-006	13	...........	65,14
	6926	692,7	1,47575E-001	-1,52604E-001	0,00000E+000	1,48000E-001	1,11573E-007	13	...........	65,15
	6927	692,8	1,45889E-001	-1,53108E-001	0,00000E+000	1,46000E-001	2,71156E-006	13	...........	65,14
	6928	692,9	1,43585E-001	-1,54192E-001	0,00000E+000	1,44000E-001	3,11157E-006	13	...........	65,14
	6929	693	1,41442E-001	-1,54315E-001	0,00000E+000	1,42000E-001	1,03116E-005	13	...........	65,14
	6930	693,1	1,39465E-001	-1,55021E-001	0,00000E+000	1,40000E-001	-9,68843E-006	13	...........	65,14
	6931	693,2	1,37374E-001	-1,55531E-001	0,00000E+000	1,38000E-001	9,71157E-006	13	...........	65,15
	6932	693,3	1,35366E-001	-1,56358E-001	0,00000E+000	1,36000E-001	-4,88431E-007	13	...........	65,15
	6933	693,4	1,33380E-001	-1,56306E-001	0,00000E+000	1,34000E-001	9,11157E-006	13	...........	65,14
	6934	693,5	1,31524E-001	-1,57238E-001	0,00000E+000	1,32000E-001	3,91157E-006	13	...........	65,14
	6935	693,6	1,29515E-001	-1,57507E-001	0,00000E+000	1,30000E-001	-2,08843E-006	13	...........	65,14
	6936	693,7	1,27404E-001	-1,58771E-001	0,00000E+000	1,28000E-001	8,51157E-006	13	...........	65,15
	6937	693,8	1,25475E-001	-1,58771E-001	0,00000E+000	1,26000E-001	4,31157E-006	13	...........	65,14
	6938	693,9	1,23590E-001	-1,60219E-001	0,00000E+000	1,24000E-001	1,31157E-006	13	...........	65,14
	6939	694	1,21799E-001	-1,60624E-001	0,00000E+000	1,22000E-001	1,13116E-005	13	...........	65,13
	6940	694,1	1,19514E-001	-1,61834E-001	0,00000E+000	1,20000E-001	1,75116E-005	13	...........	65,14
	6941	694,2	1,17604E-001	-1,61946E-001	0,00000E+000	1,18000E-001	2,91157E-006	13	...........	65,15
	6942	694,3	1,15617E-001	-1,63347E-001	0,00000E+000	1,16000E-001	3,71157E-006	13	...........	65,13
	6943	694,4	1,13411E-001	-1,63418E-001	0,00000E+000	1,14000E-001	1,31157E-006	13	...........	65,14
	6944	694,5	1,11422E-001	-1,64510E-001	0,00000E+000	1,12000E-001	9,71157E-006	13	...........	65,15
	6945	694,6	1,09458E-001	-1,64948E-001	0,00000E+000	1,10000E-001	1,91157E-006	13	...........	65,14
	6946	694,7	1,07554E-001	-1,65978E-001	0,00000E+000	1,08000E-001	-6,88843E-006	13	...........	65,14
	6947	694,8	1,05673E-001	-1,66298E-001	0,00000E+000	1,06000E-001	8,71157E-006	13	...........	65,14
	6948	694,9	1,03537E-001	-1,67324E-001	0,00000E+000	1,04000E-001	6,51157E-006	13	...........	65,15
	6949	695	1,01551E-001	-1,67379E-001	0,00000E+000	1,02000E-001	3,91157E-006	13	...........	65,15
	6950	695,1	9,95943E-002	-1,68480E-001	0,00000E+000	1,00000E-001	-5,48843E-006	13	...........	65,16
	6951	695,2	9,76946E-002	-1,68967E-001	0,00000E+000	9,80000E-002	-8,84284E-008	13	...........	65,14
	6952	695,3	9,56189E-002	-1,70699E-001	0,00000E+000	9,60001E-002	1,71116E-005	13	...........	65,15
	6953	695,4	9,35485E-002	-1,70717E-001	0,00000E+000	9,40000E-002	5,11157E-006	13	...........	65,14
	6954	695,5	9,16017E-002	-1,71928E-001	0,00000E+000	9,20001E-002	9,51157E-006	13	...........	65,14
	6955	695,6	8,94150E-002	-1,72360E-001	0,00000E+000	9,00000E-002	6,31157E-006	13	...........	65,15
	6956	695,7	8,74123E-002	-1,73540E-001	0,00000E+000	8,80001E-002	6,91157E-006	13	...........	65,15
	6957	695,8	8,54409E-002	-1,73857E-001	0,00000E+000	8,60001E-002	-7,48843E-006	13	...........	65,16
	6958	695,9	8,35470E-002	-1,75428E-001	0,00000E+000	8,40001E-002	-4,28843E-006	13	...........	65,14
	6959	696	8,15525E-002	-1,75838E-001	0,00000E+000	8,20001E-002	-2,88843E-006	13	...........	65,15
	6960	696,1	7,94831E-002	-1,77511E-001	0,00000E+000	8,00000E-002	6,91157E-006	13	...........	65,15
	6961	696,2	7,75531E-002	-1,77807E-001	0,00000E+000	7,80001E-002	1,71157E-006	13	...........	65,15
	6962	696,3	7,55929E-002	-1,79646E-001	0,00000E+000	7,60000E-002	-6,88433E-007	13	...........	65,15
	6963	696,4	7,38263E-002	-1,79978E-001	0,00000E+000	7,40001E-002	1,11157E-006	13	...........	65,16
	6964	696,5	7,15850E-002	-1,81524E-001	0,00000E+000	7,20001E-002	-2,48843E-006	13	...........	65,16
	6965	696,6	6,96347E-002	-1,81971E-001	0,00000E+000	7,00001E-002	7,11157E-006	13	...........	65,15
	6966	696,7	6,77123E-002	-1,83057E-001	0,00000E+000	6,80001E-002	-6,48843E-006	13	...........	65,14
	6967	696,8	6,57245E-002	-1,83670E-001	0,00000E+000	6,60000E-002	6,71157E-006	13	...........	65,15
	6968	696,9	6,34855E-002	-1,85316E-001	0,00000E+000	6,40001E-002	-2,88426E-007	13	...........	65,15
	6969	697	6,15151E-002	-1,85818E-001	0,00000E+000	6,20000E-002	-9,28843E-006	13	...........	65,14
	6970	697,1	5,95778E-002	-1,87297E-001	0,00000E+000	6,00001E-002	-7,28843E-006	13	...........	65,15
	6971	697,2	5,76404E-002	-1,87762E-001	0,00000E+000	5,80001E-002	-3,28843E-006	13	...........	65,15
	6972	697,3	5,55289E-002	-1,89633E-001	0,00000E+000	5,60001E-002	-2,88426E-007	13	...........	65,14
	6973	697,4	5,35671E-002	-1,89965E-001	0,00000E+000	5,40001E-002	3,11567E-007	13	...........	65,15
	6974	697,5	5,16299E-002	-1,92583E-001	0,00000E+000	5,20000E-002	3,91157E-006	13	...........	65,16
	6975	697,6	4,98403E-002	-1,92627E-001	0,00000E+000	5,00001E-002	6,51157E-006	13	...........	65,15
	6976	697,7	4,76220E-002	-1,94789E-001	0,00000E+000	4,80000E-002	1,59116E-005	13	...........	65,15
	6977	697,8	4,56649E-002	-1,95506E-001	0,00000E+000	4,60001E-002	2,41116E-005	13	...........	65,16
	6978	697,9	4,37091E-002	-1,97214E-001	0,00000E+000	4,40001E-002	-2,88843E-006	13	...........	65,15
	6979	698	4,19304E-002	-1,97828E-001	0,00000E+000	4,20001E-002	1,11573E-007	13	...........	65,16
	6980	698,1	3,97524E-002	-1,99571E-001	0,00000E+000	4,00001E-002	-6,88433E-007	13	...........	65,16
	6981	698,2	3,75442E-002	-2,00026E-001	0,00000E+000	3,80000E-002	-4,88843E-006	13	...........	65,16
	6982	698,3	3,55855E-002	-2,01702E-001	0,00000E+000	3,60001E-002	-5,48843E-006	13	...........	65,15
	6983	698,4	3,36358E-002	-2,02552E-001	0,00000E+000	3,40000E-002	1,11116E-005	13	...........	65,16
	6984	698,5	3,15862E-002	-2,04441E-001	0,00000E+000	3,20001E-002	1,01116E-005	13	...........	65,15
	6985	698,6	2,95680E-002	-2,05086E-001	0,00000E+000	3,00001E-002	2,91157E-006	13	...........	65,16
	6986	698,7	2,76102E-002	-2,07250E-001	0,00000E+000	2,80001E-002	-4,08843E-006	13	...........	65,16
	6987	698,8	2,58798E-002	-2,07832E-001	0,00000E+000	2,60001E-002	-1,20884E-005	13	...........	65,15
	6988	698,9	2,36501E-002	-2,10208E-001	0,00000E+000	2,40000E-002	-9,28843E-006	13	...........	65,17
	6989	699	2,17040E-002	-2,10816E-001	0,00000E+000	2,20001E-002	1,11573E-007	13	...........	65,16
	6990	699,1	1,97218E-002	-2,13205E-001	0,00000E+000	2,00000E-002	-4,08843E-006	13	...........	65,17
	6991	699,2	1,79271E-002	-2,13946E-001	0,00000E+000	1,80001E-002	-4,88431E-007	13	...........	65,16
	6992	699,3	1,61301E-002	-2,15709E-001	0,00000E+000	1,60001E-002	9,11572E-007	13	...........	65,16
	6993	699,4	1,37737E-002	-2,16673E-001	0,00000E+000	1,40001E-002	8,11157E-006	13	...........	65,16
	6994	699,5	1,15964E-002	-2,18655E-001	0,00000E+000	1,20001E-002	-2,28843E-006	13	...........	65,16
	6995	699,6	9,67522E-003	-2,19833E-001	0,00000E+000	1,00001E-002	-8,88431E-007	13	...........	65,15
	6996	699,7	7,61882E-003	-2,21949E-001	0,00000E+000	8,00008E-003	1,41116E-005	13	...........	65,16
	6997	699,8	5,64692E-003	-2,23118E-001	0,00000E+000	6,00004E-003	1,29116E-005	13	...........	65,16
	6998	699,9	3,69892E-003	-2,25240E-001	0,00000E+000	4,00007E-003	8,91157E-006	13	...........	65,15
	6999	700	1,82182E-003	-2,26213E-001	0,00000E+000	2,00009E-003	5,11157E-006	13	...........	65,15
	7000	700,1	-4,22579E-004	-2,28579E-001	0,00000E+000	5,96046E-008	1,05116E-005	13	...........	65,16
